t,phase,target,v_raw,v_filtered,x,y,z,u,torque_L,torque_R,u_motor,dt
0.0,accelerate,1.5,0.0,0.0,-24.0,-8.45,0.14903219044208527,0.0,0.0,0.0,0.0,0.0
0.01,accelerate,1.5,-0.011282160748869289,-0.006769296449321573,-24.00010951795702,-8.449792256147736,0.14713729874974257,0.015278426399612959,0.16059476595040512,0.16059476595040512,0.6372808172635124,0.01
0.02,accelerate,1.5,-0.015136047995925854,-0.011789347377284142,-24.00024996835338,-8.449322179184973,0.14488963895753307,0.0352680551976981,0.16694187288637313,0.16694187288637313,0.6624677495490997,0.01
0.03,accelerate,1.5,-0.01623776767677009,-0.014458399556975712,-24.000392469075635,-8.44927821912587,0.1426718143682828,0.060249289888390234,0.1748739145253617,0.1748739145253617,0.6939441052593718,0.009999999999999998
0.04,accelerate,1.5,-0.010879531060270554,-0.012311078458952619,-24.00047655729123,-8.449397984961983,0.14082187024102394,0.09178188563148748,0.18488614432570993,0.18488614432570993,0.7336751758956743,0.010000000000000002
0.05,accelerate,1.5,-0.001531081159031258,-0.005843080078999803,-24.000469695051123,-8.449460517616263,0.13955941132061803,0.13088216381002737,0.1973012646529599,0.1973012646529599,0.7829415264006345,0.010000000000000002
0.060000000000000005,accelerate,1.5,0.009985220678362026,0.0036539003754172943,-24.000357552693636,-8.449496997533391,0.13898304371398199,0.16704186228463536,0.20878269211261744,0.20878269211261744,0.8285027464786406,0.010000000000000002
0.07,accelerate,1.5,0.022216154840530477,0.014791253054485204,-24.00013758557241,-8.449523266946535,0.13907592721799084,0.2004855600783925,0.21940173503609123,0.21940173503609123,0.8706418056987747,0.010000000000000002
0.08,accelerate,1.5,0.033993476186133964,0.02631258693347446,-23.999814895843244,-8.449541819392175,0.139726524661326,0.23147306591675754,0.22924088788988886,0.22924088788988886,0.9096860630551146,0.009999999999999995
0.09,accelerate,1.5,0.04457839946076519,0.037272074449848897,-23.99939818060728,-8.449539497185839,0.14075927101053717,0.2607155566576549,0.2385259635499386,0.2385259635499386,0.9465316013886452,0.009999999999999995
0.09999999999999999,accelerate,1.5,0.05378916761174118,0.04718233034698427,-23.99889550303646,-8.449535659160157,0.14196842915991598,0.2890466578242564,0.2475216547923579,0.2475216547923579,0.9822287888585631,0.009999999999999995
0.10999999999999999,accelerate,1.5,0.061922741008604516,0.05602657674395642,-23.998311019561395,-8.449539544271925,0.14314508583721974,0.3171495906227286,0.2564448980145288,0.2564448980145288,1.017638484184638,0.009999999999999995
0.11999999999999998,accelerate,1.5,0.07128212926417256,0.0651799082560861,-23.997625006639762,-8.449544664595841,0.14406661559270983,0.34484271846530934,0.26523801996710505,0.26523801996710505,1.0525318252662899,0.009999999999999995
0.12999999999999998,accelerate,1.5,0.0761174708079355,0.07174244578719574,-23.996881035102785,-8.449543822216658,0.1446713851474397,0.3735300038024376,0.27434680680735,0.27434680680735,1.0886778047910715,0.009999999999999995
0.13999999999999999,accelerate,1.5,0.07818461095913914,0.07560774489036179,-23.99610683012056,-8.449542693160875,0.14494716342304875,0.4044096999314361,0.28415172792222965,0.28415172792222965,1.1275862219136097,0.010000000000000009
0.15,accelerate,1.5,0.08018990913598753,0.07835704343773722,-23.99530325286365,-8.449540706054874,0.14490155766338647,0.4376133278975565,0.29469454387403216,0.29469454387403216,1.1694227931509213,0.010000000000000009
0.16,accelerate,1.5,0.08261922432637399,0.08091435197091928,-23.994467236463656,-8.449537044037978,0.1445877770046317,0.4727595709011363,0.3058541789525288,0.3058541789525288,1.2137070593354318,0.010000000000000009
0.17,accelerate,1.5,0.08581201845147553,0.08385295185925304,-23.99359307852908,-8.449538631372533,0.14409007704760024,0.5092380138999452,0.3174368141735106,0.3174368141735106,1.2596698975139309,0.010000000000000009
0.18000000000000002,accelerate,1.5,0.09003445234155483,0.0875618521486341,-23.992673040921883,-8.449535833325443,0.14350717097857157,0.5463495359811587,0.3292204646647375,0.3292204646647375,1.3064304153362598,0.010000000000000009
0.19000000000000003,accelerate,1.5,0.0954395218839517,0.09228845398982466,-23.99169824122373,-8.44953756496233,0.14293579016724267,0.583397088696052,0.3409838036027705,0.3409838036027705,1.3531103317570257,0.010000000000000009
0.20000000000000004,accelerate,1.5,0.1019735366423175,0.09809950358132036,-23.99066031220869,-8.449537928479574,0.14245628492505633,0.6197802001585877,0.35253616915435476,0.35253616915435476,1.3989530521998206,0.010000000000000009
0.21000000000000005,accelerate,1.5,0.1095961492643692,0.10499749099114966,-23.989550861845945,-8.449536559994195,0.14212487861747322,0.6550095695392883,0.36372219852011484,0.36372219852011484,1.4433420576195033,0.010000000000000009
0.22000000000000006,accelerate,1.5,0.11807883138334174,0.11284629522646492,-23.98836283392048,-8.44953386730447,0.14196685008075743,0.6887589723410172,0.3744383088977198,0.3744383088977198,1.4858663051496817,0.010000000000000009
0.23000000000000007,accelerate,1.5,0.1271030010358408,0.12140031871209045,-23.987091255136363,-8.44954438246154,0.14197972884563692,0.7208921679510054,0.3846412411678033,0.3846412411678033,1.526354131618267,0.010000000000000009
0.24000000000000007,accelerate,1.5,0.13652582257283785,0.13047562102853888,-23.985731388272292,-8.449531703789912,0.14213600416231378,0.7513936354687114,0.39432606713402524,0.39432606713402524,1.5647859806905764,0.010000000000000009
0.25000000000000006,accelerate,1.5,0.14596462838616542,0.1397690254431148,-23.98428139865371,-8.449541262882153,0.142391364139341,0.7804095087738783,0.40353918722588183,0.40353918722588183,1.6013459810550867,0.009999999999999981
0.26000000000000006,accelerate,1.5,0.15610150869032405,0.14956851539144037,-23.982731405954414,-8.449536157881555,0.14267831741866968,0.8079010971175559,0.4122683163567664,0.4122683163567664,1.6359853823681207,0.010000000000000009
0.2700000000000001,accelerate,1.5,0.16580753148505503,0.15931192504760916,-23.981083493941842,-8.44954499554919,0.14294706336318858,0.8341346640187075,0.42059799851922003,0.42059799851922003,1.6690396766635716,0.010000000000000009
0.2800000000000001,accelerate,1.5,0.17412990931798908,0.16820271560983713,-23.979350502929535,-8.449541789945584,0.1431749320873006,0.8597497611135037,0.42873130414875965,0.42873130414875965,1.7013146990030146,0.010000000000000009
0.2900000000000001,accelerate,1.5,0.20004087721725383,0.18730561257428713,-23.977339629346666,-8.4496205927447,0.14295971270592597,0.8793443699040909,0.434952984331947,0.434952984331947,1.7260039060791548,0.010000000000000009
0.3000000000000001,accelerate,1.5,0.21591639792377312,0.20447208378397874,-23.975160320907598,-8.449590463426567,0.14244556577439813,0.8950248555513558,0.43993185213466646,0.43993185213466646,1.7457613179947082,0.010000000000000009
0.3100000000000001,accelerate,1.5,0.20976560600867855,0.20764819711879864,-23.973048911344524,-8.449499908809283,0.14207824674779182,0.9149387188485512,0.446254902008792,0.446254902008792,1.7708527857491745,0.010000000000000009
0.3200000000000001,accelerate,1.5,0.20498757258053113,0.20605182239583814,-23.970991237726572,-8.44953463978069,0.14188639794925387,0.9407703325832597,0.4544569560018366,0.4544569560018366,1.8034006190549072,0.010000000000000009
0.3300000000000001,accelerate,1.5,0.2014918905029608,0.20331586326011172,-23.96897453950441,-8.449506971637017,0.14187411900502803,0.9719569989518694,0.4643593463071976,0.4643593463071976,1.8426958186793556,0.010000000000000009
0.34000000000000014,accelerate,1.5,0.20248246561843758,0.20281582467510723,-23.96695372919398,-8.449519543004053,0.14201494601294856,1.0,0.47326356,0.47326356,1.87803,0.010000000000000009
0.35000000000000014,accelerate,1.5,0.2120944855607258,0.20838302120647836,-23.964839109574008,-8.449529308277524,0.14220568232532974,1.0,0.47326356,0.47326356,1.87803,0.010000000000000009
0.36000000000000015,accelerate,1.5,0.22528171306112035,0.21852223631926354,-23.962593606145806,-8.449459523041282,0.14241334365850356,1.0,0.47326356,0.47326356,1.87803,0.010000000000000009
0.37000000000000016,accelerate,1.5,0.2590875174138032,0.24286140497598735,-23.959990694526333,-8.449674798571351,0.14221707114613605,1.0,0.47326356,0.47326356,1.87803,0.010000000000000009
0.38000000000000017,accelerate,1.5,0.2856936949338488,0.2685607789507042,-23.957111765703058,-8.449605590501964,0.14176976225519689,1.0,0.47326356,0.47326356,1.87803,0.010000000000000009
0.3900000000000002,accelerate,1.5,0.2831890937301304,0.27733776781835995,-23.954269022347283,-8.449445661664264,0.14156113328298348,1.0,0.47326356,0.47326356,1.87803,0.010000000000000009
0.4000000000000002,accelerate,1.5,0.28339402669525987,0.2809715231444999,-23.951433775561807,-8.449412111458255,0.14158554974615417,1.0,0.47326356,0.47326356,1.87803,0.010000000000000009
0.4100000000000002,accelerate,1.5,0.2843904641938581,0.28302288777411483,-23.948596348077512,-8.449503122716655,0.1418025393106144,1.0,0.47326356,0.47326356,1.87803,0.010000000000000009
0.4200000000000002,accelerate,1.5,0.2887673242915861,0.2864695496845976,-23.945720583332385,-8.449507703824379,0.14214300631605217,1.0,0.47326356,0.47326356,1.87803,0.010000000000000009
0.4300000000000002,accelerate,1.5,0.29728872410399526,0.2929610543362362,-23.942760060031183,-8.449482726265172,0.1424868007581074,1.0,0.47326356,0.47326356,1.87803,0.010000000000000009
0.4400000000000002,accelerate,1.5,0.30706998738052854,0.30142641416281163,-23.93970102791616,-8.44942795042591,0.14280955853748073,1.0,0.47326356,0.47326356,1.87803,0.010000000000000009
0.45000000000000023,accelerate,1.5,0.33771330653374465,0.3231985495853714,-23.936314925751496,-8.449543034470622,0.14268481595458443,1.0,0.47326356,0.47326356,1.87803,0.010000000000000009
0.46000000000000024,accelerate,1.5,0.3613308025170209,0.3460779013443611,-23.932680682183744,-8.449658350418751,0.1422470037853591,1.0,0.47326356,0.47326356,1.87803,0.010000000000000009
0.47000000000000025,accelerate,1.5,0.35720078138918654,0.35275162937125637,-23.929096073567237,-8.449599193548512,0.14199176998848054,1.0,0.47326356,0.47326356,1.87803,0.010000000000000009
0.48000000000000026,accelerate,1.5,0.3533923377099331,0.3531360543744624,-23.92555695539385,-8.449517570711595,0.14192598209355078,1.0,0.47326356,0.47326356,1.87803,0.010000000000000009
0.49000000000000027,accelerate,1.5,0.3521429816393445,0.35254021073339165,-23.922037058143044,-8.449445506870031,0.14203439961349126,1.0,0.47326356,0.47326356,1.87803,0.010000000000000009
0.5000000000000002,accelerate,1.5,0.3556353166702792,0.35439727429552415,-23.918487116554378,-8.44938580461383,0.1422590581372408,1.0,0.47326356,0.47326356,1.87803,0.009999999999999953
0.5100000000000002,accelerate,1.5,0.3650418352999679,0.36078401089819045,-23.914844490026898,-8.449341033190889,0.1425120600353241,1.0,0.47326356,0.47326356,1.87803,0.010000000000000009
0.5200000000000002,accelerate,1.5,0.37598337095533096,0.36990362693247475,-23.911092882485317,-8.4493846655958,0.14277368348500966,1.0,0.47326356,0.47326356,1.87803,0.010000000000000009
0.5300000000000002,accelerate,1.5,0.4083053284162373,0.3929446478227323,-23.906997643988426,-8.44955192413183,0.14261491887647887,1.0,0.47326356,0.47326356,1.87803,0.010000000000000009
0.5400000000000003,accelerate,1.5,0.43360099902196536,0.41733845854227214,-23.902638295844703,-8.449728911255757,0.14217439644317262,1.0,0.47326356,0.47326356,1.87803,0.010000000000000009
0.5500000000000003,accelerate,1.5,0.4313165445687219,0.42572531015814197,-23.898312033296964,-8.44968013429126,0.1419462092649827,1.0,0.47326356,0.47326356,1.87803,0.010000000000000009
0.5600000000000003,accelerate,1.5,0.42846173032949475,0.4273671622609536,-23.89402316519024,-8.449644598995146,0.14192955445031838,1.0,0.47326356,0.47326356,1.87803,0.010000000000000009
0.5700000000000003,accelerate,1.5,0.4276127028513887,0.42751448661521463,-23.889750370833326,-8.44961293046701,0.14209877967844728,1.0,0.47326356,0.47326356,1.87803,0.010000000000000009
0.5800000000000003,accelerate,1.5,0.42980772935112194,0.42889043225675905,-23.885461393694268,-8.449589057442797,0.14240004853947125,1.0,0.47326356,0.47326356,1.87803,0.010000000000000009
0.5900000000000003,accelerate,1.5,0.4393345658459765,0.43515691241028953,-23.881077164640182,-8.449567684464919,0.14269872272912382,1.0,0.47326356,0.47326356,1.87803,0.010000000000000009
0.6000000000000003,accelerate,1.5,0.44890280707487923,0.44340444920904337,-23.876597395632857,-8.44953751113518,0.14299850728149271,1.0,0.47326356,0.47326356,1.87803,0.010000000000000009
0.6100000000000003,accelerate,1.5,0.48633573977055183,0.4691632235459484,-23.87171723122035,-8.449523662301877,0.14274690187566225,1.0,0.47326356,0.47326356,1.87803,0.010000000000000009
0.6200000000000003,accelerate,1.5,0.5139481792228938,0.4960341969521157,-23.86654753527599,-8.449522504409055,0.14211398809706027,1.0,0.47326356,0.47326356,1.87803,0.010000000000000009
0.6300000000000003,accelerate,1.5,0.5068302666008763,0.5025118387413721,-23.861461341568784,-8.449520500024445,0.1417379312306118,1.0,0.47326356,0.47326356,1.87803,0.010000000000000009
0.6400000000000003,accelerate,1.5,0.4992840691773704,0.500575177002971,-23.85646118721876,-8.449517961422638,0.1416350369280262,1.0,0.47326356,0.47326356,1.87803,0.010000000000000009
0.6500000000000004,accelerate,1.5,0.4941890838566687,0.49674352111518966,-23.851521247093075,-8.449515411450518,0.14178133659969108,1.0,0.47326356,0.47326356,1.87803,0.010000000000000009
0.6600000000000004,accelerate,1.5,0.49356418769940785,0.49483592106572055,-23.846595574856018,-8.449512147924413,0.14212146660362668,1.0,0.47326356,0.47326356,1.87803,0.010000000000000009
0.6700000000000004,accelerate,1.5,0.5023889243025871,0.4993677230078405,-23.841583805737436,-8.449516263013455,0.14250101179391653,1.0,0.47326356,0.47326356,1.87803,0.010000000000000009
0.6800000000000004,accelerate,1.5,0.5136913816665871,0.5079619182030886,-23.836459414163585,-8.449514835884965,0.14288200655336974,1.0,0.47326356,0.47326356,1.87803,0.010000000000000009
0.6900000000000004,accelerate,1.5,0.5479580665065968,0.5319596071851935,-23.830969270972254,-8.44965197435293,0.14279496638912262,1.0,0.47326356,0.47326356,1.87803,0.010000000000000009
0.7000000000000004,accelerate,1.5,0.5730063440517714,0.5565876493051403,-23.82521469255399,-8.449907470542012,0.14236585473127072,1.0,0.47326356,0.47326356,1.87803,0.010000000000000009
0.7100000000000004,accelerate,1.5,0.5732277122582468,0.5665716870770041,-23.819467603394372,-8.450054225560672,0.14213093442655209,1.0,0.47326356,0.47326356,1.87803,0.010000000000000009
0.7200000000000004,accelerate,1.5,0.5709308088768091,0.5691871601568871,-23.813751915072366,-8.449992255495065,0.14209830208492896,1.0,0.47326356,0.47326356,1.87803,0.010000000000000009
0.7300000000000004,accelerate,1.5,0.5699994719126865,0.5696745472103668,-23.80805255697092,-8.449938471523124,0.14223681723400752,1.0,0.47326356,0.47326356,1.87803,0.010000000000000009
0.7400000000000004,accelerate,1.5,0.5721914286890714,0.5711846760975895,-23.802336900323564,-8.449892673120669,0.14250674092127685,1.0,0.47326356,0.47326356,1.87803,0.010000000000000009
0.7500000000000004,accelerate,1.5,0.581697155080497,0.577492163487334,-23.796526064756897,-8.449850132663324,0.14277568852333777,1.0,0.47326356,0.47326356,1.87803,0.010000000000000009
0.7600000000000005,accelerate,1.5,0.5915523676769213,0.5859282860010864,-23.790616442418397,-8.449808737873742,0.1430424973337356,1.0,0.47326356,0.47326356,1.87803,0.010000000000000009
0.7700000000000005,accelerate,1.5,0.6012969957500588,0.5951495118504698,-23.784609343699763,-8.449769457698146,0.14331213616440203,1.0,0.47326356,0.47326356,1.87803,0.010000000000000009
0.7800000000000005,accelerate,1.5,0.6623679801168773,0.6354805928103142,-23.777943722790667,-8.449757342232436,0.14251077186999925,0.9950979381635731,0.47170705732569773,0.47170705732569773,1.8718534020861022,0.010000000000000009
0.7900000000000005,accelerate,1.5,0.658408330751984,0.6492372355753161,-23.77133195432439,-8.449747761766526,0.14194113884504628,0.9898681206654834,0.4700464856737043,0.4700464856737043,1.865263832038509,0.010000000000000009
0.8000000000000005,accelerate,1.5,0.6507291305746948,0.6501323725749433,-23.76480937200778,-8.449738228773622,0.14165326037504372,0.9911607077231838,0.4704569079162654,0.4704569079162654,1.8668924917312117,0.010000000000000009
0.8100000000000005,accelerate,1.5,0.6434461426073271,0.6461206345943735,-23.75837016650235,-8.449728601584932,0.14164858147222298,1.0,0.47326356,0.47326356,1.87803,0.010000000000000009
0.8200000000000005,accelerate,1.5,0.639345623066625,0.6420556276777245,-23.751981175757056,-8.449719010445456,0.1418883618606745,1.0,0.47326356,0.47326356,1.87803,0.010000000000000009
0.8300000000000005,accelerate,1.5,0.6415386067892731,0.6417454151446537,-23.74557677015216,-8.449711528408457,0.14227959609937113,1.0,0.47326356,0.47326356,1.87803,0.010000000000000009
0.8400000000000005,accelerate,1.5,0.6532200847312802,0.6486302168966296,-23.739055309562552,-8.449700670651499,0.14266115133909632,1.0,0.47326356,0.47326356,1.87803,0.010000000000000009
0.8500000000000005,accelerate,1.5,0.6638255143928674,0.6577473953943722,-23.732429014151048,-8.449702094167888,0.1430652085011838,1.0,0.47326356,0.47326356,1.87803,0.010000000000000009
0.8600000000000005,accelerate,1.5,0.7199940089302939,0.6950953635159252,-23.72519707508158,-8.449992205634413,0.1425328728473803,0.997758155697493,0.472551729597068,0.472551729597068,1.8752052761788411,0.010000000000000009
0.8700000000000006,accelerate,1.5,0.7201651729408876,0.7101372491709026,-23.717974158853906,-8.450235225877833,0.1421877353343201,0.9935516038854632,0.4712160652657122,0.4712160652657122,1.8699050208956833,0.010000000000000009
0.8800000000000006,accelerate,1.5,0.7183985570288636,0.7150940338856793,-23.71077857412447,-8.450383785422199,0.1420529925164782,0.9930635218692374,0.4710610894639203,0.4710610894639203,1.8692900375552393,0.010000000000000009
0.8900000000000006,accelerate,1.5,0.7162614117049075,0.7157944605772162,-23.70361237080342,-8.450317409601952,0.14211833207710528,0.9977926697390848,0.47256268849555416,0.47256268849555416,1.8752487638712467,0.010000000000000009
0.9000000000000006,accelerate,1.5,0.7164721083983678,0.7162010492699071,-23.696450139163808,-8.450266027197648,0.1423331113649207,1.0,0.47326356,0.47326356,1.87803,0.010000000000000009
0.9100000000000006,accelerate,1.5,0.7225759170151493,0.7200259699170524,-23.68922930180914,-8.45020362450594,0.14260840975597336,1.0,0.47326356,0.47326356,1.87803,0.010000000000000009
0.9200000000000006,accelerate,1.5,0.7328452298744115,0.7277175258914679,-23.681904644631665,-8.450146505184794,0.1428647605253925,1.0,0.47326356,0.47326356,1.87803,0.010000000000000009
0.9300000000000006,accelerate,1.5,0.7421787238277665,0.7363942446532471,-23.674486633613903,-8.450094094161766,0.1431268637506939,1.0,0.47326356,0.47326356,1.87803,0.010000000000000009
0.9400000000000006,accelerate,1.5,0.7902512399886537,0.768708441854491,-23.666551611845357,-8.449809245802372,0.1425922022396673,0.9949994221514735,0.4716757765215359,0.4716757765215359,1.8717292719108567,0.010000000000000009
0.9500000000000006,accelerate,1.5,0.7892303252151109,0.781021571870863,-23.658637148184447,-8.449555011435933,0.14224084008353688,0.989530476220912,0.46993927680966396,0.46993927680966396,1.864838400038349,0.010000000000000009
0.9600000000000006,accelerate,1.5,0.7861854305505881,0.7841198870786981,-23.65076243171429,-8.449317771565882,0.14209630075387103,0.9885305698371748,0.46962178653469977,0.46962178653469977,1.8635785179948403,0.010000000000000009
0.9700000000000006,accelerate,1.5,0.7839356316306229,0.7840093338098529,-23.642918394803807,-8.449169308401014,0.14215064325763588,0.9928009515194663,0.470977718126461,0.470977718126461,1.8689591989145278,0.010000000000000009
0.9800000000000006,accelerate,1.5,0.7842296717184206,0.7841415365549935,-23.635077074462636,-8.449236698819925,0.14234371040566218,1.0,0.47326356,0.47326356,1.87803,0.010000000000000009
0.9900000000000007,accelerate,1.5,0.7899333493658252,0.7876166242414926,-23.627180728964266,-8.449310984225184,0.14259110246922332,1.0,0.47326356,0.47326356,1.87803,0.010000000000000009
1.0000000000000007,accelerate,1.5,0.8006400909189796,0.7954307042479848,-23.619176858879136,-8.449374821302822,0.14283789494976323,1.0,0.47326356,0.47326356,1.87803,0.010000000000000009
1.0100000000000007,accelerate,1.5,0.8499858828637948,0.8281638114174708,-23.610644483277035,-8.449673944328893,0.14229219637492888,0.9943609151971776,0.4714730377934078,0.4714730377934078,1.8709247531484436,0.010000000000000009
1.0200000000000007,accelerate,1.5,0.8494093070240942,0.8409111087814448,-23.602128813110177,-8.449953720770196,0.14195349573146177,0.9877326965852713,0.4693684458197554,0.4693684458197554,1.862573197697442,0.010000000000000009
1.0300000000000007,accelerate,1.5,0.8475000953111368,0.8448645006992599,-23.593642029283608,-8.450160728563198,0.14184141780272466,0.9849286792582451,0.468478114238078,0.468478114238078,1.859040135865389,0.010000000000000009
1.0400000000000007,accelerate,1.5,0.8455057074325639,0.8452492247392424,-23.58518405185916,-8.450140203164592,0.14194250225620933,0.9870655865303387,0.4691566250351132,0.4691566250351132,1.861732639028227,0.010000000000000009
1.0500000000000007,accelerate,1.5,0.8457507138302015,0.8455501181938179,-23.576730521428956,-8.449983863933042,0.14221108838979193,0.993197389776641,0.47110359520187906,0.47110359520187906,1.8694587111185677,0.010000000000000009
1.0600000000000007,accelerate,1.5,0.852665440453849,0.8498193115498366,-23.56820988182173,-8.449831464251957,0.14253213503943699,1.0,0.47326356,0.47326356,1.87803,0.010000000000000009
1.0700000000000007,accelerate,1.5,0.8633844393260304,0.8579583882155528,-23.559581013331666,-8.44969517773826,0.14283839461648035,1.0,0.47326356,0.47326356,1.87803,0.010000000000000009
1.0800000000000007,accelerate,1.5,0.8728865765156337,0.8669153011956013,-23.550857084458322,-8.449572937607453,0.14315231309982135,1.0,0.47326356,0.47326356,1.87803,0.010000000000000009
1.0900000000000007,accelerate,1.5,0.9361783826762586,0.9084731500839958,-23.5414528186458,-8.449531729156572,0.1423782961827786,0.9857737251827855,0.46874643322003806,0.46874643322003806,1.8601048937303097,0.010000000000000009
1.1000000000000008,accelerate,1.5,0.931477964602686,0.9222760387952098,-23.532110313716494,-8.449481649022161,0.14184699756933977,0.9711488478179264,0.464102742159148,0.464102742159148,1.8416775482505872,0.010000000000000009
1.1100000000000008,accelerate,1.5,0.9235214064293877,0.9230232593757166,-23.5228597206888,-8.44943481012196,0.14159903530234697,0.9630932506439016,0.46154492894445165,0.46154492894445165,1.8315274958113161,0.010000000000000009
1.1200000000000008,accelerate,1.5,0.9163078372733722,0.91899400611431,-23.513691523078187,-8.449390433185366,0.1416311417278143,0.9628432605839042,0.4614655521006013,0.4614655521006013,1.8312125083357194,0.010000000000000009
1.1300000000000008,accelerate,1.5,0.9123039486043636,0.9149799716083422,-23.504572053174495,-8.449353630215583,0.14190129777750507,0.968857818953799,0.46337529467421024,0.46337529467421024,1.8387908518817866,0.010000000000000009
1.1400000000000008,accelerate,1.5,0.9152590777230365,0.9151474352771588,-23.495427598719353,-8.449344281307152,0.14228712845400604,0.9776750127856395,0.46617493005969624,0.46617493005969624,1.8499005161099056,0.010000000000000009
1.1500000000000008,accelerate,1.5,0.9252462926252267,0.9212067496859996,-23.48618357645535,-8.449329801370055,0.14268361733828927,0.985581002595442,0.46868523994410477,0.46868523994410477,1.859862063270257,0.010000000000000009
1.1600000000000008,accelerate,1.5,0.9604832762736487,0.9447726656385891,-23.4765636521036,-8.449451064383181,0.14257390842288165,0.9833495821608467,0.4679767193277121,0.4679767193277121,1.8570504735226672,0.010000000000000009
1.1700000000000008,accelerate,1.5,0.986146803769347,0.9695971485170438,-23.466674852193783,-8.449690179107266,0.14213185879333062,0.9721699388137269,0.46442695897213465,0.46442695897213465,1.8429641229052962,0.010000000000000009
1.1800000000000008,accelerate,1.5,0.9832589233718989,0.9777942134299569,-23.45682577402743,-8.449912636236173,0.14191855667838071,0.9625536143680034,0.4613735836341284,0.4613735836341284,1.8308475541036842,0.010000000000000009
1.1900000000000008,accelerate,1.5,0.9800443475304595,0.9791442938902585,-23.44701814683117,-8.45012420680083,0.14193451777505312,0.9577937022711535,0.4598622163451367,0.4598622163451367,1.8248500648616535,0.010000000000000009
1.2000000000000008,accelerate,1.5,0.9787208284674206,0.9788902146365557,-23.437231417803105,-8.450335316132009,0.14214591147236785,0.9577676949371727,0.45985395849645117,0.45985395849645117,1.824817295620838,0.010000000000000009
1.2100000000000009,accelerate,1.5,0.983903668799769,0.9818982871344837,-23.427395750110946,-8.450512664390091,0.1424338324856393,0.9597853387811408,0.4604946007697878,0.4604946007697878,1.8273595268642373,0.010000000000000009
1.2200000000000009,accelerate,1.5,0.9908524106788266,0.9872707612610894,-23.417492456623272,-8.450661646777887,0.14277185392775474,0.9621518921886398,0.4612460288077369,0.4612460288077369,1.830341384157686,0.010000000000000009
1.2300000000000009,accelerate,1.5,1.0233269395154099,1.0089044682136816,-23.407242714608426,-8.450668073282523,0.1426373906616381,0.9560602063661746,0.45931179672538786,0.45931179672538786,1.8226658600213803,0.010000000000000009
1.2400000000000009,accelerate,1.5,1.0466285647958586,1.031538926162988,-23.396748522247783,-8.450536476375735,0.14217916518514406,0.9425150914278277,0.4550109518301638,0.4550109518301638,1.8055990151990629,0.010000000000000009
1.2500000000000009,accelerate,1.5,1.0433600685417934,1.0386316115902712,-23.386297265746958,-8.450414415557594,0.14193580607955467,0.9311636402904129,0.4514066390650119,0.4514066390650119,1.79129618676592,0.010000000000000009
1.260000000000001,accelerate,1.5,1.039180202687073,1.0389607662483522,-23.37589661824962,-8.450291757680116,0.14191668522535925,0.9251359603572757,0.44949273013264224,0.44949273013264224,1.7837013100501675,0.010000000000000009
1.270000000000001,accelerate,1.5,1.03688798144327,1.037717095365303,-23.365526219174036,-8.450171923618255,0.14209577605362794,0.9242064549694589,0.4491975935819026,0.4491975935819026,1.7825301332615182,0.010000000000000009
1.280000000000001,accelerate,1.5,1.038692083188164,1.0383020880590197,-23.355142898335654,-8.450061051402917,0.14241009015255573,0.9263858599005098,0.44988959823560987,0.44988959823560987,1.7852761834746422,0.010000000000000009
1.290000000000001,accelerate,1.5,1.0465328410268055,1.0432405398396911,-23.344681630705843,-8.449952970283558,0.14274469163335352,0.9287191975262782,0.4506304795985439,0.4506304795985439,1.7882161888831107,0.010000000000000009
1.300000000000001,accelerate,1.5,1.056366081125288,1.0511158646110492,-23.33412081796856,-8.449846887252486,0.1430638691632123,0.9295698850953386,0.4509005899154719,0.4509005899154719,1.7892880552201265,0.010000000000000009
1.310000000000001,accelerate,1.5,1.0889982653893655,1.073845305078039,-23.323211587206373,-8.44988492623474,0.14290547916102533,0.92123237344847,0.4482532632173582,0.4482532632173582,1.7787827905450722,0.010000000000000009
1.320000000000001,accelerate,1.5,1.11398476738242,1.0979289824606675,-23.31204061948212,-8.450052967304341,0.14239995184282253,0.9046606795957226,0.44299141898523386,0.44299141898523386,1.7579024562906105,0.010000000000000009
1.330000000000001,accelerate,1.5,1.112203557536464,1.1064937275061455,-23.300897609622762,-8.450204773967382,0.14208410845572012,0.8896356830369693,0.43822068207789844,0.43822068207789844,1.738970960626581,0.010000000000000009
1.340000000000001,accelerate,1.5,1.108429329831102,1.1076550889011194,-23.28980129403812,-8.450348110779794,0.14198167982339577,0.8797489013511125,0.4350814311570052,0.4350814311570052,1.7265136157024017,0.010000000000000009
1.350000000000001,accelerate,1.5,1.1054772870042329,1.1063484077629875,-23.27874199302284,-8.450480779984757,0.14208045509573058,0.8752849647890198,0.43366404201980957,0.43366404201980957,1.720889055634165,0.010000000000000009
1.360000000000001,accelerate,1.5,1.1050387588897777,1.1055626184390617,-23.26769303795452,-8.450598389885387,0.14234172027233324,0.8748897739733051,0.4335385610320039,0.4335385610320039,1.7203911152063647,0.010000000000000009
1.370000000000001,accelerate,1.5,1.110148929889677,1.108314405309431,-23.256595145510236,-8.450679777522787,0.14266706220899988,0.8758624770160124,0.43384741370212426,0.43384741370212426,1.7216167210401756,0.010000000000000009
1.380000000000001,accelerate,1.5,1.1174231871912441,1.1137796744385189,-23.245425399284436,-8.45075271681979,0.14302431301592144,0.8764585196289502,0.4340366691525843,0.4340366691525843,1.7223677347324775,0.010000000000000009
1.390000000000001,accelerate,1.5,1.170937159603275,1.1480741655373725,-23.23368176648583,-8.450526413362262,0.14245065263760046,0.8612913432603441,0.42922078731202445,0.42922078731202445,1.7032570925080335,0.010000000000000009
1.400000000000001,accelerate,1.5,1.1678633630423045,1.1599476840403318,-23.2219800940286,-8.450330153977976,0.14207912802408598,0.8452687506076144,0.42413329369292974,0.42413329369292974,1.6830686257655942,0.010000000000000009
1.410000000000001,accelerate,1.5,1.1628967019676848,1.1617170947967437,-23.210337827120394,-8.450132014928164,0.14193769571159348,0.833884407942468,0.4205185372098924,0.4205185372098924,1.6687243540075096,0.010000000000000009
1.420000000000001,accelerate,1.5,1.1585893374820944,1.159840440407954,-23.19874676267451,-8.449922557218645,0.1420155030857317,0.828148924244776,0.4186974064262013,0.4186974064262013,1.6614976445484178,0.010000000000000009
1.430000000000001,accelerate,1.5,1.1573808557423417,1.1583646896085866,-23.18717392545261,-8.449718475601705,0.14226354190567875,0.8267311808814284,0.4182472445534712,0.4182472445534712,1.6597112879106,0.010000000000000009
1.440000000000001,accelerate,1.5,1.1609988372961757,1.15994517822114,-23.175568118082975,-8.449530542504522,0.14260161508069663,0.8271428719557741,0.4183779647033974,0.4183779647033974,1.6602300186642753,0.010000000000000009
1.450000000000001,accelerate,1.5,1.16985503975004,1.16589109513848,-23.163872872117263,-8.44935866019335,0.14293195575163667,0.8266715430169258,0.41822830833873426,0.41822830833873426,1.6596361442013263,0.010000000000000009
1.460000000000001,accelerate,1.5,1.1802647457594921,1.1745152855110872,-23.152071252269728,-8.449181678162365,0.14322484409294525,0.824019300350533,0.4173861682473013,0.4173861682473013,1.6562943184416719,0.010000000000000009
1.470000000000001,accelerate,1.5,1.2308290275162617,1.2083035307141918,-23.139726965201515,-8.449268937958525,0.14264141037642525,0.8060991880351801,0.4116961741849304,0.4116961741849304,1.6337149769243269,0.010000000000000009
1.480000000000001,accelerate,1.5,1.2285858010059543,1.2204728928892492,-23.127415861450878,-8.449340522308535,0.1422328954887946,0.7872943647042427,0.40572526668089115,0.40572526668089115,1.6100208995273457,0.010000000000000009
1.490000000000001,accelerate,1.5,1.2234004689262874,1.222229438511472,-23.115166024770765,-8.449407073209276,0.14203539844448754,0.7732674438813789,0.4012714387812154,0.4012714387812154,1.5923469792905374,0.010000000000000009
1.500000000000001,accelerate,1.5,1.2182168629234906,1.219821893158683,-23.102975889356657,-8.44946690422813,0.14205041597369844,0.7652783379172496,0.39873473785548513,0.39873473785548513,1.5822807057757347,0.010000000000000009
1.5100000000000011,accelerate,1.5,1.2150466995917628,1.216956777018531,-23.090823855043528,-8.449515603444475,0.14224926854614875,0.7623811370288168,0.39781481862938994,0.39781481862938994,1.5786302326563093,0.010000000000000009
1.5200000000000011,accelerate,1.5,1.2161567359690908,1.2164767523888669,-23.078664546169183,-8.44953911434698,0.14255753721231973,0.7623014920558112,0.3977895297575612,0.3977895297575612,1.5785298799903222,0.010000000000000009
1.5300000000000011,accelerate,1.5,1.2230533003905202,1.2204226811898589,-23.066436346170924,-8.449540461918884,0.14287963760335728,0.7621113669021539,0.3977291612187719,0.3977291612187719,1.5782903222967137,0.010000000000000009
1.5400000000000011,accelerate,1.5,1.2304004753890707,1.226409357709386,-23.054134468300035,-8.449533382895442,0.14321100509942075,0.760713436072952,0.39728529022188375,0.39728529022188375,1.5765289294519196,0.010000000000000009
1.5500000000000012,accelerate,1.5,1.2628347878379687,1.2482646157865356,-23.04148651129676,-8.449390391789105,0.1430359598849435,0.7498176628343498,0.39382566430316274,0.39382566430316274,1.5628002551712807,0.010000000000000009
1.5600000000000012,accelerate,1.5,1.2861231530591744,1.2709797381501189,-23.02859542914485,-8.449120526163469,0.14250752147253462,0.7307106014684452,0.3877587901782607,0.3877587901782607,1.538725357850241,0.010000000000000009
1.5700000000000012,accelerate,1.5,1.282120959451875,1.2776644709311724,-23.015754337416574,-8.448861954087416,0.14216684187618034,0.7134517621708071,0.3822787635244747,0.3822787635244747,1.516979220335217,0.010000000000000009
1.5800000000000012,accelerate,1.5,1.276056077274731,1.2766994347373075,-23.002982561538424,-8.448603142636596,0.142042111282833,0.7017173337998961,0.378552847828143,0.378552847828143,1.5021938405878692,0.010000000000000009
1.5900000000000012,accelerate,1.5,1.270727502068893,1.2731162751362588,-22.990271143378887,-8.448340924904157,0.14211999612490378,0.6958098854465672,0.376677114826994,0.376677114826994,1.4947504556626747,0.010000000000000009
1.6000000000000012,accelerate,1.5,1.2684165560795573,1.2702964437022377,-22.977588044271428,-8.448090982763585,0.14235533488559915,0.6941807226551515,0.3761598230574637,0.3761598230574637,1.4926977105454908,0.010000000000000009
1.6100000000000012,accelerate,1.5,1.2708687011254547,1.270639798156168,-22.96488290934732,-8.447859748907538,0.14267122765546952,0.6943016226832507,0.3761982112343858,0.3761982112343858,1.492850044580896,0.010000000000000009
1.6200000000000012,accelerate,1.5,1.278253264768783,1.2752078781237368,-22.952102824060162,-8.447654121385288,0.1429783654201907,0.6935599413359875,0.3759627125730028,0.3759627125730028,1.4919155260833443,0.010000000000000009
1.6300000000000012,accelerate,1.5,1.2856456464981467,1.281470539148383,-22.93924782371702,-8.44746113318437,0.14327928002738036,0.6911896174631251,0.3752100873368915,0.3752100873368915,1.4889289180035377,0.010000000000000009
1.6400000000000012,accelerate,1.5,1.3160918191827107,1.3022433071689796,-22.926066639289708,-8.44739405352766,0.14309436712412898,0.6797096336997773,0.3715649628923533,0.3715649628923533,1.4744641384617194,0.010000000000000009
1.6500000000000012,accelerate,1.5,1.3386283652421342,1.3240743420128722,-22.9126492674743,-8.447447884577272,0.142571227280511,0.6602303398974336,0.3653798975242331,0.3653798975242331,1.4499202282707664,0.010000000000000009
1.6600000000000013,accelerate,1.5,1.3341822385061453,1.330139079908836,-22.899285937144874,-8.447493158361514,0.1422263614900323,0.642633749687128,0.35979262820065694,0.35979262820065694,1.4277485246057815,0.010000000000000009
1.6700000000000013,accelerate,1.5,1.3278611046046247,1.3287722947263092,-22.885994055856663,-8.447532493640505,0.14208874846861969,0.6304767340321735,0.3559325325898957,0.3559325325898957,1.4124306848805386,0.010000000000000009
1.6800000000000013,accelerate,1.5,1.3221757821535418,1.3248143871826488,-22.872765827802237,-8.447564009883468,0.14215187677378124,0.624067195980984,0.3538973760678821,0.3538973760678821,1.40435466693604,0.010000000000000009
1.6900000000000013,accelerate,1.5,1.3187936362889154,1.3212019366464087,-22.85957688396829,-8.447580989867063,0.1423815451670777,0.6220985258666424,0.3532722839331763,0.3532722839331763,1.4018741425919694,0.010000000000000009
1.7000000000000013,accelerate,1.5,1.319765300322026,1.3203399548517791,-22.846381173155226,-8.44759042367907,0.14270312576539967,0.622236336478771,0.3533160415587394,0.3533160415587394,1.4020477839632517,0.010000000000000009
1.7100000000000013,accelerate,1.5,1.32648838250042,1.3240290114409636,-22.833117405965357,-8.447570008779063,0.14301334939630078,0.6216305600092977,0.3531236954141522,0.3531236954141522,1.4012845056117151,0.010000000000000009
1.7200000000000013,accelerate,1.5,1.3337181866229457,1.3298425165501528,-22.819780144023518,-8.447529388767656,0.14330720199390717,0.6192675105202161,0.35237337994037904,0.35237337994037904,1.3983070632554724,0.010000000000000009
1.7300000000000013,accelerate,1.5,1.363416189815523,1.349986720509375,-22.806127130372854,-8.447343672043576,0.14312154270920666,0.6077910241949159,0.34872936600236976,0.34872936600236976,1.3838466904855942,0.010000000000000009
1.7400000000000013,accelerate,1.5,1.3862951353753157,1.3717717694289393,-22.792236426767534,-8.447040445287623,0.14258523131131828,0.5880049269191433,0.3424468843953664,0.3424468843953664,1.3589162079181207,0.010000000000000009
1.7500000000000013,accelerate,1.5,1.380492926581719,1.3770044637206071,-22.778413265007497,-8.446742256175064,0.14223208163084627,0.5702741552664803,0.33681700978021284,0.33681700978021284,1.3365754356357653,0.010000000000000009
1.7600000000000013,accelerate,1.5,1.3729556793135047,1.3745751930763457,-22.764673522656945,-8.44644952899741,0.1420909053387348,0.5582501664929855,0.33299915286485277,0.33299915286485277,1.3214252097811618,0.010000000000000009
1.7700000000000014,accelerate,1.5,1.366125556063012,1.3695054108683453,-22.751008604714617,-8.44616615612582,0.14215488106293658,0.5522212826039354,0.3310848616524016,0.3310848616524016,1.3138288160809586,0.010000000000000009
1.7800000000000014,accelerate,1.5,1.3615945305103991,1.3647588826535777,-22.7373940099239,-8.445895838916677,0.142385275918751,0.5508510302115177,0.3306497791127611,0.3306497791127611,1.3121022980665122,0.010000000000000009
1.7900000000000014,accelerate,1.5,1.3625171127831972,1.3634138207313495,-22.723772197451243,-8.44564332548073,0.14269094250037004,0.5514211242474005,0.33083079537103466,0.33083079537103466,1.3128206165517249,0.010000000000000009
1.8000000000000014,accelerate,1.5,1.3686988389216581,1.3665848316455347,-22.710087224121615,-8.445420582279114,0.14298384696484498,0.5511368118918982,0.33074052051191555,0.33074052051191555,1.3124623829837918,0.010000000000000009
1.8100000000000014,accelerate,1.5,1.3747397953526417,1.3714778098697988,-22.696340749221324,-8.445216974017352,0.1432701258365429,0.5492255248359964,0.3301336486459256,0.3301336486459256,1.3100541612933556,0.010000000000000009
1.8200000000000014,accelerate,1.5,1.404154249654659,1.3910836737407148,-22.68227974008839,-8.445163495397116,0.14307259340797918,0.5381070133512462,0.3266032988792877,0.3266032988792877,1.29604483682257,0.010000000000000009
1.8300000000000014,accelerate,1.5,1.4264647295160438,1.4123123072059123,-22.667985869622843,-8.445227362008962,0.142534408326598,0.5186172995433804,0.32041492495101415,0.32041492495101415,1.2714877974246592,0.010000000000000009
1.8400000000000014,accelerate,1.5,1.4191844500513444,1.4164355929131716,-22.65377442211821,-8.445291889615193,0.14219281563597597,0.5014333844932627,0.3149586882443008,0.3149586882443008,1.249836064461511,0.010000000000000009
1.8500000000000014,accelerate,1.5,1.4105427505930042,1.4128998875210712,-22.639657314886502,-8.445361239800658,0.142070485100591,0.49016280568755,0.3113800540619109,0.3113800540619109,1.235635135166313,0.010000000000000009
1.8600000000000014,accelerate,1.5,1.4031237494939954,1.4070342047048259,-22.625620757274874,-8.445426350287963,0.1421528498485923,0.4848941837370236,0.30970716122017977,0.30970716122017977,1.2289966715086498,0.010000000000000009
1.8700000000000014,accelerate,1.5,1.398462478246504,1.4018911688298328,-22.611635798225706,-8.445486832211149,0.14240098221986697,0.48408157093679,0.3094491404038496,0.3094491404038496,1.2279727793803554,0.010000000000000009
1.8800000000000014,accelerate,1.5,1.3973453019232613,1.3991636486858898,-22.597665322192512,-8.445554614122766,0.1427577321072079,0.4855774657918038,0.3099241169382136,0.3099241169382136,1.229857606897673,0.010000000000000009
1.8900000000000015,accelerate,1.5,1.4015842415832367,1.4006160044242981,-22.58365257529231,-8.445608163331773,0.143128488581092,0.48670302581496516,0.31028150475676775,0.31028150475676775,1.2312758125268561,0.010000000000000009
1.9000000000000015,accelerate,1.5,1.410819010852539,1.4067378082812425,-22.56954370245318,-8.44563114575826,0.14341700475168503,0.48502399673905894,0.309748379444586,0.309748379444586,1.2291602358912144,0.010000000000000009
1.9100000000000015,accelerate,1.5,1.41942845126391,1.414352194070843,-22.555345023090755,-8.445632050348234,0.14362850441598674,0.480259912422929,0.3082356873925284,0.3082356873925284,1.2231574896528903,0.010000000000000009
1.9200000000000015,accelerate,1.5,1.4275173080427985,1.4222512624540165,-22.541061805127715,-8.445624867534606,0.1437630193851291,0.4728221780265313,0.30587405796698425,0.30587405796698425,1.2137859443134296,0.010000000000000009
1.9300000000000015,accelerate,1.5,1.4532787379171075,1.440867747731871,-22.52650481813412,-8.445511233765874,0.14345832257255214,0.4574564120485829,0.30099511995366607,0.30099511995366607,1.1944250791812145,0.010000000000000009
1.9400000000000015,hold,1.5,1.471361648185331,1.4591640880039471,-22.51176125630554,-8.445309220818924,0.1428515783494701,0.43578918298654035,0.29411534138188633,0.29411534138188633,1.167124370563041,0.010000000000000009
1.9500000000000015,accelerate,1.5,1.4641884092306778,1.4621786807399855,-22.497098739587855,-8.44510738156135,0.1424025324913169,0.41712844400709814,0.2881901835411338,0.2881901835411338,1.1436118394489436,0.010000000000000009
1.9600000000000015,accelerate,1.5,1.454594035663959,1.4576278936943696,-22.482539976677963,-8.444910257809461,0.14215582980111335,0.40489927312776897,0.2843071772035292,0.2843071772035292,1.128203084140989,0.010000000000000009
1.9700000000000015,accelerate,1.5,1.4450708993578165,1.4500936970924378,-22.468082746136563,-8.444719348360355,0.14212068047278148,0.3994433363504785,0.28257480815800395,0.28257480815800395,1.121328603801603,0.010000000000000009
1.9800000000000015,accelerate,1.5,1.4376554825259644,1.4426307683525539,-22.453704792034124,-8.444537651841177,0.1422750538963677,0.39942059792483703,0.2825675882530943,0.2825675882530943,1.1212999533852948,0.010000000000000009
1.9900000000000015,accelerate,1.5,1.4338065979195735,1.4373362660927658,-22.4393691972678,-8.444363488025903,0.1425697589101327,0.4026365505148426,0.28358871751947284,0.28358871751947284,1.1253520536487018,0.010000000000000009
2.0000000000000013,accelerate,1.5,1.4353509249289658,1.4361450613944857,-22.42501948402592,-8.444200719177319,0.14292020690463322,0.4062852532377775,0.28474725360805914,0.28474725360805914,1.1299494190795998,0.009999999999999787
2.010000000000001,accelerate,1.5,1.4423159436293336,1.4398475907353943,-22.41059767678553,-8.444070421974299,0.14322786547670177,0.4076703467889779,0.28518704851243626,0.28518704851243626,1.131694636954112,0.009999999999999787
2.020000000000001,accelerate,1.5,1.4492199601961009,1.4454710124118182,-22.39610421968316,-8.443966726318568,0.14349093393373108,0.40619095789790366,0.28471731295174235,0.28471731295174235,1.1298306069513586,0.009999999999999787
2.0300000000000007,hold,1.5,1.4775604931159725,1.464724700834311,-22.38130825063361,-8.443992603290397,0.14327325307313082,0.39508842639212793,0.2811920371480285,0.2811920371480285,1.1158414172540814,0.009999999999999787
2.0400000000000005,hold,1.5,1.4984358143271235,1.4849513689299985,-22.36629516566804,-8.444116852457016,0.1427196365584767,0.37563206085047435,0.27501425196124263,0.27501425196124263,1.0913263966715978,0.009999999999999787
2.0500000000000003,hold,1.5,1.4907879810607612,1.488453336208456,-22.35136773188415,-8.44423879704923,0.14234078622788246,0.3582987563406667,0.2695105811132885,0.2695105811132885,1.0694864329892402,0.009999999999999787
2.06,hold,1.5,1.481184494036485,1.4840920309052734,-22.336543899880603,-8.44435648688671,0.14216847391405243,0.3468462377165641,0.26587417739976343,0.26587417739976343,1.0550562595228707,0.009999999999999787
2.07,hold,1.5,1.4719003035424258,1.4767769944875648,-22.321818941277844,-8.444467125399559,0.1422002660553096,0.34170912308441914,0.2642430407617648,0.2642430407617648,1.0485834950863682,0.009999999999999787
2.0799999999999996,accelerate,1.5,1.464790531419267,1.469585116646586,-22.307169793022123,-8.444578420284302,0.1424035605194671,0.34160964706221386,0.2642114551351942,0.2642114551351942,1.0484581552983896,0.009999999999999787
2.0899999999999994,accelerate,1.5,1.4614931766256474,1.464729952634023,-22.292556751274425,-8.444675047475457,0.1427178403705814,0.34434048317464483,0.26507855021761323,0.26507855021761323,1.0518990088000524,0.009999999999999787
2.099999999999999,accelerate,1.5,1.462311979169549,1.4632791685553386,-22.277936687210733,-8.444754310854965,0.14307769896753939,0.3475482118782476,0.2660970682355812,0.2660970682355812,1.055940746966592,0.009999999999999787
2.109999999999999,accelerate,1.5,1.4684845347967328,1.466402388300175,-22.263252300824703,-8.444806256358598,0.14338051625437592,0.3487005180977549,0.2664629485063992,0.2664629485063992,1.0573926528031714,0.009999999999999787
2.1199999999999988,hold,1.5,1.475573142278915,1.471904840687419,-22.248493568381168,-8.444833219245695,0.14360845717901136,0.34691373432808403,0.2658956089238533,0.2658956089238533,1.055141305253386,0.009999999999999787
2.1299999999999986,hold,1.5,1.4823490273231232,1.4781713526688414,-22.23366374300345,-8.444846442595365,0.14376484651255242,0.3423283895174744,0.26443967023958853,0.26443967023958853,1.049363770792018,0.009999999999999787
2.1399999999999983,hold,1.5,1.4890524232292326,1.484699995005076,-22.218763551497297,-8.44484980399047,0.143844310102468,0.3353200905504192,0.26221439515156914,0.26221439515156914,1.0405333140935282,0.009999999999999787
2.149999999999998,hold,1.5,1.4952383709827453,1.4910230205916777,-22.203798553410692,-8.444840624301323,0.14384658515965304,0.3264377327229077,0.2593940688941777,0.2593940688941777,1.029341543230864,0.009999999999999787
2.159999999999998,hold,1.5,1.5004000721822834,1.496649251546041,-22.188779833104462,-8.44481302875174,0.14378127681455785,0.3163846517561724,0.2562020146256199,0.2562020146256199,1.0166746612127775,0.009999999999999787
2.1699999999999977,hold,1.5,1.5041744236529788,1.5011643548102036,-22.17372234043643,-8.444773467740237,0.14366713510261664,0.3059500619756349,0.2528888236785036,0.2528888236785036,1.0035270780893002,0.009999999999999787
2.1799999999999975,hold,1.5,1.5062823175727968,1.5042351324677596,-22.158643861374863,-8.444723800431062,0.14352987870604603,0.295951373620741,0.2497140401520577,0.2497140401520577,0.9909287307621337,0.009999999999999787
2.1899999999999973,hold,1.5,1.5067791323982227,1.5057615324260376,-22.143561377001436,-8.444662849466114,0.14339552427125332,0.2871061530318728,0.24690550571068026,0.24690550571068026,0.9797837528201597,0.009999999999999787
2.199999999999997,hold,1.5,1.506153014876662,1.5059964218964121,-22.128486569113086,-8.444584776301472,0.14328306687158063,0.2798639799671456,0.2446059709191681,0.2446059709191681,0.9706586147586036,0.009999999999999787
2.209999999999997,hold,1.5,1.5052979014584922,1.5055773096336602,-22.113421752636548,-8.444502287845385,0.14320203315695235,0.2742524916226613,0.24282421114002745,0.24282421114002745,0.9635881394445533,0.009999999999999787
2.2199999999999966,hold,1.5,1.5044038266640394,1.5048732198518877,-22.09836735317684,-8.44441388937129,0.14316097883614803,0.2701009478128865,0.24150601294954774,0.24150601294954774,0.958357194244237,0.009999999999999787
2.2299999999999964,hold,1.5,1.5038001145620001,1.5042293566779552,-22.08332033131599,-8.444316127305191,0.14316125838040422,0.26709006702415733,0.24054999808151045,0.24054999808151045,0.9545634844504383,0.009999999999999787
2.239999999999996,hold,1.5,1.503885211619941,1.5040228696431468,-22.068273452096385,-8.444210316604233,0.14319585295212972,0.2647622274600508,0.23981086246311537,0.23981086246311537,0.9516304065996641,0.009999999999999787
2.249999999999996,hold,1.5,1.5048685124988468,1.5045302553565667,-22.053217289853595,-8.444099410496055,0.14325321790212422,0.2626003443645839,0.23912442134264272,0.23912442134264272,0.9489064338993759,0.009999999999999787
2.259999999999996,hold,1.5,1.5066492582170077,1.5058016570728312,-22.03814345655578,-8.443983504564539,0.14332119959774978,0.2601589261825129,0.23834922224147154,0.23834922224147154,0.9458302469899664,0.009999999999999787
2.2699999999999956,hold,1.5,1.5090306566001253,1.5077390567892075,-22.023045583686695,-8.443861596473688,0.14338805356804202,0.257128671189085,0.2373870556759583,0.2373870556759583,0.9420121256982472,0.009999999999999787
2.2799999999999954,hold,1.5,1.5117714000994156,1.5101584627753324,-22.00791979252934,-8.44373445876919,0.1434435742490736,0.2533559115942414,0.23618912904940353,0.23618912904940353,0.9372584486087442,0.009999999999999787
2.289999999999995,hold,1.5,1.5145902715724193,1.5128175480535846,-21.992765151625726,-8.443602932868924,0.14348070410991345,0.2488439840550743,0.2347565018171672,0.2347565018171672,0.9315734199093937,0.009999999999999787
2.299999999999995,hold,1.5,1.517226198440919,1.515462738285985,-21.977583500301694,-8.443466841378122,0.14349643035858112,0.24372954241303124,0.23313256430698573,0.23313256430698573,0.9251292234404196,0.009999999999999787
2.3099999999999947,hold,1.5,1.5194675197096763,1.5178656071402,-21.962378908828207,-8.443326644481242,0.14349130642769964,0.23824421509438998,0.23139086317677074,0.23139086317677074,0.9182177110189315,0.009999999999999787
2.3199999999999945,hold,1.5,1.521190598381511,1.5198606018849867,-21.94715676759899,-8.443182489001135,0.14346908246886178,0.2326635718010346,0.22961889731826451,0.22961889731826451,0.9111861004693036,0.009999999999999787
2.3299999999999943,hold,1.5,1.5223702384225364,1.5213663838075164,-21.93192273918863,-8.443034578177778,0.14343541575877158,0.22725443962460204,0.2279013896696037,0.2279013896696037,0.9043705939269987,0.009999999999999787
2.339999999999994,hold,1.5,1.523070040854161,1.5223885780355033,-21.91668183410335,-8.442883322198043,0.14339696308329491,0.2222306952848304,0.22630625036683935,0.22630625036683935,0.8980406760588863,0.009999999999999787
2.349999999999994,hold,1.5,1.523417389661675,1.5230058650112062,-21.90143774734002,-8.4427288355335,0.14336030640416036,0.21772473123476352,0.2248755166616621,0.2248755166616621,0.8923631613558021,0.009999999999999787
2.3599999999999937,hold,1.5,1.5235399360400914,1.5233263076285373,-21.886192835138267,-8.442571371163268,0.14333087727556737,0.21378748213935944,0.22362536132888944,0.22362536132888944,0.887402227495593,0.009999999999999787
2.3699999999999934,hold,1.5,1.523630101194679,1.5235085837682223,-21.870947464224155,-8.44241117388721,0.14331231968386351,0.21037688097490495,0.22254242724715184,0.22254242724715184,0.8831048700283803,0.009999999999999787
2.3799999999999932,hold,1.5,1.5238218171547186,1.52369652380012,-21.85570060915976,-8.442248497338626,0.1433064044178704,0.20738329203989847,0.2215919028885086,0.2215919028885086,0.8793329479702723,0.009999999999999787
2.389999999999993,hold,1.5,1.5241915995046436,1.5239935692228341,-21.840450432137114,-8.442083587236269,0.14331291849023028,0.20466362592414045,0.2207283545034331,0.2207283545034331,0.8759061686644171,0.009999999999999787
2.399999999999993,hold,1.5,1.5248171452324732,1.5244877148286178,-21.82519428421154,-8.4419166106532,0.14332998783155984,0.20205557014787995,0.21990024463335486,0.21990024463335486,0.8726200183863289,0.009999999999999787
2.4099999999999926,hold,1.5,1.5256781798453432,1.525201993838653,-21.80992970625365,-8.441747507415775,0.14335469783839486,0.1994155722527024,0.2190619925016781,0.2190619925016781,0.8692936210384051,0.009999999999999787
2.4199999999999924,hold,1.5,1.5267344928117121,1.5261214932224885,-21.79465463082196,-8.441576452895191,0.14338338257553288,0.19663522780933781,0.21817917753402097,0.21817917753402097,0.8657903870397657,0.009999999999999787
2.429999999999992,hold,1.5,1.5279246787462508,1.527203404536746,-21.779367609919824,-8.44140380861064,0.14341221257385564,0.19364927924896097,0.21723107914713013,0.21723107914713013,0.862028091853691,0.009999999999999787
2.439999999999992,hold,1.5,1.5291539933856593,1.528373757846094,-21.764068172783915,-8.44123003948601,0.1434380461272004,0.19044395754840104,0.21621332540076832,0.21621332540076832,0.8579893865109854,0.009999999999999787
2.4499999999999917,accelerate,1.5,1.5303467292669415,1.5295575406986026,-21.74875665177902,-8.4410552868876,0.14345899806910684,0.18704776005693838,0.2151349647732791,0.2151349647732791,0.8537101776717424,0.009999999999999787
2.4599999999999915,accelerate,1.5,1.5313816647767493,1.5306520151454905,-21.73343462034972,-8.440881252935114,0.1434746144581863,0.183538355449793,0.21402065862241829,0.21402065862241829,0.8492883278667392,0.009999999999999787
2.4699999999999913,accelerate,1.5,1.5323066671859393,1.5316448063697599,-21.718103210804415,-8.44070457370991,0.14348442027558156,0.17998512435307418,0.21289243668458813,0.21289243668458813,0.8448112566848736,0.009999999999999787
2.479999999999991,accelerate,1.5,1.5331858727014667,1.5325694461687838,-21.702762877327334,-8.440520613487,0.14348643714326326,0.176426343538633,0.21176245260038676,0.21176245260038676,0.8403271928586776,0.009999999999999787
2.489999999999991,accelerate,1.5,1.5340135342725871,1.533435899031066,-21.6874140398453,-8.440340013120323,0.14348041400857453,0.17288778048257766,0.21063888805882808,0.21063888805882808,0.8358686034080479,0.009999999999999787
2.4999999999999907,accelerate,1.5,1.5345565935425152,1.5341083157379354,-21.67205970442939,-8.44016048956524,0.14347032306297308,0.16946313580634076,0.20955149488122932,0.20955149488122932,0.8315535511159894,0.009999999999999787
2.5099999999999905,accelerate,1.5,1.5349905213144717,1.534637639083857,-21.65670100686825,-8.439979149611142,0.1434566868242729,0.16620147386511763,0.20851585198165215,0.20851585198165215,0.8274438570700482,0.009999999999999787
2.5199999999999902,accelerate,1.5,1.5353993003617308,1.5350946358505813,-21.641338247581963,-8.439796667304655,0.14344136645536698,0.16310518756835465,0.207532719156704,0.207532719156704,0.823542536336127,0.009999999999999787
2.52999999999999,accelerate,1.5,1.5356351314599748,1.5354189332162174,-21.625973268799594,-8.43961291766998,0.14342809134020068,0.1602089969893749,0.20661312072406635,0.20661312072406635,0.8198933362066125,0.009999999999999787
2.53999999999999,accelerate,1.5,1.5358301604588704,1.5356656695618092,-21.61060642197891,-8.439433340695938,0.1434172777893814,0.15751210804878596,0.20575680454765055,0.20575680454765055,0.8164952561414704,0.009999999999999787
2.5499999999999896,accelerate,1.5,1.5361889213267605,1.5359796206207799,-21.59523608914175,-8.439251814345655,0.14340786104797093,0.15493697339283283,0.20493914779169228,0.20493914779169228,0.8132505864749694,0.009999999999999787
2.5599999999999894,accelerate,1.5,1.53648084651153,1.5362803561552298,-21.579863026470278,-8.43906616838073,0.1434019554062917,0.15246411481279412,0.20415396573535843,0.20415396573535843,0.8101347846641208,0.009999999999999787
2.569999999999989,accelerate,1.5,1.5367584299890078,1.5365672004554964,-21.56448732626832,-8.438880492477221,0.143399439490513,0.15007840375503392,0.20339645476029838,0.20339645476029838,0.8071287887313428,0.009999999999999787
2.579999999999989,accelerate,1.5,1.5370580446627686,1.5368617069798596,-21.54910873668,-8.43869707968442,0.14340025577540613,0.14775630351510302,0.20265914149211553,0.20265914149211553,0.8042029424290299,0.009999999999999787
2.5899999999999888,accelerate,1.5,1.5372925293043465,1.5371202003745517,-21.533727950986894,-8.438513102757748,0.1434049262818173,0.14550229740813903,0.2019434494730323,0.2019434494730323,0.8013628947342551,0.009999999999999787
2.5999999999999885,accelerate,1.5,1.537515906801876,1.5373576242309461,-21.518344955240376,-8.438331994791534,0.1434109075953557,0.14331222935677493,0.2012480590653632,0.2012480590653632,0.7986034089895365,0.009999999999999787
2.6099999999999883,accelerate,1.5,1.5379380693415732,1.5377058912973223,-21.502957711080334,-8.438149599247973,0.143415081919908,0.1411123486655558,0.2005495529482873,0.2005495529482873,0.7958315593186004,0.009999999999999787
2.619999999999988,accelerate,1.5,1.5383007235797144,1.5380627906667574,-21.487566859924925,-8.437964751917725,0.14341822880074623,0.13889756171085144,0.19984631379442958,0.19984631379442958,0.7930409277556729,0.009999999999999787
2.629999999999988,accelerate,1.5,1.538518256776028,1.53833607033232,-21.472173864805782,-8.437776649500307,0.1434203245364704,0.13671308799134474,0.1991526996990118,0.1991526996990118,0.7902884908690945,0.009999999999999787
2.6399999999999877,accelerate,1.5,1.5387365227357248,1.538576341774363,-21.456778678909448,-8.437588485288295,0.14342122464337762,0.1345686113019201,0.1984717854605857,0.1984717854605857,0.7875864502404194,0.009999999999999787
2.6499999999999875,accelerate,1.5,1.538901922760316,1.5387716903659348,-21.441381869520235,-8.43739956015343,0.14342187375320534,0.13247848406146895,0.19780812825919764,0.19780812825919764,0.7849528899174509,0.009999999999999787
2.6599999999999873,accelerate,1.5,1.5389968736997615,1.5389068003662307,-21.425984181637794,-8.437207819785954,0.14342286329886933,0.13046269658638815,0.19716807542010997,0.19716807542010997,0.7824129976988491,0.009999999999999787
2.669999999999987,accelerate,1.5,1.539080439456323,1.5390109838202861,-21.410585709791647,-8.437013871996538,0.14342396515208766,0.12852198085584027,0.19655185936134642,0.19655185936134642,0.7799676958783588,0.009999999999999787
2.679999999999987,accelerate,1.5,1.5391563022149433,1.5390981748570804,-21.395186529836966,-8.436817537050874,0.14342521124262633,0.126649684179975,0.19595736772082567,0.19595736772082567,0.7776086020667685,0.009999999999999787
2.6899999999999866,accelerate,1.5,1.5392098665902516,1.5391651898969831,-21.379786875179366,-8.436618101181118,0.1434267685784178,0.12484230656893529,0.19538348918176834,0.19538348918176834,0.7753313062768585,0.009999999999999787
2.6999999999999864,accelerate,1.5,1.539255094197887,1.5392191324775255,-21.36438683799839,-8.436414532892105,0.14342858238651868,0.12309338887023448,0.19482817283407686,0.19482817283407686,0.7731276699764955,0.009999999999999787
2.709999999999986,accelerate,1.5,1.5393148925958122,1.5392765885484976,-21.348986259316934,-8.436207311678224,0.14343047493449168,0.12138898178596111,0.1942869894966784,0.1942869894966784,0.770980117050311,0.009999999999999787
2.719999999999986,accelerate,1.5,1.5393628522657816,1.539328346778868,-21.33358525510227,-8.435996232002422,0.14343233388972215,0.11972282934545471,0.1937579527737688,0.1937579527737688,0.768880764975273,0.009999999999999787
2.7299999999999858,accelerate,1.5,1.539370159454615,1.5393534343843163,-21.318184269596898,-8.435778398273069,0.14343414396847545,0.11810118709668274,0.19324304892693872,0.19324304892693872,0.7668374957418204,0.009999999999999787
2.7399999999999856,accelerate,1.5,1.5393942825971614,1.5393779433120232,-21.30278314666524,-8.435554199043398,0.14343632917914645,0.11651528698065178,0.19273949392209658,0.19273949392209658,0.7648392615956213,0.009999999999999787
2.7499999999999853,accelerate,1.5,1.539443035506154,1.5394169986285018,-21.287381622403053,-8.435324666406883,0.14343862774411337,0.11495002669032678,0.19224249247471256,0.19224249247471256,0.7628670336298118,0.009999999999999787
2.759999999999985,accelerate,1.5,1.5394947845927527,1.5394636702070523,-21.271979677587307,-8.435089251178631,0.143440928589941,0.11339693017314274,0.1917493532685763,0.1917493532685763,0.7609101320181599,0.009999999999999787
2.769999999999985,accelerate,1.5,1.5395136953193673,1.5394936852744414,-21.256577663851253,-8.434847057330856,0.14344335051368962,0.111862149206893,0.19126202961617267,0.19126202961617267,0.7589763080006852,0.009999999999999787
2.7799999999999847,accelerate,1.5,1.5394981849170393,1.53949638506,-21.241175929796956,-8.434597857029566,0.1434457573568755,0.11035642425169823,0.19078393182839926,0.19078393182839926,0.75707909455714,0.009999999999999787
2.7899999999999845,accelerate,1.5,1.5394441313155849,1.539465032813351,-21.225774846837304,-8.434342420496359,0.14344795977828578,0.10889214304407967,0.1903189932593562,0.1903189932593562,0.7552341002355405,0.009999999999999787
2.7999999999999843,accelerate,1.5,1.53934093411667,1.5393905735953424,-21.21037491840431,-8.43407957070666,0.14344975963989234,0.107484298529926,0.18987197446922213,0.18987197446922213,0.7534602161477069,0.009999999999999787
2.809999999999984,accelerate,1.5,1.5391959780477227,1.5392738162667707,-21.19497658892144,-8.433808131823744,0.1434514120782661,0.1061447540742215,0.18944664231364683,0.18944664231364683,0.7517723901335192,0.009999999999999787
2.819999999999984,accelerate,1.5,1.5390525741970513,1.5391410710249391,-21.179579759858527,-8.433532690220765,0.1434525585856951,0.10486922050017042,0.18904163489321413,0.18904163489321413,0.7501652178302148,0.009999999999999787
2.8299999999999836,accelerate,1.5,1.5390188052436693,1.5390677115561773,-21.16418334813324,-8.433249522522228,0.14345154300463084,0.10361405345954258,0.18864309425447398,0.18864309425447398,0.7485837073590237,0.009999999999999787
2.8399999999999834,accelerate,1.5,1.5389322936263499,1.5389864607982808,-21.148787926936627,-8.4329577683548,0.14344910035926986,0.10237991500162168,0.18825123061131493,0.18825123061131493,0.7470286929020434,0.009999999999999787
2.849999999999983,accelerate,1.5,1.5387707165776547,1.538857014265905,-21.13339424308937,-8.4326586406688,0.14344563411066574,0.10118895290451804,0.1878730763262426,0.1878730763262426,0.7455280806596928,0.009999999999999787
2.859999999999983,accelerate,1.5,1.5385902568528813,1.5386969598180908,-21.118002497614793,-8.432353780058033,0.14344232651678154,0.1000498132565544,0.18751137670522117,0.18751137670522117,0.7440927647032586,0.009999999999999787
2.869999999999983,accelerate,1.5,1.5383574690784552,1.5384932653743095,-21.102613244285376,-8.432043306873334,0.1434401891891219,0.09897659934687987,0.1871706098246213,0.1871706098246213,0.7427405151770686,0.009999999999999787
2.8799999999999826,accelerate,1.5,1.538131842241294,1.5382764114945002,-21.087226392349958,-8.431727695091064,0.1434389167896425,0.09796459218721805,0.1868492773112855,0.1868492773112855,0.7414653861558949,0.009999999999999787
2.8899999999999824,accelerate,1.5,1.5379167182358215,1.538060595539293,-21.071841839020518,-8.431406792961372,0.14343852684094452,0.09700251311506299,0.18654379796429482,0.18654379796429482,0.7402531665249794,0.009999999999999787
2.899999999999982,accelerate,1.5,1.5376694843202565,1.5378259288078713,-21.056459879856828,-8.43108163103147,0.14343879594972644,0.09609197238987449,0.18625468307323295,0.18625468307323295,0.7391058852112419,0.009999999999999787
2.909999999999982,accelerate,1.5,1.537470452169063,1.5376126428245862,-21.04108002645123,-8.430751410500381,0.14343906655103403,0.09521286630912612,0.18597554931047375,0.18597554931047375,0.737998211549499,0.009999999999999787
2.9199999999999817,accelerate,1.5,1.5372421484929724,1.5373903462256178,-21.02570257089703,-8.430416586334427,0.14343953536888,0.09436522162520344,0.18570640517043463,0.18570640517043463,0.7369301792477565,0.009999999999999787
2.9299999999999815,accelerate,1.5,1.5369983523766344,1.5371551499162277,-21.01032763669076,-8.430078438855727,0.143439934575982,0.09355120348000967,0.1854479381289727,0.1854479381289727,0.7359045163848122,0.009999999999999787
2.9399999999999813,accelerate,1.5,1.5367537227585835,1.5369142936216411,-20.994955223004315,-8.42973730622476,0.14344016732726644,0.09276876103204489,0.18519949700289493,0.18519949700289493,0.7349186389003767,0.009999999999999787
2.949999999999981,accelerate,1.5,1.536481221374784,1.5366544502735269,-20.979585568767284,-8.429394956905389,0.14344004115931858,0.0920234232095627,0.18496283733750038,0.18496283733750038,0.7339795132440491,0.009999999999999787
2.959999999999981,accelerate,1.5,1.5362802614722413,1.5364299369927554,-20.96421793409185,-8.42905043011567,0.14343815416928546,0.09129068640487499,0.18473017874727593,0.18473017874727593,0.7330562648701425,0.009999999999999787
2.9699999999999807,accelerate,1.5,1.5360799017514757,1.5362199158479877,-20.948852365954856,-8.428701924379867,0.14343492977570765,0.09056184871462629,0.18449875820386816,0.18449875820386816,0.7321379293804292,0.009999999999999787
2.9799999999999804,accelerate,1.5,1.5358177418719035,1.5359786114623373,-20.933489468723298,-8.4283512317491,0.14343096217660709,0.0898543369978144,0.18427410908354602,0.18427410908354602,0.7312464646172461,0.009999999999999787
2.9899999999999802,accelerate,1.5,1.5355232664653344,1.5357054044641356,-20.918129570247192,-8.427998742531548,0.14342669451507858,0.08918264308816641,0.18406083283335462,0.18406083283335462,0.7304001302910897,0.009999999999999787
2.99999999999998,accelerate,1.5,1.5352036470452706,1.5354043500128167,-20.902772945256622,-8.427645055669762,0.1434232860771185,0.08855641426065469,0.1838619926560431,0.1838619926560431,0.7296110819684251,0.009999999999999787
3.00999999999998,accelerate,1.5,1.5348671005181107,1.535082000315993,-20.887419785622967,-8.427289781653771,0.14342131751801893,0.08798005783635626,0.18367898796419987,0.18367898796419987,0.728884872873809,0.009999999999999787
3.0199999999999796,accelerate,1.5,1.534532142972959,1.5347520859101726,-20.872070056537332,-8.426933566761285,0.14342073951679052,0.08744990290181949,0.18351065316938575,0.18351065316938575,0.7282168776562926,0.009999999999999787
3.0299999999999794,accelerate,1.5,1.5342119700290666,1.534428016381509,-20.856723600709948,-8.42657653069875,0.1434214599956993,0.08695589155065396,0.18335379468516366,0.18335379468516366,0.7275944233538241,0.009999999999999787
3.039999999999979,accelerate,1.5,1.5338938179298716,1.5341074973105266,-20.841380395850127,-8.426218319647557,0.14342327515256362,0.08649116405802651,0.18320623441170458,0.18320623441170458,0.7270088667131134,0.009999999999999787
3.049999999999979,accelerate,1.5,1.5335905214156438,1.533797311773597,-20.826040277470685,-8.425858852874931,0.1434256848099461,0.08604657884500821,0.18306506971486702,0.18306506971486702,0.7264486893447104,0.009999999999999787
3.0599999999999787,accelerate,1.5,1.5333024448719457,1.5335003916326062,-20.810703077869693,-8.425498186389547,0.1434282501442728,0.08561318176760849,0.18292745747485106,0.18292745747485106,0.7259026090271867,0.009999999999999787
3.0699999999999785,accelerate,1.5,1.5330221102563621,1.5332134228068597,-20.795368722453354,-8.425135778216001,0.1434306777947655,0.08518548968603486,0.18279165668510983,0.18279165668510983,0.725363717004404,0.009999999999999787
3.0799999999999783,accelerate,1.5,1.5327433384039086,1.532931372165089,-20.78003718420924,-8.424771665432434,0.14343259234317166,0.08476173915447525,0.18265710741632898,0.18265710741632898,0.7248297913346389,0.009999999999999787
3.089999999999978,accelerate,1.5,1.5324581479059871,1.532647437609628,-20.764708507762535,-8.424406347911663,0.14343370448158568,0.08434412411124362,0.1825245062878021,0.1825245062878021,0.7243035963801671,0.009999999999999787
3.099999999999978,accelerate,1.5,1.5321446255287567,1.532345750361105,-20.74938302059874,-8.42403796183536,0.14343406207271234,0.08394290269135066,0.18239711046255766,0.18239711046255766,0.7237980573911018,0.009999999999999787
3.1099999999999777,accelerate,1.5,1.5318325346063113,1.5320378209082288,-20.734060708269517,-8.423667079771326,0.14343398809356608,0.08356024756019736,0.1822756098053139,0.1822756098053139,0.7233159119258489,0.009999999999999787
3.1199999999999775,accelerate,1.5,1.5315204142555754,1.5317273769166366,-20.718741573905486,-8.423293711348947,0.14343351551646652,0.08319594624441895,0.18215993685152793,0.18215993685152793,0.722856892267968,0.009999999999999787
3.1299999999999772,accelerate,1.5,1.531204872568421,1.5314138743077073,-20.703425670843266,-8.422917371679153,0.14343284277474724,0.08285013744915698,0.18205013564285635,0.18205013564285635,0.7224211731859379,0.009999999999999787
3.139999999999977,accelerate,1.5,1.5308649843658062,1.5310845403425666,-20.68811323392337,-8.422538747934116,0.1434321843222004,0.08252978696414373,0.18194841795685493,0.18194841795685493,0.7220175315748212,0.009999999999999787
3.149999999999977,accelerate,1.5,1.5304990582543516,1.5307332510896376,-20.672804560418676,-8.422156100112344,0.14343146452884412,0.08224385454405214,0.18185762869482747,0.18185762869482747,0.7216572567255058,0.009999999999999787
3.1599999999999766,accelerate,1.5,1.5301230883465076,1.5303671534437595,-20.657499777608738,-8.42176899733953,0.14343119752098535,0.08199583809089622,0.18177887851062138,0.18177887851062138,0.7213447559945293,0.009999999999999787
3.1699999999999764,hold,1.5,1.529767766724792,1.530007521412379,-20.642198667124543,-8.421378026538392,0.14343143275534265,0.08177725799105377,0.18170947495731943,0.18170947495731943,0.7210693450687279,0.009999999999999787
3.179999999999976,hold,1.5,1.529426099254182,1.5296586681174609,-20.62690109271444,-8.420983025630829,0.14343201945136194,0.08157897777407434,0.1816465170228241,0.1816465170228241,0.7208195119953338,0.009999999999999787
3.189999999999976,hold,1.5,1.529080652659105,1.5293118588424472,-20.611607100608072,-8.420583761839975,0.14343300216936145,0.08139828588580086,0.1815891437344595,0.1815891437344595,0.7205918402161091,0.009999999999999787
3.1999999999999758,hold,1.5,1.5287220221061717,1.528957956800682,-20.59631683575172,-8.420179680769534,0.1434343112780454,0.0812378869556294,0.18153821386615146,0.18153821386615146,0.7203897375640931,0.009999999999999787
3.2099999999999755,hold,1.5,1.5283668721992374,1.5286033060398152,-20.58103026223881,-8.419770646085793,0.14343576934770014,0.08109660027095117,0.18149335251803245,0.18149335251803245,0.7202117163413986,0.009999999999999787
3.2199999999999753,hold,1.5,1.527997584109991,1.5282398728819206,-20.56574750788063,-8.419357098677416,0.14343727917365753,0.08097778452040347,0.18145562614091854,0.18145562614091854,0.7200620084957084,0.009999999999999787
3.229999999999975,hold,1.5,1.5276121477645501,1.5278632378114985,-20.550468762430956,-8.418937717509749,0.14343868034617477,0.08088655257246773,0.18142665817280995,0.18142665817280995,0.7199470562413093,0.009999999999999787
3.239999999999975,hold,1.5,1.5272371143177577,1.527487563715254,-20.535193919640882,-8.418512640285709,0.1434400004616101,0.0808195099909294,0.18140537081231994,0.18140537081231994,0.7198625825885712,0.009999999999999787
3.2499999999999747,hold,1.5,1.5268727778450886,1.5271186921931548,-20.519922853757862,-8.418082610894341,0.1434412261546983,0.0807708092440151,0.1813899073511597,0.1813899073511597,0.7198012196474591,0.009999999999999787
3.2599999999999745,hold,1.5,1.526513084932442,1.5267553278367272,-20.5046555008384,-8.4176480395808,0.1434420928308197,0.08073641773182033,0.1813789873582076,0.1813789873582076,0.7197578863420936,0.009999999999999787
3.2699999999999743,hold,1.5,1.5261957384458376,1.5264195742021935,-20.489391472111066,-8.417207381142607,0.14344230283314646,0.08070124542168293,0.18136781944629277,0.18136781944629277,0.7197135692313205,0.009999999999999787
3.279999999999974,hold,1.5,1.5258485365344476,1.526076951601546,-20.474131072437608,-8.416760950342317,0.14344220401998892,0.0806714736455041,0.18135836631192048,0.18135836631192048,0.7196760567933352,0.009999999999999787
3.289999999999974,hold,1.5,1.5254968288755135,1.5257288779659266,-20.45887433710312,-8.41630930685937,0.14344189292407483,0.0806513369584066,0.18135197251103327,0.18135197251103327,0.7196506845675923,0.009999999999999787
3.2999999999999736,hold,1.5,1.5251269599395725,1.525367727150114,-20.443621443761597,-8.415853035846428,0.14344171893714788,0.08064834114942683,0.18135102128176603,0.18135102128176603,0.7196469098482778,0.009999999999999787
3.3099999999999734,hold,1.5,1.5247500991841514,1.5249971503705364,-20.428372411687878,-8.415393569024697,0.14344131920010728,0.08066662898926626,0.18135682803667186,0.18135682803667186,0.7196699525264756,0.009999999999999787
3.319999999999973,hold,1.5,1.5244442790918944,1.524665427603351,-20.41312656731524,-8.414928603673976,0.14343975560968422,0.08068375088898819,0.18136226458227153,0.18136226458227153,0.7196915261201251,0.009999999999999787
3.329999999999973,hold,1.5,1.5241127288713103,1.5243338083641267,-20.3978842171704,-8.414457324090517,0.14343773193701748,0.08070220670852735,0.1813681246740916,0.1813681246740916,0.7197147804527445,0.009999999999999787
3.3399999999999728,hold,1.5,1.5237569924601737,1.523987718821755,-20.382645550460577,-8.413982028152919,0.14343557429971204,0.08073179261077865,0.18137751878977446,0.18137751878977446,0.7197520586895811,0.009999999999999787
3.3499999999999726,hold,1.5,1.5233865763149972,1.5236270333177004,-20.367410711296934,-8.413503451951632,0.14343388424969472,0.08078051404549659,0.1813929888197261,0.1813929888197261,0.7198134476973258,0.009999999999999787
3.3599999999999723,hold,1.5,1.5229724643829785,1.523234291956867,-20.352180177182536,-8.413020865948926,0.14343335607445135,0.08086421858809288,0.18141956668609127,0.18141956668609127,0.7199189154209971,0.009999999999999787
3.369999999999972,hold,1.5,1.522560211016086,1.5228298433923984,-20.336953908926365,-8.412534830746493,0.14343395208848894,0.08098492216046263,0.18145789248439012,0.18145789248439012,0.720071001922183,0.009999999999999787
3.379999999999972,hold,1.5,1.522166531633301,1.5224318563369401,-20.321731688337202,-8.412046063717515,0.14343538565860628,0.0811345991892818,0.18150541793458078,0.18150541793458078,0.7202595949784951,0.009999999999999787
3.3899999999999717,hold,1.5,1.5217795042068503,1.5220404450588862,-20.306513394926945,-8.411555758571506,0.14343713311248774,0.08130672285173739,0.18156007063988366,0.18156007063988366,0.7204764707931891,0.009999999999999787
3.3999999999999715,hold,1.5,1.5214463562876988,1.5216839917961738,-20.291298426539846,-8.411064109334355,0.14343744457312052,0.08148084116184084,0.18161535668570772,0.18161535668570772,0.7206958598639195,0.009999999999999787
3.4099999999999713,hold,1.5,1.5211841274179982,1.5213840731692685,-20.27608618859082,-8.410567820177215,0.14343665259033092,0.0816288043327447,0.18166233795173312,0.18166233795173312,0.7208822934592584,0.009999999999999787
3.419999999999971,hold,1.5,1.520913495992514,1.5211017268632157,-20.260876724241182,-8.410068895089633,0.1434350857985995,0.08174854163102119,0.18170035693868186,0.18170035693868186,0.7210331624550868,0.009999999999999787
3.429999999999971,hold,1.5,1.520646147129967,1.5208283790232664,-20.245669964897303,-8.409568855057698,0.1434328601010622,0.08184286047597272,0.18173030505833088,0.18173030505833088,0.7211520041997257,0.009999999999999787
3.4399999999999706,hold,1.5,1.5203423845087847,1.5205367823145775,-20.230466313472732,-8.409067228848428,0.1434306161702781,0.08192852113791968,0.18175750403171229,0.18175750403171229,0.7212599366337789,0.009999999999999787
3.4499999999999704,hold,1.5,1.5199815759160975,1.5202036584754897,-20.215266378176445,-8.408563366772697,0.14342885401812946,0.08203151344518718,0.18179020614911587,0.18179020614911587,0.721389706940936,0.009999999999999787
3.45999999999997,hold,1.5,1.5196138393938379,1.5198497670264985,-20.20007020167082,-8.408058057121368,0.14342753180905346,0.082161813606883,0.18183157905645753,0.18183157905645753,0.7215538851446727,0.009999999999999787
3.46999999999997,hold,1.5,1.5192369885898116,1.5194820999644865,-20.18487786481988,-8.407551510402197,0.14342661186413577,0.08232380724523064,0.18188301527650566,0.18188301527650566,0.7217579971289907,0.009999999999999787
3.47999999999997,hold,1.5,1.5188604210799206,1.519109092633747,-20.169689369556597,-8.407043348550047,0.14342597004498325,0.082516586378103,0.18194422650677528,0.18194422650677528,0.7220008988364098,0.009999999999999787
3.4899999999999696,hold,1.5,1.5184791668319844,1.5187311371526895,-20.154504775988737,-8.406533099227449,0.14342564985007827,0.0827392522183304,0.18201492736436428,0.18201492736436428,0.7222814577950963,0.009999999999999787
3.4999999999999694,hold,1.5,1.5181009820758518,1.518353044106587,-20.139324041790648,-8.406020888639341,0.14342549463716572,0.08298854671010837,0.18209408335139363,0.18209408335139363,0.7225955688547366,0.009999999999999787
3.509999999999969,hold,1.5,1.5177414513696077,1.5179860884643994,-20.124146960604286,-8.405507096191942,0.14342533716196088,0.08325583226335495,0.1821789518602605,0.1821789518602605,0.7229323486518274,0.009999999999999787
3.519999999999969,hold,1.5,1.5173884837375649,1.5176275256282987,-20.108973478346346,-8.404991379943942,0.14342525127182365,0.0835355892040153,0.18226778028405896,0.18226778028405896,0.7232848423970594,0.009999999999999787
3.5299999999999687,hold,1.5,1.5170489501882838,1.5172803803642898,-20.09380347757998,-8.404473155415399,0.143425214693006,0.08382172479339026,0.1823586340563973,0.1823586340563973,0.7236453732396718,0.009999999999999787
3.5399999999999685,hold,1.5,1.5167265690642764,1.5169480935842818,-20.07863676740578,-8.403952936594884,0.1434251683501266,0.08410744402964446,0.18244935562829273,0.18244935562829273,0.7240053794773521,0.009999999999999787
3.5499999999999683,hold,1.5,1.516411324956072,1.516626032407356,-20.063473301166336,-8.40343019969764,0.14342533024535345,0.08438968549321321,0.18253897293780508,0.18253897293780508,0.7243610037214487,0.009999999999999787
3.559999999999968,hold,1.5,1.5160964974136684,1.5163083114111435,-20.048313077966508,-8.402904897569043,0.14342571197321458,0.08466907717019037,0.18262768538307886,0.18262768538307886,0.7247130372344399,0.009999999999999787
3.569999999999968,hold,1.5,1.5157876219431827,1.5159958977303671,-20.03315603774729,-8.402376871141572,0.14342612986371336,0.08494557365110947,0.1827154785457003,0.1827154785457003,0.725061422800398,0.009999999999999787
3.5799999999999677,hold,1.5,1.5154697624936633,1.5156802165883447,-20.01800230596172,-8.401845164641573,0.1434266792092745,0.08522368896271416,0.182803785719441,0.182803785719441,0.7254118480930198,0.009999999999999787
3.5899999999999674,hold,1.5,1.515174960308372,1.515377062820361,-20.0028516513107,-8.401310036107583,0.14342755235633445,0.08549860696175075,0.18289107768249513,0.18289107768249513,0.7257582447718061,0.009999999999999787
3.5999999999999672,hold,1.5,1.5149005397226332,1.5150911489617243,-19.987703853279836,-8.400771767271825,0.1434284685464613,0.08576386583560822,0.18297530268012235,0.18297530268012235,0.7260924709528664,0.009999999999999787
3.609999999999967,hold,1.5,1.5146303108556918,1.5148146460981047,-19.972558879781758,-8.400230102048672,0.1434293992284096,0.08601836392399859,0.18305611091314805,0.18305611091314805,0.7264131385442383,0.009999999999999787
3.619999999999967,hold,1.5,1.5143406718446115,1.5145302615460088,-19.957416956893077,-8.399684307752098,0.14343049694997556,0.08627040560739546,0.18313613918846022,0.18313613918846022,0.7267307110653184,0.009999999999999787
3.6299999999999666,hold,1.5,1.5140438785251051,1.5142384317334665,-19.942278165907933,-8.399134061904288,0.14343168483310426,0.08652645607300102,0.1832174403322993,0.1832174403322993,0.7270533346519814,0.009999999999999787
3.6399999999999664,hold,1.5,1.5137512680866838,1.513946133545397,-19.927142457801796,-8.39857953287645,0.1434329172476561,0.0867880069539684,0.18330048796802406,0.18330048796802406,0.7273828887620002,0.009999999999999787
3.649999999999966,hold,1.5,1.5134345705485353,1.5136391957472801,-19.912010088291133,-8.398020456705824,0.14343436200767626,0.08706383644591706,0.1833880693483076,0.1833880693483076,0.7277304339218555,0.009999999999999787
3.659999999999966,hold,1.5,1.5131252016382049,1.513330799281835,-19.896880995302816,-8.397456496846072,0.1434360193626049,0.08735401777825816,0.18348020772495255,0.18348020772495255,0.7280960624006053,0.009999999999999787
3.6699999999999657,hold,1.5,1.512822783875225,1.513025990037869,-19.88175511466993,-8.396887362305591,0.14343773901237483,0.08765592019467996,0.18357606778021482,0.18357606778021482,0.7284764594452969,0.009999999999999787
3.6799999999999655,hold,1.5,1.5125400830673574,1.5127344458555623,-19.866632227166214,-8.396313533605671,0.14343937672192755,0.08796223633508647,0.18367332928111665,0.18367332928111665,0.728862417782209,0.009999999999999787
3.6899999999999653,hold,1.5,1.512254907482928,1.5124467228319816,-19.851512344712617,-8.395735442199841,0.14344101435888437,0.08827207994403842,0.18377171082383112,0.18377171082383112,0.7292528207294886,0.009999999999999787
3.699999999999965,hold,1.5,1.5119616425421585,1.5121556746580875,-19.836395560375742,-8.39515236211064,0.1434421925103879,0.08858853854440941,0.1838721927586209,0.1838721927586209,0.729651558565956,0.009999999999999787
3.709999999999965,hold,1.5,1.5117306444518097,1.511900656534321,-19.82128126095901,-8.3945639187853,0.14344267837921615,0.08889305039831474,0.1839688813624729,0.1839688813624729,0.7300352435018767,0.009999999999999787
3.7199999999999647,hold,1.5,1.511506938011221,1.5116644254204608,-19.806169400251143,-8.393969700906778,0.14344265650990434,0.08917973893161395,0.18405991070556607,0.18405991070556607,0.7303964710538337,0.009999999999999787
3.7299999999999645,hold,1.5,1.5112789483922382,1.5114331392035272,-19.791059986637876,-8.393370807813582,0.14344216172727764,0.08945117690636956,0.1841460976913105,0.1841460976913105,0.7307384829020257,0.009999999999999787
3.7399999999999642,hold,1.5,1.5110427494313738,1.5111989053402353,-19.775953117939228,-8.392767187777167,0.14344149228358913,0.08971361042861054,0.18422942558329244,0.18422942558329244,0.7310691491400494,0.009999999999999787
3.749999999999964,hold,1.5,1.5107802618838697,1.510947719266416,-19.760849072100125,-8.392158835683377,0.1434410180131345,0.08997954945851497,0.18431386654406767,0.18431386654406767,0.7314042323177289,0.009999999999999787
3.759999999999964,hold,1.5,1.5105059257781919,1.5106826431734817,-19.745747961300914,-8.391545958726612,0.14344073646434283,0.09025748235729349,0.18440211579808785,0.18440211579808785,0.7317544277701898,0.009999999999999787
3.7699999999999636,hold,1.5,1.5102405478297432,1.5104173859672385,-19.730649685147725,-8.390928759874306,0.14344053257160883,0.09054696277944202,0.18449403162172845,0.18449403162172845,0.7321191731020971,0.009999999999999787
3.7799999999999634,hold,1.5,1.5099662688518214,1.5101467156979882,-19.715554343249167,-8.390307042808054,0.14344048155156952,0.0908504340094391,0.18459038980667714,0.18459038980667714,0.7325015468518934,0.009999999999999787
3.789999999999963,hold,1.5,1.5096954492111643,1.5098759558058938,-19.700461895361855,-8.389680884661534,0.1434404990500842,0.09116704052582132,0.1846909187077588,0.1846909187077588,0.732900471062535,0.009999999999999787
3.799999999999963,hold,1.5,1.5094264302338145,1.5096062404626462,-19.685372253682015,-8.389051771177432,0.1434402035982773,0.09149549175692331,0.1847952085426583,0.1847952085426583,0.7333143196137234,0.009999999999999787
3.8099999999999627,hold,1.5,1.5091893446342097,1.5093561029655844,-19.670285153170656,-8.388418137977693,0.14343934149268883,0.09182483261949446,0.18489978085334188,0.18489978085334188,0.733729289100563,0.009999999999999787
3.8199999999999625,hold,1.5,1.5089356613888008,1.5091038380195143,-19.65520074470351,-8.38778064085311,0.14343818577464068,0.09215777433493981,0.1850054965068301,0.1850054965068301,0.7341487956620242,0.009999999999999787
3.8299999999999623,hold,1.5,1.5087007692717516,1.5088619967708565,-19.640118760838146,-8.387140915908395,0.14343622892326618,0.0924897859091914,0.1851109168218865,0.1851109168218865,0.7345671302455813,0.009999999999999787
3.839999999999962,hold,1.5,1.5084920891951124,1.50864005222541,-19.625039013491282,-8.386497232600174,0.14343356268641635,0.09281210152301057,0.1852132584755863,0.1852132584755863,0.7349732479189933,0.009999999999999787
3.849999999999962,hold,1.5,1.5082511442117312,1.5084067074172027,-19.609961817061237,-8.385850525156881,0.143431008944802,0.09313431312087893,0.1853155671021415,0.1853155671021415,0.7353792345323076,0.009999999999999787
3.8599999999999617,hold,1.5,1.5079821718146447,1.508151986055668,-19.59488743524045,-8.385201409632637,0.1434288520446917,0.09346951137567426,0.18542199925200412,0.18542199925200412,0.7358015843333496,0.009999999999999787
3.8699999999999615,hold,1.5,1.5076996361313377,1.5078805761010698,-19.579816019480752,-8.384549677700935,0.14342741301755296,0.09382581040283088,0.18553513131910687,0.18553513131910687,0.736250521107567,0.009999999999999787
3.8799999999999613,hold,1.5,1.5074456966701948,1.5076196484425448,-19.564747275893676,-8.383895581312398,0.14342681933095675,0.09419528188915958,0.185652445905446,0.185652445905446,0.7367160551803412,0.009999999999999787
3.889999999999961,hold,1.5,1.5072149492583296,1.5073768289320157,-19.549680912752994,-8.383240231618739,0.14342665286979003,0.09456742997725778,0.18577061036637893,0.18577061036637893,0.737184961771345,0.009999999999999787
3.899999999999961,hold,1.5,1.5070151122964088,1.5071597989506516,-19.534616626973737,-8.382583358048526,0.14342677164798323,0.09492962168524208,0.1858856134774981,0.1858856134774981,0.7376413233234052,0.009999999999999787
3.9099999999999606,hold,1.5,1.506815061272329,1.5069529563436581,-19.519554464264836,-8.381923954939733,0.14342722396809554,0.09527991725371644,0.18599683932640004,0.18599683932640004,0.7380826957396827,0.009999999999999787
3.9199999999999604,hold,1.5,1.5066227396197334,1.5067548263093031,-19.50449431109098,-8.381262686286577,0.14342772850124344,0.09561748258247026,0.18610402306958598,0.18610402306958598,0.7385080280539126,0.009999999999999787
3.92999999999996,hold,1.5,1.506427440707961,1.506558394948498,-19.489436176814948,-8.380599968961771,0.14342817334873545,0.09594534183933895,0.18620812494082692,0.18620812494082692,0.7389211307175672,0.009999999999999787
3.93999999999996,hold,1.5,1.5062335982287713,1.506363516916662,-19.474380101283423,-8.379934631554145,0.1434287211515574,0.09626598022722664,0.186309934041749,0.186309934041749,0.7393251350863056,0.009999999999999787
3.9499999999999598,hold,1.5,1.5060333870033384,1.5061654389686678,-19.45932612665371,-8.379267104512095,0.1434292744716301,0.09658391802129707,0.18641088565012226,0.18641088565012226,0.7397257367068344,0.009999999999999787
3.9599999999999596,hold,1.5,1.5058474684845593,1.5059746566782026,-19.444274106368415,-8.378597397549056,0.14342976419660708,0.09689717870917161,0.18651035218373618,0.18651035218373618,0.7401204451735562,0.009999999999999787
3.9699999999999593,hold,1.5,1.5056575891155384,1.505784416140604,-19.429224091253296,-8.377925253337342,0.14343021191763897,0.0972077433503391,0.1866089626685997,0.1866089626685997,0.7405117566214273,0.009999999999999787
3.979999999999959,hold,1.5,1.505467676378033,1.5055943722830616,-19.414176104401328,-8.377250211210178,0.14343072237413476,0.09751737761407406,0.1867072777400208,0.1867072777400208,0.7409018957937333,0.009999999999999787
3.989999999999959,hold,1.5,1.505281979255588,1.5054069364665774,-19.39913008759978,-8.37657258076242,0.14343122379099713,0.09782620258089962,0.18680533584348727,0.18680533584348727,0.7412910152519336,0.009999999999999787
3.9999999999999587,hold,1.5,1.5051189246468204,1.5052341293747231,-19.384085823325947,-8.375892206518582,0.14343179796070143,0.09812786579323608,0.18690111994666833,0.18690111994666833,0.7416711108994775,0.009999999999999787
4.009999999999959,hold,1.5,1.5049244156408674,1.5050483011344098,-19.369043655323967,-8.375208512571621,0.14343253193975394,0.09843197556604984,0.18699768088173216,0.18699768088173216,0.7420542892132228,0.010000000000000231
4.019999999999959,hold,1.5,1.5047692568518247,1.5048808745648588,-19.354003177468883,-8.374521528286454,0.14343303721090153,0.09872949849106977,0.1870921503608845,0.1870921503608845,0.742429168098748,0.009999999999999787
4.0299999999999585,hold,1.5,1.5046284193227453,1.5047294014195907,-19.33896423546367,-8.37383154212029,0.14343330978470203,0.09901438884185013,0.1871826087450643,0.1871826087450643,0.7427881299407313,0.009999999999999787
4.039999999999958,hold,1.5,1.5044710003256896,1.50457436076325,-19.32392702618464,-8.373138038374208,0.1434335314481361,0.09929214206367953,0.18727080094805953,0.18727080094805953,0.7431380990002362,0.009999999999999787
4.049999999999958,hold,1.5,1.5043083479782557,1.5044147530922534,-19.308891581438736,-8.372441546705703,0.1434337485685689,0.09956771421978351,0.1873583006190657,0.1873583006190657,0.7434853199169273,0.009999999999999787
4.059999999999958,hold,1.5,1.5041365969056895,1.504247859380315,-19.29385801447535,-8.371741585524523,0.14343392404777774,0.09984655680890794,0.18744683871796447,0.18744683871796447,0.7438366615792241,0.009999999999999787
4.069999999999958,hold,1.5,1.5039797027686805,1.5040869654133342,-19.278826175396812,-8.371038030564963,0.14343379141364093,0.10012597413688003,0.18753555930794216,0.18753555930794216,0.7441887274124689,0.009999999999999787
4.079999999999957,hold,1.5,1.5038418599675698,1.5039399021458757,-19.26379585227847,-8.370331257214549,0.1434331669602967,0.10039957808945466,0.18762243403496365,0.18762243403496365,0.7445334683927128,0.009999999999999787
4.089999999999957,hold,1.5,1.5036849332754707,1.5037869208236327,-19.248767252663168,-8.369620994320702,0.14343210966997103,0.1006727269438932,0.187709164259225,0.187709164259225,0.7448776359493054,0.009999999999999787
4.099999999999957,hold,1.5,1.5035420818425191,1.5036400174349644,-19.233740232182377,-8.368907409739846,0.14343071578543948,0.10094333089461616,0.18779508642565856,0.18779508642565856,0.7452185969272165,0.009999999999999787
4.109999999999957,hold,1.5,1.5033834146280083,1.5034860557507908,-19.218714937461694,-8.368190904902567,0.14342916092201694,0.1012167034341827,0.1878818876744217,0.1878818876744217,0.7455630463270703,0.009999999999999787
4.119999999999957,hold,1.5,1.5032276712418344,1.503331025045417,-19.20369135385804,-8.367471155861294,0.14342741463917955,0.10149394050295532,0.1879699159884984,0.1879699159884984,0.7459123650337238,0.009999999999999787
4.129999999999956,hold,1.5,1.503082181456431,1.5031817188920256,-19.188669377854144,-8.36674827815901,0.14342560800014648,0.10177229177471996,0.1880582980843091,0.1880582980843091,0.7462630876361472,0.009999999999999787
4.139999999999956,hold,1.5,1.502914762310694,1.5030215449432265,-19.173649241363712,-8.366022241602806,0.1434240864941892,0.10205839382249499,0.18814914120651863,0.18814914120651863,0.7466235762163438,0.009999999999999787
4.149999999999956,hold,1.5,1.5027481244031573,1.502857492619185,-19.158630869680316,-8.365294434915269,0.14342280742264293,0.10235389263947457,0.188242967990886,0.188242967990886,0.7469959047257381,0.009999999999999787
4.159999999999956,hold,1.5,1.5026090085242123,1.5027084021622015,-19.143614032003825,-8.364563836925615,0.14342171367117404,0.10265005263921019,0.18833700471400205,0.18833700471400205,0.747369066325405,0.009999999999999787
4.1699999999999555,hold,1.5,1.5024575407555516,1.5025578853182116,-19.128598870520797,-8.36383019833073,0.14342103513064872,0.10294854833539788,0.18843178306745556,0.18843178306745556,0.7477451709026014,0.009999999999999787
4.179999999999955,coast,1.5,1.502306190202526,1.5024068682488003,-19.11358531791106,-8.363094887774654,0.1434207476858997,0.0,0.0,0.0,0.0,0.009999999999999787
4.189999999999955,coast,1.5,1.5083306609402658,1.5059611438636797,-19.09851256067523,-8.362355437163002,0.1434281846799532,0.0,0.0,0.0,0.0,0.009999999999999787
4.199999999999955,coast,1.5,1.5118726333922434,1.5095080375808179,-19.083406035895567,-8.361612820081596,0.14344398133821634,0.0,0.0,0.0,0.0,0.009999999999999787
4.209999999999955,coast,1.5,1.5101800382225108,1.5099112379658335,-19.068318013816736,-8.360871219239522,0.14346473558096876,0.0,0.0,0.0,0.0,0.009999999999999787
4.2199999999999545,coast,1.5,1.5037333334321406,1.5062044952456177,-19.05329569339168,-8.360133105914567,0.1434870217152076,0.0,0.0,0.0,0.0,0.009999999999999787
4.229999999999954,coast,1.5,1.4934481326491174,1.4985506776877173,-19.038377172422546,-8.359396283016954,0.1435070156239151,0.0,0.0,0.0,0.0,0.009999999999999787
4.239999999999954,coast,1.5,1.4806655959079593,1.4878196286198626,-19.02358681720674,-8.358665476449866,0.14352200043966157,0.0,0.0,0.0,0.0,0.009999999999999787
4.249999999999954,coast,1.5,1.466874621547038,1.4752526243761679,-19.008934354607003,-8.357941551353957,0.14353074154335108,0.0,0.0,0.0,0.0,0.009999999999999787
4.259999999999954,coast,1.5,1.453480609200819,1.4621894152709585,-18.994415558369873,-8.357224214046967,0.14353299601729563,0.0,0.0,0.0,0.0,0.009999999999999787
4.269999999999953,coast,1.5,1.4416025504572971,1.4498372963827617,-18.980015079877575,-8.35651244720096,0.14352979236295613,0.0,0.0,0.0,0.0,0.009999999999999787
4.279999999999953,coast,1.5,1.4319750614234472,1.4391199554071732,-18.965710264145496,-8.355805058121373,0.14352250715884027,0.0,0.0,0.0,0.0,0.009999999999999787
4.289999999999953,coast,1.5,1.4248801972900118,1.4305761005368764,-18.95147566921979,-8.35510148051468,0.14351243840563804,0.0,0.0,0.0,0.0,0.009999999999999787
4.299999999999953,coast,1.5,1.420104290971968,1.4242930147979314,-18.9372880863908,-8.354401633243688,0.14350142574145805,0.0,0.0,0.0,0.0,0.009999999999999787
4.3099999999999525,coast,1.5,1.4170434255256683,1.4199432612345735,-18.92313055635452,-8.353704168256396,0.143492127030871,0.0,0.0,0.0,0.0,0.009999999999999787
4.319999999999952,coast,1.5,1.414949476070697,1.4169469901362477,-18.90899366788483,-8.353008449669229,0.14348679483578494,0.0,0.0,0.0,0.0,0.009999999999999787
4.329999999999952,coast,1.5,1.413061273613952,1.4146155602228703,-18.894875623326453,-8.352314375823234,0.14348656643048613,0.0,0.0,0.0,0.0,0.009999999999999787
4.339999999999952,coast,1.5,1.4106852475285514,1.412257372606279,-18.880781489680665,-8.351622693746167,0.14349173307897825,0.0,0.0,0.0,0.0,0.009999999999999787
4.349999999999952,coast,1.5,1.4073124570542688,1.4092904232750727,-18.866721387713067,-8.350933140244887,0.14350138930244408,0.0,0.0,0.0,0.0,0.009999999999999787
4.3599999999999515,coast,1.5,1.402762118331939,1.4053734403091924,-18.852707085391444,-8.350246318410402,0.14351269762818306,0.0,0.0,0.0,0.0,0.009999999999999787
4.369999999999951,coast,1.5,1.3969707429996645,1.4003318219234757,-18.83875087488496,-8.349563902132978,0.14352308125438357,0.0,0.0,0.0,0.0,0.009999999999999787
4.379999999999951,coast,1.5,1.3900246509484295,1.394147519338448,-18.824864270474684,-8.348885407957317,0.1435314333331873,0.0,0.0,0.0,0.0,0.009999999999999787
4.389999999999951,coast,1.5,1.382270531576887,1.3870213266815115,-18.811055257737358,-8.348210917907815,0.14353672164858663,0.0,0.0,0.0,0.0,0.009999999999999787
4.399999999999951,coast,1.5,1.3741765545150608,1.379314463381641,-18.79732709004654,-8.347541104350487,0.14353770780055086,0.0,0.0,0.0,0.0,0.009999999999999787
4.40999999999995,coast,1.5,1.3661171769994036,1.3713960915522985,-18.783679311473033,-8.346876357455077,0.14353445144944718,0.0,0.0,0.0,0.0,0.009999999999999787
4.41999999999995,coast,1.5,1.3583722284094115,1.3635817736665663,-18.770108765440707,-8.346215735989567,0.1435283557690362,0.0,0.0,0.0,0.0,0.009999999999999787
4.42999999999995,coast,1.5,1.3511734479500044,1.3561367782366291,-18.756609977982702,-8.345558810005533,0.14352121901580236,0.0,0.0,0.0,0.0,0.009999999999999787
4.43999999999995,coast,1.5,1.3446355227288445,1.3492360249319584,-18.74317638247271,-8.344904531714878,0.1435146938910566,0.0,0.0,0.0,0.0,0.009999999999999787
4.4499999999999496,coast,1.5,1.33880105638937,1.3429750438064052,-18.729800964450586,-8.344252465188331,0.14350928461915757,0.0,0.0,0.0,0.0,0.009999999999999787
4.459999999999949,coast,1.5,1.3335608942728623,1.3373265540862795,-18.71647775304195,-8.343603588384855,0.14350505254814586,0.0,0.0,0.0,0.0,0.009999999999999787
4.469999999999949,coast,1.5,1.3286292070012995,1.3321081458352917,-18.703203792049653,-8.34295654881468,0.14350289220840598,0.0,0.0,0.0,0.0,0.009999999999999787
4.479999999999949,coast,1.5,1.3238168904323164,1.3271333925935065,-18.689977999705754,-8.342310131874388,0.14350269265349833,0.0,0.0,0.0,0.0,0.009999999999999787
4.489999999999949,coast,1.5,1.31898476133569,1.3222442138388166,-18.676800513408864,-8.341666131765711,0.1435031861037036,0.0,0.0,0.0,0.0,0.009999999999999787
4.4999999999999485,coast,1.5,1.3138919961791098,1.3172328832429925,-18.663674004138038,-8.341024100078453,0.14350415202534778,0.0,0.0,0.0,0.0,0.009999999999999787
4.509999999999948,coast,1.5,1.3083958491542038,1.3119306627897194,-18.65060256938819,-8.340383486820928,0.14350584865568655,0.0,0.0,0.0,0.0,0.009999999999999787
4.519999999999948,coast,1.5,1.302477226452496,1.3062586009873853,-18.63759046320667,-8.339743990230037,0.14350843229982088,0.0,0.0,0.0,0.0,0.009999999999999787
4.529999999999948,coast,1.5,1.2962304603035482,1.300241716577083,-18.624640940707074,-8.339105714945124,0.14351120106603352,0.0,0.0,0.0,0.0,0.009999999999999787
4.539999999999948,coast,1.5,1.2897905540157237,1.2939710190402676,-18.611755872740826,-8.338469104202721,0.14351314710255048,0.0,0.0,0.0,0.0,0.009999999999999787
4.549999999999947,coast,1.5,1.2831973955720517,1.287506844959338,-18.59893675694984,-8.337834353106134,0.1435142102343397,0.0,0.0,0.0,0.0,0.009999999999999787
4.559999999999947,coast,1.5,1.2765619010917104,1.2809398786387616,-18.586184054030962,-8.337200283103378,0.14351468388790184,0.0,0.0,0.0,0.0,0.009999999999999787
4.569999999999947,coast,1.5,1.2700472945866401,1.2744043282074888,-18.573496504051054,-8.336567191050408,0.14351404234590306,0.0,0.0,0.0,0.0,0.009999999999999787
4.579999999999947,coast,1.5,1.263752879670678,1.2680134590854024,-18.560871832661284,-8.3359359221181,0.1435117569495926,0.0,0.0,0.0,0.0,0.009999999999999787
4.589999999999947,coast,1.5,1.2576328054846555,1.2617850669249542,-18.54830832287642,-8.335306042454073,0.1435085896844701,0.0,0.0,0.0,0.0,0.009999999999999787
4.599999999999946,coast,1.5,1.2516582275085357,1.255708963275103,-18.535804575248193,-8.334676868076453,0.14350571841535048,0.0,0.0,0.0,0.0,0.009999999999999787
4.609999999999946,coast,1.5,1.2458186990313893,1.2497748047288748,-18.52335927696597,-8.33404800000989,0.14350380189303885,0.0,0.0,0.0,0.0,0.009999999999999787
4.619999999999946,coast,1.5,1.2401225395049305,1.243983445594508,-18.51097097559987,-8.333419871185235,0.14350252259208568,0.0,0.0,0.0,0.0,0.009999999999999787
4.629999999999946,coast,1.5,1.2345140004164827,1.2383017784876929,-18.49863875824782,-8.332793309522023,0.1435014619208178,0.0,0.0,0.0,0.0,0.009999999999999787
4.6399999999999455,coast,1.5,1.2288764618097783,1.232646588480944,-18.486362952385697,-8.332168003650153,0.14350095307436603,0.0,0.0,0.0,0.0,0.009999999999999787
4.649999999999945,coast,1.5,1.2231354974701993,1.2269399338744973,-18.47414463562065,-8.331543591450469,0.14350160990913666,0.0,0.0,0.0,0.0,0.009999999999999787
4.659999999999945,coast,1.5,1.217274574390965,1.2211407181843779,-18.461985003439487,-8.330920416805139,0.1435037086903313,0.0,0.0,0.0,0.0,0.009999999999999787
4.669999999999945,coast,1.5,1.211316726245079,1.2152463230207986,-18.449885031988583,-8.3302981857599,0.14350674240649455,0.0,0.0,0.0,0.0,0.009999999999999787
4.679999999999945,coast,1.5,1.2053255106304825,1.209293835586609,-18.437844977537413,-8.32967790181656,0.1435094663130532,0.0,0.0,0.0,0.0,0.009999999999999787
4.689999999999944,coast,1.5,1.1992727634842593,1.2032811923251991,-18.425865422925845,-8.329059980969678,0.1435114572731915,0.0,0.0,0.0,0.0,0.009999999999999787
4.699999999999944,coast,1.5,1.193152769560511,1.1972041386663863,-18.41394706670938,-8.328443909947506,0.1435129639382743,0.0,0.0,0.0,0.0,0.009999999999999787
4.709999999999944,coast,1.5,1.1869945540651485,1.1910783879056437,-18.402090266185077,-8.327830184667596,0.14351431102367204,0.0,0.0,0.0,0.0,0.009999999999999787
4.719999999999944,coast,1.5,1.1808469101628312,1.1849395012599562,-18.39029494337655,-8.327218100613418,0.14351544386550524,0.0,0.0,0.0,0.0,0.009999999999999787
4.729999999999944,coast,1.5,1.1747904460805676,1.178850068152323,-18.378560124841695,-8.326608443446947,0.14351556541620866,0.0,0.0,0.0,0.0,0.009999999999999787
4.739999999999943,coast,1.5,1.1688245335163558,1.1728347473707428,-18.36688484306047,-8.326002228579053,0.14351428738774288,0.0,0.0,0.0,0.0,0.009999999999999787
4.749999999999943,coast,1.5,1.1628803021822987,1.1668620802576763,-18.355268931394026,-8.325398752557927,0.1435122929050148,0.0,0.0,0.0,0.0,0.009999999999999787
4.759999999999943,coast,1.5,1.1569427590548058,1.160910487535954,-18.343712339642558,-8.324798076793652,0.1435104653093132,0.0,0.0,0.0,0.0,0.009999999999999787
4.769999999999943,coast,1.5,1.1510059855118076,1.154967786321466,-18.332215074519787,-8.324200239072644,0.14350950118870937,0.0,0.0,0.0,0.0,0.009999999999999787
4.7799999999999425,coast,1.5,1.1450860004776784,1.1490387148151935,-18.320776980097598,-8.32360505161233,0.14350941153113253,0.0,0.0,0.0,0.0,0.009999999999999787
4.789999999999942,coast,1.5,1.13921773798706,1.1431461287183133,-18.30939748806059,-8.323013229353329,0.1435093637353222,0.0,0.0,0.0,0.0,0.009999999999999787
4.799999999999942,coast,1.5,1.133359924648396,1.137274406276363,-18.29807647972535,-8.322425018199864,0.14350911311838305,0.0,0.0,0.0,0.0,0.009999999999999787
4.809999999999942,coast,1.5,1.1274462351279635,1.1313775035873233,-18.286814533633237,-8.32184027790241,0.14350911013496032,0.0,0.0,0.0,0.0,0.009999999999999787
4.819999999999942,coast,1.5,1.1214766811361365,1.1254370101166113,-18.27561221480936,-8.321259056040734,0.14350971279793634,0.0,0.0,0.0,0.0,0.009999999999999787
4.8299999999999415,coast,1.5,1.1154728035857733,1.1194584861981085,-18.26446987951868,-8.320681091562736,0.14351093350019248,0.0,0.0,0.0,0.0,0.009999999999999787
4.839999999999941,coast,1.5,1.1094561044597482,1.1134570571550924,-18.25338761706321,-8.320107040008738,0.14351259302004846,0.0,0.0,0.0,0.0,0.009999999999999787
4.849999999999941,coast,1.5,1.1034265012098103,1.107438723587923,-18.242365565570132,-8.31953666319024,0.143514658497864,0.0,0.0,0.0,0.0,0.009999999999999787
4.859999999999941,coast,1.5,1.09738691316172,1.1014076373322013,-18.2314038398507,-8.31896964687483,0.1435172105615108,0.0,0.0,0.0,0.0,0.009999999999999787
4.869999999999941,coast,1.5,1.0913791586496944,1.0953905501226973,-18.220502104999973,-8.318405979647888,0.14351954353542432,0.0,0.0,0.0,0.0,0.009999999999999787
4.87999999999994,coast,1.5,1.0854672420326972,1.0894365652686973,-18.209659346871128,-8.317846174495374,0.14352030945637267,0.0,0.0,0.0,0.0,0.009999999999999787
4.88999999999994,coast,1.5,1.079562408777776,1.0835120713741444,-18.198875490360923,-8.31729036211093,0.14351955044475978,0.0,0.0,0.0,0.0,0.009999999999999787
4.89999999999994,coast,1.5,1.0736338756028485,1.0775851539113668,-18.188150804119495,-8.316738228331404,0.14351792060050705,0.0,0.0,0.0,0.0,0.009999999999999787
4.90999999999994,coast,1.5,1.0676695490695063,1.0716357910062504,-18.17748568077365,-8.316189472036907,0.14351628208975042,0.0,0.0,0.0,0.0,0.009999999999999787
4.9199999999999395,coast,1.5,1.0616803768990575,1.0656625425419346,-18.16688037046437,-8.315644382812978,0.14351542856284835,0.0,0.0,0.0,0.0,0.009999999999999787
4.929999999999939,coast,1.5,1.0556725127558677,1.0596685246702946,-18.156335079690724,-8.31510272762771,0.14351576500506277,0.0,0.0,0.0,0.0,0.009999999999999787
4.939999999999939,coast,1.5,1.0497196883028634,1.0536992228498359,-18.14584923853149,-8.314564481122897,0.14351635030044296,0.0,0.0,0.0,0.0,0.009999999999999787
4.949999999999939,coast,1.5,1.0438259388780462,1.047775252466762,-18.135422229106897,-8.314029829100654,0.14351633156022772,0.0,0.0,0.0,0.0,0.009999999999999787
4.959999999999939,coast,1.5,1.0379116546160119,1.0418570937563119,-18.12505427261507,-8.313498605181213,0.14351597332525748,0.0,0.0,0.0,0.0,0.009999999999999787
4.9699999999999385,coast,1.5,1.031960550149471,1.0359191675922075,-18.114745774641587,-8.312970274121563,0.14351568955137364,0.0,0.0,0.0,0.0,0.009999999999999787
4.979999999999938,coast,1.5,1.026005577070524,1.0299710132791975,-18.10449676658788,-8.312444940248911,0.14351537787603916,0.0,0.0,0.0,0.0,0.009999999999999787
4.989999999999938,coast,1.5,1.0200736295899173,1.0240325830656294,-18.0943069872525,-8.311923042668502,0.14351464407352174,0.0,0.0,0.0,0.0,0.009999999999999787
4.999999999999938,coast,1.5,1.0141141412584187,1.018081517981303,-18.08417673257897,-8.311404350466074,0.1435138851405545,0.0,0.0,0.0,0.0,0.009999999999999787
5.009999999999938,coast,1.5,1.008115742801572,1.0121020528734643,-18.074106419762167,-8.310888525315725,0.1435136260917853,0.0,0.0,0.0,0.0,0.009999999999999787
5.019999999999937,coast,1.5,1.0021206495024069,1.00611321085083,-18.064096036574693,-8.310375090088243,0.14351374730321828,0.0,0.0,0.0,0.0,0.009999999999999787
5.029999999999937,coast,1.5,0.9961770750935824,1.0001515293964816,-18.0541450318309,-8.309864423890481,0.14351352258635047,0.0,0.0,0.0,0.0,0.009999999999999787
5.039999999999937,coast,1.5,0.9902438049153386,0.9942068947077958,-18.044253283779728,-8.309356857676939,0.14351286793337098,0.0,0.0,0.0,0.0,0.009999999999999787
5.049999999999937,coast,1.5,0.9842849505398797,0.9882537282070462,-18.034421097656534,-8.308851660208564,0.14351232009085685,0.0,0.0,0.0,0.0,0.009999999999999787
5.0599999999999365,coast,1.5,0.9783054368617452,0.9822847533998655,-18.024648703608715,-8.308348517648744,0.14351223467020865,0.0,0.0,0.0,0.0,0.009999999999999787
5.069999999999936,coast,1.5,0.9723353970471633,0.9763151395882441,-18.01493603393739,-8.307846834821191,0.14351245724869688,0.0,0.0,0.0,0.0,0.009999999999999787
5.079999999999936,coast,1.5,0.9664120178762658,0.9703732665610572,-18.005282573610746,-8.307347249355677,0.14351226303523812,0.0,0.0,0.0,0.0,0.009999999999999787
5.089999999999936,coast,1.5,0.9605051535087228,0.9644523987296565,-17.995688130360385,-8.30685024710159,0.1435115233815931,0.0,0.0,0.0,0.0,0.009999999999999787
5.099999999999936,coast,1.5,0.9545650500206998,0.9585199895042825,-17.986153080658493,-8.306355229408775,0.14351080668455568,0.0,0.0,0.0,0.0,0.009999999999999787
5.1099999999999355,coast,1.5,0.9485944429315435,0.9525646615606391,-17.97667776492318,-8.305861742185106,0.14351066917769603,0.0,0.0,0.0,0.0,0.009999999999999787
5.119999999999935,coast,1.5,0.9426045346913922,0.946588585439091,-17.967262358037445,-8.305370229061193,0.1435113744211653,0.0,0.0,0.0,0.0,0.009999999999999787
5.129999999999935,coast,1.5,0.9366349351792529,0.9406163952831881,-17.957906675625154,-8.304880147623948,0.14351251966692175,0.0,0.0,0.0,0.0,0.009999999999999787
5.139999999999935,coast,1.5,0.9306984594082193,0.9346656337582068,-17.948610334646308,-8.304392268277393,0.14351357425327296,0.0,0.0,0.0,0.0,0.009999999999999787
5.149999999999935,coast,1.5,0.9247542738596768,0.9287188178190888,-17.93937345092348,-8.303905888141637,0.14351462608217025,0.0,0.0,0.0,0.0,0.009999999999999787
5.159999999999934,coast,1.5,0.9188099840782679,0.9227735175745962,-17.930196010937927,-8.303421253928674,0.1435155798877528,0.0,0.0,0.0,0.0,0.009999999999999787
5.169999999999934,coast,1.5,0.9128775575018785,0.9168359415309656,-17.921077864555585,-8.302938842841161,0.14351610224615496,0.0,0.0,0.0,0.0,0.009999999999999787
5.179999999999934,coast,1.5,0.9069561117557581,0.9109080436658411,-17.912018947164796,-8.302457720560088,0.14351598948522087,0.0,0.0,0.0,0.0,0.009999999999999787
5.189999999999934,coast,1.5,0.9010452363640193,0.904990359284748,-17.903019056964173,-8.301979655359993,0.1435150159176172,0.0,0.0,0.0,0.0,0.009999999999999787
5.199999999999934,coast,1.5,0.8951179764629767,0.8990669295916852,-17.894078434632792,-8.301503335530265,0.1435135269676169,0.0,0.0,0.0,0.0,0.009999999999999787
5.209999999999933,coast,1.5,0.8891667411240299,0.893126816511092,-17.885197310430208,-8.301029133307257,0.14351196735634725,0.0,0.0,0.0,0.0,0.009999999999999787
5.219999999999933,coast,1.5,0.883194244073985,0.8871672730488278,-17.876375909507388,-8.300556929861337,0.1435106335943624,0.0,0.0,0.0,0.0,0.009999999999999787
5.229999999999933,coast,1.5,0.8772406170625792,0.8812112794570786,-17.86761400402998,-8.300087357479763,0.14350925879404006,0.0,0.0,0.0,0.0,0.009999999999999787
5.239999999999933,coast,1.5,0.871303249048201,0.875266461211752,-17.85891144507088,-8.299620109848725,0.14350774438157615,0.0,0.0,0.0,0.0,0.009999999999999787
5.2499999999999325,coast,1.5,0.8653426592180306,0.8693121800155192,-17.850268447709045,-8.299155703047669,0.14350655630977366,0.0,0.0,0.0,0.0,0.009999999999999787
5.259999999999932,coast,1.5,0.8593606036513541,0.8633412341970201,-17.841685258679796,-8.298693689731282,0.14350612997739673,0.0,0.0,0.0,0.0,0.009999999999999787
5.269999999999932,coast,1.5,0.8533716914633834,0.8573595085568382,-17.833161936450022,-8.298234329326613,0.143506684609084,0.0,0.0,0.0,0.0,0.009999999999999787
5.279999999999932,coast,1.5,0.8473759704231498,0.8513693856766251,-17.824698527754855,-8.297778060492572,0.14350835950807464,0.0,0.0,0.0,0.0,0.009999999999999787
5.289999999999932,coast,1.5,0.8414095140086976,0.8453934626758686,-17.816294772150876,-8.297324013302488,0.1435105584047233,0.0,0.0,0.0,0.0,0.009999999999999787
5.299999999999931,coast,1.5,0.8355136226059622,0.8394655586339247,-17.807949862882445,-8.296873626125015,0.14351210299102427,0.0,0.0,0.0,0.0,0.009999999999999787
5.309999999999931,coast,1.5,0.8296296557629487,0.8335640169113391,-17.799663698180773,-8.296426488261805,0.14351274642738315,0.0,0.0,0.0,0.0,0.009999999999999787
5.319999999999931,coast,1.5,0.823720671490197,0.8276580096586539,-17.79143653751904,-8.295982575404278,0.14351280042323264,0.0,0.0,0.0,0.0,0.009999999999999787
5.329999999999931,coast,1.5,0.8177904430255102,0.8217374696787676,-17.783268609271534,-8.295541706483158,0.14351251902108023,0.0,0.0,0.0,0.0,0.009999999999999787
5.339999999999931,coast,1.5,0.811852556307758,0.8158065216561619,-17.77515997270401,-8.295104244405096,0.14351196905559171,0.0,0.0,0.0,0.0,0.009999999999999787
5.34999999999993,coast,1.5,0.8059158653003836,0.8098721278426949,-17.767110636989603,-8.294669761305958,0.14351106938686803,0.0,0.0,0.0,0.0,0.009999999999999787
5.35999999999993,coast,1.5,0.7999864628511485,0.8039407288477671,-17.759120467911924,-8.294239389543815,0.14350974658997603,0.0,0.0,0.0,0.0,0.009999999999999787
5.36999999999993,coast,1.5,0.7940320115465718,0.7979954984670499,-17.751189774192873,-8.29381224323007,0.1435085362883339,0.0,0.0,0.0,0.0,0.009999999999999787
5.37999999999993,coast,1.5,0.7880504367010139,0.7920284614074283,-17.743318793112472,-8.293389149087526,0.14350792412597793,0.0,0.0,0.0,0.0,0.009999999999999787
5.3899999999999295,coast,1.5,0.7820541973465649,0.7860439029709103,-17.735507710906187,-8.292969491524572,0.143508294784679,0.0,0.0,0.0,0.0,0.009999999999999787
5.399999999999929,coast,1.5,0.7760556551010732,0.780050954249008,-17.72775655336074,-8.292553274328489,0.14350985914350264,0.0,0.0,0.0,0.0,0.009999999999999787
5.409999999999929,coast,1.5,0.7700649662906155,0.7740593614739725,-17.720065230979557,-8.292140651025687,0.14351255172984687,0.0,0.0,0.0,0.0,0.009999999999999787
5.419999999999929,coast,1.5,0.7641099685051305,0.7680897256926673,-17.712433371345437,-8.291731680163178,0.1435158479519141,0.0,0.0,0.0,0.0,0.009999999999999787
5.429999999999929,coast,1.5,0.7582047694925581,0.7621587519726019,-17.704860451540775,-8.291326445926634,0.14351880214923451,0.0,0.0,0.0,0.0,0.009999999999999787
5.4399999999999284,coast,1.5,0.7523321422886906,0.7562627861622551,-17.697346142416922,-8.290924796992922,0.14352084284456817,0.0,0.0,0.0,0.0,0.009999999999999787
5.449999999999928,coast,1.5,0.7464526508138911,0.7503767049532366,-17.689890479858498,-8.290527315735712,0.1435217983357096,0.0,0.0,0.0,0.0,0.009999999999999787
5.459999999999928,coast,1.5,0.7405884011114029,0.7445037226481364,-17.68249334396178,-8.290133300460893,0.14352138042479046,0.0,0.0,0.0,0.0,0.009999999999999787
5.469999999999928,coast,1.5,0.7347106484930029,0.7386278781550564,-17.675154833635165,-8.289743544327955,0.14351978841654195,0.0,0.0,0.0,0.0,0.009999999999999787
5.479999999999928,coast,1.5,0.7287797002962862,0.7327189714397943,-17.667875532321652,-8.289357351723076,0.14351763019438707,0.0,0.0,0.0,0.0,0.009999999999999787
5.489999999999927,coast,1.5,0.7228255937381366,0.7267829448187997,-17.66065569342185,-8.288974555850393,0.14351551238662444,0.0,0.0,0.0,0.0,0.009999999999999787
5.499999999999927,coast,1.5,0.7168367632116484,0.7208152358545089,-17.653495631102707,-8.288596017565395,0.14351404826313688,0.0,0.0,0.0,0.0,0.009999999999999787
5.509999999999927,coast,1.5,0.7108359871430139,0.7148276866276119,-17.646395517592687,-8.288220915692031,0.14351374339135115,0.0,0.0,0.0,0.0,0.009999999999999787
5.519999999999927,coast,1.5,0.7048258337071157,0.7088265748753142,-17.639355449307544,-8.287849300374443,0.14351492968838808,0.0,0.0,0.0,0.0,0.009999999999999787
5.5299999999999265,coast,1.5,0.6987943337286844,0.7028072301873363,-17.632375606592824,-8.287481783751305,0.14351762930270642,0.0,0.0,0.0,0.0,0.009999999999999787
5.539999999999926,coast,1.5,0.6928199599301501,0.6968148680330246,-17.625455460450137,-8.287117335702437,0.143521363729668,0.0,0.0,0.0,0.0,0.009999999999999787
5.549999999999926,coast,1.5,0.6868993846570209,0.6908655780074224,-17.61859441344105,-8.286756708078427,0.1435252606308299,0.0,0.0,0.0,0.0,0.009999999999999787
5.559999999999926,coast,1.5,0.6809950249400782,0.684943246167016,-17.611792342339076,-8.286399023734322,0.14352895181493747,0.0,0.0,0.0,0.0,0.009999999999999787
5.569999999999926,coast,1.5,0.6751098376315906,0.6790432010457608,-17.605049033719293,-8.286044545012542,0.1435320422010594,0.0,0.0,0.0,0.0,0.009999999999999787
5.5799999999999255,coast,1.5,0.6692338340454876,0.6731575808455968,-17.59836436746962,-8.285693655767101,0.14353410487908622,0.0,0.0,0.0,0.0,0.009999999999999787
5.589999999999925,coast,1.5,0.6633639700738923,0.667281414382574,-17.591738315228927,-8.28534567214773,0.14353492568818937,0.0,0.0,0.0,0.0,0.009999999999999787
5.599999999999925,coast,1.5,0.6574770552727169,0.6613987989166598,-17.585171039133137,-8.28500089789503,0.14353480090222623,0.0,0.0,0.0,0.0,0.009999999999999787
5.609999999999925,coast,1.5,0.6515815741389518,0.655508464050035,-17.57866263152705,-8.284659408261017,0.14353421016201864,0.0,0.0,0.0,0.0,0.009999999999999787
5.619999999999925,coast,1.5,0.6456198101483436,0.6495752717090202,-17.572213773763863,-8.284321105398984,0.14353373053533786,0.0,0.0,0.0,0.0,0.009999999999999787
5.629999999999924,coast,1.5,0.6396237825019055,0.6436043781847514,-17.565824784789047,-8.28398657504741,0.14353370163463883,0.0,0.0,0.0,0.0,0.009999999999999787
5.639999999999924,coast,1.5,0.6336917209767559,0.6376567838599541,-17.55949502532514,-8.283655340323822,0.14353300145549938,0.0,0.0,0.0,0.0,0.009999999999999787
5.649999999999924,coast,1.5,0.6278839866288779,0.6317931055213084,-17.55322331205371,-8.28332555479197,0.14352988252659024,0.0,0.0,0.0,0.0,0.009999999999999787
5.659999999999924,coast,1.5,0.6220554647025289,0.6259505210300407,-17.54700975338909,-8.282999245170819,0.1435245938138205,0.0,0.0,0.0,0.0,0.009999999999999787
5.6699999999999235,coast,1.5,0.6161713639414002,0.6200830267768564,-17.54085495035009,-8.282676010453264,0.1435181517877036,0.0,0.0,0.0,0.0,0.009999999999999787
5.679999999999923,coast,1.5,0.6102128977801292,0.61416094937882,-17.534759706837704,-8.282355239811206,0.14351180251655088,0.0,0.0,0.0,0.0,0.009999999999999787
5.689999999999923,coast,1.5,0.6042185514705257,0.6081955106338435,-17.528724357276023,-8.282037838655935,0.1435066901260019,0.0,0.0,0.0,0.0,0.009999999999999787
5.699999999999923,coast,1.5,0.5981889249414873,0.6021915592184298,-17.52274930527194,-8.281723151539026,0.14350364800146703,0.0,0.0,0.0,0.0,0.009999999999999787
5.709999999999923,coast,1.5,0.5921434196556595,0.5961626754807676,-17.516834674298963,-8.281411979327782,0.14350311122099443,0.0,0.0,0.0,0.0,0.009999999999999787
5.7199999999999225,coast,1.5,0.5860923369811195,0.5901204723809788,-17.510980551467892,-8.28110371294795,0.14350513129691295,0.0,0.0,0.0,0.0,0.009999999999999787
5.729999999999922,coast,1.5,0.5800801872323161,0.5840963012917811,-17.505186546021672,-8.280798168064452,0.1435092872628073,0.0,0.0,0.0,0.0,0.009999999999999787
5.739999999999922,coast,1.5,0.5741176389762365,0.5781091039024544,-17.49945215510041,-8.280495167217657,0.14351489706282164,0.0,0.0,0.0,0.0,0.009999999999999787
5.749999999999922,coast,1.5,0.5681852684042157,0.5721548026035111,-17.49377704263952,-8.280195040967152,0.14352120716919453,0.0,0.0,0.0,0.0,0.009999999999999787
5.759999999999922,coast,1.5,0.5622949679618144,0.5662389018184931,-17.48816076296726,-8.279897897400412,0.1435273292872113,0.0,0.0,0.0,0.0,0.009999999999999787
5.769999999999921,coast,1.5,0.556434430917905,0.5603562192781403,-17.482603017916283,-8.279603475773076,0.1435325743195051,0.0,0.0,0.0,0.0,0.009999999999999787
5.779999999999921,coast,1.5,0.5505828228123015,0.554492181398637,-17.47710369375823,-8.279312040386001,0.14353640177192334,0.0,0.0,0.0,0.0,0.009999999999999787
5.789999999999921,coast,1.5,0.5447227400650125,0.5486305165984623,-17.471662884959905,-8.279023333838166,0.1435385565066003,0.0,0.0,0.0,0.0,0.009999999999999787
5.799999999999921,coast,1.5,0.5388567381325117,0.5427662495188919,-17.466280639788828,-8.278737556745728,0.14353895541337786,0.0,0.0,0.0,0.0,0.009999999999999787
5.809999999999921,coast,1.5,0.5329816671962587,0.536895500125312,-17.460957064956823,-8.278454523680967,0.14353783580335688,0.0,0.0,0.0,0.0,0.009999999999999787
5.81999999999992,coast,1.5,0.5270657890211865,0.5309976734628368,-17.455692558926227,-8.27817465213717,0.14353572311472615,0.0,0.0,0.0,0.0,0.009999999999999787
5.82999999999992,coast,1.5,0.5211306842522649,0.5250774799364937,-17.45048732944636,-8.277897807906163,0.1435329853716046,0.0,0.0,0.0,0.0,0.009999999999999787
5.83999999999992,coast,1.5,0.5151949425552544,0.5191479575077501,-17.445341378028964,-8.277624149162552,0.1435297857448448,0.0,0.0,0.0,0.0,0.009999999999999787
5.84999999999992,coast,1.5,0.5093122126998171,0.5132465106229902,-17.440254165143976,-8.27735361586756,0.1435255612850746,0.0,0.0,0.0,0.0,0.009999999999999787
5.8599999999999195,coast,1.5,0.5034024703641607,0.5073400864676925,-17.435225973922904,-8.277086248446327,0.14352098884141834,0.0,0.0,0.0,0.0,0.009999999999999787
5.869999999999919,coast,1.5,0.49743921862612983,0.5013995657627548,-17.4302573515574,-8.276822142663935,0.14351683724754616,0.0,0.0,0.0,0.0,0.009999999999999787
5.879999999999919,coast,1.5,0.4914780919926182,0.49544668150067284,-17.425348286233746,-8.276561361953872,0.1435137441261035,0.0,0.0,0.0,0.0,0.009999999999999787
5.889999999999919,coast,1.5,0.4854914118283435,0.48947351969727526,-17.420499006349225,-8.276304564338963,0.143512093152753,0.0,0.0,0.0,0.0,0.009999999999999787
5.899999999999919,coast,1.5,0.4794890402757858,0.4834828320443816,-17.415709756099567,-8.276050161011419,0.14351206842314318,0.0,0.0,0.0,0.0,0.009999999999999787
5.909999999999918,coast,1.5,0.4735212842902973,0.477505903391931,-17.410980139404494,-8.275798951154973,0.14351337375913412,0.0,0.0,0.0,0.0,0.009999999999999787
5.919999999999918,coast,1.5,0.4675943065959389,0.47155894531433573,-17.40630973205538,-8.275551013570603,0.14351548776311998,0.0,0.0,0.0,0.0,0.009999999999999787
5.929999999999918,coast,1.5,0.4616612093307674,0.4656203037241947,-17.401698574518985,-8.275306612123735,0.1435180930901196,0.0,0.0,0.0,0.0,0.009999999999999787
5.939999999999918,coast,1.5,0.4557470080365114,0.45969632631158475,-17.397146465466875,-8.275065742105536,0.14352060331524172,0.0,0.0,0.0,0.0,0.009999999999999787
5.949999999999918,coast,1.5,0.4498844959565904,0.45380922809858815,-17.392652875375397,-8.274828231519123,0.14352200840371623,0.0,0.0,0.0,0.0,0.009999999999999787
5.959999999999917,coast,1.5,0.4440509281476548,0.4479542481280281,-17.388217527069063,-8.274593627403105,0.14352173522026662,0.0,0.0,0.0,0.0,0.009999999999999787
5.969999999999917,coast,1.5,0.43818983301214187,0.4420955990584964,-17.383840680332497,-8.274362374825522,0.14352009336826535,0.0,0.0,0.0,0.0,0.009999999999999787
5.979999999999917,coast,1.5,0.4322900193376445,0.4362122512259852,-17.379522729488095,-8.27413457839279,0.14351762103404925,0.0,0.0,0.0,0.0,0.009999999999999787
5.989999999999917,coast,1.5,0.42635380820046415,0.4302971854106726,-17.375264050666093,-8.273910274101768,0.1435149492411128,0.0,0.0,0.0,0.0,0.009999999999999787
5.9999999999999165,coast,1.5,0.4203908362800339,0.4243533759322894,-17.371064924030122,-8.273689469419551,0.14351268877706447,0.0,0.0,0.0,0.0,0.009999999999999787
6.009999999999916,coast,1.5,0.41440953865874813,0.4183870735681646,-17.36692554332719,-8.273472144335512,0.14351130624212177,0.0,0.0,0.0,0.0,0.009999999999999787
6.019999999999916,coast,1.5,0.40842134739145913,0.41240763786214135,-17.362845984701387,-8.273258262532867,0.14351108649592048,0.0,0.0,0.0,0.0,0.009999999999999787
6.029999999999916,coast,1.5,0.4024415544048799,0.40642798778778444,-17.35882616783858,-8.273047772420593,0.1435121188009851,0.0,0.0,0.0,0.0,0.009999999999999787
6.039999999999916,coast,1.5,0.396476588628046,0.40045714829194134,-17.354865944725507,-8.272840610741413,0.1435142981669843,0.0,0.0,0.0,0.0,0.009999999999999787
6.0499999999999154,coast,1.5,0.39053496079802846,0.3945038357955936,-17.350965081873312,-8.272636653570887,0.1435173465898751,0.0,0.0,0.0,0.0,0.009999999999999787
6.059999999999915,coast,1.5,0.3846275231115245,0.3885780481851521,-17.347123229695082,-8.272435803547092,0.14352068927828363,0.0,0.0,0.0,0.0,0.009999999999999787
6.069999999999915,coast,1.5,0.3787585931126311,0.3826863751416395,-17.34333998412921,-8.272238135220624,0.1435236332760303,0.0,0.0,0.0,0.0,0.009999999999999787
6.079999999999915,coast,1.5,0.37290022488473734,0.37681468498749826,-17.339615239079215,-8.27204352300989,0.14352582436522793,0.0,0.0,0.0,0.0,0.009999999999999787
6.089999999999915,coast,1.5,0.367044671903877,0.3709526771373255,-17.335948970490605,-8.271851801682436,0.1435270144539803,0.0,0.0,0.0,0.0,0.009999999999999787
6.099999999999914,coast,1.5,0.3611932760209567,0.36509703646750424,-17.332341131188812,-8.271662997704695,0.14352697467698255,0.0,0.0,0.0,0.0,0.009999999999999787
6.109999999999914,coast,1.5,0.3553280303830991,0.3592356328168612,-17.328791866443776,-8.27147703306196,0.1435257866542338,0.0,0.0,0.0,0.0,0.009999999999999787
6.119999999999914,coast,1.5,0.3494449543091975,0.35336122571226297,-17.325301364808997,-8.271293799497707,0.14352362547647937,0.0,0.0,0.0,0.0,0.009999999999999787
6.129999999999914,coast,1.5,0.3435493239868348,0.3474740846770061,-17.32186975342309,-8.271113351108083,0.1435206759960146,0.0,0.0,0.0,0.0,0.009999999999999787
6.1399999999999135,coast,1.5,0.33762942259554174,0.3415672874281275,-17.31849728791679,-8.27093563103735,0.14351738151883592,0.0,0.0,0.0,0.0,0.009999999999999787
6.149999999999913,coast,1.5,0.33169522635557935,0.3356440507845986,-17.315184138244895,-8.270760277951313,0.14351410963440375,0.0,0.0,0.0,0.0,0.009999999999999787
6.159999999999913,coast,1.5,0.3257858206506892,0.329729112704253,-17.311930042654613,-8.27058744538773,0.14351061697172388,0.0,0.0,0.0,0.0,0.009999999999999787
6.169999999999913,coast,1.5,0.3198857450616715,0.3238230921187041,-17.30873488273796,-8.27041759858717,0.1435068887871369,0.0,0.0,0.0,0.0,0.009999999999999787
6.179999999999913,coast,1.5,0.31396983780339605,0.3179111395295192,-17.305598848978644,-8.270250348727226,0.1435034613988686,0.0,0.0,0.0,0.0,0.009999999999999787
6.1899999999999125,coast,1.5,0.30803763914713467,0.3119870393000885,-17.30252211743943,-8.270085640992452,0.14350081886749932,0.0,0.0,0.0,0.0,0.009999999999999787
6.199999999999912,coast,1.5,0.30209728609209385,0.3060531873752917,-17.299504775225902,-8.26992350284249,0.14349930644165207,0.0,0.0,0.0,0.0,0.009999999999999787
6.209999999999912,coast,1.5,0.2961582369350382,0.30011621711113956,-17.29654681019326,-8.269763976357474,0.14349909552880552,0.0,0.0,0.0,0.0,0.009999999999999787
6.219999999999912,coast,1.5,0.29022981014160965,0.2941843729294216,-17.293648112384183,-8.269607113000047,0.1435001680030699,0.0,0.0,0.0,0.0,0.009999999999999787
6.229999999999912,coast,1.5,0.28431614616893897,0.28826343687313205,-17.29080852595243,-8.269452981083072,0.14350233410145774,0.0,0.0,0.0,0.0,0.009999999999999787
6.239999999999911,coast,1.5,0.27842188312175303,0.28235850462230466,-17.28802784505195,-8.269301661356906,0.14350526103888067,0.0,0.0,0.0,0.0,0.009999999999999787
6.249999999999911,coast,1.5,0.2725537023545068,0.276475623261626,-17.285305796256612,-8.269153227288317,0.14350856107989013,0.0,0.0,0.0,0.0,0.009999999999999787
6.259999999999911,coast,1.5,0.2667024207121018,0.2706117017319115,-17.28264219831101,-8.269007755300612,0.1435118563540569,0.0,0.0,0.0,0.0,0.009999999999999787
6.269999999999911,coast,1.5,0.2608690884720175,0.26476613377597513,-17.280036861621408,-8.268865304521366,0.14351482427979925,0.0,0.0,0.0,0.0,0.009999999999999787
6.2799999999999105,coast,1.5,0.2550512882922897,0.25893722648576384,-17.27748962511857,-8.26872585316723,0.14351713794916848,0.0,0.0,0.0,0.0,0.009999999999999787
6.28999999999991,coast,1.5,0.24926130480805433,0.2531316734791381,-17.275000195566257,-8.268589508458405,0.14351835866358237,0.0,0.0,0.0,0.0,0.009999999999999787
6.29999999999991,coast,1.5,0.24348188242035454,0.24734179884386798,-17.27256845605385,-8.268456414575265,0.1435182996346502,0.0,0.0,0.0,0.0,0.009999999999999787
6.30999999999991,coast,1.5,0.23769789723283008,0.24155545787724525,-17.27019445853737,-8.268326548009803,0.14351717507455003,0.0,0.0,0.0,0.0,0.009999999999999787
6.31999999999991,coast,1.5,0.2319084309656314,0.23576724173027694,-17.26787826690336,-8.268199902779575,0.1435153805547111,0.0,0.0,0.0,0.0,0.009999999999999787
6.3299999999999095,coast,1.5,0.2261076324843348,0.22997147618271166,-17.265620003414163,-8.268076496156676,0.14351336791007413,0.0,0.0,0.0,0.0,0.009999999999999787
6.339999999999909,coast,1.5,0.2203057794795921,0.2241720581608399,-17.263419686441406,-8.267956345054033,0.1435115521484486,0.0,0.0,0.0,0.0,0.009999999999999787
6.349999999999909,coast,1.5,0.21450936323961975,0.21837444120810778,-17.261277267517663,-8.26783946860365,0.14351027332007052,0.0,0.0,0.0,0.0,0.009999999999999787
6.359999999999909,coast,1.5,0.2087316400518342,0.2125887605143436,-17.259192563242816,-8.2677258771708,0.14350975033215604,0.0,0.0,0.0,0.0,0.009999999999999787
6.369999999999909,coast,1.5,0.20297994176539816,0.20682346926497636,-17.257165313878872,-8.267615580291363,0.14351006164022947,0.0,0.0,0.0,0.0,0.009999999999999787
6.379999999999908,coast,1.5,0.19726096954663994,0.2010859694339745,-17.25519519722298,-8.267508447519601,0.1435111495881645,0.0,0.0,0.0,0.0,0.009999999999999787
6.389999999999908,coast,1.5,0.19159777635478994,0.19539305358646375,-17.253281653488237,-8.267404270394843,0.14351243085096968,0.0,0.0,0.0,0.0,0.009999999999999787
6.399999999999908,coast,1.5,0.1860289466666432,0.18977458943457143,-17.251423705492876,-8.267303163191018,0.1435126488017992,0.0,0.0,0.0,0.0,0.009999999999999787
6.409999999999908,coast,1.5,0.180523077640035,0.18422368235784958,-17.249620683815664,-8.267205600075128,0.14351112111114006,0.0,0.0,0.0,0.0,0.009999999999999787
6.419999999999908,coast,1.5,0.17502754082191602,0.17870599743628945,-17.247872518009487,-8.2671110911887,0.14350814297613693,0.0,0.0,0.0,0.0,0.009999999999999787
6.429999999999907,coast,1.5,0.16953050838695263,0.17320070400668736,-17.246179241451966,-8.267019516015477,0.14350426364297927,0.0,0.0,0.0,0.0,0.009999999999999787
6.439999999999907,coast,1.5,0.16403190493083794,0.1676994245611777,-17.244540886852295,-8.266930817769975,0.1435001468993061,0.0,0.0,0.0,0.0,0.009999999999999787
6.449999999999907,coast,1.5,0.1585479889906786,0.16220856321887822,-17.242957320938498,-8.266844982649372,0.1434964371861113,0.0,0.0,0.0,0.0,0.009999999999999787
6.459999999999907,coast,1.5,0.1530928116678891,0.15673911228828474,-17.241428266144155,-8.266762007370287,0.143493649501103,0.0,0.0,0.0,0.0,0.009999999999999787
6.4699999999999065,coast,1.5,0.14768390586553476,0.15130598843463477,-17.239953264631314,-8.26668189400105,0.14349209336822302,0.0,0.0,0.0,0.0,0.009999999999999787
6.479999999999906,coast,1.5,0.1423366381450396,0.14592437826087767,-17.238531700381607,-8.266604641475709,0.143491861300962,0.0,0.0,0.0,0.0,0.009999999999999787
6.489999999999906,coast,1.5,0.137075910607281,0.14061529766871966,-17.237162704415397,-8.266530240947684,0.14349284727819742,0.0,0.0,0.0,0.0,0.009999999999999787
6.499999999999906,coast,1.5,0.13190376318992617,0.13538837698144357,-17.235845384879102,-8.266458672862218,0.14349478807761068,0.0,0.0,0.0,0.0,0.009999999999999787
6.509999999999906,coast,1.5,0.12683144719678724,0.13025421911064977,-17.234578735964433,-8.266389907607616,0.14349732234561485,0.0,0.0,0.0,0.0,0.009999999999999787
6.519999999999905,coast,1.5,0.12185711137975928,0.12521595447211548,-17.233361770503528,-8.26632390522133,0.14350005666083368,0.0,0.0,0.0,0.0,0.009999999999999787
6.529999999999905,coast,1.5,0.1169808700442139,0.12027490381537453,-17.23219350098853,-8.266260624084413,0.14350262512434303,0.0,0.0,0.0,0.0,0.009999999999999787
6.539999999999905,coast,1.5,0.11219649731475705,0.11542785991500404,-17.231073003962784,-8.26620002234828,0.14350473956350845,0.0,0.0,0.0,0.0,0.009999999999999787
6.549999999999905,coast,1.5,0.10750515684314955,0.11067423807189133,-17.22999934695368,-8.266142049318848,0.14350621777930508,0.0,0.0,0.0,0.0,0.009999999999999787
6.559999999999905,coast,1.5,0.10290800576095524,0.10601449868532968,-17.228971588748582,-8.266086643936491,0.14350699454917565,0.0,0.0,0.0,0.0,0.009999999999999787
6.569999999999904,coast,1.5,0.0984009761821326,0.10144638518341142,-17.22798883031232,-8.266033757148417,0.14350711445202688,0.0,0.0,0.0,0.0,0.009999999999999787
6.579999999999904,coast,1.5,0.09399218276290389,0.0969738637311069,-17.227050093834276,-8.265983322127916,0.14350670948501698,0.0,0.0,0.0,0.0,0.009999999999999787
6.589999999999904,coast,1.5,0.08968704375258303,0.09260177174399259,-17.22615434794283,-8.265935275482118,0.14350596755127848,0.0,0.0,0.0,0.0,0.009999999999999787
6.599999999999904,coast,1.5,0.08548539415080897,0.0883319451880824,-17.225300563215512,-8.26588955241115,0.1435050979771741,0.0,0.0,0.0,0.0,0.009999999999999787
6.6099999999999035,coast,1.5,0.0814016465155887,0.08417376598458617,-17.22448756604049,-8.265846077672277,0.14350429871045284,0.0,0.0,0.0,0.0,0.009999999999999787
6.619999999999903,coast,1.5,0.0774361056400936,0.08013116977789063,-17.223714178365256,-8.26580478628513,0.14350372940997294,0.0,0.0,0.0,0.0,0.009999999999999787
6.629999999999903,coast,1.5,0.07359690802390034,0.07621061272549645,-17.22297914030171,-8.265765599116083,0.1435034941134366,0.0,0.0,0.0,0.0,0.009999999999999787
6.639999999999903,coast,1.5,0.069885193380454,0.07241536111847098,-17.222281178995253,-8.265728444799615,0.14350363492674947,0.0,0.0,0.0,0.0,0.009999999999999787
6.649999999999903,coast,1.5,0.06630632378133833,0.0687499387161914,-17.221618967184742,-8.26569324600096,0.14350413481638838,0.0,0.0,0.0,0.0,0.009999999999999787
6.659999999999902,coast,1.5,0.06285593892240689,0.06521353883992069,-17.220991220566297,-8.26565992479265,0.14350492977126456,0.0,0.0,0.0,0.0,0.009999999999999787
6.669999999999902,coast,1.5,0.05953997073716075,0.06180939797826472,-17.220396594582716,-8.265628410621431,0.1435059240694693,0.0,0.0,0.0,0.0,0.009999999999999787
6.679999999999902,coast,1.5,0.056347764388232816,0.05853241782424558,-17.219833851355737,-8.265598631871395,0.14350700987914838,0.0,0.0,0.0,0.0,0.009999999999999787
6.689999999999902,coast,1.5,0.05328784148437324,0.05538567202032217,-17.21930166807908,-8.26557051207224,0.14350808293916748,0.0,0.0,0.0,0.0,0.009999999999999787
6.699999999999902,coast,1.5,0.050354208657630635,0.052366794002707245,-17.218798782270405,-8.265543976635993,0.14350905805782896,0.0,0.0,0.0,0.0,0.009999999999999787
6.709999999999901,coast,1.5,0.04754583091647745,0.04947421615096936,-17.218323941931807,-8.265518958215685,0.14350987776970794,0.0,0.0,0.0,0.0,0.009999999999999787
6.719999999999901,coast,1.5,0.04486107570149665,0.046706331881285736,-17.217875912378855,-8.265495381607268,0.14351051707690707,0.0,0.0,0.0,0.0,0.009999999999999787
6.729999999999901,coast,1.5,0.042296153184484715,0.044060224663205125,-17.217453496836864,-8.265473181537702,0.143510981786894,0.0,0.0,0.0,0.0,0.009999999999999787
6.739999999999901,coast,1.5,0.03985384059670522,0.041536394223305184,-17.217055471094064,-8.26545229234003,0.14351130202075835,0.0,0.0,0.0,0.0,0.009999999999999787
6.7499999999999005,coast,1.5,0.037528458178515606,0.03913163259643143,-17.216680667918574,-8.265432650949071,0.1435115250850919,0.0,0.0,0.0,0.0,0.009999999999999787
6.7599999999999,coast,1.5,0.035321137215565394,0.03684533536791181,-17.216327909144386,-8.26541418812301,0.14351170435880028,0.0,0.0,0.0,0.0,0.009999999999999787
6.7699999999999,coast,1.5,0.033219692043975804,0.03466994937355021,-17.215996138177864,-8.265396843074166,0.1435118930361798,0.0,0.0,0.0,0.0,0.009999999999999787
6.7799999999999,coast,1.5,0.031231942200631486,0.032607145069798976,-17.21568421999594,-8.265380554009363,0.14351213270182547,0.0,0.0,0.0,0.0,0.009999999999999787
