t,phase,target,v_raw,v_filtered,x,y,z,u,torque_L,torque_R,u_motor,dt
0.0,accelerate,2.5,0.0,0.0,-24.0,-8.45,0.14903219044208527,0.0,0.0,0.0,0.0,0.0
0.01,accelerate,2.5,-0.011288284041043675,-0.0067729704246262045,-24.0001095795292,-8.449792255083185,0.14713729341776813,0.027876460822824984,0.1645948938404634,0.1645948938404634,0.6531543406367596,0.01
0.02,accelerate,2.5,-0.015240274298001904,-0.011853352748651624,-24.000250996775737,-8.44932216280593,0.14488949701647588,0.06491221414475899,0.1763544862352439,0.1763544862352439,0.6998193898223964,0.01
0.03,accelerate,2.5,-0.01655745622074248,-0.01467581483190614,-24.000396382520226,-8.449277988614366,0.1426712237086694,0.11044782611852447,0.19081295374915389,0.19081295374915389,0.7571942609093408,0.009999999999999998
0.04,accelerate,2.5,-0.011404700983143876,-0.012713146522648782,-24.000485069520145,-8.449398261359878,0.14082032790250804,0.16532361253916622,0.2082371134534361,0.2082371134534361,0.8263377517993495,0.010000000000000002
0.05,accelerate,2.5,-0.0020852411450181974,-0.006336403296070432,-24.000482868416963,-8.449461319994914,0.13955617540998905,0.2300468072762405,0.2287880222463519,0.2287880222463519,0.907888977168063,0.010000000000000002
0.060000000000000005,accelerate,2.5,0.009709853628135773,0.0032913508584532913,-24.000372770186353,-8.449498681330578,0.13897722230185786,0.2939615978369834,0.24908224654519898,0.24908224654519898,0.9884216132745991,0.010000000000000002
0.07,accelerate,2.5,0.022611908952656815,0.014883685714975404,-24.00014889940345,-8.449526513709309,0.13906652072108364,0.3563684916813292,0.2688976834786557,0.2688976834786557,1.067054299518475,0.010000000000000002
0.08,accelerate,2.5,0.035439839805612314,0.02721737816935755,-23.99981314027364,-8.449543041977396,0.13971262395173117,0.4170912954937066,0.2881783881451617,0.2881783881451617,1.1435650323220703,0.009999999999999995
0.09,accelerate,2.5,0.04748876053136464,0.0393802075865618,-23.99937036538199,-8.449538957547018,0.14074035779345428,0.4764719031582187,0.30703291869079763,0.30703291869079763,1.2183845979793557,0.009999999999999995
0.09999999999999999,accelerate,2.5,0.05857266294032601,0.05089568079882032,-23.998824398892378,-8.449535836696999,0.14194443968750825,0.5350399496681641,0.3256294448186355,0.3256294448186355,1.292180336581887,0.009999999999999995
0.10999999999999999,accelerate,2.5,0.07294682166144557,0.06412636531639547,-23.998131608126172,-8.449543373810071,0.1430366835184893,0.591959700893626,0.3437026042277442,0.3437026042277442,1.363899223125969,0.009999999999999995
0.11999999999999998,accelerate,2.5,0.08502904119083675,0.07666797084106024,-23.9973083120004,-8.449541879578721,0.14385096722568907,0.6478368583610852,0.36144471926681176,0.36144471926681176,1.4343044415349673,0.009999999999999995
0.12999999999999998,accelerate,2.5,0.09092528452365617,0.08522235905061779,-23.996415996612466,-8.449537452586458,0.14437017887348236,0.7049253108470518,0.3795714447001559,0.3795714447001559,1.5062358916672853,0.009999999999999995
0.13999999999999999,accelerate,2.5,0.09395013826936867,0.09045902658186832,-23.995483774970786,-8.44954178251333,0.14459952139457338,0.7646978991932518,0.39855043695184134,0.39855043695184134,1.5815493529834974,0.010000000000000009
0.15,accelerate,2.5,0.09701116459208929,0.09439030938800089,-23.994511618926715,-8.449537921376715,0.14455901600398988,0.8272795203828578,0.41842135331196495,0.41842135331196495,1.6604021956824007,0.010000000000000009
0.16,accelerate,2.5,0.10156911531706998,0.09869759294544234,-23.993485273633247,-8.449535500772136,0.14429343566899072,0.8918796884655954,0.43893319868159586,0.43893319868159586,1.7417984074666502,0.010000000000000009
0.17,accelerate,2.5,0.13883292615214582,0.12277879286946443,-23.99205892216997,-8.449609007116795,0.14322127230062695,0.9474854978218156,0.45658915526838295,0.45658915526838295,1.811861727255488,0.010000000000000009
0.18000000000000002,accelerate,2.5,0.13429650953591915,0.12968942286933727,-23.990682864083347,-8.449555632856844,0.14227372903764593,1.0,0.47326356,0.47326356,1.87803,0.010000000000000009
0.19000000000000003,accelerate,2.5,0.1317422836853199,0.13092113935892685,-23.989339208512114,-8.449533481204437,0.14156265244787686,1.0,0.47326356,0.47326356,1.87803,0.010000000000000009
0.20000000000000004,accelerate,2.5,0.1324595912051728,0.13184421046667444,-23.98799781799307,-8.449521896473522,0.14115665283159654,1.0,0.47326356,0.47326356,1.87803,0.010000000000000009
0.21000000000000005,accelerate,2.5,0.13869035246959785,0.1359518956684285,-23.986605906574102,-8.44951552148076,0.14106970246310616,1.0,0.47326356,0.47326356,1.87803,0.010000000000000009
0.22000000000000006,accelerate,2.5,0.15109764472947607,0.14503934510505706,-23.985101597559566,-8.449515496539735,0.1412474018411915,1.0,0.47326356,0.47326356,1.87803,0.010000000000000009
0.23000000000000007,accelerate,2.5,0.1704014626803725,0.16025661565024635,-23.98341074565842,-8.449512486420437,0.14155536536522154,1.0,0.47326356,0.47326356,1.87803,0.010000000000000009
0.24000000000000007,accelerate,2.5,0.18745845363913544,0.17657771844357978,-23.981555519987513,-8.449508197170644,0.14198203431597478,1.0,0.47326356,0.47326356,1.87803,0.010000000000000009
0.25000000000000006,accelerate,2.5,0.22361310799599737,0.20479895217503036,-23.979320096275664,-8.449599530905878,0.14205114233005614,1.0,0.47326356,0.47326356,1.87803,0.009999999999999981
0.26000000000000006,accelerate,2.5,0.24802894418473562,0.23073694738085354,-23.976829318960366,-8.44958881756095,0.141858697409218,1.0,0.47326356,0.47326356,1.87803,0.010000000000000009
0.2700000000000001,accelerate,2.5,0.2438725874258706,0.23861833140786376,-23.974388835145156,-8.44949025681952,0.14185920135705837,1.0,0.47326356,0.47326356,1.87803,0.010000000000000009
0.2800000000000001,accelerate,2.5,0.23914689066975678,0.23893546696499957,-23.972001537730026,-8.449453427867677,0.1420156927060144,1.0,0.47326356,0.47326356,1.87803,0.010000000000000009
0.2900000000000001,accelerate,2.5,0.2370730336905507,0.23781800700033023,-23.969639052268345,-8.449475246851346,0.14228143664266887,1.0,0.47326356,0.47326356,1.87803,0.010000000000000009
0.3000000000000001,accelerate,2.5,0.23711674785994127,0.23739725151609686,-23.96727839106398,-8.449446065367416,0.14259510625120286,1.0,0.47326356,0.47326356,1.87803,0.010000000000000009
0.3100000000000001,accelerate,2.5,0.24369110968132554,0.24117356641523408,-23.964848804567236,-8.44944411258989,0.14282146709432392,1.0,0.47326356,0.47326356,1.87803,0.010000000000000009
0.3200000000000001,accelerate,2.5,0.2527294115559199,0.24810707349964556,-23.96232608855437,-8.449420721961033,0.142980324904122,1.0,0.47326356,0.47326356,1.87803,0.010000000000000009
0.3300000000000001,accelerate,2.5,0.28106179323648695,0.26787990534175043,-23.959499986227623,-8.449659179817692,0.14269332943980048,1.0,0.47326356,0.47326356,1.87803,0.010000000000000009
0.34000000000000014,accelerate,2.5,0.30627321059899276,0.29091588849609584,-23.956411069994367,-8.44960046966341,0.14212533855457,1.0,0.47326356,0.47326356,1.87803,0.010000000000000009
0.35000000000000014,accelerate,2.5,0.30287898384043804,0.2980937457027012,-23.953365496641,-8.449442255446723,0.14176935802958965,1.0,0.47326356,0.47326356,1.87803,0.010000000000000009
0.36000000000000015,accelerate,2.5,0.30180643178639394,0.3003213573529169,-23.950339819236333,-8.449440089300392,0.1416443232044328,1.0,0.47326356,0.47326356,1.87803,0.010000000000000009
0.37000000000000016,accelerate,2.5,0.3033135108012026,0.3021166494218883,-23.94730793503096,-8.449400075687857,0.1417373290391084,1.0,0.47326356,0.47326356,1.87803,0.010000000000000009
0.38000000000000017,accelerate,2.5,0.3090957083323055,0.30630408476813864,-23.944225203553767,-8.4493375030256,0.14198878414447652,1.0,0.47326356,0.47326356,1.87803,0.010000000000000009
0.3900000000000002,accelerate,2.5,0.31978469274345367,0.3143924495533277,-23.941038901665046,-8.449326989090764,0.14230893177089615,1.0,0.47326356,0.47326356,1.87803,0.010000000000000009
0.4000000000000002,accelerate,2.5,0.331741708098461,0.32480200468040765,-23.93773444907373,-8.449343706069143,0.14265501272836567,1.0,0.47326356,0.47326356,1.87803,0.010000000000000009
0.4100000000000002,accelerate,2.5,0.3830275152539178,0.3597373110245138,-23.933880148289727,-8.449605453486924,0.1422001842322021,1.0,0.47326356,0.47326356,1.87803,0.010000000000000009
0.4200000000000002,accelerate,2.5,0.38150373979045676,0.3727971682840796,-23.93005190466865,-8.449691650295623,0.1419556637725766,1.0,0.47326356,0.47326356,1.87803,0.010000000000000009
0.4300000000000002,accelerate,2.5,0.37732784267568714,0.37551557291904414,-23.926274234311805,-8.449638942840357,0.14191892964551517,1.0,0.47326356,0.47326356,1.87803,0.010000000000000009
0.4400000000000002,accelerate,2.5,0.37395921433348356,0.3745817577677078,-23.922537463452105,-8.449598630173611,0.14206442486779478,1.0,0.47326356,0.47326356,1.87803,0.010000000000000009
0.45000000000000023,accelerate,2.5,0.37372502539111224,0.37406771834175045,-23.918808819893894,-8.449562959422945,0.14234811572095868,1.0,0.47326356,0.47326356,1.87803,0.010000000000000009
0.46000000000000024,accelerate,2.5,0.3798655828032118,0.3775464370186272,-23.915020448533763,-8.449525441193243,0.1426635665822557,1.0,0.47326356,0.47326356,1.87803,0.010000000000000009
0.47000000000000025,accelerate,2.5,0.3897092070669069,0.38484409904759503,-23.911132487898776,-8.449490986065358,0.1429490288819782,1.0,0.47326356,0.47326356,1.87803,0.010000000000000009
0.48000000000000026,accelerate,2.5,0.39914632702566705,0.39342543583443823,-23.907149990310035,-8.449457735441005,0.14322838341366667,1.0,0.47326356,0.47326356,1.87803,0.010000000000000009
0.49000000000000027,accelerate,2.5,0.4609931781023366,0.43396608119517727,-23.90250138021835,-8.44945483671739,0.14244064794048755,1.0,0.47326356,0.47326356,1.87803,0.010000000000000009
0.5000000000000002,accelerate,2.5,0.4566448936657091,0.44757336867749636,-23.897909681976692,-8.449451590666767,0.14189127354950432,1.0,0.47326356,0.47326356,1.87803,0.009999999999999953
0.5100000000000002,accelerate,2.5,0.4494729930427655,0.4487131432966578,-23.893401543810803,-8.449446414728373,0.14162084239457612,1.0,0.47326356,0.47326356,1.87803,0.010000000000000009
0.5200000000000002,accelerate,2.5,0.44339379583621696,0.44552153482039325,-23.888964615290377,-8.449439275347995,0.14162771583573883,1.0,0.47326356,0.47326356,1.87803,0.010000000000000009
0.5300000000000002,accelerate,2.5,0.4408296515486149,0.44270640485732626,-23.884562614298677,-8.449430494756118,0.14187163673150138,1.0,0.47326356,0.47326356,1.87803,0.010000000000000009
0.5400000000000003,accelerate,2.5,0.44469031580238083,0.443896751424359,-23.880128451873674,-8.449425208518043,0.14225718187320419,1.0,0.47326356,0.47326356,1.87803,0.010000000000000009
0.5500000000000003,accelerate,2.5,0.4567226957993567,0.4515923180493576,-23.87557415234637,-8.449417902022619,0.14263720498955298,1.0,0.47326356,0.47326356,1.87803,0.010000000000000009
0.5600000000000003,accelerate,2.5,0.46747648253268675,0.4611228167393551,-23.870913834563105,-8.449409342604783,0.1430405686011421,1.0,0.47326356,0.47326356,1.87803,0.010000000000000009
0.5700000000000003,accelerate,2.5,0.5212718000289631,0.49721220671311994,-23.865672465631302,-8.449670658067788,0.14254247546088267,1.0,0.47326356,0.47326356,1.87803,0.010000000000000009
0.5800000000000003,accelerate,2.5,0.521435402948823,0.5117461244545417,-23.86043963030444,-8.449747649274746,0.1422226621317273,1.0,0.47326356,0.47326356,1.87803,0.010000000000000009
0.5900000000000003,accelerate,2.5,0.5197903674385318,0.5165726702449358,-23.855232149029213,-8.449700420592592,0.14209845518126135,1.0,0.47326356,0.47326356,1.87803,0.010000000000000009
0.6000000000000003,accelerate,2.5,0.5175414838007054,0.5171539583783975,-23.85005466789608,-8.449658996249239,0.14215634933744656,1.0,0.47326356,0.47326356,1.87803,0.010000000000000009
0.6100000000000003,accelerate,2.5,0.518015982190549,0.5176711726656884,-23.844878698630538,-8.449620948199996,0.14236539514430394,1.0,0.47326356,0.47326356,1.87803,0.010000000000000009
0.6200000000000003,accelerate,2.5,0.5232489366808083,0.5210178310747603,-23.8396536162465,-8.449584749461064,0.14264728128381324,1.0,0.47326356,0.47326356,1.87803,0.010000000000000009
0.6300000000000003,accelerate,2.5,0.5339459761636002,0.5287747181280642,-23.834320288188913,-8.449551695654561,0.14290305265228817,1.0,0.47326356,0.47326356,1.87803,0.010000000000000009
0.6400000000000003,accelerate,2.5,0.5432676952606866,0.5374705044076377,-23.828893967403413,-8.449521475525604,0.1431657447054943,1.0,0.47326356,0.47326356,1.87803,0.010000000000000009
0.6500000000000004,accelerate,2.5,0.5803386418080133,0.5631913868478631,-23.823070535533745,-8.449510646657743,0.14288034874797262,1.0,0.47326356,0.47326356,1.87803,0.010000000000000009
0.6600000000000004,accelerate,2.5,0.6081052994133644,0.5901397343871639,-23.816956258780145,-8.449510825055377,0.14221744673207623,1.0,0.47326356,0.47326356,1.87803,0.010000000000000009
0.6700000000000004,accelerate,2.5,0.6011143820063375,0.5967245229586681,-23.81092503979869,-8.44950665147189,0.14181708217650368,1.0,0.47326356,0.47326356,1.87803,0.010000000000000009
0.6800000000000004,accelerate,2.5,0.5935570212520045,0.5948240219346699,-23.804980554056556,-8.44950356322488,0.14169588891576884,1.0,0.47326356,0.47326356,1.87803,0.010000000000000009
0.6900000000000004,accelerate,2.5,0.588363963342061,0.5909479867791045,-23.79909767959698,-8.4494986807534,0.14183156342607112,1.0,0.47326356,0.47326356,1.87803,0.010000000000000009
0.7000000000000004,accelerate,2.5,0.5875034977444792,0.5888812933583294,-23.793231644282262,-8.449479334264405,0.14216722791282957,1.0,0.47326356,0.47326356,1.87803,0.010000000000000009
0.7100000000000004,accelerate,2.5,0.5972765603275619,0.5939184535398689,-23.787268957193863,-8.449464409997374,0.14252328545400314,1.0,0.47326356,0.47326356,1.87803,0.010000000000000009
0.7200000000000004,accelerate,2.5,0.6085256100450832,0.6026827474429974,-23.781193937442104,-8.449458101653578,0.14288102165321104,1.0,0.47326356,0.47326356,1.87803,0.010000000000000009
0.7300000000000004,accelerate,2.5,0.6195917708360745,0.6128281614788437,-23.77500881680578,-8.449446804730652,0.14324957837273045,1.0,0.47326356,0.47326356,1.87803,0.010000000000000009
0.7400000000000004,accelerate,2.5,0.6846760437251005,0.6559368908265978,-23.768120390907853,-8.449434029699573,0.1424790591278809,1.0,0.47326356,0.47326356,1.87803,0.010000000000000009
0.7500000000000004,accelerate,2.5,0.6817981601293718,0.6714536524082622,-23.761275250146234,-8.449421084716516,0.14194116420547903,1.0,0.47326356,0.47326356,1.87803,0.010000000000000009
0.7600000000000005,accelerate,2.5,0.6748441565275681,0.6734879548798458,-23.754512167067695,-8.449405211636229,0.1416814570548376,1.0,0.47326356,0.47326356,1.87803,0.010000000000000009
0.7700000000000005,accelerate,2.5,0.6678249383915794,0.6700901449868859,-23.747829749278605,-8.449386662929843,0.14169763755647108,1.0,0.47326356,0.47326356,1.87803,0.010000000000000009
0.7800000000000005,accelerate,2.5,0.6637603428408216,0.6662922636992474,-23.741196913932765,-8.449363920037422,0.14194893968865122,1.0,0.47326356,0.47326356,1.87803,0.010000000000000009
0.7900000000000005,accelerate,2.5,0.6658082726402447,0.6660018690638458,-23.734549404603673,-8.449357972535633,0.14233639595343425,1.0,0.47326356,0.47326356,1.87803,0.010000000000000009
0.8000000000000005,accelerate,2.5,0.6762815639802795,0.6721696860137061,-23.727796661600596,-8.449349808698674,0.14270950890009143,1.0,0.47326356,0.47326356,1.87803,0.010000000000000009
0.8100000000000005,accelerate,2.5,0.6871381491477994,0.6811507638941621,-23.72093541853115,-8.44933114028762,0.14308368413853628,1.0,0.47326356,0.47326356,1.87803,0.010000000000000009
0.8200000000000005,accelerate,2.5,0.7436654459118788,0.718659573104792,-23.713465481356973,-8.44958320921682,0.1425210768658804,1.0,0.47326356,0.47326356,1.87803,0.010000000000000009
0.8300000000000005,accelerate,2.5,0.7434290356200008,0.7335212506139173,-23.706008917746185,-8.449803713236383,0.14215127014607654,1.0,0.47326356,0.47326356,1.87803,0.010000000000000009
0.8400000000000005,accelerate,2.5,0.7409010284841031,0.7379491173360287,-23.698587464492075,-8.449937634597074,0.14199720887896872,1.0,0.47326356,0.47326356,1.87803,0.010000000000000009
0.8500000000000005,accelerate,2.5,0.7382487327939242,0.738128886610766,-23.69120086073061,-8.449995696587916,0.1420487168077089,1.0,0.47326356,0.47326356,1.87803,0.010000000000000009
0.8600000000000005,accelerate,2.5,0.7385664860129889,0.7383914462520997,-23.683817762630635,-8.450046473766644,0.14226616725998667,1.0,0.47326356,0.47326356,1.87803,0.010000000000000009
0.8700000000000006,accelerate,2.5,0.7441428774502225,0.7418423049709734,-23.676382138933523,-8.450008423861648,0.1425641636034548,1.0,0.47326356,0.47326356,1.87803,0.010000000000000009
0.8800000000000006,accelerate,2.5,0.7535867936519567,0.7488889981795633,-23.668851815659753,-8.449928904830104,0.14286307798761427,1.0,0.47326356,0.47326356,1.87803,0.010000000000000009
0.8900000000000006,accelerate,2.5,0.7844376630045353,0.7702181970745465,-23.660992582369527,-8.449731845222518,0.14273604772655715,1.0,0.47326356,0.47326356,1.87803,0.010000000000000009
0.9000000000000006,accelerate,2.5,0.8081796417667365,0.7929950638898605,-23.652884575155007,-8.449432263678746,0.14231526693876723,1.0,0.47326356,0.47326356,1.87803,0.010000000000000009
0.9100000000000006,accelerate,2.5,0.8057841901447556,0.8006685396427975,-23.644810413211324,-8.449155829855433,0.14209723018653342,1.0,0.47326356,0.47326356,1.87803,0.010000000000000009
0.9200000000000006,accelerate,2.5,0.8031026101678624,0.8021289819578366,-23.636771723641473,-8.448898275332219,0.1420857975316505,1.0,0.47326356,0.47326356,1.87803,0.010000000000000009
0.9300000000000006,accelerate,2.5,0.803060021483392,0.8026876056731698,-23.62874066019392,-8.448876390335489,0.14224723936494804,1.0,0.47326356,0.47326356,1.87803,0.010000000000000009
0.9400000000000006,accelerate,2.5,0.8066922454500245,0.8050903895392826,-23.620676755960307,-8.448920014084324,0.14249626712933725,1.0,0.47326356,0.47326356,1.87803,0.010000000000000009
0.9500000000000006,accelerate,2.5,0.8145992536933544,0.8107957080317256,-23.61253539461053,-8.448973012194413,0.14278814647452934,1.0,0.47326356,0.47326356,1.87803,0.010000000000000009
0.9600000000000006,accelerate,2.5,0.8651570850760916,0.8434125342583452,-23.60385251798314,-8.449275272087975,0.14226061733292628,1.0,0.47326356,0.47326356,1.87803,0.010000000000000009
0.9700000000000006,accelerate,2.5,0.8629081736748806,0.8551099179082664,-23.595203539012083,-8.449555181796647,0.14195851910598195,1.0,0.47326356,0.47326356,1.87803,0.010000000000000009
0.9800000000000006,accelerate,2.5,0.8592050411872764,0.8575669918756723,-23.58660147693352,-8.449818391698846,0.1418912253865348,1.0,0.47326356,0.47326356,1.87803,0.010000000000000009
0.9900000000000007,accelerate,2.5,0.8571189807281128,0.8572981851871365,-23.57802868529058,-8.450061672989476,0.14203701546830808,1.0,0.47326356,0.47326356,1.87803,0.010000000000000009
1.0000000000000007,accelerate,2.5,0.8601992932610113,0.8590388500314614,-23.569430602008133,-8.45005763669238,0.14231508693847444,1.0,0.47326356,0.47326356,1.87803,0.010000000000000009
1.0100000000000007,accelerate,2.5,0.8681239014942681,0.8644898809091455,-23.560753522378462,-8.450004512674914,0.14260659280444526,1.0,0.47326356,0.47326356,1.87803,0.010000000000000009
1.0200000000000007,accelerate,2.5,0.8786265815789133,0.8729719013110062,-23.55197111365328,-8.449953018546484,0.14290056355665687,1.0,0.47326356,0.47326356,1.87803,0.010000000000000009
1.0300000000000007,accelerate,2.5,0.9287108338173362,0.9064152608148042,-23.542651754047643,-8.449656283467286,0.1423838099451101,1.0,0.47326356,0.47326356,1.87803,0.010000000000000009
1.0400000000000007,accelerate,2.5,0.9273132360654528,0.9189540459651933,-23.533357219982207,-8.449382294383927,0.14206765891422787,1.0,0.47326356,0.47326356,1.87803,0.010000000000000009
1.0500000000000007,accelerate,2.5,0.9237729725028304,0.9218454018877755,-23.524107583032823,-8.449125356662911,0.14196928343195203,1.0,0.47326356,0.47326356,1.87803,0.010000000000000009
1.0600000000000007,accelerate,2.5,0.9213175240747195,0.9215286751999419,-23.51489052751189,-8.448889139582061,0.1420740382657288,1.0,0.47326356,0.47326356,1.87803,0.010000000000000009
1.0700000000000007,accelerate,2.5,0.9238112178500062,0.9228982007899804,-23.505653404862105,-8.448764239117576,0.14230052257238576,1.0,0.47326356,0.47326356,1.87803,0.010000000000000009
1.0800000000000007,accelerate,2.5,0.9278192243988804,0.9258508149553204,-23.4963799855075,-8.448848325671507,0.1426169574976664,1.0,0.47326356,0.47326356,1.87803,0.010000000000000009
1.0900000000000007,accelerate,2.5,0.9593594820099647,0.945956015188107,-23.486770587892483,-8.449052705423318,0.14248364263408947,1.0,0.47326356,0.47326356,1.87803,0.010000000000000009
1.1000000000000008,accelerate,2.5,0.9831081572292866,0.9682473004128147,-23.476913402827375,-8.44937769864326,0.14206950415107467,1.0,0.47326356,0.47326356,1.87803,0.010000000000000009
1.1100000000000008,accelerate,2.5,0.9796551898604414,0.9750920340813908,-23.467101274709165,-8.449685752416418,0.14188739772465353,1.0,0.47326356,0.47326356,1.87803,0.010000000000000009
1.1200000000000008,accelerate,2.5,0.9766938658480813,0.9760531331414051,-23.45732783410611,-8.449975689199157,0.14193270080587625,1.0,0.47326356,0.47326356,1.87803,0.010000000000000009
1.1300000000000008,accelerate,2.5,0.9774082388675626,0.9768661965770996,-23.447553837408705,-8.450234101442476,0.1421475216996272,1.0,0.47326356,0.47326356,1.87803,0.010000000000000009
1.1400000000000008,accelerate,2.5,0.9826693200722931,0.9803480706742157,-23.437730912608096,-8.450367982242595,0.14245513715711497,1.0,0.47326356,0.47326356,1.87803,0.010000000000000009
1.1500000000000008,accelerate,2.5,0.9912626412202052,0.9868968130018094,-23.42782434890993,-8.450250068306767,0.14281812180786851,1.0,0.47326356,0.47326356,1.87803,0.010000000000000009
1.1600000000000008,accelerate,2.5,1.0406914065863657,1.0191735691525432,-23.417386956085565,-8.449837564770709,0.1423491284312538,1.0,0.47326356,0.47326356,1.87803,0.010000000000000009
1.1700000000000008,accelerate,2.5,1.038666223043978,1.0308691614874042,-23.406980600964182,-8.449448735076487,0.14208539745388657,1.0,0.47326356,0.47326356,1.87803,0.010000000000000009
1.1800000000000008,accelerate,2.5,1.0355312495676254,1.033666414335537,-23.396614911194643,-8.449075703100387,0.14203733753176379,1.0,0.47326356,0.47326356,1.87803,0.010000000000000009
1.1900000000000008,accelerate,2.5,1.0340258225481953,1.033882059263132,-23.38627200147419,-8.448715199147465,0.14218336042529134,1.0,0.47326356,0.47326356,1.87803,0.010000000000000009
1.2000000000000008,accelerate,2.5,1.0372247086106672,1.035887648871653,-23.375901313327173,-8.44838466544852,0.14243816373196702,1.0,0.47326356,0.47326356,1.87803,0.010000000000000009
1.2100000000000009,accelerate,2.5,1.0429239292731751,1.0401094171125664,-23.365476410662517,-8.44809967795911,0.14276700767811543,1.0,0.47326356,0.47326356,1.87803,0.010000000000000009
1.2200000000000009,accelerate,2.5,1.098096689322207,1.0749017804383507,-23.354458824062316,-8.448304802545376,0.14213531389697162,1.0,0.47326356,0.47326356,1.87803,0.010000000000000009
1.2300000000000009,accelerate,2.5,1.0949828660542686,1.0869504318079015,-23.343485054576746,-8.448493967466815,0.14174608417134957,1.0,0.47326356,0.47326356,1.87803,0.010000000000000009
1.2400000000000009,accelerate,2.5,1.0892939645401696,1.0883565514472622,-23.33257914148053,-8.44868229367525,0.14162768554431043,1.0,0.47326356,0.47326356,1.87803,0.010000000000000009
1.2500000000000009,accelerate,2.5,1.0851071661475353,1.086406920267426,-23.321724415114915,-8.448867736783306,0.14176236143284532,1.0,0.47326356,0.47326356,1.87803,0.010000000000000009
1.260000000000001,accelerate,2.5,1.0845685824013926,1.085303917547806,-23.310882791359244,-8.449053987084223,0.14209921751582932,1.0,0.47326356,0.47326356,1.87803,0.010000000000000009
1.270000000000001,accelerate,2.5,1.0939117521503265,1.0904686183093184,-23.29994770825958,-8.44922231639407,0.14244577582404688,1.0,0.47326356,0.47326356,1.87803,0.010000000000000009
1.280000000000001,accelerate,2.5,1.1048012592111014,1.0990682028503882,-23.28890354264643,-8.4493834169668,0.1428002886014986,1.0,0.47326356,0.47326356,1.87803,0.010000000000000009
1.290000000000001,accelerate,2.5,1.1392955221426662,1.123204594425755,-23.277492034114314,-8.44939886841551,0.14267677031968382,1.0,0.47326356,0.47326356,1.87803,0.010000000000000009
1.300000000000001,accelerate,2.5,1.1653663029298649,1.148501619528221,-23.265807636045313,-8.44928131199431,0.14220419044720323,1.0,0.47326356,0.47326356,1.87803,0.010000000000000009
1.310000000000001,accelerate,2.5,1.1632657146984422,1.1573600766303538,-23.254155053488354,-8.449173535498923,0.14193941580331018,1.0,0.47326356,0.47326356,1.87803,0.010000000000000009
1.320000000000001,accelerate,2.5,1.1595290138589869,1.1586614389675336,-23.242549073066684,-8.449066639563288,0.14189599896776645,1.0,0.47326356,0.47326356,1.87803,0.010000000000000009
1.330000000000001,accelerate,2.5,1.1571061121634798,1.1577282428851015,-23.23097487042134,-8.448962944158186,0.14205242750220748,1.0,0.47326356,0.47326356,1.87803,0.010000000000000009
1.340000000000001,accelerate,2.5,1.1583890349789112,1.1581247181413872,-23.21939318140209,-8.448867113142546,0.14235209839685095,1.0,0.47326356,0.47326356,1.87803,0.010000000000000009
1.350000000000001,accelerate,2.5,1.1654496500427605,1.1625196772822113,-23.207741850861854,-8.44877634604091,0.14268812159508473,1.0,0.47326356,0.47326356,1.87803,0.010000000000000009
1.360000000000001,accelerate,2.5,1.1752230910449943,1.1701417255398812,-23.19599182311928,-8.44868027431661,0.14301901664004274,1.0,0.47326356,0.47326356,1.87803,0.010000000000000009
1.370000000000001,accelerate,2.5,1.2278899107659582,1.2047906366755274,-23.18367541859916,-8.448859086409538,0.14245980035110617,1.0,0.47326356,0.47326356,1.87803,0.010000000000000009
1.380000000000001,accelerate,2.5,1.2277047508757817,1.21853910519568,-23.171371864140497,-8.449020134949917,0.1420862556334826,1.0,0.47326356,0.47326356,1.87803,0.010000000000000009
1.390000000000001,accelerate,2.5,1.225015552845635,1.2224249737856532,-23.159105020546114,-8.449170248424124,0.1419294196731994,1.0,0.47326356,0.47326356,1.87803,0.010000000000000009
1.400000000000001,accelerate,2.5,1.2227286876748837,1.2226072021191916,-23.146869381924652,-8.44930721250788,0.1419849021794202,1.0,0.47326356,0.47326356,1.87803,0.010000000000000009
1.410000000000001,accelerate,2.5,1.2233120538568558,1.2230301131617902,-23.134634323278718,-8.4494259426822,0.14221057632022668,1.0,0.47326356,0.47326356,1.87803,0.010000000000000009
1.420000000000001,accelerate,2.5,1.2284351972241703,1.2262731635992183,-23.122351407206725,-8.449506337556837,0.1425287558676308,1.0,0.47326356,0.47326356,1.87803,0.010000000000000009
1.430000000000001,accelerate,2.5,1.2604256263404596,1.246764641243963,-23.109728868898124,-8.449422649562262,0.14239859925700832,1.0,0.47326356,0.47326356,1.87803,0.010000000000000009
1.440000000000001,accelerate,2.5,1.2856232207145801,1.2700797889263333,-23.096844120927123,-8.449115999925457,0.14193986232266848,1.0,0.47326356,0.47326356,1.87803,0.010000000000000009
1.450000000000001,accelerate,2.5,1.2820752240975126,1.277277050029041,-23.08400632901365,-8.448793201412728,0.14172306121753261,1.0,0.47326356,0.47326356,1.87803,0.010000000000000009
1.460000000000001,accelerate,2.5,1.2768926688296232,1.2770464213093904,-23.071230166903383,-8.448459112808887,0.1417534625867807,1.0,0.47326356,0.47326356,1.87803,0.010000000000000009
1.470000000000001,accelerate,2.5,1.2754302318694073,1.2760767076454005,-23.058476096240298,-8.448135426747445,0.1419860846007524,1.0,0.47326356,0.47326356,1.87803,0.010000000000000009
1.480000000000001,accelerate,2.5,1.2812539845907347,1.279183073812601,-23.04566640834748,-8.447839139646986,0.1423006166017689,1.0,0.47326356,0.47326356,1.87803,0.010000000000000009
1.490000000000001,accelerate,2.5,1.2892638506069953,1.2852315398892378,-23.032777945021085,-8.447554801204287,0.14266262446263528,1.0,0.47326356,0.47326356,1.87803,0.010000000000000009
1.500000000000001,accelerate,2.5,1.323579255194797,1.3082401690725733,-23.019523144583143,-8.447404815060658,0.14253857627777972,1.0,0.47326356,0.47326356,1.87803,0.010000000000000009
1.5100000000000011,accelerate,2.5,1.3477455383286392,1.3319433906262128,-23.006014699642257,-8.447397939993886,0.14209014329546504,1.0,0.47326356,0.47326356,1.87803,0.010000000000000009
1.5200000000000011,accelerate,2.5,1.3450260779082162,1.3397930029954148,-22.99254454239359,-8.447381556368633,0.14186752729263993,1.0,0.47326356,0.47326356,1.87803,0.010000000000000009
1.5300000000000011,accelerate,2.5,1.341241752118401,1.3406622524692065,-22.97912154897265,-8.4473655816059,0.14187707303833877,1.0,0.47326356,0.47326356,1.87803,0.010000000000000009
1.5400000000000011,accelerate,2.5,1.339341294825796,1.33986967788316,-22.96572508241514,-8.447354788927836,0.14208930540483286,1.0,0.47326356,0.47326356,1.87803,0.010000000000000009
1.5500000000000012,accelerate,2.5,1.342304196349925,1.341330388963219,-22.952303016702867,-8.447352833299304,0.14241577147419326,1.0,0.47326356,0.47326356,1.87803,0.010000000000000009
1.5600000000000012,accelerate,2.5,1.3523433420159698,1.3479381607948695,-22.938779584940328,-8.447341489413626,0.14273903015656278,1.0,0.47326356,0.47326356,1.87803,0.010000000000000009
1.5700000000000012,accelerate,2.5,1.3624195546687352,1.3566269971191889,-22.925154727157526,-8.447322054224161,0.14306757686180005,1.0,0.47326356,0.47326356,1.87803,0.010000000000000009
1.5800000000000012,accelerate,2.5,1.4152275574346669,1.3917873333084756,-22.91096202757226,-8.447546202527288,0.14252391606854692,1.0,0.47326356,0.47326356,1.87803,0.010000000000000009
1.5900000000000012,accelerate,2.5,1.414551466708454,1.4054458133484626,-22.89678784409848,-8.447738483680906,0.1421687125876342,1.0,0.47326356,0.47326356,1.87803,0.010000000000000009
1.6000000000000012,accelerate,2.5,1.4111754493779842,1.4088835949661755,-22.882657509384934,-8.447921522693134,0.14202730771738514,1.0,0.47326356,0.47326356,1.87803,0.010000000000000009
1.6100000000000012,accelerate,2.5,1.408428286792414,1.4086104100619186,-22.868562692104284,-8.448094010823128,0.14208386466310885,1.0,0.47326356,0.47326356,1.87803,0.010000000000000009
1.6200000000000012,accelerate,2.5,1.4097205987754706,1.4092765232900497,-22.854460233399685,-8.448236373234547,0.14227986092171327,1.0,0.47326356,0.47326356,1.87803,0.010000000000000009
1.6300000000000012,accelerate,2.5,1.415487546196631,1.4130031370339986,-22.840303097987245,-8.448296837492915,0.1425593365103397,1.0,0.47326356,0.47326356,1.87803,0.010000000000000009
1.6400000000000012,accelerate,2.5,1.4449359056051982,1.4321627981767184,-22.82583395705482,-8.448164385374659,0.14243190800208738,1.0,0.47326356,0.47326356,1.87803,0.010000000000000009
1.6500000000000012,accelerate,2.5,1.4662099934726507,1.4525911153542777,-22.811142942337018,-8.447885618676446,0.14201345258139494,1.0,0.47326356,0.47326356,1.87803,0.010000000000000009
1.6600000000000013,accelerate,2.5,1.4636206199865802,1.4592088181336593,-22.79648833460423,-8.447618087207205,0.14182321300566614,1.0,0.47326356,0.47326356,1.87803,0.010000000000000009
1.6700000000000013,accelerate,2.5,1.460726025696908,1.4601191426716085,-22.781871634965263,-8.44735168780354,0.14186486474626359,1.0,0.47326356,0.47326356,1.87803,0.010000000000000009
1.6800000000000013,accelerate,2.5,1.460083434349082,1.4600977176780927,-22.76726861471945,-8.44708197868404,0.1421049883699537,1.0,0.47326356,0.47326356,1.87803,0.010000000000000009
1.6900000000000013,accelerate,2.5,1.4659805136304085,1.4636273952494823,-22.75260903463929,-8.446825176946263,0.14242383834419842,1.0,0.47326356,0.47326356,1.87803,0.010000000000000009
1.7000000000000013,accelerate,2.5,1.4763287327088428,1.4712481977250986,-22.737845123686515,-8.446579106668072,0.14274727417982874,1.0,0.47326356,0.47326356,1.87803,0.010000000000000009
1.7100000000000013,accelerate,2.5,1.5100307543145342,1.49451773167876,-22.722721864131774,-8.44647399071574,0.14259925909767993,1.0,0.47326356,0.47326356,1.87803,0.010000000000000009
1.7200000000000013,accelerate,2.5,1.5342407103357796,1.5183515188729717,-22.707345263485948,-8.446513331681356,0.14212387851737004,1.0,0.47326356,0.47326356,1.87803,0.010000000000000009
1.7300000000000013,accelerate,2.5,1.5317721465058733,1.5264038954527126,-22.692004895296144,-8.446537407832158,0.14187208987128072,1.0,0.47326356,0.47326356,1.87803,0.010000000000000009
1.7400000000000013,accelerate,2.5,1.5276312382366541,1.5271403011230775,-22.676715594714103,-8.44655782787574,0.14185686612007908,1.0,0.47326356,0.47326356,1.87803,0.010000000000000009
1.7500000000000013,accelerate,2.5,1.5250667577470194,1.5258961750974427,-22.661459692855868,-8.44657197670173,0.14205256068786712,1.0,0.47326356,0.47326356,1.87803,0.010000000000000009
1.7600000000000013,accelerate,2.5,1.5272992719931824,1.5267380332348865,-22.646185906421437,-8.446573969368323,0.14237652514926655,1.0,0.47326356,0.47326356,1.87803,0.010000000000000009
1.7700000000000014,accelerate,2.5,1.537073367331497,1.532939233692853,-22.63081333977786,-8.44656832178799,0.1427020127764098,1.0,0.47326356,0.47326356,1.87803,0.010000000000000009
1.7800000000000014,accelerate,2.5,1.5472276604771638,1.5415122897634395,-22.615338091780234,-8.44656404767186,0.14302953904066745,1.0,0.47326356,0.47326356,1.87803,0.010000000000000009
1.7900000000000014,accelerate,2.5,1.6002781598337767,1.5767718118056417,-22.5992949264334,-8.446279585920559,0.14246021068921833,1.0,0.47326356,0.47326356,1.87803,0.010000000000000009
1.8000000000000014,accelerate,2.5,1.5992911252418893,1.5902833998673902,-22.58327352603931,-8.44601946500515,0.14208136781712963,1.0,0.47326356,0.47326356,1.87803,0.010000000000000009
1.8100000000000014,accelerate,2.5,1.5958741307540705,1.5936378383993985,-22.567296681322084,-8.445765661009057,0.14192685413456776,1.0,0.47326356,0.47326356,1.87803,0.010000000000000009
1.8200000000000014,accelerate,2.5,1.5925365835294396,1.5929770854774232,-22.551361752597508,-8.445512983801985,0.14199210461282816,1.0,0.47326356,0.47326356,1.87803,0.010000000000000009
1.8300000000000014,accelerate,2.5,1.5920791298353876,1.5924383120922019,-22.535437102727148,-8.445277311756943,0.142219948836718,1.0,0.47326356,0.47326356,1.87803,0.010000000000000009
1.8400000000000014,accelerate,2.5,1.5970777207718618,1.595221957299998,-22.519464284542945,-8.44507734122929,0.14252081549012238,1.0,0.47326356,0.47326356,1.87803,0.010000000000000009
1.8500000000000014,accelerate,2.5,1.6290209987354358,1.6155013821612607,-22.503151197003806,-8.445037252660082,0.14236925218610946,1.0,0.47326356,0.47326356,1.87803,0.010000000000000009
1.8600000000000014,accelerate,2.5,1.6538841181069492,1.6385310237286737,-22.48657908575357,-8.445117828337697,0.14190820769351012,1.0,0.47326356,0.47326356,1.87803,0.010000000000000009
1.8700000000000014,accelerate,2.5,1.6491789886121877,1.6449198026587821,-22.470066159401206,-8.44520384374673,0.1417126079098448,1.0,0.47326356,0.47326356,1.87803,0.010000000000000009
1.8800000000000014,accelerate,2.5,1.644786494971768,1.6448398180465738,-22.453606766681816,-8.445297849246408,0.14176771888633707,1.0,0.47326356,0.47326356,1.87803,0.010000000000000009
1.8900000000000015,accelerate,2.5,1.6441697571380307,1.644437781501448,-22.437160610677235,-8.445384609288553,0.14201985051017124,1.0,0.47326356,0.47326356,1.87803,0.010000000000000009
1.9000000000000015,accelerate,2.5,1.6497679497932687,1.6476358824765405,-22.420661316895647,-8.445465667081326,0.1423638218327677,1.0,0.47326356,0.47326356,1.87803,0.010000000000000009
1.9100000000000015,accelerate,2.5,1.6612118177071098,1.6557814436148819,-22.40404586659889,-8.445534672680813,0.14269543694040682,1.0,0.47326356,0.47326356,1.87803,0.010000000000000009
1.9200000000000015,accelerate,2.5,1.6712153677258292,1.6650417980814503,-22.387329777750235,-8.445597670136582,0.14303967542741308,1.0,0.47326356,0.47326356,1.87803,0.010000000000000009
1.9300000000000015,accelerate,2.5,1.7236067723027515,1.700180782614231,-22.370051905018517,-8.445902852756378,0.14252181647894488,0.9964670211747408,0.47214176856340373,0.47214176856340373,1.8735784466801735,0.010000000000000009
1.9400000000000015,accelerate,2.5,1.7229373056815986,1.7138346964546516,-22.35279278926894,-8.446170398323789,0.1421895444404479,0.9919345287316088,0.4707026115628605,0.4707026115628605,1.8678675062018273,0.010000000000000009
1.9500000000000015,accelerate,2.5,1.7194747323404844,1.7172187179861513,-22.33557840357319,-8.446436454042546,0.1420641439969962,0.9920012403825683,0.4707237938462731,0.4707237938462731,1.8679515628820362,0.010000000000000009
1.9600000000000015,accelerate,2.5,1.717133059049219,1.717167322623992,-22.318394959721843,-8.446679653953836,0.14212368565749225,0.997561575196188,0.47248931135629363,0.47248931135629363,1.8749575847471969,0.010000000000000009
1.9700000000000015,accelerate,2.5,1.718200129172783,1.7177870065532668,-22.30120554009759,-8.446893377814622,0.14231574941523978,1.0,0.47326356,0.47326356,1.87803,0.010000000000000009
1.9800000000000015,accelerate,2.5,1.7235242814790692,1.7212293715087483,-22.28396517741178,-8.44697930982952,0.14259283527252087,1.0,0.47326356,0.47326356,1.87803,0.010000000000000009
1.9900000000000015,accelerate,2.5,1.7521499073408764,1.7397816930080252,-22.266419938304985,-8.446919902631912,0.14244989855558815,1.0,0.47326356,0.47326356,1.87803,0.010000000000000009
2.0000000000000013,accelerate,2.5,1.7741857896427455,1.7604241509888574,-22.248644626159614,-8.446707427072404,0.14200218902949116,0.9979376251304107,0.47260871473140803,0.47260871473140803,1.8754314076643175,0.009999999999999787
2.010000000000001,accelerate,2.5,1.7709990823080561,1.7667691097803766,-22.230912224841198,-8.446505130333996,0.14179188308954932,0.9980702032243545,0.47265081092779704,0.47265081092779704,1.8755984560626866,0.009999999999999787
2.020000000000001,accelerate,2.5,1.767447768500727,1.7671763050125868,-22.213224593205403,-8.446303559628294,0.14182561621954906,1.0,0.47326356,0.47326356,1.87803,0.009999999999999787
2.0300000000000007,accelerate,2.5,1.766269824422699,1.7666324166586542,-22.195556118153032,-8.446099193892938,0.142070309675266,1.0,0.47326356,0.47326356,1.87803,0.009999999999999787
2.0400000000000005,accelerate,2.5,1.7725233795320139,1.7701669943826701,-22.177827152962347,-8.445915066251562,0.1423942251116724,1.0,0.47326356,0.47326356,1.87803,0.009999999999999787
2.0500000000000003,accelerate,2.5,1.7823597733004275,1.7774826617333246,-22.159999427574014,-8.445742491242772,0.14274155556902396,1.0,0.47326356,0.47326356,1.87803,0.009999999999999787
2.06,accelerate,2.5,1.8169300755469668,1.80115111002151,-22.14180372938864,-8.445707350338475,0.14260883271847566,1.0,0.47326356,0.47326356,1.87803,0.009999999999999787
2.07,accelerate,2.5,1.8408553676335908,1.8249736645887586,-22.123358381743728,-8.445826773691259,0.14214285922767833,0.9923534049638353,0.47083561314411704,0.47083561314411704,1.8683952902544327,0.009999999999999787
2.0799999999999996,accelerate,2.5,1.8389980153043872,1.8333882750181358,-22.104943570609336,-8.445925728568266,0.14190134112147462,0.9864594967030653,0.4689641793931573,0.4689641793931573,1.8609689658458624,0.009999999999999787
2.0899999999999994,accelerate,2.5,1.8349512955619283,1.8343260873444112,-22.086579172782386,-8.446023888891656,0.14189918184820377,0.9859089225747649,0.4687893610959393,0.4687893610959393,1.8602752424442037,0.009999999999999787
2.099999999999999,accelerate,2.5,1.832364676627046,1.833149240913992,-22.06824813782602,-8.446115414758335,0.14210349319983856,0.9907577935009879,0.47032897459243367,0.47032897459243367,1.8663848198112447,0.009999999999999787
2.109999999999999,accelerate,2.5,1.8349864557125193,1.8342515697931083,-22.04989454324338,-8.446196165509571,0.1424251037738059,0.9987150996052411,0.4728555784266562,0.4728555784266562,1.876411025502604,0.009999999999999787
2.1199999999999988,accelerate,2.5,1.8435020576932948,1.8398018625332202,-22.031454921972625,-8.446260715232523,0.14276068294773006,1.0,0.47326356,0.47326356,1.87803,0.009999999999999787
2.1299999999999986,accelerate,2.5,1.852966942626959,1.8477009105894635,-22.01291900580457,-8.446326994009912,0.14309573021191127,1.0,0.47326356,0.47326356,1.87803,0.009999999999999787
2.1399999999999983,accelerate,2.5,1.906153547565385,1.8827724927750165,-21.993812347392566,-8.446109829652542,0.1425194056593694,0.9912753876168346,0.47049332107609737,0.47049332107609737,1.8670369883972118,0.009999999999999787
2.149999999999998,accelerate,2.5,1.9047627245538148,1.8959666318422954,-21.974731971362264,-8.445922765071314,0.14213061172514535,0.9815574258598829,0.46740767385903,0.46740767385903,1.8547923565834523,0.009999999999999787
2.159999999999998,accelerate,2.5,1.9014244739650905,1.8992413371159724,-21.955695609541433,-8.4457351594239,0.1419656623744485,0.9762593227100083,0.46572542014688184,0.46572542014688184,1.8481167466146105,0.009999999999999787
2.1699999999999977,accelerate,2.5,1.8980449091396627,1.8985234803301867,-21.93670134453795,-8.445542262732012,0.14201173175168896,0.9766102042106919,0.4658368320409789,0.4658368320409789,1.8485588573054719,0.009999999999999787
2.1799999999999975,accelerate,2.5,1.898102703696367,1.8982710143498949,-21.917712179132373,-8.445362119257101,0.14222173087514234,0.9812363143483835,0.46730571453189873,0.46730571453189873,1.8543877560789632,0.009999999999999787
2.1899999999999973,accelerate,2.5,1.9042277473117593,1.9018450541270135,-21.89866307805876,-8.445205670349367,0.14249477581013956,0.987237194077329,0.46921111386343356,0.46921111386343356,1.8619488645374347,0.009999999999999787
2.199999999999997,accelerate,2.5,1.9136992018878844,1.9089575427835361,-21.879517939107778,-8.445054251354923,0.14277111676956483,0.9924198010503567,0.47085669522950924,0.47085669522950924,1.8684789493234493,0.009999999999999787
2.209999999999997,accelerate,2.5,1.9459081321937435,1.9311278964296603,-21.860029933241627,-8.445037970188789,0.14259369182706835,0.9888420446286175,0.46972068601047856,0.46972068601047856,1.8639709762320578,0.009999999999999787
2.2199999999999966,accelerate,2.5,1.9708679750412985,1.954971943596643,-21.84028277198289,-8.445138606147186,0.1421079715311978,0.9772053789818826,0.4660258119343274,0.4660258119343274,1.8493087775171722,0.009999999999999787
2.2299999999999964,accelerate,2.5,1.967627891632563,1.962565512418195,-21.82057983874054,-8.445235080619277,0.14184854145841977,0.9676486835397878,0.4629913699975535,0.4629913699975535,1.837267341260133,0.009999999999999787
2.239999999999996,accelerate,2.5,1.964103334043906,1.9634882053936216,-21.8009220380549,-8.44526169736236,0.14182593884030342,0.9632717278573314,0.4616015990292599,0.4616015990292599,1.8317523771002377,0.009999999999999787
2.249999999999996,accelerate,2.5,1.961914992618399,1.962544277728488,-21.781293507526676,-8.445250281652807,0.1420074777422828,0.9640307471744572,0.46184260284283374,0.46184260284283374,1.8327087414398164,0.009999999999999787
2.259999999999996,accelerate,2.5,1.9635976480625335,1.9631762999289153,-21.761652366598618,-8.4452037689436,0.1423196051413042,0.9680620208068299,0.4631226128465847,0.4631226128465847,1.837788146216606,0.009999999999999787
2.2699999999999956,accelerate,2.5,1.9703263627182688,1.9674663376025274,-21.741945681887373,-8.445096250499393,0.14270040854236773,0.972749635457843,0.46461102425057427,0.46461102425057427,1.843694540676882,0.009999999999999787
2.2799999999999954,accelerate,2.5,2.0027336645282197,1.9886267337579429,-21.72189480495632,-8.44484118189239,0.14261670559483505,0.9689066508722884,0.46339079978496905,0.46339079978496905,1.8388523800990835,0.009999999999999787
2.289999999999995,accelerate,2.5,2.023383760492868,2.009480949798898,-21.701629052590757,-8.444434435598371,0.14222693698722505,0.9582548704856281,0.4600086464765966,0.4600086464765966,1.8254311368118914,0.009999999999999787
2.299999999999995,accelerate,2.5,2.021762537291705,2.0168499022945823,-21.681389717380398,-8.444047535839807,0.14203780925813483,0.9492246899425164,0.4571413835505478,0.4571413835505478,1.8140531093275705,0.009999999999999787
2.3099999999999947,accelerate,2.5,2.019593302796767,2.0184959425958935,-21.66118078056372,-8.443646124861809,0.14205909086366186,0.9445019646307634,0.45564182380956003,0.45564182380956003,1.808102475434762,0.009999999999999787
2.3199999999999945,accelerate,2.5,2.019290706838806,2.018972801141641,-21.640980979148324,-8.443241011429361,0.14225188889561982,0.9438391934612149,0.455431380707805,0.455431380707805,1.8072673837611308,0.009999999999999787
2.3299999999999943,accelerate,2.5,2.0234036364002748,2.021631302296821,-21.62074265730255,-8.442848233009832,0.14254159184181842,0.9452538687995631,0.45588056842123725,0.45588056842123725,1.8090498746874495,0.009999999999999787
2.339999999999994,accelerate,2.5,2.0329383023058134,2.0284155023022166,-21.600407050324517,-8.442470173251603,0.14282524194228433,0.9461046429512772,0.45615070622988957,0.45615070622988957,1.8101218501186094,0.009999999999999787
2.349999999999994,accelerate,2.5,2.0424836275916283,2.0368563774758632,-21.57997441697193,-8.44209261674353,0.14310856876187855,0.9455704855386319,0.4559811005682264,0.4559811005682264,1.809448811778676,0.009999999999999787
2.3599999999999937,accelerate,2.5,2.079361852473557,2.0623596624744795,-21.559147908761073,-8.441735486695043,0.14282709779242542,0.9347409074919248,0.452542492946836,0.452542492946836,1.7958035434398254,0.009999999999999787
2.3699999999999934,accelerate,2.5,2.106710890458517,2.088970399264902,-21.53803797589192,-8.441407288424903,0.14214621758025306,0.914903983234362,0.4462438727565746,0.4462438727565746,1.770809018875296,0.009999999999999787
2.3799999999999932,accelerate,2.5,2.1001716802201047,2.0956911678380234,-21.517008535918833,-8.44108681771858,0.1417284224347418,0.8983160398468372,0.4409768689721677,0.4409768689721677,1.7499082102070147,0.009999999999999787
2.389999999999993,accelerate,2.5,2.091263823809271,2.093034761420772,-21.496080236781065,-8.440751296578947,0.14160140573298272,0.8892970243951805,0.4381131511859577,0.4381131511859577,1.7385442507379274,0.009999999999999787
2.399999999999993,accelerate,2.5,2.0847523632134872,2.0880653224964014,-21.475225539318004,-8.440420692277753,0.14172914684425375,0.8875892185284481,0.4375708886671529,0.4375708886671529,1.7363924153458448,0.009999999999999787
2.4099999999999926,accelerate,2.5,2.0826962657553096,2.084843888451746,-21.454397272475433,-8.440094842991819,0.14205165186051807,0.8908299837914778,0.4385998964534701,0.4385998964534701,1.7404757795772623,0.009999999999999787
2.4199999999999924,accelerate,2.5,2.0879622539491716,2.0867149077502014,-21.4335175346069,-8.43976690179472,0.14244428960928174,0.8953276934580657,0.4400280092268051,0.4400280092268051,1.746142893757163,0.009999999999999787
2.429999999999992,accelerate,2.5,2.099638625760977,2.0944691385566667,-21.412517343510704,-8.439442142279278,0.14279603480058592,0.8976703433556257,0.44077184742227826,0.44077184742227826,1.7490946326280883,0.009999999999999787
2.439999999999992,accelerate,2.5,2.109725645991968,2.1036230430178473,-21.39141393487392,-8.439117589754874,0.14313763648050126,0.8974858404170453,0.4407132640492202,0.4407132640492202,1.748862158925477,0.009999999999999787
2.4499999999999917,accelerate,2.5,2.163765728948774,2.1397086545764035,-21.369737168339736,-8.438532094567861,0.14256777417171845,0.8808070745812284,0.4354174223210316,0.4354174223210316,1.7278469139723476,0.009999999999999787
2.4599999999999915,accelerate,2.5,2.1624482401287577,2.153352405907816,-21.348086096297713,-8.43796828287583,0.14218495669348236,0.8626866943682343,0.42966383919580176,0.42966383919580176,1.705015234903975,0.009999999999999787
2.4699999999999913,accelerate,2.5,2.1578723496580814,2.1560643721579753,-21.3264917531704,-8.437392634981176,0.14201937677062862,0.8491660214126491,0.4253707551189443,0.4253707551189443,1.6879791869799377,0.009999999999999787
2.479999999999991,accelerate,2.5,2.1540104010999697,2.1548319895231716,-21.304943740348158,-8.436828637824082,0.14205441895784818,0.841416357152695,0.4229100817231238,0.4229100817231238,1.678214610012396,0.009999999999999787
2.489999999999991,accelerate,2.5,2.152399277839535,2.1533723625129895,-21.28341718182222,-8.436275886105864,0.1422546041412554,0.838413702268517,0.42195667874429954,0.42195667874429954,1.6744312648583315,0.009999999999999787
2.4999999999999907,accelerate,2.5,2.1547819356985523,2.1542181064243273,-21.26186911535904,-8.435736024702841,0.1425521428055121,0.8379854988310178,0.4218207155888247,0.4218207155888247,1.6738917285270822,0.009999999999999787
2.5099999999999905,accelerate,2.5,2.16185773440586,2.158801883213247,-21.240248711256235,-8.435215000897957,0.14285861499232483,0.837611088753976,0.4217018329011624,0.4217018329011624,1.6734199718300096,0.009999999999999787
2.5199999999999902,accelerate,2.5,2.171202024837965,2.1662419681880776,-21.2185321158189,-8.434689782749647,0.14313745743208806,0.8357195020483155,0.4211012162903812,0.4211012162903812,1.6710365725808778,0.009999999999999787
2.52999999999999,accelerate,2.5,2.200964698618638,2.1870756064464136,-21.196495718939456,-8.434279281649024,0.14296743920292737,0.8253965424382607,0.4178234701549966,0.4178234701549966,1.6580296434722088,0.009999999999999787
2.53999999999999,accelerate,2.5,2.224004268478129,2.2092328036654427,-21.174217855039714,-8.433976639310284,0.14248385154973764,0.8074745449929113,0.41213287752614924,0.41213287752614924,1.6354479266910684,0.009999999999999787
2.5499999999999896,accelerate,2.5,2.2201083755351045,2.21575814678724,-21.151990117549325,-8.4336586588044,0.1421899743877561,0.7916812588408122,0.4071181933071347,0.4071181933071347,1.6155483861394235,0.009999999999999787
2.5599999999999894,accelerate,2.5,2.215051663531278,2.2153342568336627,-21.12982219706918,-8.433316503607246,0.1421021400904339,0.781263104016786,0.4038102207874099,0.4038102207874099,1.6024215110611504,0.009999999999999787
2.569999999999989,accelerate,2.5,2.212213122789485,2.213461576407156,-21.10769166485251,-8.432868514476084,0.1422012993415745,0.7759231243879104,0.4021146704556493,0.4021146704556493,1.595693136728767,0.009999999999999787
2.579999999999989,accelerate,2.5,2.211361324918539,2.2122014255139857,-21.085574359230414,-8.43238660061209,0.14243317464558497,0.7743310903778059,0.4016091678167609,0.4016091678167609,1.5936871738760354,0.009999999999999787
2.5899999999999888,accelerate,2.5,2.2157850014807616,2.2143515710940513,-21.063416653189524,-8.431796325303825,0.1427298281440303,0.7739217253057892,0.4014791862190942,0.4014791862190942,1.5931713738852944,0.009999999999999787
2.5999999999999885,accelerate,2.5,2.220504811845911,2.218043515545167,-21.041212652251655,-8.431174070117905,0.1430682589394251,0.7736185819691704,0.401382932146851,0.401382932146851,1.5927894132811549,0.009999999999999787
2.6099999999999883,accelerate,2.5,2.2752190332912035,2.252348826192789,-21.018434785725567,-8.43022136093838,0.1424492782605477,0.7569964214945817,0.39610506375295956,0.39610506375295956,1.571845491083173,0.009999999999999787
2.619999999999988,accelerate,2.5,2.271128901164462,2.2636168711757927,-20.99571124180398,-8.429265545697982,0.14204306701984523,0.7394038472656541,0.3905190695837905,0.3905190695837905,1.5496788475547243,0.009999999999999787
2.629999999999988,accelerate,2.5,2.2638784324053036,2.2637738079134992,-20.97307131935665,-8.428295771068319,0.14187817293817412,0.7269005086296084,0.38654900950007326,0.38654900950007326,1.5339246408733065,0.009999999999999787
2.6399999999999877,accelerate,2.5,2.2582104818845323,2.2604358122961195,-20.95049560096673,-8.427334731077654,0.14193346361477172,0.7203372487206755,0.38446504321378894,0.38446504321378894,1.5256549333880514,0.009999999999999787
2.6499999999999875,accelerate,2.5,2.2553100022388195,2.2573603262617397,-20.927954191294667,-8.42638072857871,0.14216853209017427,0.7184089751358494,0.38385277778513494,0.38385277778513494,1.5232253086711705,0.009999999999999787
2.6599999999999873,accelerate,2.5,2.25631268470148,2.256731741325584,-20.905405575215912,-8.425434106119848,0.1425207587338047,0.7189011269249997,0.3840090458212259,0.3840090458212259,1.5238454199254996,0.009999999999999787
2.669999999999987,accelerate,2.5,2.2632105697218043,2.2606190383633162,-20.88278591901217,-8.424507089614542,0.1428771055342823,0.7189180222518541,0.38401441042540874,0.38401441042540874,1.5238667080373363,0.009999999999999787
2.679999999999987,accelerate,2.5,2.272202622753108,2.267569188997191,-20.860072928074267,-8.423583967159528,0.14319430733046368,0.7168888746556712,0.38337011548066874,0.38337011548066874,1.5213099820661458,0.009999999999999787
2.6899999999999866,accelerate,2.5,2.282158253419845,2.2763226276507833,-20.83725655458037,-8.4226587460259,0.1434564946962797,0.7122094825760727,0.3818843149075546,0.3818843149075546,1.5154139480458515,0.009999999999999787
2.6999999999999864,accelerate,2.5,2.331346726356751,2.309337086874364,-20.81390797257938,-8.421958822992558,0.14285751518997647,0.6923689748342229,0.3755845568893625,0.3755845568893625,1.4904149082911209,0.009999999999999787
2.709999999999986,accelerate,2.5,2.3289278214970888,2.321091527647999,-20.7905953518372,-8.421262950379871,0.14240964062328326,0.6715425832187275,0.36897176102361035,0.36897176102361035,1.4641736548555966,0.009999999999999787
2.719999999999986,accelerate,2.5,2.3224327786819585,2.3218962782683747,-20.767358324073715,-8.42055160856258,0.14216063089280848,0.6557032876508943,0.36394246789491197,0.36394246789491197,1.4442161424401267,0.009999999999999787
2.7299999999999858,accelerate,2.5,2.3156438246735487,2.318144806111479,-20.74419722960466,-8.41982915441741,0.14211433259254172,0.6462856148526881,0.3609521684280256,0.3609521684280256,1.4323498747143872,0.009999999999999787
2.7399999999999856,accelerate,2.5,2.3108604778372595,2.3137742091469473,-20.72108966270722,-8.419099636017148,0.14224510738214285,0.6423627323473673,0.3597065747749361,0.3597065747749361,1.427407042757683,0.009999999999999787
2.7499999999999853,accelerate,2.5,2.3097976433039977,2.3113882696411774,-20.697999360940724,-8.418280890687985,0.14250846910626036,0.6418044845146689,0.35952931992309767,0.35952931992309767,1.4267036504884827,0.009999999999999787
2.759999999999985,accelerate,2.5,2.3117912663259843,2.311630067652062,-20.674890585071097,-8.417442142863113,0.14283409259549185,0.6425488064251987,0.3597656570161291,0.3597656570161291,1.4276414960957504,0.009999999999999787
2.769999999999985,accelerate,2.5,2.3179786865479084,2.31543923898957,-20.651720910639945,-8.416536273386054,0.14316715509132158,0.6424249468144914,0.3597263291125373,0.3597263291125373,1.4274854329862592,0.009999999999999787
2.7799999999999847,accelerate,2.5,2.34692226541285,2.334329054843538,-20.62824844928565,-8.415484245661027,0.14304665109053405,0.6335117329711255,0.3568962054529918,0.3568962054529918,1.4162547835436181,0.009999999999999787
2.7899999999999845,accelerate,2.5,2.3668708262320646,2.353854117676654,-20.604573698475694,-8.41429185514871,0.14260603304161434,0.617094949896811,0.35168354849123545,0.35168354849123545,1.395569636869982,0.009999999999999787
2.7999999999999843,accelerate,2.5,2.3632495054250944,2.359491350325718,-20.580943866198048,-8.413117057022085,0.14232821817502453,0.6019686251463735,0.3468806378564765,0.3468806378564765,1.3765104676844304,0.009999999999999787
2.809999999999984,accelerate,2.5,2.358261288070129,2.3587533129723646,-20.557371967925718,-8.411936595113016,0.1422377215057641,0.5912459758777876,0.34347598226071513,0.34347598226071513,1.3629999296060125,0.009999999999999787
2.819999999999984,accelerate,2.5,2.354106520121633,2.355965237261926,-20.5338473574674,-8.410755783729773,0.1423156927074175,0.5851482037771969,0.3415398176633356,0.3415398176633356,1.3553167367592682,0.009999999999999787
2.8299999999999836,accelerate,2.5,2.352440704171564,2.3538505174077087,-20.51034262971618,-8.409586127051448,0.14252297451256754,0.582409604557897,0.3406702576392235,0.3406702576392235,1.3518661017429503,0.009999999999999787
2.8399999999999834,accelerate,2.5,2.353554924004299,2.353673161365663,-20.486828177162174,-8.408424188940565,0.14281271089911862,0.5813366570430976,0.34032957534432434,0.34032957534432434,1.350514187874303,0.009999999999999787
2.849999999999983,accelerate,2.5,2.3597084626473417,2.3572943421346704,-20.46324954946071,-8.407278968374255,0.14309121707792374,0.5795652551902795,0.33976711982801755,0.33976711982801755,1.348282221539752,0.009999999999999787
2.859999999999983,accelerate,2.5,2.3672125020625665,2.363245238091408,-20.43959217191771,-8.40614849351762,0.14332897995235966,0.5759633439762276,0.3386234409793318,0.3386234409793318,1.3437438134100468,0.009999999999999787
2.869999999999983,accelerate,2.5,2.3746541420613347,2.370090580473364,-20.41585713586129,-8.40502462437851,0.14352460354202273,0.5703768401639999,0.3368496142888732,0.3368496142888732,1.3367048186066397,0.009999999999999787
2.8799999999999826,accelerate,2.5,2.3825174865471714,2.3775467241176482,-20.39204003194572,-8.403904750820697,0.14366326270780821,0.562827966201212,0.33445269582820886,0.33445269582820886,1.3271932374135271,0.009999999999999787
2.8899999999999824,accelerate,2.5,2.4248622597174885,2.4059360454775525,-20.367764758651266,-8.402977683627135,0.14304453809800105,0.5424577530346094,0.3279847457435492,0.3279847457435492,1.3015267688236078,0.009999999999999787
2.899999999999982,accelerate,2.5,2.4212915688035186,2.415149359473132,-20.343536607223502,-8.402048646925005,0.1425601414148358,0.5218909071953493,0.3214543608526673,0.3214543608526673,1.2756125430661402,0.009999999999999787
2.909999999999982,accelerate,2.5,2.413456319107407,2.414133535253697,-20.319396747044376,-8.401114750582238,0.14226625143056573,0.506574850965027,0.3165912066784154,0.3165912066784154,1.2563143122159341,0.009999999999999787
2.9199999999999817,accelerate,2.5,2.404809463484345,2.4085390921920857,-20.295350986146637,-8.400175547771276,0.1421733811262843,0.4979160982719553,0.3138418795233113,0.3138418795233113,1.2454042838226638,0.009999999999999787
2.9299999999999815,accelerate,2.5,2.3983735737786764,2.4024397811440403,-20.27137544560492,-8.399221289194829,0.14225749715280672,0.49489245388285763,0.31288181195688497,0.31288181195688497,1.2415944918924007,0.009999999999999787
2.9399999999999813,accelerate,2.5,2.3948434662906624,2.3978819922320134,-20.24743943827579,-8.398249810834812,0.14248231475191858,0.4955948769715056,0.3131048453359925,0.3131048453359925,1.242479544984097,0.009999999999999787
2.949999999999981,accelerate,2.5,2.3959534800933064,2.396724884948789,-20.223498692264165,-8.397171233750239,0.1427932208869866,0.4974906938933248,0.31370680512500854,0.31370680512500854,1.2448682743055894,0.009999999999999787
2.959999999999981,accelerate,2.5,2.4003683363843633,2.3989109558101336,-20.199513654891554,-8.396058725612425,0.14310455862191238,0.49856072532531936,0.3140465615052954,0.3140465615052954,1.2462165139099024,0.009999999999999787
2.9699999999999807,accelerate,2.5,2.406977905017293,2.4037511253344293,-20.17546324767857,-8.394878067561553,0.14339715864120786,0.4975348830847459,0.3137208360770686,0.3137208360770686,1.2449239526867801,0.009999999999999787
2.9799999999999804,hold,2.5,2.4539955288413977,2.4338977674386104,-20.150927484478313,-8.393409664063517,0.14287331907428885,0.4812594978892092,0.3085530757697817,0.3085530757697817,1.2244169673404035,0.009999999999999787
2.9899999999999802,accelerate,2.5,2.449506616784194,2.4432630770459607,-20.126447496638622,-8.391931073056476,0.1424995736618705,0.46369146472077716,0.3029748738781412,0.3029748738781412,1.2022812455481793,0.009999999999999787
2.99999999999998,accelerate,2.5,2.4432078744696035,2.443229955500146,-20.10203817135721,-8.39046585700416,0.14229619835919768,0.4500519166737205,0.29864404458223975,0.29864404458223975,1.185095415008888,0.009999999999999787
3.00999999999998,accelerate,2.5,2.4367299452260744,2.4393299493357032,-20.07769966848699,-8.389009574123023,0.14226869441688525,0.44162417184555114,0.29596806704439943,0.29596806704439943,1.1744764565253945,0.009999999999999787
3.0199999999999796,accelerate,2.5,2.4315574838828984,2.4346664700640206,-20.053417080738086,-8.387562665931306,0.14239531008235723,0.43780162774801595,0.29475433284255004,0.29475433284255004,1.1696600509625001,0.009999999999999787
3.0299999999999794,accelerate,2.5,2.4287562321695004,2.4311203273273083,-20.029165036416607,-8.38612285167729,0.14263619708924596,0.43709811354368067,0.29453095301238946,0.29453095301238946,1.1687736230650376,0.009999999999999787
3.039999999999979,accelerate,2.5,2.4289294077201586,2.4298057755630182,-20.004911831649896,-8.38468996504216,0.14293946764280313,0.43772074508281644,0.2947286509786959,0.2947286509786959,1.1695581388043488,0.009999999999999787
3.049999999999979,accelerate,2.5,2.433299292168492,2.4319018855263024,-19.980612380506,-8.383269195176366,0.14323027609679442,0.43758879105482695,0.2946867529357287,0.2946867529357287,1.1693918767290823,0.009999999999999787
3.0599999999999787,accelerate,2.5,2.4406395815831723,2.4371445031604244,-19.95623438419082,-8.381865959249184,0.14344751298753297,0.43515511419949593,0.293914011860624,0.293914011860624,1.166325443891365,0.009999999999999787
3.0699999999999785,accelerate,2.5,2.447953591464122,2.443629956142643,-19.93177874136245,-8.38047351536774,0.14359116901177718,0.4301784438476212,0.29233381949049675,0.29233381949049675,1.160054839248003,0.009999999999999787
3.0799999999999783,hold,2.5,2.4544734675451982,2.450136062984176,-19.907254568938136,-8.379085588435188,0.14367115689658322,0.4231109307129026,0.29008974271996085,0.29008974271996085,1.1511497726982574,0.009999999999999787
3.089999999999978,hold,2.5,2.4605212834057784,2.4563671952371378,-19.882667230107174,-8.377701525493075,0.14368992261707772,0.41447231200890405,0.28734680850906724,0.28734680850906724,1.1402651131312191,0.009999999999999787
3.099999999999978,hold,2.5,2.4658928899332655,2.4620826120548145,-19.85802432128934,-8.376320257098083,0.14365420899341397,0.4048090986815882,0.28427854501337796,0.28427854501337796,1.1280894643388013,0.009999999999999787
3.1099999999999777,hold,2.5,2.470227824475709,2.466969739507351,-19.833337141059694,-8.374941724038582,0.14357744283970933,0.3947293365482447,0.2810780189407987,0.2810780189407987,1.1153889640507886,0.009999999999999787
3.1199999999999775,hold,2.5,2.4733683823466044,2.470808925210903,-19.808618551599686,-8.37356509722849,0.1434768521681054,0.38484277431361824,0.2779388377000601,0.2779388377000601,1.1029318956351593,0.009999999999999787
3.1299999999999772,hold,2.5,2.475377765742018,2.473550229529572,-19.783880687124306,-8.372188085996054,0.14337118949164446,0.3756712642389527,0.2750266998211523,0.2750266998211523,1.0913757929410806,0.009999999999999787
3.139999999999977,hold,2.5,2.4764637941265915,2.475298368287784,-19.759133298106242,-8.370809088769104,0.1432773059201907,0.36758395033686997,0.27245881591096294,0.27245881591096294,1.081185777424456,0.009999999999999787
3.149999999999977,hold,2.5,2.4769750019208736,2.4763043484676377,-19.734382367297094,-8.369426862640452,0.14320799707279414,0.36074881124096747,0.270288522545232,0.270288522545232,1.0725735021636191,0.009999999999999787
3.1599999999999766,hold,2.5,2.4773173298442663,2.476912137293615,-19.709629611424425,-8.368039892278446,0.143170586584855,0.35512140250307406,0.2685017077227761,0.2685017077227761,1.0654829671538735,0.009999999999999787
3.1699999999999764,hold,2.5,2.477818024446355,2.477455669585259,-19.684873307248484,-8.366646898232698,0.14316690660537995,0.35049030077567445,0.26703124030229214,0.26703124030229214,1.0596477789773497,0.009999999999999787
3.179999999999976,hold,2.5,2.4787455778568677,2.478229614548224,-19.660109050036006,-8.365245012151874,0.14319409791763232,0.3465291691514717,0.2657735017889753,0.2657735017889753,1.0546567531308544,0.009999999999999787
3.189999999999976,hold,2.5,2.480214787867362,2.479420718539707,-19.635331148695464,-8.363832543027218,0.14324502998844782,0.34287541591482856,0.2646133620612764,0.2646133620612764,1.0500530240526842,0.009999999999999787
3.1999999999999758,hold,2.5,2.4822700521432526,2.481130318701834,-19.610533506702243,-8.362407124084434,0.14331038226367954,0.3391818322089981,0.2634405753630011,0.2634405753630011,1.0453991085833376,0.009999999999999787
3.2099999999999755,hold,2.5,2.484820092645793,2.4833441830682093,-19.58571094616294,-8.36096707028646,0.14338023631975383,0.33517463557741023,0.2621682102885393,0.2621682102885393,1.040350040827537,0.009999999999999787
3.2199999999999753,hold,2.5,2.4876978423249074,2.485956378622228,-19.560859699293182,-8.359516180755351,0.14344486696058423,0.33068794436926235,0.2607435960961282,0.2607435960961282,1.0346968099052705,0.009999999999999787
3.229999999999975,hold,2.5,2.4908874108327894,2.488914997948565,-19.535976800353712,-8.3580480292793,0.14349387593788093,0.3256140354127982,0.2591325285242717,0.2591325285242717,1.028303684620126,0.009999999999999787
3.239999999999975,hold,2.5,2.493981549404716,2.4919549288222558,-19.511063521389612,-8.356558621458571,0.14352464658897757,0.32000614024456236,0.25735190965045346,0.25735190965045346,1.0212377367081487,0.009999999999999787
3.2499999999999747,hold,2.5,2.4967859955174734,2.4948535688393862,-19.486122609642177,-8.355052240412514,0.14353558996437668,0.3140253671990531,0.2554528945930434,0.2554528945930434,1.013701962670807,0.009999999999999787
3.2599999999999745,hold,2.5,2.4993415646095207,2.497546366301467,-19.461156904159033,-8.353525451963227,0.14352662516639064,0.3078361271385567,0.2534876870890345,0.2534876870890345,1.0059035201945814,0.009999999999999787
3.2699999999999743,hold,2.5,2.5013649011246346,2.499837487195368,-19.43617196746583,-8.351979530778342,0.14350407893131636,0.30167616084781235,0.2515317745923974,0.2515317745923974,0.9981419626682436,0.009999999999999787
3.279999999999974,hold,2.5,2.503293516515188,2.50191110478726,-19.4111720910838,-8.350363069379243,0.1434717262349911,0.29563993999318705,0.2496151537466368,0.2496151537466368,0.9905363243914158,0.009999999999999787
3.289999999999974,hold,2.5,2.5048002720568,2.503644605148984,-19.386159810337993,-8.348705429474947,0.14343210792822694,0.28987016288245376,0.24778313411843675,0.24778313411843675,0.9832664052318919,0.009999999999999787
3.2999999999999736,hold,2.5,2.50542422630658,2.5047123778435414,-19.361143440402337,-8.347020405514208,0.14339489233183436,0.2846575705662359,0.24612803180619125,0.24612803180619125,0.9766985389134574,0.009999999999999787
3.3099999999999734,hold,2.5,2.5067392889290514,2.5059285244948475,-19.336117401990293,-8.345285598032499,0.14335985419218317,0.2798038716099081,0.24458688531357806,0.24458688531357806,0.9705828782284843,0.009999999999999787
3.319999999999973,hold,2.5,2.507803485512501,2.50705350110544,-19.311082380164294,-8.34353067037204,0.1433296671649858,0.275277550286715,0.2431496877670378,0.2431496877670378,0.9648797133612611,0.009999999999999787
3.329999999999973,hold,2.5,2.5081442393184874,2.5077079440332684,-19.286045939876928,-8.34175489037762,0.14331336370517186,0.27125699175403417,0.24187308002174093,0.24187308002174093,0.9598138096100831,0.009999999999999787
3.3399999999999728,hold,2.5,2.5092470957632274,2.5086314350712438,-19.260998785674314,-8.339979374312561,0.14330433826092423,0.2674925216143398,0.24067778546298516,0.24067778546298516,0.9550705772340681,0.009999999999999787
3.3499999999999726,hold,2.5,2.510453726809059,2.509724810113933,-19.235940119538753,-8.338200720442307,0.1433048447761936,0.2638355698092468,0.23951663012583208,0.23951663012583208,0.950462817959651,0.009999999999999787
3.3599999999999723,hold,2.5,2.511715877755601,2.5109194506989336,-19.210869326744703,-8.336418794081279,0.14331380289496518,0.26020280198139956,0.238363153685134,0.238363153685134,0.9458855304965634,0.009999999999999787
3.369999999999972,hold,2.5,2.5130298382113474,2.512185683206382,-19.185785734071324,-8.334634713594571,0.14332916693235712,0.25654271717274446,0.23720100355668985,0.23720100355668985,0.9412738236376581,0.009999999999999787
3.379999999999972,hold,2.5,2.514415950245046,2.5135238434295806,-19.16068848325987,-8.332849051175693,0.1433477492034036,0.2528134338239644,0.2360168815077852,0.2360168815077852,0.9365749266181952,0.009999999999999787
3.3899999999999717,hold,2.5,2.5158964771894894,2.514947423685526,-19.135576439863215,-8.331063081762597,0.14336576708571389,0.2489737248040024,0.2347976970997669,0.2347976970997669,0.9317368932530432,0.009999999999999787
3.3999999999999715,hold,2.5,2.5173864851838705,2.516410860584533,-19.110449408220425,-8.329277423001736,0.14338048568797926,0.24501438688126542,0.23354052812253942,0.23354052812253942,0.9267481274703945,0.009999999999999787
3.4099999999999713,hold,2.5,2.5188062584932482,2.517848099329762,-19.08530807483166,-8.327492021464264,0.1433902902144922,0.24096311779028656,0.23225416916077182,0.23225416916077182,0.9216435284157612,0.009999999999999787
3.419999999999971,hold,2.5,2.52011704450567,2.519209466435307,-19.060153565198597,-8.325706467946898,0.1433945518481037,0.23686883442072867,0.2309541523052698,0.2309541523052698,0.9164847313701183,0.009999999999999787
3.429999999999971,hold,2.5,2.521288714353782,2.520457015186392,-19.03498730245556,-8.323920688377953,0.1433935465432958,0.2327915028782046,0.22965951799388754,0.22965951799388754,0.9113472936265379,0.009999999999999787
3.4399999999999706,hold,2.5,2.52231352883414,2.521570923375041,-19.00981081491735,-8.322134384826247,0.1433883591261883,0.22879049765695345,0.22838911881603588,0.22838911881603588,0.9063060270477614,0.009999999999999787
3.4499999999999704,hold,2.5,2.523207111371978,2.522552636173203,-18.984625520857772,-8.320346656502503,0.143380638696392,0.22491348066931047,0.22715808838211948,0.22715808838211948,0.9014209856433313,0.009999999999999787
3.45999999999997,hold,2.5,2.5239841165105372,2.5234115243756037,-18.95943263509883,-8.318557416283493,0.14337235297279233,0.22119449343769937,0.22597723555633834,0.22597723555633834,0.8967350617315013,0.009999999999999787
3.46999999999997,hold,2.5,2.524671791989382,2.524167684943871,-18.934233166495893,-8.316765544815684,0.14336555470781437,0.21765087707775838,0.22485206648972988,0.22485206648972988,0.8922701051179758,0.009999999999999787
3.47999999999997,hold,2.5,2.525298909943585,2.5248464199436995,-18.909027869623134,-8.31496904271348,0.14336151371700456,0.2142836869702901,0.22378291628680655,0.22378291628680655,0.8880274455825656,0.009999999999999787
3.4899999999999696,hold,2.5,2.525958206656905,2.5255134919716227,-18.883816467698228,-8.31316715728742,0.14336085136422458,0.2110591264097707,0.22275905381763045,0.22275905381763045,0.8839644992763113,0.009999999999999787
3.4999999999999694,hold,2.5,2.5266713567723382,2.526208210852052,-18.85859844874053,-8.31135918033504,0.14336343499174523,0.20792920891652422,0.22176524241517478,0.22176524241517478,0.8800208032348206,0.009999999999999787
3.509999999999969,hold,2.5,2.52742540312772,2.5269385262174526,-18.833373491811187,-8.309543634993238,0.14336894319823615,0.20485109872547325,0.2207878808673123,0.2207878808673123,0.8761423843940964,0.009999999999999787
3.519999999999969,hold,2.5,2.528194905131772,2.527692353566044,-18.80814148876473,-8.307719738966423,0.14337701504439884,0.20179674325761388,0.2198180619191576,0.2198180619191576,0.8722938965045937,0.009999999999999787
3.5299999999999687,hold,2.5,2.5289528882164714,2.5284486743563006,-18.78290273109058,-8.305885174577345,0.1433874755087965,0.19875478078557682,0.2188521779950364,0.2188521779950364,0.8684610237898269,0.009999999999999787
3.5399999999999685,hold,2.5,2.5297065043782747,2.5292033723694853,-18.757657357555722,-8.304038324612895,0.14339920639139833,0.19571830665039924,0.2178880367276348,0.2178880367276348,0.8646350663795032,0.009999999999999787
3.5499999999999683,hold,2.5,2.530431824343673,2.529940443553998,-18.732405643265757,-8.302179017680636,0.1434110500882509,0.1926903706519566,0.21692660648940926,0.21692660648940926,0.8608198670214653,0.009999999999999787
3.559999999999968,hold,2.5,2.5311084071448935,2.5306412217085352,-18.70714813627461,-8.300306368783328,0.14342231998007654,0.18968352243564698,0.21597187204376664,0.21597187204376664,0.8570312382689153,0.009999999999999787
3.569999999999968,hold,2.5,2.531684585035822,2.531267239704907,-18.681885685128158,-8.298422367836,0.14343227793605814,0.18672863568258055,0.21503363640193301,0.21503363640193301,0.8533080809600516,0.009999999999999787
3.5799999999999677,hold,2.5,2.5322902912200957,2.5318810706140207,-18.6566179983595,-8.29652602875195,0.14343814006159103,0.18381745606581734,0.21410927865001836,0.21410927865001836,0.8496399946429299,0.009999999999999787
3.5899999999999674,hold,2.5,2.5328884817458204,2.5324855172931007,-18.631345724832318,-8.294610088997938,0.14344010250526154,0.18094196590480083,0.2131962530140924,0.2131962530140924,0.8460168770400491,0.009999999999999787
3.5999999999999672,hold,2.5,2.5333637568315224,2.5330124610161535,-18.606069962070176,-8.292677107024717,0.14343957441026572,0.17813226026310264,0.21230411527874038,0.21230411527874038,0.8424766479315094,0.009999999999999787
3.609999999999967,hold,2.5,2.5337961878742505,2.533482697131012,-18.580790755093883,-8.290732207710242,0.14343648838363549,0.17540183220118183,0.21143714976051928,0.21143714976051928,0.8390363085734892,0.009999999999999787
3.619999999999967,hold,2.5,2.534165667062267,2.533892479089765,-18.555509113333837,-8.288770839533859,0.1434317201959012,0.17276387752379513,0.21059954639135545,0.21059954639135545,0.8357124856799819,0.009999999999999787
3.6299999999999666,hold,2.5,2.5344941253587248,2.5342534668511405,-18.530225532134452,-8.286792362012594,0.14342627259782126,0.17022313797592153,0.20979281077011463,0.20979281077011463,0.8325111538496612,0.009999999999999787
3.6399999999999664,hold,2.5,2.5348468744803228,2.53460951142865,-18.504939620058288,-8.284799003834289,0.14342092118250752,0.16776028822069697,0.20901080671583572,0.20901080671583572,0.8294079631580782,0.009999999999999787
3.649999999999966,hold,2.5,2.53514313240251,2.5349296840129663,-18.479651857258002,-8.282792382250296,0.14341697226568476,0.16537644950390767,0.20825389024648078,0.20825389024648078,0.8264043263749237,0.009999999999999787
3.659999999999966,hold,2.5,2.535423398590698,2.5352259127596053,-18.454362386133703,-8.280772723153097,0.14341453817793495,0.1630663883629336,0.20752039963299868,0.20752039963299868,0.8234936493372963,0.009999999999999787
3.6699999999999657,hold,2.5,2.5357196565103535,2.5355221590100543,-18.429071061120286,-8.278739839992834,0.14341368898206927,0.1608132663168469,0.20680498832092525,0.20680498832092525,0.8206547155592272,0.009999999999999787
3.6799999999999655,hold,2.5,2.5359948976854247,2.5358058022152767,-18.40377799420422,-8.276695030840523,0.14341443449414756,0.15861036445211313,0.20610552292083495,0.20610552292083495,0.8178790592096625,0.009999999999999787
3.6899999999999653,hold,2.5,2.536261336015502,2.536079122495412,-18.378483122643537,-8.274640074813549,0.14341624755332671,0.15645117599494682,0.20541993740191553,0.20541993740191553,0.815158481753633,0.009999999999999787
3.699999999999965,hold,2.5,2.5365258583937784,2.536347164034432,-18.35318640457397,-8.272575643945666,0.14341863641550429,0.1543278691483702,0.20474574501199053,0.20474574501199053,0.8124831151269465,0.009999999999999787
3.709999999999965,hold,2.5,2.5367693178799,2.536600456341713,-18.327887997515504,-8.270502314663643,0.14342101463869927,0.15223928213847263,0.20408257686460785,0.20408257686460785,0.8098514954944755,0.009999999999999787
3.7199999999999647,hold,2.5,2.5369892340935762,2.5368337229928306,-18.30258798410062,-8.26842193095587,0.14342274895476181,0.15018741167781455,0.20343106695593968,0.20343106695593968,0.8072661387140464,0.009999999999999787
3.7299999999999645,hold,2.5,2.5371890143631153,2.537046897815001,-18.27728651579411,-8.266335035742712,0.1434232325069203,0.14817403071847704,0.20279177823373085,0.20279177823373085,0.8047292787052811,0.009999999999999787
3.7399999999999642,hold,2.5,2.5373555377929082,2.5372320818017453,-18.251983848640855,-8.264242624304986,0.14342217855960662,0.1462049242333939,0.20216654754258725,0.20216654754258725,0.8022482045340764,0.009999999999999787
3.749999999999964,hold,2.5,2.5374815672924793,2.5373817730961856,-18.226680314900385,-8.262145624298194,0.14341935355446972,0.1442889296301896,0.2015581809361778,0.2015581809361778,0.799834051334039,0.009999999999999787
3.759999999999964,hold,2.5,2.537588504029519,2.5375058116561853,-18.201375934072217,-8.260045766119273,0.14341359416705377,0.14242810090635305,0.20096733059978525,0.20096733059978525,0.797489407142005,0.009999999999999787
3.7699999999999636,hold,2.5,2.5377197811792476,2.537634193370023,-18.176070625433333,-8.257941411840935,0.14340584464428183,0.14060821302878743,0.2003894798009006,0.2003894798009006,0.7951963484162723,0.009999999999999787
3.7799999999999634,hold,2.5,2.537771864598766,2.5377167961072686,-18.150765262643503,-8.255832274213743,0.14339779499740485,0.13884467090871824,0.19982951990693623,0.19982951990693623,0.792974285344985,0.009999999999999787
3.789999999999963,hold,2.5,2.537789960677527,2.537760694849424,-18.125460160420882,-8.253718994794648,0.1433904089630858,0.137146333812859,0.199290263912259,0.199290263912259,0.7908343806042024,0.009999999999999787
3.799999999999963,hold,2.5,2.537768644030688,2.5377654643581824,-18.10015571822879,-8.251601782513545,0.1433846551724231,0.1355207875850398,0.19877412047400186,0.19877412047400186,0.7887861923571502,0.009999999999999787
3.8099999999999627,hold,2.5,2.5377272358716363,2.537742527266255,-18.074852177703058,-8.249480251662922,0.14338122762482583,0.13396826369645842,0.1982811630888995,0.1982811630888995,0.7868300122575377,0.009999999999999787
3.8199999999999625,hold,2.5,2.5376862838040424,2.537708781188927,-18.049549504556968,-8.247354765805571,0.14338059602822556,0.1324801010460998,0.19780864168415763,0.19780864168415763,0.7849549273180858,0.009999999999999787
3.8299999999999623,hold,2.5,2.537631138179684,2.537662195383381,-18.024247921673933,-8.245224252470674,0.1433829697858906,0.13105053286345758,0.19735472519480507,0.19735472519480507,0.7831536714079567,0.009999999999999787
3.839999999999962,hold,2.5,2.537550682177499,2.537595287459852,-17.99894775763601,-8.24308743263116,0.14338776432308534,0.12967903868874822,0.19691924836445138,0.19691924836445138,0.7814255887478229,0.009999999999999787
3.849999999999962,hold,2.5,2.537531573834959,2.537557059284916,-17.973648331053234,-8.240944698360922,0.14339408078584243,0.12833912841035244,0.19649380005285513,0.19649380005285513,0.7797373017970441,0.009999999999999787
3.8599999999999617,hold,2.5,2.5375479787249997,2.537551610948966,-17.94834934310299,-8.238795021062256,0.14340093615682367,0.12700721563237463,0.19607089110759163,0.19607089110759163,0.7780590916967922,0.009999999999999787
3.8699999999999615,hold,2.5,2.5375601874025895,2.5375567568211403,-17.92305083035792,-8.236638247737304,0.14340758805633522,0.12567607109173645,0.19564822609304816,0.19564822609304816,0.776381849575588,0.009999999999999787
3.8799999999999613,hold,2.5,2.5375458440870067,2.53755020918066,-17.89775312087171,-8.234473618608979,0.14341370060937156,0.12435176114913497,0.19522773120007336,0.19522773120007336,0.7747132190479101,0.009999999999999787
3.889999999999961,hold,2.5,2.537484141968053,2.5375105688530954,-17.872456827888477,-8.232299403689225,0.1434187999354482,0.12305066930603613,0.1948146085180526,0.1948146085180526,0.7730738433256056,0.009999999999999787
3.899999999999961,hold,2.5,2.537406721844389,2.5374482606478717,-17.847162179820494,-8.230114819162416,0.14342272038413414,0.12178055673938012,0.19441132237588798,0.19441132237588798,0.771473501491619,0.009999999999999787
3.9099999999999606,hold,2.5,2.5373301048545716,2.5373773671718913,-17.821869176836977,-8.227919796643315,0.143425247180838,0.12054025687116969,0.19401750236173382,0.19401750236173382,0.7699107236576739,0.009999999999999787
3.9199999999999604,hold,2.5,2.537214410175043,2.537279592973782,-17.796578262623996,-8.225713930841923,0.14342662765575237,0.11933868460238664,0.19363597913494984,0.19363597913494984,0.7683967425990073,0.009999999999999787
3.92999999999996,hold,2.5,2.537058683911551,2.5371470475364433,-17.771289965623243,-8.223496039479821,0.14342743712859,0.1181873814455199,0.1932704173565815,0.1932704173565815,0.7669461006213552,0.009999999999999787
3.93999999999996,hold,2.5,2.5368645500508116,2.536977549045064,-17.746004746563564,-8.221265487826617,0.1434282110044521,0.11709699128015938,0.19292419667127622,0.19292419667127622,0.7655722090130008,0.009999999999999787
3.9499999999999598,hold,2.5,2.536644180685461,2.5367775280293023,-17.720722954497898,-8.219021511391993,0.14342954930432458,0.11607284754798794,0.19259901055343714,0.19259901055343714,0.7642817879104649,0.009999999999999787
3.9599999999999596,hold,2.5,2.5364132275960865,2.5365589477693726,-17.695444729308658,-8.216763814477405,0.1434317506634197,0.11511303030510807,0.19229424938247794,0.19229424938247794,0.7630724181844363,0.009999999999999787
3.9699999999999593,hold,2.5,2.5361407872627777,2.536308051465416,-17.67017014257359,-8.214496193348968,0.14343453594887615,0.1142234933990354,0.19201180362406173,0.19201180362406173,0.7619516016827846,0.009999999999999787
3.979999999999959,hold,2.5,2.535965069273732,2.536102262150406,-17.644898288531348,-8.212217536752025,0.14343657804536403,0.1133678047974497,0.19174010537928626,0.19174010537928626,0.7608734340447868,0.009999999999999787
3.989999999999959,hold,2.5,2.5358210818251097,2.5359335539552283,-17.619629552804387,-8.20991995046869,0.14343751657114182,0.1125207969655483,0.19147116345250093,0.19147116345250093,0.759806204176591,0.009999999999999787
3.9999999999999587,hold,2.5,2.5356828267727,2.5357831176457113,-17.594363620386765,-8.207606526884353,0.14343755125887697,0.1116721392479322,0.19120169765400347,0.19120169765400347,0.7587368954523948,0.009999999999999787
4.009999999999959,hold,2.5,2.5355393125155015,2.535636834567585,-17.56910018467357,-8.205281432226235,0.14343678358253406,0.11082099269711686,0.19093144160118855,0.19093144160118855,0.7576644507983673,0.010000000000000231
4.019999999999959,hold,2.5,2.53534469616241,2.53546155152448,-17.54383985622702,-8.20294395265277,0.14343598076793906,0.10998439404255268,0.19066580479639136,0.19066580479639136,0.7566103364936165,0.009999999999999787
4.0299999999999585,hold,2.5,2.5351078445840316,2.535249327360211,-17.518583152097264,-8.200593313808865,0.1434357232112255,0.10918042418611403,0.19041052828757496,0.19041052828757496,0.7555973344745038,0.009999999999999787
4.039999999999958,hold,2.5,2.5348393371198825,2.535003333216014,-17.493330263273272,-8.19823089260362,0.14343585484694188,0.1084221098765869,0.1901697483280139,0.1901697483280139,0.7546418584444996,0.009999999999999787
4.049999999999958,hold,2.5,2.5345696591029006,2.534743128748146,-17.46808107431847,-8.195857997854635,0.14343604625286763,0.10770964448676243,0.18994352631743683,0.18994352631743683,0.7537441520533208,0.009999999999999787
4.059999999999958,hold,2.5,2.5343163298561064,2.534487049412922,-17.442835406381363,-8.19347457177277,0.14343549649253012,0.10703347271801066,0.18972882825742277,0.18972882825742277,0.7528921756246935,0.009999999999999787
4.069999999999958,hold,2.5,2.534094232557299,2.534251359299548,-17.41759302257499,-8.191079777792089,0.14343396640131972,0.10637722016777387,0.18952045494767158,0.18952045494767158,0.7520652974113952,0.009999999999999787
4.079999999999957,hold,2.5,2.533847244914897,2.5340088906687575,-17.39235413276581,-8.18867427191414,0.14343181617191994,0.10574217932996062,0.18931881678084914,0.18931881678084914,0.7512651459557506,0.009999999999999787
4.089999999999957,coast,2.5,2.533569184905833,2.5337450672110027,-17.367118909858384,-8.186259744255405,0.14342934864253554,0.0,0.0,0.0,0.0,0.009999999999999787
4.099999999999957,coast,2.5,2.5394898729441446,2.5371919506508878,-17.34182702582663,-8.183830750743208,0.14343434918166764,0.0,0.0,0.0,0.0,0.009999999999999787
4.109999999999957,coast,2.5,2.5429746916636704,2.540661595258557,-17.31650331211763,-8.181394688145563,0.14344623094492875,0.0,0.0,0.0,0.0,0.009999999999999787
4.119999999999957,coast,2.5,2.541210999501529,2.54099123780434,-17.291200188647498,-8.178956955407875,0.14346176588321172,0.0,0.0,0.0,0.0,0.009999999999999787
4.129999999999956,coast,2.5,2.5346618655712754,2.5371936144645013,-17.265964922509653,-8.176521865874516,0.14347786517640443,0.0,0.0,0.0,0.0,0.009999999999999787
4.139999999999956,coast,2.5,2.5241874027043902,2.529389887408435,-17.24083614099717,-8.174090716594293,0.1434919298683251,0.0,0.0,0.0,0.0,0.009999999999999787
4.149999999999956,coast,2.5,2.511113386375683,2.5184239867887834,-17.215838948868967,-8.171666834849757,0.14350206894934175,0.0,0.0,0.0,0.0,0.009999999999999787
4.159999999999956,coast,2.5,2.4970082483681315,2.505574543736392,-17.190982914278223,-8.169252458346952,0.14350773963731706,0.0,0.0,0.0,0.0,0.009999999999999787
4.1699999999999555,coast,2.5,2.483290555810304,2.492204150980739,-17.16626365264726,-8.166847790239988,0.14350909153067276,0.0,0.0,0.0,0.0,0.009999999999999787
4.179999999999955,coast,2.5,2.471117672191953,2.4795522637074674,-17.14166529745378,-8.164452358114183,0.143507318892939,0.0,0.0,0.0,0.0,0.009999999999999787
4.189999999999955,coast,2.5,2.461212309377911,2.468548291109734,-17.117164908480323,-8.162064521674472,0.14350404634642783,0.0,0.0,0.0,0.0,0.009999999999999787
4.199999999999955,coast,2.5,2.453805240516913,2.459702460754041,-17.09273752104165,-8.159680865388207,0.14350117489461067,0.0,0.0,0.0,0.0,0.009999999999999787
4.209999999999955,coast,2.5,2.448799716704118,2.4531608143240873,-17.068358914938905,-8.157301857352222,0.14349856101319672,0.0,0.0,0.0,0.0,0.009999999999999787
4.2199999999999545,coast,2.5,2.4456929643610867,2.4486801043462867,-17.044010126225427,-8.154927975780184,0.14349636340145372,0.0,0.0,0.0,0.0,0.009999999999999787
4.229999999999954,coast,2.5,2.4435999675998445,2.4456320222984216,-17.019681415981832,-8.152558266946347,0.14349599861231666,0.0,0.0,0.0,0.0,0.009999999999999787
4.239999999999954,coast,2.5,2.441656132299818,2.443246488299259,-16.99537169334883,-8.150192961345102,0.14349862975829142,0.0,0.0,0.0,0.0,0.009999999999999787
4.249999999999954,coast,2.5,2.43918946244745,2.4408122727881736,-16.971086635239335,-8.147831762750302,0.1435049077964093,0.0,0.0,0.0,0.0,0.009999999999999787
4.259999999999954,coast,2.5,2.435739575618858,2.437768654486584,-16.946836137470108,-8.145476996326227,0.14351312232568617,0.0,0.0,0.0,0.0,0.009999999999999787
4.269999999999953,coast,2.5,2.4311047723065116,2.4337703251785405,-16.922631907214047,-8.14313167261368,0.143520941409352,0.0,0.0,0.0,0.0,0.009999999999999787
4.279999999999953,coast,2.5,2.4251539064502268,2.428600473941552,-16.8984870373444,-8.14079702736716,0.1435273760809152,0.0,0.0,0.0,0.0,0.009999999999999787
4.289999999999953,coast,2.5,2.4179853316113924,2.422231388543456,-16.874413681860595,-8.138472915932194,0.14353241216333293,0.0,0.0,0.0,0.0,0.009999999999999787
4.299999999999953,coast,2.5,2.409975140235754,2.414877639558835,-16.850419995033025,-8.136160821247739,0.1435359065848938,0.0,0.0,0.0,0.0,0.009999999999999787
4.3099999999999525,coast,2.5,2.4015672548144122,2.4068914087121813,-16.82650989830352,-8.133859493882946,0.1435369995550156,0.0,0.0,0.0,0.0,0.009999999999999787
4.319999999999952,coast,2.5,2.3933673212815916,2.3987769562538275,-16.802680892388995,-8.131571052494696,0.1435336510757505,0.0,0.0,0.0,0.0,0.009999999999999787
4.329999999999952,coast,2.5,2.3855278639762916,2.3908275008873057,-16.778929294525703,-8.129294860649345,0.14352697216183094,0.0,0.0,0.0,0.0,0.009999999999999787
4.339999999999952,coast,2.5,2.3781957698136416,2.383248462243107,-16.755250116871863,-8.1270291427406,0.14351936997599626,0.0,0.0,0.0,0.0,0.009999999999999787
4.349999999999952,coast,2.5,2.371490093592882,2.3761934410529717,-16.731637185721322,-8.1247725056097,0.14351320248047042,0.0,0.0,0.0,0.0,0.009999999999999787
4.3599999999999515,coast,2.5,2.365444338032083,2.3697439792404387,-16.70808399714813,-8.122523730211451,0.14350921636395397,0.0,0.0,0.0,0.0,0.009999999999999787
4.369999999999951,coast,2.5,2.3600740396316957,2.363942015475193,-16.68458365330845,-8.120284279752438,0.1435066236247944,0.0,0.0,0.0,0.0,0.009999999999999787
4.379999999999951,coast,2.5,2.3550389297691994,2.358600164051597,-16.661133115198474,-8.118051759445965,0.1435062039659351,0.0,0.0,0.0,0.0,0.009999999999999787
4.389999999999951,coast,2.5,2.3500586171077464,2.353475235885287,-16.63773206928126,-8.115824858017886,0.14350856014668517,0.0,0.0,0.0,0.0,0.009999999999999787
4.399999999999951,coast,2.5,2.3450358091620442,2.348411579851341,-16.61438091938688,-8.113604634601169,0.14351280883506912,0.0,0.0,0.0,0.0,0.009999999999999787
4.40999999999995,coast,2.5,2.339831682438812,2.3432636414038237,-16.591081504090333,-8.111391365260815,0.14351734482187398,0.0,0.0,0.0,0.0,0.009999999999999787
4.41999999999995,coast,2.5,2.3342267644275623,2.337841515218067,-16.567838060015763,-8.109183379399356,0.14352225578160985,0.0,0.0,0.0,0.0,0.009999999999999787
4.42999999999995,coast,2.5,2.328173689334615,2.332040819687996,-16.544655089432514,-8.106980863705456,0.1435278409438252,0.0,0.0,0.0,0.0,0.009999999999999787
4.43999999999995,coast,2.5,2.3217348128124833,2.3258572155626887,-16.521536531499958,-8.104782894834582,0.14353378860189983,0.0,0.0,0.0,0.0,0.009999999999999787
4.4499999999999496,coast,2.5,2.3151616248651847,2.319439861144186,-16.498483437094183,-8.102591686813703,0.1435376529078011,0.0,0.0,0.0,0.0,0.009999999999999787
4.459999999999949,coast,2.5,2.308519948506675,2.3128879135616796,-16.47549663845212,-8.100405106510625,0.1435385134542341,0.0,0.0,0.0,0.0,0.009999999999999787
4.469999999999949,coast,2.5,2.3017950078131713,2.3062321701125743,-16.45257700334981,-8.098222568117029,0.14353737835083002,0.0,0.0,0.0,0.0,0.009999999999999787
4.479999999999949,coast,2.5,2.2950886394912806,2.299546051739798,-16.429724422172946,-8.09604302858016,0.14353522032355878,0.0,0.0,0.0,0.0,0.009999999999999787
4.489999999999949,coast,2.5,2.2885946692372863,2.292975222238291,-16.406936584188454,-8.093867930431088,0.14353173145646708,0.0,0.0,0.0,0.0,0.009999999999999787
4.4999999999999485,coast,2.5,2.2822832747989223,2.2865600537746698,-16.38421169537359,-8.091696892675747,0.14352793962812646,0.0,0.0,0.0,0.0,0.009999999999999787
4.509999999999948,coast,2.5,2.276105923454785,2.280287575582739,-16.361548640198052,-8.089527690525788,0.14352479358067077,0.0,0.0,0.0,0.0,0.009999999999999787
4.519999999999948,coast,2.5,2.270177812025982,2.2742217174486847,-16.33894475363871,-8.087361955249413,0.1435215150217763,0.0,0.0,0.0,0.0,0.009999999999999787
4.529999999999948,coast,2.5,2.2643648192332937,2.26830757851945,-16.316399047848396,-8.085198284547385,0.14351862231583223,0.0,0.0,0.0,0.0,0.009999999999999787
4.539999999999948,coast,2.5,2.2585468902937835,2.26245116558405,-16.293911764432846,-8.083035080379428,0.1435166261979216,0.0,0.0,0.0,0.0,0.009999999999999787
4.549999999999947,coast,2.5,2.2527731886364037,2.2566443794154623,-16.271482235084452,-8.080874801798839,0.14351488812426644,0.0,0.0,0.0,0.0,0.009999999999999787
4.559999999999947,coast,2.5,2.2469090027541254,2.2508031534186603,-16.249111449839447,-8.078716968973813,0.1435140721179336,0.0,0.0,0.0,0.0,0.009999999999999787
4.569999999999947,coast,2.5,2.2408676090458957,2.2448418267950014,-16.22680144879255,-8.07655915769073,0.14351485315553653,0.0,0.0,0.0,0.0,0.009999999999999787
4.579999999999947,coast,2.5,2.2347825691665735,2.2388062722179445,-16.204552442741115,-8.074403452174156,0.14351576745944097,0.0,0.0,0.0,0.0,0.009999999999999787
4.589999999999947,coast,2.5,2.2286831149972817,2.232732377885547,-16.182364509530434,-8.072250325298743,0.143515869502893,0.0,0.0,0.0,0.0,0.009999999999999787
4.599999999999946,coast,2.5,2.222484916392313,2.2265839009896062,-16.16023864248381,-8.070099774712702,0.1435155920415892,0.0,0.0,0.0,0.0,0.009999999999999787
4.609999999999946,coast,2.5,2.2161572003096803,2.220327880581651,-16.138176312712297,-8.067950147284625,0.14351609520089287,0.0,0.0,0.0,0.0,0.009999999999999787
4.619999999999946,coast,2.5,2.2098172479135427,2.214021500980786,-16.116177712123374,-8.065800488273329,0.1435169703804446,0.0,0.0,0.0,0.0,0.009999999999999787
4.629999999999946,coast,2.5,2.2036032089529476,2.207770525764083,-16.094241234660664,-8.063653891525481,0.14351682765183743,0.0,0.0,0.0,0.0,0.009999999999999787
4.6399999999999455,coast,2.5,2.1974380521256776,2.20157104158104,-16.07236640457267,-8.061510180941017,0.1435159436350965,0.0,0.0,0.0,0.0,0.009999999999999787
4.649999999999945,coast,2.5,2.1912381057159998,2.195371280062016,-16.050553805826176,-8.059367162178976,0.1435155433312067,0.0,0.0,0.0,0.0,0.009999999999999787
4.659999999999945,coast,2.5,2.1850887862960895,2.18920178380246,-16.028802887844744,-8.057225203979483,0.14351533720196227,0.0,0.0,0.0,0.0,0.009999999999999787
4.669999999999945,coast,2.5,2.1790522852109144,2.183112084647533,-16.007112366798808,-8.055085724107943,0.14351449843268602,0.0,0.0,0.0,0.0,0.009999999999999787
4.679999999999945,coast,2.5,2.173065305334974,2.1770840170599977,-15.985481715781924,-8.052949116972686,0.1435130659842864,0.0,0.0,0.0,0.0,0.009999999999999787
4.689999999999944,coast,2.5,2.1670424976249576,2.1710591053989736,-15.963911338229343,-8.050815220503818,0.14351200706007788,0.0,0.0,0.0,0.0,0.009999999999999787
4.699999999999944,coast,2.5,2.1609459982889367,2.1649912411329515,-15.942402254393594,-8.048681409262963,0.14351212595421173,0.0,0.0,0.0,0.0,0.009999999999999787
4.709999999999944,coast,2.5,2.154905372567079,2.1589397199934277,-15.920953557739043,-8.046550954724168,0.1435119130133687,0.0,0.0,0.0,0.0,0.009999999999999787
4.719999999999944,coast,2.5,2.1489137479247016,2.1529241367521923,-15.899564671070905,-8.0444246538467,0.14351075519641648,0.0,0.0,0.0,0.0,0.009999999999999787
4.729999999999944,coast,2.5,2.14283082285366,2.1468681484130725,-15.878236558161541,-8.042302263181067,0.14350961437991588,0.0,0.0,0.0,0.0,0.009999999999999787
4.739999999999943,coast,2.5,2.136651838175443,2.1407383622704947,-15.856970207501579,-8.040183733568252,0.14350954501327287,0.0,0.0,0.0,0.0,0.009999999999999787
4.749999999999943,coast,2.5,2.130404505044145,2.134538047934685,-15.83576650597852,-8.038067093871236,0.14351119442353116,0.0,0.0,0.0,0.0,0.009999999999999787
4.759999999999943,coast,2.5,2.124219738607518,2.128347062338385,-15.814624507698491,-8.035955184807374,0.14351300518238946,0.0,0.0,0.0,0.0,0.009999999999999787
4.769999999999943,coast,2.5,2.118135059544927,2.1222198606623097,-15.793543061106913,-8.033849240302127,0.14351398536038895,0.0,0.0,0.0,0.0,0.009999999999999787
4.7799999999999425,coast,2.5,2.112016252801516,2.1160976959458333,-15.772522552100643,-8.03174894258953,0.14351485857466015,0.0,0.0,0.0,0.0,0.009999999999999787
4.789999999999942,coast,2.5,2.1058536487701076,2.1099512676403975,-15.751563511634448,-8.02965350955733,0.1435165172276111,0.0,0.0,0.0,0.0,0.009999999999999787
4.799999999999942,coast,2.5,2.099677576908844,2.103787053201465,-15.730665997217452,-8.027563802355253,0.14351959845291892,0.0,0.0,0.0,0.0,0.009999999999999787
4.809999999999942,coast,2.5,2.0934895606776975,2.0976085576872046,-15.709830395658937,-8.025477149713609,0.1435244886903863,0.0,0.0,0.0,0.0,0.009999999999999787
4.819999999999942,coast,2.5,2.0874180432676477,2.0914942490354704,-15.689055232778736,-8.023396128593804,0.1435287488026667,0.0,0.0,0.0,0.0,0.009999999999999787
4.8299999999999415,coast,2.5,2.081515099014857,2.0855067590231027,-15.668338538791925,-8.021323193890764,0.1435304596183001,0.0,0.0,0.0,0.0,0.009999999999999787
4.839999999999941,coast,2.5,2.0756030134605905,2.079564511685595,-15.647680549407593,-8.019257069297558,0.1435300266418425,0.0,0.0,0.0,0.0,0.009999999999999787
4.849999999999941,coast,2.5,2.069593930282844,2.0735821628439446,-15.627082330121544,-8.017197187853018,0.1435287899937408,0.0,0.0,0.0,0.0,0.009999999999999787
4.859999999999941,coast,2.5,2.063505096034932,2.067535922758537,-15.606544699224647,-8.015143651661633,0.14352795069845653,0.0,0.0,0.0,0.0,0.009999999999999787
4.869999999999941,coast,2.5,2.057343336060683,2.0614203707398246,-15.586068571354598,-8.013094808414598,0.14352844541284088,0.0,0.0,0.0,0.0,0.009999999999999787
4.87999999999994,coast,2.5,2.05121276493568,2.055295807257338,-15.565653525026272,-8.011051451901274,0.14352884689723094,0.0,0.0,0.0,0.0,0.009999999999999787
4.88999999999994,coast,2.5,2.0452098721039245,2.0492442461652898,-15.54529798247356,-8.009016233812103,0.14352753740542573,0.0,0.0,0.0,0.0,0.009999999999999787
4.89999999999994,coast,2.5,2.0391975622275447,2.0432162358026424,-15.525002146424551,-8.006988173125983,0.14352487664879918,0.0,0.0,0.0,0.0,0.009999999999999787
4.90999999999994,coast,2.5,2.0330884720046,2.037139577523817,-15.50476708975996,-8.004966554442213,0.1435222482526073,0.0,0.0,0.0,0.0,0.009999999999999787
4.9199999999999395,coast,2.5,2.0269079656668887,2.0310006104096603,-15.484593739503145,-8.00294946558051,0.14352071843680606,0.0,0.0,0.0,0.0,0.009999999999999787
4.929999999999939,coast,2.5,2.0207566661066423,2.0248542438278494,-15.464481617569763,-8.000938571800873,0.14351952241334903,0.0,0.0,0.0,0.0,0.009999999999999787
4.939999999999939,coast,2.5,2.014687869201624,2.0187544190521143,-15.444429811129456,-7.99893454729227,0.1435179301954023,0.0,0.0,0.0,0.0,0.009999999999999787
4.949999999999939,coast,2.5,2.0085923215589534,2.012657160556218,-15.424438651175407,-7.996936903348285,0.14351663919182078,0.0,0.0,0.0,0.0,0.009999999999999787
4.959999999999939,coast,2.5,2.0024353671391553,2.0065240845059806,-15.404508961703508,-7.994943737974817,0.1435165909403131,0.0,0.0,0.0,0.0,0.009999999999999787
4.9699999999999385,coast,2.5,1.9963104983913054,2.0003959328371756,-15.384640350176678,-7.992955581717186,0.14351705049018565,0.0,0.0,0.0,0.0,0.009999999999999787
4.979999999999938,coast,2.5,1.9902702770756793,1.9943205393802779,-15.36483181902669,-7.990973721045964,0.1435171434171239,0.0,0.0,0.0,0.0,0.009999999999999787
4.989999999999938,coast,2.5,1.9842102361021157,1.9882543574133806,-15.345083624708826,-7.988997698081567,0.14351740760655113,0.0,0.0,0.0,0.0,0.009999999999999787
4.999999999999938,coast,2.5,1.9780913502055295,1.9821565530886698,-15.325396484718166,-7.987026433112713,0.14351879475415613,0.0,0.0,0.0,0.0,0.009999999999999787
5.009999999999938,coast,2.5,1.971940176583573,1.9760267271856116,-15.305770946734057,-7.985057734304438,0.1435216261462988,0.0,0.0,0.0,0.0,0.009999999999999787
5.019999999999937,coast,2.5,1.9658818047744404,1.969939773738909,-15.28620575831242,-7.983094447977348,0.14352430962149834,0.0,0.0,0.0,0.0,0.009999999999999787
5.029999999999937,coast,2.5,1.959878008919467,1.9639027148472437,-15.266700359672331,-7.981136598254009,0.1435263760030719,0.0,0.0,0.0,0.0,0.009999999999999787
5.039999999999937,coast,2.5,1.953807806922089,1.9578457700921508,-15.247255693632841,-7.979181598656863,0.14352851204364941,0.0,0.0,0.0,0.0,0.009999999999999787
5.049999999999937,coast,2.5,1.9477629678421313,1.951796088742139,-15.227871403696216,-7.9772302987472345,0.14352983262562907,0.0,0.0,0.0,0.0,0.009999999999999787
5.0599999999999365,coast,2.5,1.9417889313602394,1.9457917943129994,-15.20854664323672,-7.975283907691875,0.14352952038423603,0.0,0.0,0.0,0.0,0.009999999999999787
5.069999999999936,coast,2.5,1.9357706585796461,1.9397791128729875,-15.189281940952933,-7.973341787537045,0.14352837284346162,0.0,0.0,0.0,0.0,0.009999999999999787
5.079999999999936,coast,2.5,1.9296766228627569,1.933717618866849,-15.170078126070385,-7.971403515249176,0.14352759222281747,0.0,0.0,0.0,0.0,0.009999999999999787
5.089999999999936,coast,2.5,1.9235285563081326,1.9276041813316191,-15.150936049357458,-7.969466154728886,0.14352782481134865,0.0,0.0,0.0,0.0,0.009999999999999787
5.099999999999936,coast,2.5,1.9174734491742866,1.9215257420372196,-15.131854368676809,-7.967533417862126,0.14352748409698562,0.0,0.0,0.0,0.0,0.009999999999999787
5.1099999999999355,coast,2.5,1.9114683510568482,1.9154913074489968,-15.11283256707431,-7.965605409494577,0.14352631367837096,0.0,0.0,0.0,0.0,0.009999999999999787
5.119999999999935,coast,2.5,1.9053836099769137,1.909426688965747,-15.093871687577012,-7.963679972759168,0.1435254358548316,0.0,0.0,0.0,0.0,0.009999999999999787
5.129999999999935,coast,2.5,1.8992739279941966,1.9033350323828166,-15.074972032110091,-7.961756611200362,0.14352486993647612,0.0,0.0,0.0,0.0,0.009999999999999787
5.139999999999935,coast,2.5,1.8932458502690286,1.897281523114544,-15.056132545796236,-7.959837417296745,0.14352342733120768,0.0,0.0,0.0,0.0,0.009999999999999787
5.149999999999935,coast,2.5,1.8872322672315742,1.891251969584762,-15.037353086638088,-7.957922403149975,0.14352122056107725,0.0,0.0,0.0,0.0,0.009999999999999787
5.159999999999934,coast,2.5,1.881134896678614,1.8851817258410732,-15.018634614692777,-7.9560106711902705,0.14351951628007226,0.0,0.0,0.0,0.0,0.009999999999999787
5.169999999999934,coast,2.5,1.8749956036968427,1.879070052554535,-14.999977707052683,-7.954100739850125,0.1435186050013184,0.0,0.0,0.0,0.0,0.009999999999999787
5.179999999999934,coast,2.5,1.868930473914733,1.8729863053706537,-14.981381339167687,-7.952195110453298,0.1435172721118552,0.0,0.0,0.0,0.0,0.009999999999999787
5.189999999999934,coast,2.5,1.8629048738780536,1.8669374464750939,-14.96284510233578,-7.950293866651187,0.1435153344174669,0.0,0.0,0.0,0.0,0.009999999999999787
5.199999999999934,coast,2.5,1.8568163709484935,1.8608648011591336,-14.944369681718424,-7.94839669351919,0.14351382217346856,0.0,0.0,0.0,0.0,0.009999999999999787
5.209999999999933,coast,2.5,1.850676456231569,1.8547517942025946,-14.925955674452808,-7.9465029602035,0.1435136769705257,0.0,0.0,0.0,0.0,0.009999999999999787
5.219999999999933,coast,2.5,1.8445164693781912,1.8486105993079527,-14.90760341520205,-7.944611336674678,0.14351493647037622,0.0,0.0,0.0,0.0,0.009999999999999787
5.229999999999933,coast,2.5,1.8384544780941117,1.842516926579648,-14.889311575504701,-7.942724847942228,0.14351596911390999,0.0,0.0,0.0,0.0,0.009999999999999787
5.239999999999933,coast,2.5,1.8324625388310283,1.8364842939304762,-14.871079442193425,-7.9408434755849555,0.14351621222831626,0.0,0.0,0.0,0.0,0.009999999999999787
5.2499999999999325,coast,2.5,1.8264196342631636,1.8304454981300884,-14.852907594967448,-7.938966742565943,0.1435165425917766,0.0,0.0,0.0,0.0,0.009999999999999787
5.259999999999932,coast,2.5,1.8203275197461999,1.8243747110997552,-14.834796542435665,-7.937094663429653,0.1435177949721264,0.0,0.0,0.0,0.0,0.009999999999999787
5.269999999999932,coast,2.5,1.8142021785776052,1.8182711915864653,-14.816746817449067,-7.935225349359449,0.14352036260478254,0.0,0.0,0.0,0.0,0.009999999999999787
5.279999999999932,coast,2.5,1.8081626046697656,1.8122060394364454,-14.798757237695986,-7.933361610069445,0.14352269777111012,0.0,0.0,0.0,0.0,0.009999999999999787
5.289999999999932,coast,2.5,1.8021944608441647,1.806199092281077,-14.780826998004034,-7.931504157670953,0.14352404252809836,0.0,0.0,0.0,0.0,0.009999999999999787
5.299999999999931,coast,2.5,1.7961775435517775,1.8001861630434974,-14.762956688522948,-7.929652181500137,0.14352512311988752,0.0,0.0,0.0,0.0,0.009999999999999787
5.309999999999931,coast,2.5,1.7901133062446046,1.7941424489641618,-14.745146839142464,-7.927805295239734,0.14352665410763005,0.0,0.0,0.0,0.0,0.009999999999999787
5.319999999999931,coast,2.5,1.7840225051896774,1.7880704826994713,-14.727397847901802,-7.925962227652574,0.1435286670274476,0.0,0.0,0.0,0.0,0.009999999999999787
5.329999999999931,coast,2.5,1.778020709279282,1.7820406186473576,-14.709708502416579,-7.924125780367635,0.1435296523464159,0.0,0.0,0.0,0.0,0.009999999999999787
5.339999999999931,coast,2.5,1.7720592928175902,1.7760518231494973,-14.69207835377222,-7.922296329101487,0.1435292653107776,0.0,0.0,0.0,0.0,0.009999999999999787
5.34999999999993,coast,2.5,1.766032443229822,1.770040195197692,-14.674508208314407,-7.920472655192474,0.1435285322566715,0.0,0.0,0.0,0.0,0.009999999999999787
5.35999999999993,coast,2.5,1.7599484538967605,1.7639851504171329,-14.656998657353132,-7.918654764543939,0.1435283273379818,0.0,0.0,0.0,0.0,0.009999999999999787
5.36999999999993,coast,2.5,1.753841006101336,1.757898663827655,-14.639550097795572,-7.9168411005665105,0.14352873819116735,0.0,0.0,0.0,0.0,0.009999999999999787
5.37999999999993,coast,2.5,1.74782313019784,1.7518533436497659,-14.622161335754821,-7.915034239969771,0.14352840597793542,0.0,0.0,0.0,0.0,0.009999999999999787
5.3899999999999295,coast,2.5,1.7418330900694476,1.745841191501575,-14.604832025669069,-7.913234807665177,0.14352719155298405,0.0,0.0,0.0,0.0,0.009999999999999787
5.399999999999929,coast,2.5,1.735773535320613,1.7398005977929976,-14.587563047763501,-7.911441273387946,0.14352619765439661,0.0,0.0,0.0,0.0,0.009999999999999787
5.409999999999929,coast,2.5,1.7296746222487671,1.7337250124664592,-14.570354792491392,-7.909653793869696,0.14352602126224143,0.0,0.0,0.0,0.0,0.009999999999999787
5.419999999999929,coast,2.5,1.7235578830937923,1.727624734842859,-14.553207399311493,-7.907872823781311,0.14352716518461345,0.0,0.0,0.0,0.0,0.009999999999999787
5.429999999999929,coast,2.5,1.7174204409056681,1.7215021584805446,-14.536121385661152,-7.906095361170591,0.14352972774749298,0.0,0.0,0.0,0.0,0.009999999999999787
5.4399999999999284,coast,2.5,1.711411198306186,1.7154475823759294,-14.519095023573499,-7.90432521221941,0.14353152464200508,0.0,0.0,0.0,0.0,0.009999999999999787
5.449999999999928,coast,2.5,1.705464452365219,1.7094577043695032,-14.502127670533131,-7.9025624131197585,0.14353192300704623,0.0,0.0,0.0,0.0,0.009999999999999787
5.459999999999928,coast,2.5,1.6994520213122877,1.7034542945351738,-14.48522013782247,-7.900805711019073,0.1435318124311426,0.0,0.0,0.0,0.0,0.009999999999999787
5.469999999999928,coast,2.5,1.6933883012074562,1.6974146985385432,-14.46837303009868,-7.899054406433007,0.14353196833159998,0.0,0.0,0.0,0.0,0.009999999999999787
5.479999999999928,coast,2.5,1.6873125137650415,1.6913533876744422,-14.451586546784185,-7.897307724149942,0.14353229320365785,0.0,0.0,0.0,0.0,0.009999999999999787
5.489999999999927,coast,2.5,1.6813270039661574,1.6853375574494713,-14.434859536768442,-7.89556777342469,0.14353155920804933,0.0,0.0,0.0,0.0,0.009999999999999787
5.499999999999927,coast,2.5,1.6753222415896303,1.6793283679335667,-14.418192219508978,-7.893834412919356,0.14353023987642793,0.0,0.0,0.0,0.0,0.009999999999999787
5.509999999999927,coast,2.5,1.6692501126269899,1.6732814147496207,-14.401585387280559,-7.892106748521321,0.1435294328729507,0.0,0.0,0.0,0.0,0.009999999999999787
5.519999999999927,coast,2.5,1.663127552177058,1.6671890972060832,-14.385039658363596,-7.890383849502589,0.14352998660189586,0.0,0.0,0.0,0.0,0.009999999999999787
5.5299999999999265,coast,2.5,1.6570543117992622,1.6611082259619905,-14.36855451540471,-7.888665675349261,0.14353075458440928,0.0,0.0,0.0,0.0,0.009999999999999787
5.539999999999926,coast,2.5,1.6511083888386013,1.6551083236879571,-14.352128432241543,-7.886954298796596,0.14353022365376883,0.0,0.0,0.0,0.0,0.009999999999999787
5.549999999999926,coast,2.5,1.6451223371730703,1.649116731779025,-14.335761942951788,-7.885248631377735,0.14352912895858544,0.0,0.0,0.0,0.0,0.009999999999999787
5.559999999999926,coast,2.5,1.6390699306457432,1.6430886510990559,-14.319455847916828,-7.883547599618079,0.14352849549709376,0.0,0.0,0.0,0.0,0.009999999999999787
5.569999999999926,coast,2.5,1.632996998314962,1.6370336594285995,-14.303210348621537,-7.88185127368465,0.14352848108122185,0.0,0.0,0.0,0.0,0.009999999999999787
5.5799999999999255,coast,2.5,1.6269625196914894,1.6309909755863334,-14.28702496236205,-7.8801604573088895,0.14352851216173573,0.0,0.0,0.0,0.0,0.009999999999999787
5.589999999999925,coast,2.5,1.620960860574964,1.6249729065795118,-14.27089930086438,-7.878475656739335,0.14352831258880552,0.0,0.0,0.0,0.0,0.009999999999999787
5.599999999999925,coast,2.5,1.6149292576312222,1.6189467172105378,-14.254833709369663,-7.876796563822609,0.14352847677484898,0.0,0.0,0.0,0.0,0.009999999999999787
5.609999999999925,coast,2.5,1.6088554847064633,1.612891977708093,-14.238828691540627,-7.87512254244848,0.14352973527528878,0.0,0.0,0.0,0.0,0.009999999999999787
5.619999999999925,coast,2.5,1.6027646901499144,1.606815605173186,-14.222884657700888,-7.873451275533706,0.1435320493846767,0.0,0.0,0.0,0.0,0.009999999999999787
5.629999999999924,coast,2.5,1.5967770320308332,1.6007924612877744,-14.207000171905253,-7.8717862284019215,0.14353361967462916,0.0,0.0,0.0,0.0,0.009999999999999787
5.639999999999924,coast,2.5,1.5908402950598122,1.594821161550997,-14.191174729421041,-7.870127250434528,0.14353391562357326,0.0,0.0,0.0,0.0,0.009999999999999787
5.649999999999924,coast,2.5,1.5848413744766823,1.5888332893064083,-14.175409108390763,-7.868473072341478,0.1435337871322559,0.0,0.0,0.0,0.0,0.009999999999999787
5.659999999999924,coast,2.5,1.578792503523877,1.5828088178368895,-14.159703886001973,-7.866823132526463,0.14353399166409533,0.0,0.0,0.0,0.0,0.009999999999999787
5.6699999999999235,coast,2.5,1.5727369547914296,1.5767657000096136,-14.144059210595051,-7.8651766081824634,0.14353427916702496,0.0,0.0,0.0,0.0,0.009999999999999787
5.679999999999923,coast,2.5,1.5667668329448985,1.5707663797707845,-14.128473929709894,-7.863536069164526,0.14353341893646404,0.0,0.0,0.0,0.0,0.009999999999999787
5.689999999999923,coast,2.5,1.5607800712075313,1.5647745946328326,-14.112948253500445,-7.861901198893895,0.1435317747319865,0.0,0.0,0.0,0.0,0.009999999999999787
5.699999999999923,coast,2.5,1.5547249563416852,1.5587448116581442,-14.09748307194172,-7.860270267737469,0.14353033592589157,0.0,0.0,0.0,0.0,0.009999999999999787
5.709999999999923,coast,2.5,1.5486609874071249,1.5526945171075326,-14.0820784704889,-7.858643283670458,0.14352896868251727,0.0,0.0,0.0,0.0,0.009999999999999787
5.7199999999999225,coast,2.5,1.5426533439462506,1.5466698132107632,-14.066733709346362,-7.857021755667509,0.14352692666450412,0.0,0.0,0.0,0.0,0.009999999999999787
5.729999999999922,coast,2.5,1.5366551633916123,1.5406610233192728,-14.051448703469243,-7.855405627817637,0.14352437622985073,0.0,0.0,0.0,0.0,0.009999999999999787
5.739999999999922,coast,2.5,1.5305965194893167,1.5346223210212993,-14.036224117120089,-7.853794569626994,0.14352238330209294,0.0,0.0,0.0,0.0,0.009999999999999787
5.749999999999922,coast,2.5,1.5245007525127743,1.5285493799161842,-14.021060436890611,-7.852187593659164,0.14352150193665233,0.0,0.0,0.0,0.0,0.009999999999999787
5.759999999999922,coast,2.5,1.5184290906839666,1.5224772063768537,-14.005957350409133,-7.850585263090818,0.14352130728970852,0.0,0.0,0.0,0.0,0.009999999999999787
5.769999999999921,coast,2.5,1.5124092824831181,1.5164364520406124,-13.990914256199193,-7.848988209920923,0.14352119101473773,0.0,0.0,0.0,0.0,0.009999999999999787
5.779999999999921,coast,2.5,1.5063993243110303,1.5104141754028633,-13.975931010801062,-7.847396864661991,0.14352122166472772,0.0,0.0,0.0,0.0,0.009999999999999787
5.789999999999921,coast,2.5,1.500348685594147,1.5043748815176334,-13.961008149133368,-7.845810174424909,0.14352217467055894,0.0,0.0,0.0,0.0,0.009999999999999787
5.799999999999921,coast,2.5,1.4942889276644042,1.498323309205696,-13.946145828950133,-7.844227478485839,0.14352393201631458,0.0,0.0,0.0,0.0,0.009999999999999787
5.809999999999921,coast,2.5,1.4883026981012288,1.4923109425430157,-13.931343112845266,-7.8426504153006835,0.14352528266722625,0.0,0.0,0.0,0.0,0.009999999999999787
5.81999999999992,coast,2.5,1.4823533864391254,1.4863364088806814,-13.91659954584872,-7.841079723923935,0.14352589335064864,0.0,0.0,0.0,0.0,0.009999999999999787
5.82999999999992,coast,2.5,1.4763454881477327,1.480341856440912,-13.90191583580021,-7.839514454885868,0.14352660933612507,0.0,0.0,0.0,0.0,0.009999999999999787
5.83999999999992,coast,2.5,1.4702976999233952,1.474315362530402,-13.887292433385559,-7.837954251682023,0.14352804977201097,0.0,0.0,0.0,0.0,0.009999999999999787
5.84999999999992,coast,2.5,1.4642434069667543,1.4682721891922133,-13.872729518884473,-7.83639798712627,0.14353004769887934,0.0,0.0,0.0,0.0,0.009999999999999787
5.8599999999999195,coast,2.5,1.4582756377754356,1.4622742583421466,-13.858225921497858,-7.834848227737052,0.14353118970188244,0.0,0.0,0.0,0.0,0.009999999999999787
5.869999999999919,coast,2.5,1.4523310589468934,1.4563083387049947,-13.843781385317083,-7.833305172122604,0.14353131979529288,0.0,0.0,0.0,0.0,0.009999999999999787
5.879999999999919,coast,2.5,1.4463245094717394,1.4503180411650414,-13.829396678273543,-7.831767653796288,0.14353141094599636,0.0,0.0,0.0,0.0,0.009999999999999787
5.889999999999919,coast,2.5,1.4402766860239282,1.4442932280803735,-13.81507230885519,-7.8302349014064445,0.14353205135777622,0.0,0.0,0.0,0.0,0.009999999999999787
5.899999999999919,coast,2.5,1.4342554218457135,1.4382705443395776,-13.800807930887268,-7.828707532832634,0.14353260369333518,0.0,0.0,0.0,0.0,0.009999999999999787
5.909999999999918,coast,2.5,1.4283016285067223,1.4322891948398644,-13.786602695866852,-7.827186987526806,0.1435321977126262,0.0,0.0,0.0,0.0,0.009999999999999787
5.919999999999918,coast,2.5,1.422324554616416,1.4263104107057953,-13.772456886528323,-7.825672918459479,0.14353133583523361,0.0,0.0,0.0,0.0,0.009999999999999787
5.929999999999918,coast,2.5,1.4162941031884229,1.4203006261953717,-13.758371117311091,-7.824164773581423,0.14353093831335187,0.0,0.0,0.0,0.0,0.009999999999999787
5.939999999999918,coast,2.5,1.4102234532541724,1.414254322430652,-13.744345874315687,-7.822661908075172,0.14353173412760795,0.0,0.0,0.0,0.0,0.009999999999999787
5.949999999999918,coast,2.5,1.404165262007065,1.4082008861764999,-13.730381050433142,-7.821164059803162,0.1435333371016923,0.0,0.0,0.0,0.0,0.009999999999999787
5.959999999999917,coast,2.5,1.398194799456821,1.4021972341446927,-13.71647552093402,-7.819673255055575,0.14353447034453554,0.0,0.0,0.0,0.0,0.009999999999999787
5.969999999999917,coast,2.5,1.3922246326586345,1.3962136732530577,-13.702629320043801,-7.818189173816686,0.14353523665762943,0.0,0.0,0.0,0.0,0.009999999999999787
5.979999999999917,coast,2.5,1.3862079829865346,1.390210259093144,-13.688843074746888,-7.816710430587018,0.1435361709682444,0.0,0.0,0.0,0.0,0.009999999999999787
5.989999999999917,coast,2.5,1.3801964319801518,1.3842019628253488,-13.675116718627319,-7.815237095854495,0.1435368615376793,0.0,0.0,0.0,0.0,0.009999999999999787
5.9999999999999165,coast,2.5,1.374240506776997,1.3782250891963377,-13.661449538004058,-7.813770460992481,0.14353643125872909,0.0,0.0,0.0,0.0,0.009999999999999787
6.009999999999916,coast,2.5,1.3682895661857588,1.3722637753899902,-13.647841476259106,-7.812310613785831,0.1435349141850073,0.0,0.0,0.0,0.0,0.009999999999999787
6.019999999999916,coast,2.5,1.3622832134426635,1.366275438221594,-13.63429322693365,-7.81085647371907,0.14353326796023883,0.0,0.0,0.0,0.0,0.009999999999999787
6.029999999999916,coast,2.5,1.3562358004670574,1.360251655568872,-13.620805301825138,-7.809407204775295,0.14353196664759324,0.0,0.0,0.0,0.0,0.009999999999999787
6.039999999999916,coast,2.5,1.3502301859238852,1.35423877378188,-13.607377122830425,-7.807964136023736,0.14353026386000475,0.0,0.0,0.0,0.0,0.009999999999999787
6.0499999999999154,coast,2.5,1.3442572861423885,1.3482498811981851,-13.594008276393414,-7.806528021184259,0.14352795425415527,0.0,0.0,0.0,0.0,0.009999999999999787
6.059999999999915,coast,2.5,1.3382333921294904,1.3422399877569684,-13.580699385271775,-7.80509801316377,0.14352597437590475,0.0,0.0,0.0,0.0,0.009999999999999787
6.069999999999915,coast,2.5,1.3321677333449582,1.3361966351097623,-13.567450916895362,-7.803673806937074,0.14352512435953743,0.0,0.0,0.0,0.0,0.009999999999999787
6.079999999999915,coast,2.5,1.3260851939631113,1.3301297704217716,-13.554263184828779,-7.802254077261404,0.1435256085871783,0.0,0.0,0.0,0.0,0.009999999999999787
6.089999999999915,coast,2.5,1.3200754515091377,1.324097179074191,-13.541135267226924,-7.800840346085986,0.14352620412082664,0.0,0.0,0.0,0.0,0.009999999999999787
6.099999999999914,coast,2.5,1.314128229642703,1.3181158094152983,-13.528066413642586,-7.799433614189714,0.14352620044946857,0.0,0.0,0.0,0.0,0.009999999999999787
6.109999999999914,coast,2.5,1.3081413813821092,1.3121311525953847,-13.515057160129047,-7.798032736836561,0.14352626928585333,0.0,0.0,0.0,0.0,0.009999999999999787
6.119999999999914,coast,2.5,1.3021164441149105,1.3061223275071001,-13.502107921405422,-7.796637531587511,0.14352701357950776,0.0,0.0,0.0,0.0,0.009999999999999787
6.129999999999914,coast,2.5,1.2960771292923128,1.3000952085782278,-13.489219012728952,-7.795246411451569,0.14352848798413348,0.0,0.0,0.0,0.0,0.009999999999999787
6.1399999999999135,coast,2.5,1.2901065057671413,1.294101986891576,-13.476389505899286,-7.79386134866691,0.14352946338978553,0.0,0.0,0.0,0.0,0.009999999999999787
6.149999999999913,coast,2.5,1.2841756767473396,1.2881462008050342,-13.46361890849477,-7.792483125776764,0.1435294918168573,0.0,0.0,0.0,0.0,0.009999999999999787
6.159999999999913,coast,2.5,1.2781899701887875,1.2821724624352862,-13.450907933853895,-7.791110412917969,0.14352940953351834,0.0,0.0,0.0,0.0,0.009999999999999787
6.169999999999913,coast,2.5,1.2721614109948862,1.2761658315710462,-13.438257109173529,-7.789742434865737,0.14352985399746554,0.0,0.0,0.0,0.0,0.009999999999999787
6.179999999999913,coast,2.5,1.2661455188951116,1.2701536439654855,-13.425666284755257,-7.7883793085087065,0.14353038367546117,0.0,0.0,0.0,0.0,0.009999999999999787
6.1899999999999125,coast,2.5,1.2601914387199196,1.264176320818146,-13.413134644670688,-7.787022675286224,0.14353014651412171,0.0,0.0,0.0,0.0,0.009999999999999787
6.199999999999912,coast,2.5,1.2542254588962667,1.2582058036650183,-13.400662351329695,-7.78567221519706,0.14352950469659073,0.0,0.0,0.0,0.0,0.009999999999999787
6.209999999999912,coast,2.5,1.2482092590108174,1.2522078768724978,-13.388249990585445,-7.784327345489002,0.14352933487661906,0.0,0.0,0.0,0.0,0.009999999999999787
6.219999999999912,coast,2.5,1.2421631012327885,1.2461810114886722,-13.375897878919982,-7.782988028834618,0.1435302583653938,0.0,0.0,0.0,0.0,0.009999999999999787
6.229999999999912,coast,2.5,1.2360983443061182,1.24013141117914,-13.363606309875204,-7.781653324052307,0.14353262707868902,0.0,0.0,0.0,0.0,0.009999999999999787
6.239999999999911,coast,2.5,1.2300888686925902,1.2341058856872102,-13.351374628218537,-7.780323932419051,0.14353537688468024,0.0,0.0,0.0,0.0,0.009999999999999787
6.249999999999911,coast,2.5,1.2241643292485107,1.2281409518239905,-13.339201815880187,-7.779001150397417,0.14353734575973276,0.0,0.0,0.0,0.0,0.009999999999999787
6.259999999999911,coast,2.5,1.2182150428392713,1.222185406433159,-13.32708822294563,-7.777684124825309,0.14353888994964686,0.0,0.0,0.0,0.0,0.009999999999999787
6.269999999999911,coast,2.5,1.2122372966729351,1.2162165405770247,-13.315034200223161,-7.776372315359834,0.14354024199093235,0.0,0.0,0.0,0.0,0.009999999999999787
6.2799999999999105,coast,2.5,1.2062716124559425,1.2102495837043754,-13.303039579401641,-7.775066083435524,0.14354095234758915,0.0,0.0,0.0,0.0,0.009999999999999787
6.28999999999991,coast,2.5,1.2003372144422215,1.204302162147083,-13.291104015662256,-7.773765629328842,0.14354052335484524,0.0,0.0,0.0,0.0,0.009999999999999787
6.29999999999991,coast,2.5,1.1943964041141677,1.1983587073273338,-13.279227475246254,-7.772471909626877,0.1435391179620993,0.0,0.0,0.0,0.0,0.009999999999999787
6.30999999999991,coast,2.5,1.1884014452432672,1.1923843500768938,-13.267410667503274,-7.7711835916905,0.1435376839113,0.0,0.0,0.0,0.0,0.009999999999999787
6.31999999999991,coast,2.5,1.1823761984242789,1.186379459085325,-13.255653983508845,-7.7698999320671165,0.14353651766635894,0.0,0.0,0.0,0.0,0.009999999999999787
6.3299999999999095,coast,2.5,1.1763989141379123,1.1803911321168772,-13.243956734020923,-7.768622688875864,0.14353484485519694,0.0,0.0,0.0,0.0,0.009999999999999787
6.339999999999909,coast,2.5,1.1704391610808493,1.1744199494952605,-13.2323186988401,-7.7673522645161315,0.14353263716046274,0.0,0.0,0.0,0.0,0.009999999999999787
6.349999999999909,coast,2.5,1.1644291490893972,1.1684254692517424,-13.220740521957179,-7.766087560419595,0.1435308263916097,0.0,0.0,0.0,0.0,0.009999999999999787
6.359999999999909,coast,2.5,1.1583819885883713,1.1623993808537196,-13.209222619382151,-7.764828301173741,0.1435300773934059,0.0,0.0,0.0,0.0,0.009999999999999787
6.369999999999909,coast,2.5,1.1523535597984662,1.1563718882205676,-13.19776481724017,-7.763574261487558,0.14352997537311832,0.0,0.0,0.0,0.0,0.009999999999999787
6.379999999999908,coast,2.5,1.1463890878124694,1.1503822079757087,-13.186366302581515,-7.76232683148378,0.14352963898594803,0.0,0.0,0.0,0.0,0.009999999999999787
6.389999999999908,coast,2.5,1.140422631954615,1.1444064623630523,-13.17502710189338,-7.76108599134651,0.14352926157420784,0.0,0.0,0.0,0.0,0.009999999999999787
6.399999999999908,coast,2.5,1.1344197531387965,1.1384144368284987,-13.163747678587313,-7.759850968468402,0.14352947943628747,0.0,0.0,0.0,0.0,0.009999999999999787
6.409999999999908,coast,2.5,1.12839327587488,1.1324017402563276,-13.152528304892119,-7.758621507257418,0.1435306845617264,0.0,0.0,0.0,0.0,0.009999999999999787
6.419999999999908,coast,2.5,1.1223747830693096,1.1263855659441169,-13.141368924639409,-7.75739730787034,0.14353251180115062,0.0,0.0,0.0,0.0,0.009999999999999787
6.429999999999907,coast,2.5,1.116431806796806,1.1204133104557303,-13.130268587451734,-7.756179884409612,0.14353371128214518,0.0,0.0,0.0,0.0,0.009999999999999787
6.439999999999907,coast,2.5,1.1104938287251118,1.1144616214173593,-13.119227239864198,-7.754969270379431,0.14353425078704102,0.0,0.0,0.0,0.0,0.009999999999999787
6.449999999999907,coast,2.5,1.1045133601132666,1.1084926646349036,-13.10824538722053,-7.753764867702896,0.1435347086841268,0.0,0.0,0.0,0.0,0.009999999999999787
6.459999999999907,coast,2.5,1.0985058341513925,1.1025005663447969,-13.097323383323669,-7.752565999535304,0.14353547130809674,0.0,0.0,0.0,0.0,0.009999999999999787
6.4699999999999065,coast,2.5,1.092511688544937,1.096507239664881,-13.086461101316596,-7.751372503484232,0.143536061612981,0.0,0.0,0.0,0.0,0.009999999999999787
6.479999999999906,coast,2.5,1.0865887140774404,1.0905561243124167,-13.07565762259189,-7.750186037377245,0.1435353908693348,0.0,0.0,0.0,0.0,0.009999999999999787
6.489999999999906,coast,2.5,1.0806589845199248,1.0846178404369216,-13.064913021986516,-7.749006595521152,0.14353368685987164,0.0,0.0,0.0,0.0,0.009999999999999787
6.499999999999906,coast,2.5,1.074670141531134,1.0786492210934489,-13.054228012911418,-7.747833286702412,0.1435319487319096,0.0,0.0,0.0,0.0,0.009999999999999787
6.509999999999906,coast,2.5,1.0686494218549916,1.0726493415503744,-13.043602990809259,-7.746665516586914,0.1435306754638393,0.0,0.0,0.0,0.0,0.009999999999999787
6.519999999999905,coast,2.5,1.0626422052238182,1.0666450597544408,-13.03303775621676,-7.745503820049365,0.14352965481277163,0.0,0.0,0.0,0.0,0.009999999999999787
6.529999999999905,coast,2.5,1.056664553681065,1.0606567561104154,-13.02253194205917,-7.744348781399306,0.14352863486491402,0.0,0.0,0.0,0.0,0.009999999999999787
6.539999999999905,coast,2.5,1.050676847486038,1.054668810935789,-13.012085632240337,-7.7432006221758956,0.14352797672660875,0.0,0.0,0.0,0.0,0.009999999999999787
6.549999999999905,coast,2.5,1.0446615799423917,1.0486644723397507,-13.001699226548396,-7.7420583197025765,0.14352824351432747,0.0,0.0,0.0,0.0,0.009999999999999787
6.559999999999905,coast,2.5,1.0386432594487494,1.04265174460515,-12.991372774804542,-7.7409216778062415,0.14352937715024733,0.0,0.0,0.0,0.0,0.009999999999999787
6.569999999999904,coast,2.5,1.032665551985968,1.0366600290336407,-12.981105762618435,-7.73979152993204,0.14353070664846465,0.0,0.0,0.0,0.0,0.009999999999999787
6.579999999999904,coast,2.5,1.0267169050591813,1.0306941546489652,-12.970897859695402,-7.738668154083612,0.14353186753536532,0.0,0.0,0.0,0.0,0.009999999999999787
6.589999999999904,coast,2.5,1.020754353159673,1.0247302737553898,-12.960749250131318,-7.73755120155037,0.14353313624168923,0.0,0.0,0.0,0.0,0.009999999999999787
6.599999999999904,coast,2.5,1.0147647619240505,1.0187509666565862,-12.950660307116328,-7.736439825941142,0.1435349275189794,0.0,0.0,0.0,0.0,0.009999999999999787
6.6099999999999035,coast,2.5,1.0087912254117348,1.0127751219096754,-12.940630858258725,-7.735334018230416,0.14353667588345617,0.0,0.0,0.0,0.0,0.009999999999999787
6.619999999999903,coast,2.5,1.00287993766316,1.0068380113617663,-12.930660134419242,-7.734234890922673,0.143537339504962,0.0,0.0,0.0,0.0,0.009999999999999787
6.629999999999903,coast,2.5,0.9969625316054334,1.0009127235079665,-12.920748180532836,-7.733142632499162,0.14353704044046178,0.0,0.0,0.0,0.0,0.009999999999999787
6.639999999999903,coast,2.5,0.9909956738902305,0.9949624937373248,-12.91089562644109,-7.732056195037766,0.14353656726412847,0.0,0.0,0.0,0.0,0.009999999999999787
6.649999999999903,coast,2.5,0.984998413317112,0.988984045485197,-12.901102836641481,-7.730975121427221,0.14353633095244459,0.0,0.0,0.0,0.0,0.009999999999999787
6.659999999999902,coast,2.5,0.9790179900649459,0.9830044122330464,-12.89136955022494,-7.729900168971793,0.14353594243426096,0.0,0.0,0.0,0.0,0.009999999999999787
6.669999999999902,coast,2.5,0.9730701433238994,0.9770438508875582,-12.881695357985071,-7.728832010247084,0.14353503384755634,0.0,0.0,0.0,0.0,0.009999999999999787
6.679999999999902,coast,2.5,0.9670977676512239,0.9710762009457576,-12.872080562339388,-7.727770246507522,0.14353416623239632,0.0,0.0,0.0,0.0,0.009999999999999787
6.689999999999902,coast,2.5,0.9610922573021359,0.9650858347595845,-12.862525538499776,-7.7267146151945525,0.14353399617220747,0.0,0.0,0.0,0.0,0.009999999999999787
6.699999999999902,coast,2.5,0.9550655842389335,0.9590736844471939,-12.853030542229556,-7.7256647997932975,0.14353497670776943,0.0,0.0,0.0,0.0,0.009999999999999787
6.709999999999901,coast,2.5,0.949040802163251,0.9530539550768282,-12.843595628870393,-7.724620093484516,0.14353701118176004,0.0,0.0,0.0,0.0,0.009999999999999787
6.719999999999901,coast,2.5,0.9430921874760096,0.947076894516337,-12.83421987623833,-7.723581655105337,0.14353876141747152,0.0,0.0,0.0,0.0,0.009999999999999787
6.729999999999901,coast,2.5,0.9371941540716857,0.9411472502495463,-12.824902649712627,-7.722550505837946,0.1435395442969771,0.0,0.0,0.0,0.0,0.009999999999999787
6.739999999999901,coast,2.5,0.9312629606758464,0.9352166765053264,-12.81564443029112,-7.721525415579061,0.1435398584305418,0.0,0.0,0.0,0.0,0.009999999999999787
6.7499999999999005,coast,2.5,0.9253015708906687,0.9292676131365318,-12.80644552019966,-7.720506486669234,0.14354013311586225,0.0,0.0,0.0,0.0,0.009999999999999787
6.7599999999999,coast,2.5,0.9193138955674014,0.9232953825950535,-12.797306240494214,-7.719493294931053,0.14354084247957483,0.0,0.0,0.0,0.0,0.009999999999999787
6.7699999999999,coast,2.5,0.9133181812941655,0.9173090618145207,-12.788226735350632,-7.718485242590875,0.14354187973717775,0.0,0.0,0.0,0.0,0.009999999999999787
6.7799999999999,coast,2.5,0.9073902937691988,0.9113578009873275,-12.779206155372218,-7.717483626453253,0.14354208776680336,0.0,0.0,0.0,0.0,0.009999999999999787
6.7899999999999,coast,2.5,0.9014766609915619,0.905429116989868,-12.770244276948215,-7.716489151166913,0.1435412996963914,0.0,0.0,0.0,0.0,0.009999999999999787
6.7999999999998995,coast,2.5,0.8955175577999995,0.8994821814759469,-12.761341706389233,-7.715500613314177,0.14354023881361938,0.0,0.0,0.0,0.0,0.009999999999999787
6.809999999999899,coast,2.5,0.8895241620690035,0.8935073698317808,-12.75249875312102,-7.7145184393103055,0.14353945954410247,0.0,0.0,0.0,0.0,0.009999999999999787
6.819999999999899,coast,2.5,0.8835234122192366,0.8875169952642542,-12.743715625871648,-7.713541423469709,0.14353906251873566,0.0,0.0,0.0,0.0,0.009999999999999787
6.829999999999899,coast,2.5,0.8775688482623184,0.8815481070630927,-12.734991676177748,-7.71257108461761,0.1435382960684755,0.0,0.0,0.0,0.0,0.009999999999999787
6.839999999999899,coast,2.5,0.8716286273536029,0.8755964192373988,-12.726326771139355,-7.71160731112105,0.14353709749993399,0.0,0.0,0.0,0.0,0.009999999999999787
6.849999999999898,coast,2.5,0.865650170753373,0.8696286701469833,-12.717721299252897,-7.710650195079228,0.143536127253645,0.0,0.0,0.0,0.0,0.009999999999999787
6.859999999999898,coast,2.5,0.8596434080732425,0.8636375129027387,-12.709175636561957,-7.709699013668801,0.14353595600554855,0.0,0.0,0.0,0.0,0.009999999999999787
6.869999999999898,coast,2.5,0.8536345094023247,0.8576357108024902,-12.700689809636216,-7.708753712250058,0.1435365851033662,0.0,0.0,0.0,0.0,0.009999999999999787
6.879999999999898,coast,2.5,0.8476739816363682,0.8516586733028171,-12.692263275644155,-7.707814651209058,0.1435372614270726,0.0,0.0,0.0,0.0,0.009999999999999787
6.8899999999998975,coast,2.5,0.8417344051607835,0.8457041124175968,-12.683895698133352,-7.706882906373044,0.14353766282325867,0.0,0.0,0.0,0.0,0.009999999999999787
6.899999999999897,coast,2.5,0.8357738689421527,0.8397459663323303,-12.675587479765209,-7.705956807579076,0.14353809808641338,0.0,0.0,0.0,0.0,0.009999999999999787
6.909999999999897,coast,2.5,0.8298279639497099,0.8337951649027581,-12.667338448812902,-7.7050364903959805,0.14353809108011767,0.0,0.0,0.0,0.0,0.009999999999999787
6.919999999999897,coast,2.5,0.8239305059858338,0.8278763695526035,-12.659147977635497,-7.704123077618083,0.14353682890335479,0.0,0.0,0.0,0.0,0.009999999999999787
6.929999999999897,coast,2.5,0.8180226745613115,0.8219641525578283,-12.651016136969522,-7.703216919782707,0.14353449576963742,0.0,0.0,0.0,0.0,0.009999999999999787
6.9399999999998965,coast,2.5,0.8120619459060602,0.8160228285667674,-12.642943586150423,-7.702317031276512,0.14353190999823914,0.0,0.0,0.0,0.0,0.009999999999999787
6.949999999999896,coast,2.5,0.8060696066182932,0.8100508953976829,-12.634930624006769,-7.701423696575264,0.14352967665438515,0.0,0.0,0.0,0.0,0.009999999999999787
6.959999999999896,coast,2.5,0.8000484803529317,0.8040494463708323,-12.626977621637272,-7.700536279153487,0.14352836782695216,0.0,0.0,0.0,0.0,0.009999999999999787
6.969999999999896,coast,2.5,0.7940486713416062,0.7980489813532967,-12.619084314145605,-7.699655162449572,0.1435276666398135,0.0,0.0,0.0,0.0,0.009999999999999787
6.979999999999896,coast,2.5,0.7880820447546992,0.7920688193941382,-12.611250245173592,-7.698781374854718,0.14352720560921767,0.0,0.0,0.0,0.0,0.009999999999999787
6.989999999999895,coast,2.5,0.782104022377714,0.7860899411842837,-12.603475606142478,-7.697914284019845,0.14352732637098023,0.0,0.0,0.0,0.0,0.009999999999999787
6.999999999999895,coast,2.5,0.7761114642166791,0.7801028550037209,-12.59576061451434,-7.697053289904484,0.14352827957082498,0.0,0.0,0.0,0.0,0.009999999999999787
7.009999999999895,coast,2.5,0.7701490602211509,0.774130578134179,-12.588104936849128,-7.696198555800936,0.14352951874399492,0.0,0.0,0.0,0.0,0.009999999999999787
7.019999999999895,coast,2.5,0.7642203235558265,0.7681844253871675,-12.58050814488106,-7.695350790614748,0.14353051795449173,0.0,0.0,0.0,0.0,0.009999999999999787
7.0299999999998946,coast,2.5,0.7582860687848454,0.7622454114257742,-12.572970299773143,-7.694509959333367,0.1435313386625508,0.0,0.0,0.0,0.0,0.009999999999999787
7.039999999999894,coast,2.5,0.7523326577266009,0.7562977592062702,-12.565491716791623,-7.693675018998715,0.14353228477622595,0.0,0.0,0.0,0.0,0.009999999999999787
7.049999999999894,coast,2.5,0.7463928940812716,0.7503548401312711,-12.558072155455827,-7.692846823739456,0.14353295467178653,0.0,0.0,0.0,0.0,0.009999999999999787
7.059999999999894,coast,2.5,0.7404473282328999,0.7444103329922485,-12.550711693511536,-7.692025211943614,0.14353339954476688,0.0,0.0,0.0,0.0,0.009999999999999787
7.069999999999894,coast,2.5,0.7344929749554183,0.7384599181701503,-12.543410521097746,-7.691209288994754,0.14353372095682254,0.0,0.0,0.0,0.0,0.009999999999999787
7.0799999999998935,coast,2.5,0.7285448345365226,0.7325108679899737,-12.536168379709308,-7.690400804979821,0.14353385577346042,0.0,0.0,0.0,0.0,0.009999999999999787
7.089999999999893,coast,2.5,0.7225677967244825,0.726545025230679,-12.528985666877173,-7.68959887605354,0.14353421430157026,0.0,0.0,0.0,0.0,0.009999999999999787
7.099999999999893,coast,2.5,0.7165810342793544,0.7205666306598842,-12.521862499550517,-7.688803387328859,0.14353513011585886,0.0,0.0,0.0,0.0,0.009999999999999787
7.109999999999893,coast,2.5,0.7105912183086984,0.7145813832491728,-12.514799059386243,-7.688012961741608,0.14353652311775003,0.0,0.0,0.0,0.0,0.009999999999999787
7.119999999999893,coast,2.5,0.7046779145186364,0.7086393020108509,-12.507794247428205,-7.687230341437595,0.14353726590524796,0.0,0.0,0.0,0.0,0.009999999999999787
7.129999999999892,coast,2.5,0.6987308708873466,0.7026942433367483,-12.500848505716677,-7.686454681379628,0.1435377307006238,0.0,0.0,0.0,0.0,0.009999999999999787
7.139999999999892,coast,2.5,0.6927870811196304,0.6967499460064775,-12.4939619230254,-7.6856849578147886,0.14353827268662733,0.0,0.0,0.0,0.0,0.009999999999999787
7.149999999999892,coast,2.5,0.6868283999520586,0.6907970183738261,-12.487134616828302,-7.684921516874319,0.14353919290515055,0.0,0.0,0.0,0.0,0.009999999999999787
7.159999999999892,coast,2.5,0.6808522212831544,0.684830140119423,-12.480366758284157,-7.68416440010338,0.1435404845451751,0.0,0.0,0.0,0.0,0.009999999999999787
7.169999999999892,coast,2.5,0.6749037504630566,0.6788743063256032,-12.473658066787362,-7.68341358992795,0.14354198242845836,0.0,0.0,0.0,0.0,0.009999999999999787
7.179999999999891,coast,2.5,0.6689351568085983,0.6729108166154003,-12.467008782984745,-7.682668745485816,0.14354369249743476,0.0,0.0,0.0,0.0,0.009999999999999787
7.189999999999891,coast,2.5,0.6630178578789454,0.6669750413735274,-12.460418242162866,-7.681931033933277,0.1435447287148092,0.0,0.0,0.0,0.0,0.009999999999999787
7.199999999999891,coast,2.5,0.6570867593469226,0.6610420721575645,-12.45388664559431,-7.6811999605666355,0.14354540671164404,0.0,0.0,0.0,0.0,0.009999999999999787
7.209999999999891,coast,2.5,0.6511323785382511,0.6550962559859765,-12.447414256028022,-7.680475323012365,0.1435459941449218,0.0,0.0,0.0,0.0,0.009999999999999787
7.2199999999998905,coast,2.5,0.6451945653540834,0.6491552416068407,-12.441000998526984,-7.679756284451452,0.14354641868610835,0.0,0.0,0.0,0.0,0.009999999999999787
7.22999999999989,coast,2.5,0.6392439698555342,0.6432084785560568,-12.43464680114494,-7.679044639472755,0.1435466539136539,0.0,0.0,0.0,0.0,0.009999999999999787
7.23999999999989,coast,2.5,0.6332711399729732,0.6372460754062066,-12.428352039403663,-7.678339106306315,0.1435471181791734,0.0,0.0,0.0,0.0,0.009999999999999787
7.24999999999989,coast,2.5,0.6273166929283812,0.6312884459195114,-12.422116493056459,-7.677639994571452,0.14354779796784076,0.0,0.0,0.0,0.0,0.009999999999999787
7.25999999999989,coast,2.5,0.6213304648049293,0.625313657250762,-12.415940455586957,-7.6769475790082975,0.14354890882716803,0.0,0.0,0.0,0.0,0.009999999999999787
7.269999999999889,coast,2.5,0.6153593525518539,0.6193410744314172,-12.409823856960198,-7.676261134969221,0.14355053141470128,0.0,0.0,0.0,0.0,0.009999999999999787
7.279999999999889,coast,2.5,0.6093986655114902,0.613375629079461,-12.403766502811381,-7.675581392458634,0.14355230191949878,0.0,0.0,0.0,0.0,0.009999999999999787
7.289999999999889,coast,2.5,0.603480954332054,0.6074388242310168,-12.397768039223626,-7.674907537993299,0.14355363686835687,0.0,0.0,0.0,0.0,0.009999999999999787
7.299999999999889,coast,2.5,0.597577487663724,0.6015220222906411,-12.391828217967054,-7.674240446090737,0.143554162655035,0.0,0.0,0.0,0.0,0.009999999999999787
7.309999999999889,coast,2.5,0.5916657803014684,0.5956082770971376,-12.385947223119354,-7.673579246121601,0.1435540240411874,0.0,0.0,0.0,0.0,0.009999999999999787
7.319999999999888,coast,2.5,0.585770306871289,0.5897054949616284,-12.380124699334473,-7.672925562546562,0.1435526779521365,0.0,0.0,0.0,0.0,0.009999999999999787
7.329999999999888,coast,2.5,0.5798725331091882,0.5838057178501643,-12.374360874825106,-7.672277616949151,0.1435503788399915,0.0,0.0,0.0,0.0,0.009999999999999787
7.339999999999888,coast,2.5,0.5739758784520702,0.5779078142113079,-12.368655605063982,-7.671636610987133,0.14354713670217514,0.0,0.0,0.0,0.0,0.009999999999999787
7.349999999999888,coast,2.5,0.5680203657952082,0.571975345161648,-12.363009438414462,-7.671003099887476,0.1435437827807088,0.0,0.0,0.0,0.0,0.009999999999999787
7.3599999999998875,coast,2.5,0.5620368364760465,0.5660122399502872,-12.35742286500061,-7.670375324874966,0.14354087816452304,0.0,0.0,0.0,0.0,0.009999999999999787
7.369999999999887,coast,2.5,0.5560366118693185,0.560026863101706,-12.351895964946012,-7.669754134744605,0.14353878880345422,0.0,0.0,0.0,0.0,0.009999999999999787
7.379999999999887,coast,2.5,0.5500292721943283,0.5540283085572795,-12.34642884999313,-7.669139225066618,0.14353785425652105,0.0,0.0,0.0,0.0,0.009999999999999787
7.389999999999887,coast,2.5,0.5440394485731083,0.5480349925667767,-12.341021171501389,-7.66853211265529,0.1435380008782377,0.0,0.0,0.0,0.0,0.009999999999999787
7.399999999999887,coast,2.5,0.538027318424083,0.5420303880811606,-12.335673365144165,-7.66793093952742,0.1435394284913029,0.0,0.0,0.0,0.0,0.009999999999999787
7.4099999999998865,coast,2.5,0.5320454829772313,0.5360394450188031,-12.330385110512056,-7.66733577764671,0.14354182223627246,0.0,0.0,0.0,0.0,0.009999999999999787
7.419999999999886,coast,2.5,0.5260845490114301,0.5300665074143793,-12.325156003890685,-7.666748252281238,0.14354465404737066,0.0,0.0,0.0,0.0,0.009999999999999787
7.429999999999886,coast,2.5,0.5201545547696997,0.5241193358275715,-12.319985943621418,-7.666166422188846,0.14354757202385662,0.0,0.0,0.0,0.0,0.009999999999999787
7.439999999999886,coast,2.5,0.5142671068735661,0.5182079984551683,-12.314874318771148,-7.665591761368077,0.14354971943359082,0.0,0.0,0.0,0.0,0.009999999999999787
7.449999999999886,coast,2.5,0.5083729404525641,0.5123069636536057,-12.309821280512967,-7.665023554550698,0.14355122764784076,0.0,0.0,0.0,0.0,0.009999999999999787
7.459999999999885,coast,2.5,0.5024561302051379,0.5063964635845251,-12.304827048759494,-7.664461878259426,0.1435520913313343,0.0,0.0,0.0,0.0,0.009999999999999787
7.469999999999885,coast,2.5,0.4965406254739806,0.5004829607181984,-12.299891585912476,-7.663906971213126,0.1435523956136489,0.0,0.0,0.0,0.0,0.009999999999999787
7.479999999999885,coast,2.5,0.4906094232250582,0.4945588382223143,-12.295015166407698,-7.663357859357961,0.14355247746283764,0.0,0.0,0.0,0.0,0.009999999999999787
7.489999999999885,coast,2.5,0.48465925192168274,0.48861908644193536,-12.290197892158533,-7.662815352427176,0.14355241236678193,0.0,0.0,0.0,0.0,0.009999999999999787
7.4999999999998845,coast,2.5,0.4787051948153047,0.482670751465957,-12.285439705707201,-7.662280295300104,0.1435521087963638,0.0,0.0,0.0,0.0,0.009999999999999787
7.509999999999884,coast,2.5,0.47275369586731497,0.4767205181067718,-12.280740753267045,-7.66175117272307,0.14355167289946874,0.0,0.0,0.0,0.0,0.009999999999999787
7.519999999999884,coast,2.5,0.4668084166163559,0.4707732572125223,-12.276100875367288,-7.661228828526889,0.1435509943633702,0.0,0.0,0.0,0.0,0.009999999999999787
7.529999999999884,coast,2.5,0.46085357036201463,0.4648214451022177,-12.271520366740017,-7.660711505800927,0.14355013802955005,0.0,0.0,0.0,0.0,0.009999999999999787
7.539999999999884,coast,2.5,0.45498429076244934,0.4589191524983567,-12.266998106539003,-7.6602011973833815,0.14354736182504213,0.0,0.0,0.0,0.0,0.009999999999999787
7.5499999999998835,coast,2.5,0.4491815236581854,0.4530765751942539,-12.262533358199793,-7.659698361786378,0.14354185011016612,0.0,0.0,0.0,0.0,0.009999999999999787
7.559999999999883,coast,2.5,0.4433311699956784,0.4472293320751086,-12.25812673408991,-7.659202008045628,0.14353456823871108,0.0,0.0,0.0,0.0,0.009999999999999787
7.569999999999883,coast,2.5,0.43740649676667726,0.4413356308900498,-12.253779053907037,-7.658711753927304,0.14352683461840798,0.0,0.0,0.0,0.0,0.009999999999999787
7.579999999999883,coast,2.5,0.43141787500116324,0.4353849773567179,-12.249490983826481,-7.658227630472878,0.14351989484452332,0.0,0.0,0.0,0.0,0.009999999999999787
7.589999999999883,coast,2.5,0.4253832042909341,0.4293839135172476,-12.245263001486984,-7.6577496878177795,0.14351474520636395,0.0,0.0,0.0,0.0,0.009999999999999787
7.599999999999882,coast,2.5,0.41932682660154197,0.42334966136782426,-12.241095334376789,-7.657277938778519,0.14351196233494307,0.0,0.0,0.0,0.0,0.009999999999999787
7.609999999999882,coast,2.5,0.4132760358611822,0.417305486063839,-12.236987929670041,-7.656812349364588,0.14351160697606885,0.0,0.0,0.0,0.0,0.009999999999999787
7.619999999999882,coast,2.5,0.4072553050538011,0.4112753774578163,-12.232940434345894,-7.656353288223025,0.14351331634077155,0.0,0.0,0.0,0.0,0.009999999999999787
7.629999999999882,coast,2.5,0.4012636670220078,0.4052683511963312,-12.228952546944386,-7.655900744730689,0.14351666806835345,0.0,0.0,0.0,0.0,0.009999999999999787
7.6399999999998816,coast,2.5,0.39530418804109047,0.3992898533031868,-12.225023942080991,-7.655454628605689,0.1435211260318503,0.0,0.0,0.0,0.0,0.009999999999999787
7.649999999999881,coast,2.5,0.38937507495834295,0.39334098629628045,-12.221154297177362,-7.655014974386317,0.1435260807188496,0.0,0.0,0.0,0.0,0.009999999999999787
7.659999999999881,coast,2.5,0.3834683065817954,0.38741737846758945,-12.217343368730338,-7.654581837581402,0.1435309412054251,0.0,0.0,0.0,0.0,0.009999999999999787
7.669999999999881,coast,2.5,0.3775775745827765,0.3815134961367017,-12.213590979408085,-7.6541552727002955,0.1435352276966439,0.0,0.0,0.0,0.0,0.009999999999999787
7.679999999999881,coast,2.5,0.3716946271274948,0.37562217473117754,-12.20989704025913,-7.653735319278427,0.14353862653073818,0.0,0.0,0.0,0.0,0.009999999999999787
7.6899999999998805,coast,2.5,0.3658123013916926,0.36973625072748656,-12.206261569819715,-7.653321718020765,0.14354090438269754,0.0,0.0,0.0,0.0,0.009999999999999787
7.69999999999988,coast,2.5,0.35994800880650285,0.3638633055748963,-12.202684361989256,-7.652914595393488,0.14354153997282118,0.0,0.0,0.0,0.0,0.009999999999999787
7.70999999999988,coast,2.5,0.35408914629926785,0.3579988100095193,-12.199165262145893,-7.652514812984149,0.14354035022077088,0.0,0.0,0.0,0.0,0.009999999999999787
7.71999999999988,coast,2.5,0.34819314998325157,0.3521154139937587,-12.195704720945255,-7.652121807855141,0.1435379401209452,0.0,0.0,0.0,0.0,0.009999999999999787
7.72999999999988,coast,2.5,0.3422649621958288,0.34620514291500076,-12.192303078368912,-7.651735564745056,0.143534967422765,0.0,0.0,0.0,0.0,0.009999999999999787
7.739999999999879,coast,2.5,0.3363053301966453,0.34026525528398754,-12.188960659000626,-7.651356133878593,0.1435320844474406,0.0,0.0,0.0,0.0,0.009999999999999787
7.749999999999879,coast,2.5,0.33032947949472213,0.3343037898104283,-12.185677633510492,-7.65098354958436,0.14352984339839886,0.0,0.0,0.0,0.0,0.009999999999999787
7.759999999999879,coast,2.5,0.3243453789734145,0.32832874330822004,-12.182454089480787,-7.650617840768319,0.14352863933953625,0.0,0.0,0.0,0.0,0.009999999999999787
7.769999999999879,coast,2.5,0.3183676994220306,0.32235211697650634,-12.179290022435675,-7.650258492066781,0.14352859940073004,0.0,0.0,0.0,0.0,0.009999999999999787
7.779999999999879,coast,2.5,0.3124487805225521,0.3164101151041338,-12.176184828926626,-7.649905428321345,0.14352876806571074,0.0,0.0,0.0,0.0,0.009999999999999787
7.789999999999878,coast,2.5,0.3066098650536286,0.3105299650738307,-12.173137530803725,-7.649559960010821,0.14352793676410663,0.0,0.0,0.0,0.0,0.009999999999999787
7.799999999999878,coast,2.5,0.30076839047897386,0.30467302031691657,-12.170148234223413,-7.649221401056268,0.14352622197740642,0.0,0.0,0.0,0.0,0.009999999999999787
7.809999999999878,coast,2.5,0.294904444699822,0.29881187494665984,-12.167217212086173,-7.648889417247686,0.14352402580373333,0.0,0.0,0.0,0.0,0.009999999999999787
7.819999999999878,coast,2.5,0.2890130045135758,0.2929325526868094,-12.16434475319293,-7.648563987139935,0.14352179060968054,0.0,0.0,0.0,0.0,0.009999999999999787
7.8299999999998775,coast,2.5,0.2830975184065314,0.28703153211864263,-12.161531106588907,-7.648245128250528,0.14351994278652203,0.0,0.0,0.0,0.0,0.009999999999999787
7.839999999999877,coast,2.5,0.2771660850874701,0.2811122638999391,-12.158776436328777,-7.647932869319486,0.1435188168676327,0.0,0.0,0.0,0.0,0.009999999999999787
7.849999999999877,coast,2.5,0.27123038332732596,0.2751831355563712,-12.156080785735645,-7.647627238690333,0.14351860237844388,0.0,0.0,0.0,0.0,0.009999999999999787
7.859999999999877,coast,2.5,0.2652993625997037,0.2692528717823707,-12.153444105595533,-7.647328256474028,0.14351932970705727,0.0,0.0,0.0,0.0,0.009999999999999787
7.869999999999877,coast,2.5,0.25938147864601885,0.2633300359005596,-12.15086625927329,-7.64703593634827,0.14352088176689035,0.0,0.0,0.0,0.0,0.009999999999999787
7.879999999999876,coast,2.5,0.2534859066865334,0.25742355837214387,-12.148347017664852,-7.646750276095896,0.14352304527714382,0.0,0.0,0.0,0.0,0.009999999999999787
7.889999999999876,coast,2.5,0.2476184597530121,0.2515404992006648,-12.145886093320454,-7.646471262707449,0.1435255506646597,0.0,0.0,0.0,0.0,0.009999999999999787
7.899999999999876,coast,2.5,0.24177680383797798,0.2456822819830527,-12.143483220949113,-7.646198894559629,0.14352811899854195,0.0,0.0,0.0,0.0,0.009999999999999787
7.909999999999876,coast,2.5,0.23596204289364853,0.2398501385294102,-12.141138126461103,-7.645933156588287,0.14353050358316816,0.0,0.0,0.0,0.0,0.009999999999999787
7.919999999999876,coast,2.5,0.2301661179195449,0.23403972616349103,-12.13885061749987,-7.645674040889266,0.14353252022487534,0.0,0.0,0.0,0.0,0.009999999999999787
7.929999999999875,coast,2.5,0.22439023642840275,0.22825003232243807,-12.136620492810462,-7.645421525775696,0.1435340631786967,0.0,0.0,0.0,0.0,0.009999999999999787
7.939999999999875,coast,2.5,0.2186273499508211,0.2224764228994679,-12.134447622603346,-7.645175600545069,0.14353510888573542,0.0,0.0,0.0,0.0,0.009999999999999787
7.949999999999875,coast,2.5,0.2128764882347997,0.21671646210066697,-12.132331889883066,-7.644936241552268,0.14353570919422948,0.0,0.0,0.0,0.0,0.009999999999999787
7.959999999999875,coast,2.5,0.20713716510796118,0.21096888390504348,-12.130273182041446,-7.644703439444247,0.14353597074934069,0.0,0.0,0.0,0.0,0.009999999999999787
7.9699999999998745,coast,2.5,0.20140979066625225,0.20523342796176874,-12.128271384405082,-7.644477171266294,0.1435360283022926,0.0,0.0,0.0,0.0,0.009999999999999787
7.979999999999874,coast,2.5,0.19570299942098557,0.19951517083729883,-12.12632631408571,-7.644257235680643,0.14353595197153746,0.0,0.0,0.0,0.0,0.009999999999999787
7.989999999999874,coast,2.5,0.19004393143734452,0.19383242719732624,-12.124437542907538,-7.64404308216214,0.14353526035564476,0.0,0.0,0.0,0.0,0.009999999999999787
7.999999999999874,coast,2.5,0.1844631827705967,0.18821088054128854,-12.122604144797112,-7.643835778181651,0.1435331022578151,0.0,0.0,0.0,0.0,0.009999999999999787
8.009999999999874,coast,2.5,0.17890230341208938,0.18262573426376905,-12.120825966668772,-7.643634959409178,0.14352972633981534,0.0,0.0,0.0,0.0,0.009999999999999787
8.019999999999873,coast,2.5,0.17334317310504935,0.17705619756853724,-12.119103045658566,-7.643440259913424,0.14352575777080603,0.0,0.0,0.0,0.0,0.009999999999999787
8.029999999999873,coast,2.5,0.16778920804188255,0.17149600385254443,-12.117435351807426,-7.643251604066909,0.14352184083132782,0.0,0.0,0.0,0.0,0.009999999999999787
8.039999999999873,coast,2.5,0.16225582776087263,0.16595189819754136,-12.115822691887226,-7.643068972245173,0.14351855284383486,0.0,0.0,0.0,0.0,0.009999999999999787
8.049999999999873,coast,2.5,0.15675372538995624,0.16043299451299028,-12.114264761920065,-7.642892342257471,0.14351631805234255,0.0,0.0,0.0,0.0,0.009999999999999787
8.059999999999873,coast,2.5,0.15130181705679469,0.1549542880392729,-12.11276106385433,-7.642721686681229,0.14351535947931926,0.0,0.0,0.0,0.0,0.009999999999999787
8.069999999999872,coast,2.5,0.14591357431870325,0.14952985980693112,-12.111310961327158,-7.642556964232258,0.14351569120631943,0.0,0.0,0.0,0.0,0.009999999999999787
8.079999999999872,coast,2.5,0.1406004259971912,0.14417219952108717,-12.109913699766727,-7.642398129320489,0.1435171435198547,0.0,0.0,0.0,0.0,0.009999999999999787
8.089999999999872,coast,2.5,0.13537335177509563,0.13889289087349224,-12.108568412719832,-7.6422451253169665,0.14351941136117274,0.0,0.0,0.0,0.0,0.009999999999999787
8.099999999999872,coast,2.5,0.13023731812466488,0.1336995472241958,-12.107274183941163,-7.6420978823557135,0.14352211749302238,0.0,0.0,0.0,0.0,0.009999999999999787
8.109999999999872,coast,2.5,0.12519158101676198,0.1285947674997355,-12.10603010491072,-7.64195632862604,0.1435248770752214,0.0,0.0,0.0,0.0,0.009999999999999787
8.119999999999871,coast,2.5,0.12023652918739029,0.12357982451232838,-12.104835265378792,-7.64182038267946,0.14352735233143915,0.0,0.0,0.0,0.0,0.009999999999999787
8.129999999999871,coast,2.5,0.11537120323106646,0.11865465174357123,-12.103688767188206,-7.641689958360383,0.14352929516470092,0.0,0.0,0.0,0.0,0.009999999999999787
8.139999999999871,coast,2.5,0.1105982917652166,0.11382083575655845,-12.102589688207107,-7.641564960805232,0.14353056044842308,0.0,0.0,0.0,0.0,0.009999999999999787
8.14999999999987,coast,2.5,0.10591102008815056,0.10907494635551371,-12.101537176075873,-7.641445301834056,0.14353112142548272,0.0,0.0,0.0,0.0,0.009999999999999787
8.15999999999987,coast,2.5,0.10131683132554174,0.10442007733753053,-12.10053030666994,-7.641330882925153,0.14353105681391393,0.0,0.0,0.0,0.0,0.009999999999999787
8.16999999999987,coast,2.5,0.09681818511971485,0.09985894200684112,-12.09956813386034,-7.641221593474965,0.14353052395920268,0.0,0.0,0.0,0.0,0.009999999999999787
8.17999999999987,coast,2.5,0.09241998462119053,0.09539556757545076,-12.09864966388846,-7.641117313521373,0.14352972387931054,0.0,0.0,0.0,0.0,0.009999999999999787
8.18999999999987,coast,2.5,0.08812883042596795,0.09103552528576107,-12.097773835461803,-7.641017932536404,0.143528865550453,0.0,0.0,0.0,0.0,0.009999999999999787
8.19999999999987,coast,2.5,0.08395162825911757,0.08678518706977498,-12.096939520146652,-7.640923314078191,0.14352813713086635,0.0,0.0,0.0,0.0,0.009999999999999787
8.20999999999987,coast,2.5,0.07989452268446605,0.08265078843858963,-12.096145526187831,-7.64083332600985,0.14352768037780023,0.0,0.0,0.0,0.0,0.009999999999999787
8.21999999999987,coast,2.5,0.07596260551735629,0.07863787868584962,-12.095390610668787,-7.6407478251759215,0.14352757812598607,0.0,0.0,0.0,0.0,0.009999999999999787
8.229999999999869,coast,2.5,0.07215688398600943,0.07474928186594551,-12.094673520239365,-7.640666661052935,0.1435278518409806,0.0,0.0,0.0,0.0,0.009999999999999787
8.239999999999869,coast,2.5,0.06848118231052988,0.07098842213269613,-12.093992961929997,-7.640589684559271,0.14352846703899746,0.0,0.0,0.0,0.0,0.009999999999999787
8.249999999999869,coast,2.5,0.06493620478620879,0.06735709172480372,-12.093347635404706,-7.640516743060035,0.14352934645701176,0.0,0.0,0.0,0.0,0.009999999999999787
8.259999999999868,coast,2.5,0.061521413671054535,0.06385568489255422,-12.092736244780404,-7.6404476894919835,0.14353038809787713,0.0,0.0,0.0,0.0,0.009999999999999787
8.269999999999868,coast,2.5,0.05823848228389174,0.06048536332735673,-12.092157478121697,-7.640382369660853,0.1435314828871832,0.0,0.0,0.0,0.0,0.009999999999999787
8.279999999999868,coast,2.5,0.05508267263651202,0.057243748912849904,-12.091610070176285,-7.640320640572216,0.14353253133916793,0.0,0.0,0.0,0.0,0.009999999999999787
8.289999999999868,coast,2.5,0.05205433778122141,0.05413010223387281,-12.091092753252967,-7.64026235339599,0.14353345686588204,0.0,0.0,0.0,0.0,0.009999999999999787
8.299999999999867,coast,2.5,0.049153272624079314,0.05114400446799671,-12.090604261742104,-7.64020736393328,0.14353421306255715,0.0,0.0,0.0,0.0,0.009999999999999787
8.309999999999867,coast,2.5,0.0463765043228284,0.04828350438089572,-12.090143361028593,-7.640155523370633,0.14353478681741014,0.0,0.0,0.0,0.0,0.009999999999999787
8.319999999999867,coast,2.5,0.04372580708117981,0.04554888600106618,-12.089708798275392,-7.64010669008339,0.14353519367708478,0.0,0.0,0.0,0.0,0.009999999999999787
8.329999999999867,coast,2.5,0.041195730928724264,0.04293699295766103,-12.089299375562177,-7.64006072487462,0.14353547237118652,0.0,0.0,0.0,0.0,0.009999999999999787
8.339999999999867,coast,2.5,0.038785994885340354,0.040446394114268626,-12.088913897759513,-7.6400174904044915,0.14353567471822734,0.0,0.0,0.0,0.0,0.009999999999999787
8.349999999999866,coast,2.5,0.03649507223930836,0.03807560098929247,-12.088551185512689,-7.639976845954384,0.1435358559339376,0.0,0.0,0.0,0.0,0.009999999999999787
8.359999999999866,coast,2.5,0.03431731244302691,0.03582062786153313,-12.088210115257931,-7.639938659627572,0.14353606645127653,0.0,0.0,0.0,0.0,0.009999999999999787
8.369999999999866,coast,2.5,0.03225160712286311,0.03367921541833112,-12.08788957392494,-7.639902803784383,0.14353634405947646,0.0,0.0,0.0,0.0,0.009999999999999787
