t,phase,target,v_raw,v_filtered,x,y,z,u,torque_L,torque_R,u_motor,dt
0.0,accelerate,2.0,0.0,0.0,-24.0,-8.45,0.14903219044208527,0.0,0.0,0.0,0.0,0.0
0.01,accelerate,2.0,-0.011289776350065095,-0.006773865810039056,-24.000109594454752,-8.449792254038034,0.14713729486335111,0.02157598179162911,0.16259436573847807,0.16259436573847807,0.6452157370574527,0.01
0.02,accelerate,2.0,-0.015193562083544908,-0.011825683574142567,-24.000250582880085,-8.449322168543052,0.1448895672466392,0.050086627660466745,0.17164706601475144,0.17164706601475144,0.6811391508521882,0.01
0.03,accelerate,2.0,-0.016396514540233244,-0.014568182153796974,-24.000394515651486,-8.449277979724814,0.14267152151149987,0.08534512783040274,0.1828423449887095,0.1828423449887095,0.7255648610663075,0.009999999999999998
0.04,accelerate,2.0,-0.011152889050181518,-0.0125190062916277,-24.00048101295924,-8.449398172881988,0.14082112014400314,0.12854625977753553,0.1965595684045631,0.1965595684045631,0.7799982873196948,0.010000000000000002
0.05,accelerate,2.0,-0.0018205024960726381,-0.006099904014294663,-24.000476607125613,-8.449461067490242,0.13955782740451034,0.18045375200957353,0.2130412353380798,0.2130412353380798,0.8454017275320628,0.010000000000000002
0.060000000000000005,accelerate,2.0,0.009828586564469341,0.003457190332963739,-24.00036567874669,-8.449498000973016,0.13898018378002433,0.23049728407625997,0.22893105763989408,0.22893105763989408,0.9084565779360876,0.010000000000000002
0.07,accelerate,2.0,0.02239151363526644,0.014817784314345358,-24.000143986972184,-8.449525083935628,0.13907129485791442,0.2784299916172392,0.24415065093830582,0.24415065093830582,0.9688517894377215,0.010000000000000002
0.08,accelerate,2.0,0.03469607785690152,0.026744760439879056,-23.999814970468584,-8.449544205798777,0.13971966093037005,0.3242915009326616,0.2587125973761387,0.2587125973761387,1.0266372911751536,0.009999999999999995
0.09,accelerate,2.0,0.046021940755930024,0.038311068629509636,-23.999385347740436,-8.44954050224424,0.14074990766397116,0.36860552018046805,0.2727831847677022,0.2727831847677022,1.0824729554273897,0.009999999999999995
0.09999999999999999,accelerate,2.0,0.0561710983176574,0.049027086442398296,-23.99886113405103,-8.449537489425742,0.14195641035700057,0.4120554885684112,0.28657941873024195,0.28657941873024195,1.1372199155961982,0.009999999999999995
0.10999999999999999,accelerate,2.0,0.06741543716059616,0.060060096873317016,-23.99822279623329,-8.449543939129802,0.1430908745298641,0.4545696130931274,0.30007850354932986,0.30007850354932986,1.1907877124973407,0.009999999999999995
0.11999999999999998,accelerate,2.0,0.07723380170790492,0.07036431977406976,-23.99747818115504,-8.44954957343654,0.14397645673425905,0.4966477327828844,0.3134391481132215,0.3134391481132215,1.2438061433064345,0.009999999999999995
0.12999999999999998,accelerate,2.0,0.08286755045215724,0.07786625818092224,-23.996667306706193,-8.449547956929065,0.1445535571546061,0.5398041412486054,0.3271421709292572,0.3271421709292572,1.2981832179732429,0.009999999999999995
0.13999999999999999,accelerate,2.0,0.08627928194015955,0.08291407243646462,-23.995812075516476,-8.449547613061007,0.14480540538729725,0.5850836235872007,0.34151931216140796,0.34151931216140796,1.3552353657198728,0.010000000000000009
0.15,accelerate,2.0,0.08909749707566042,0.08662412721998211,-23.994918980636402,-8.449542939320448,0.14475470422961767,0.6327419316418398,0.356651778134917,0.356651778134917,1.4152848338687183,0.010000000000000009
0.16,accelerate,2.0,0.09254203033526011,0.0901748690891489,-23.993982866265085,-8.449544431148025,0.14445461915949398,0.682362562295007,0.3724073207799106,0.3724073207799106,1.4778068284917087,0.010000000000000009
0.17,accelerate,2.0,0.09723237548673189,0.09440937292769869,-23.992993164700472,-8.449538498770462,0.14398499038625773,0.7331623831802926,0.3885372799074065,0.3885372799074065,1.5418146028071686,0.010000000000000009
0.18000000000000002,accelerate,2.0,0.10340332423392676,0.09980574371143552,-23.991937687970662,-8.449540470240738,0.1434376817672797,0.784254315908728,0.40475999038733934,0.40475999038733934,1.6061904380449974,0.010000000000000009
0.19000000000000003,accelerate,2.0,0.11111887218897518,0.10659362079795931,-23.990804160491585,-8.449539967029413,0.14290324917279926,0.834797707644206,0.42080852813118835,0.42080852813118835,1.6698751116316999,0.010000000000000009
0.20000000000000004,accelerate,2.0,0.12037516138587766,0.11486254515071032,-23.989580386473943,-8.449535616677554,0.14245667559066813,0.884062391158281,0.4364510504405774,0.4364510504405774,1.7319486128594341,0.010000000000000009
0.21000000000000005,accelerate,2.0,0.1308782510548242,0.12447196869317864,-23.98825661805504,-8.449540574511694,0.14214936218089722,0.9315290585582654,0.4515226666734204,0.4515226666734204,1.7917566137834142,0.010000000000000009
0.22000000000000006,accelerate,2.0,0.14241019863712748,0.13523490665954796,-23.98682429031013,-8.449538557868376,0.14200511658399423,0.9768729168853931,0.46592024856945,0.46592024856945,1.8488898752755953,0.010000000000000009
0.23000000000000007,accelerate,2.0,0.15472145207360874,0.14692683390798444,-23.985275944244908,-8.44953617583999,0.1420185370314234,1.0,0.47326356,0.47326356,1.87803,0.010000000000000009
0.24000000000000007,accelerate,2.0,0.1681910725953438,0.15968537712040007,-23.983598454463273,-8.44954800501649,0.14215006257941945,1.0,0.47326356,0.47326356,1.87803,0.010000000000000009
0.25000000000000006,accelerate,2.0,0.1819164400779703,0.17302401489494224,-23.981787383729053,-8.449537186819732,0.14235917474201978,1.0,0.47326356,0.47326356,1.87803,0.009999999999999981
0.26000000000000006,accelerate,2.0,0.21295038064543315,0.19697983434523678,-23.97964978542662,-8.449621625376663,0.14223263303829198,1.0,0.47326356,0.47326356,1.87803,0.010000000000000009
0.2700000000000001,accelerate,2.0,0.2327020077897003,0.2184131384119149,-23.97730682863599,-8.449595922994199,0.1418903954254826,1.0,0.47326356,0.47326356,1.87803,0.010000000000000009
0.2800000000000001,accelerate,2.0,0.22874513336929983,0.22461233538634587,-23.97501261353467,-8.44952875510858,0.14175302572886206,1.0,0.47326356,0.47326356,1.87803,0.010000000000000009
0.2900000000000001,accelerate,2.0,0.22563934032777636,0.22522853835120415,-23.97275669263924,-8.449526060458371,0.14180718562765599,1.0,0.47326356,0.47326356,1.87803,0.010000000000000009
0.3000000000000001,accelerate,2.0,0.22245476702098493,0.22356427555307262,-23.97053841805883,-8.449513061679964,0.14201572887101718,1.0,0.47326356,0.47326356,1.87803,0.010000000000000009
0.3100000000000001,accelerate,2.0,0.22352394847819096,0.22354007930814362,-23.96831339264634,-8.449522030413378,0.14231522783509168,1.0,0.47326356,0.47326356,1.87803,0.010000000000000009
0.3200000000000001,accelerate,2.0,0.23175068661531137,0.2284664436924443,-23.96600491732183,-8.449562063896424,0.1425758839195729,1.0,0.47326356,0.47326356,1.87803,0.010000000000000009
0.3300000000000001,accelerate,2.0,0.24245568314972185,0.2368599873668108,-23.963588231676674,-8.449503928141452,0.1428030432305568,1.0,0.47326356,0.47326356,1.87803,0.010000000000000009
0.34000000000000014,accelerate,2.0,0.27110507103532405,0.2574070375679188,-23.96086409079502,-8.44960837920378,0.14257272374532962,1.0,0.47326356,0.47326356,1.87803,0.010000000000000009
0.35000000000000014,accelerate,2.0,0.2974343175053149,0.28142340553035644,-23.957864775365454,-8.449580185843791,0.1420339095308773,1.0,0.47326356,0.47326356,1.87803,0.010000000000000009
0.36000000000000015,accelerate,2.0,0.2964660613636912,0.29044899903035726,-23.954884766417642,-8.449413016963636,0.14170532409756312,1.0,0.47326356,0.47326356,1.87803,0.010000000000000009
0.37000000000000016,accelerate,2.0,0.2950998587730894,0.29323951487599653,-23.951927198376215,-8.449447685276557,0.14159937059893463,1.0,0.47326356,0.47326356,1.87803,0.010000000000000009
0.38000000000000017,accelerate,2.0,0.294266732028774,0.29385584516766305,-23.948986390249015,-8.44948644283443,0.14170570624207304,1.0,0.47326356,0.47326356,1.87803,0.010000000000000009
0.3900000000000002,accelerate,2.0,0.29816749559928024,0.29644283542663336,-23.94601353296959,-8.449457488613762,0.14197369593467896,1.0,0.47326356,0.47326356,1.87803,0.010000000000000009
0.4000000000000002,accelerate,2.0,0.3082874544265397,0.30354960682657717,-23.942941974674735,-8.449440178174012,0.14229210767990183,1.0,0.47326356,0.47326356,1.87803,0.010000000000000009
0.4100000000000002,accelerate,2.0,0.3197660837146057,0.3132794929593943,-23.93975661960979,-8.449419148747205,0.14262639692272575,1.0,0.47326356,0.47326356,1.87803,0.010000000000000009
0.4200000000000002,accelerate,2.0,0.3518797151527922,0.336439626275433,-23.93622988523546,-8.449600211381593,0.14253648671828936,1.0,0.47326356,0.47326356,1.87803,0.010000000000000009
0.4300000000000002,accelerate,2.0,0.377058406502612,0.3608108944117404,-23.932439687147944,-8.449679526853494,0.1421495895493438,1.0,0.47326356,0.47326356,1.87803,0.010000000000000009
0.4400000000000002,accelerate,2.0,0.3739477336620061,0.36869299796189986,-23.928689521531496,-8.449621672733164,0.14195446930710776,1.0,0.47326356,0.47326356,1.87803,0.010000000000000009
0.45000000000000023,accelerate,2.0,0.3699152831370621,0.3694263690669972,-23.92498722667613,-8.449511806865292,0.14194663733132162,1.0,0.47326356,0.47326356,1.87803,0.010000000000000009
0.46000000000000024,accelerate,2.0,0.36834711742671655,0.3687788180828288,-23.921307097833797,-8.449414967929375,0.14210335757564557,1.0,0.47326356,0.47326356,1.87803,0.010000000000000009
0.47000000000000025,accelerate,2.0,0.3708350651618453,0.3700125663302387,-23.9176064771171,-8.449433068539106,0.1423635454332034,1.0,0.47326356,0.47326356,1.87803,0.010000000000000009
0.48000000000000026,accelerate,2.0,0.3795490320449238,0.3757344457590498,-23.913819080044682,-8.449454834963927,0.14262835416612998,1.0,0.47326356,0.47326356,1.87803,0.010000000000000009
0.49000000000000027,accelerate,2.0,0.3895286967751362,0.3840109963687016,-23.909931833378064,-8.449466898253728,0.14288973177210795,1.0,0.47326356,0.47326356,1.87803,0.010000000000000009
0.5000000000000002,accelerate,2.0,0.4211284576208445,0.40628147311998736,-23.905707713166002,-8.449608152754816,0.14271498368305788,1.0,0.47326356,0.47326356,1.87803,0.009999999999999953
0.5100000000000002,accelerate,2.0,0.44590723932723975,0.43005693284433877,-23.901224212471774,-8.449700293115992,0.14224334023116825,1.0,0.47326356,0.47326356,1.87803,0.010000000000000009
0.5200000000000002,accelerate,2.0,0.4431797800098133,0.43793064114362346,-23.896777934906744,-8.449731254001744,0.14198054317277817,1.0,0.47326356,0.47326356,1.87803,0.010000000000000009
0.5300000000000002,accelerate,2.0,0.440482163607642,0.43946155462203457,-23.892367478718203,-8.449710192922248,0.1419319281646078,1.0,0.47326356,0.47326356,1.87803,0.010000000000000009
0.5400000000000003,accelerate,2.0,0.43961132149992815,0.4395514147487707,-23.887973578558093,-8.449691810597999,0.14207702090127175,1.0,0.47326356,0.47326356,1.87803,0.010000000000000009
0.5500000000000003,accelerate,2.0,0.44238004932238767,0.4412485954929409,-23.883558099914758,-8.449670700637085,0.14236252525865517,1.0,0.47326356,0.47326356,1.87803,0.010000000000000009
0.5600000000000003,accelerate,2.0,0.45228407157172534,0.44786988114021153,-23.879044161562543,-8.449649662328698,0.14265842913013288,1.0,0.47326356,0.47326356,1.87803,0.010000000000000009
0.5700000000000003,accelerate,2.0,0.46256412015050774,0.45668642454638925,-23.874427744971204,-8.44963032794983,0.14295976133363064,1.0,0.47326356,0.47326356,1.87803,0.010000000000000009
0.5800000000000003,accelerate,2.0,0.4937547065815002,0.47892739376745586,-23.869478633731326,-8.44947759981061,0.14283214252104137,1.0,0.47326356,0.47326356,1.87803,0.010000000000000009
0.5900000000000003,accelerate,2.0,0.5168158864642932,0.5016604893855583,-23.86428695585728,-8.449221612617627,0.1423983033377695,1.0,0.47326356,0.47326356,1.87803,0.010000000000000009
0.6000000000000003,accelerate,2.0,0.5148663552174904,0.5095840088847176,-23.85912422072688,-8.44899679772345,0.14215641795144532,1.0,0.47326356,0.47326356,1.87803,0.010000000000000009
0.6100000000000003,accelerate,2.0,0.5120580867098016,0.511068455579768,-23.85399773471747,-8.448926550156008,0.14211349393023182,1.0,0.47326356,0.47326356,1.87803,0.010000000000000009
0.6200000000000003,accelerate,2.0,0.5106158200407199,0.5107968742563391,-23.8488927338635,-8.448861830902954,0.14224537548115782,1.0,0.47326356,0.47326356,1.87803,0.010000000000000009
0.6300000000000003,accelerate,2.0,0.5137453163143767,0.5125659394911617,-23.843760728588254,-8.44892992353254,0.14248657357033415,1.0,0.47326356,0.47326356,1.87803,0.010000000000000009
0.6400000000000003,accelerate,2.0,0.5214093976701606,0.517872014398561,-23.83855338029988,-8.448988746695408,0.14275672983386445,1.0,0.47326356,0.47326356,1.87803,0.010000000000000009
0.6500000000000004,accelerate,2.0,0.5318430206789646,0.5262546181668031,-23.833241708634027,-8.449039628159145,0.14302846853129308,1.0,0.47326356,0.47326356,1.87803,0.010000000000000009
0.6600000000000004,accelerate,2.0,0.5830407964340003,0.5603263251271214,-23.827380111885844,-8.449339078568105,0.14248908929101228,1.0,0.47326356,0.47326356,1.87803,0.010000000000000009
0.6700000000000004,accelerate,2.0,0.5820139361276787,0.5733388917274558,-23.821540046198184,-8.449447767082855,0.14214942325070598,1.0,0.47326356,0.47326356,1.87803,0.010000000000000009
0.6800000000000004,accelerate,2.0,0.5788140166437898,0.5766239666772562,-23.815741677897776,-8.449430515232605,0.1420212974149534,1.0,0.47326356,0.47326356,1.87803,0.010000000000000009
0.6900000000000004,accelerate,2.0,0.577244457059196,0.5769962609064201,-23.809966486464546,-8.449419069173661,0.1420758879870436,1.0,0.47326356,0.47326356,1.87803,0.010000000000000009
0.7000000000000004,accelerate,2.0,0.5792549833905647,0.5783514943969068,-23.804177123827913,-8.44939559930585,0.14227456346261003,1.0,0.47326356,0.47326356,1.87803,0.010000000000000009
0.7100000000000004,accelerate,2.0,0.5860000380487839,0.5829406205880331,-23.798323149045686,-8.449371695335534,0.14253987800370563,1.0,0.47326356,0.47326356,1.87803,0.010000000000000009
0.7200000000000004,accelerate,2.0,0.5968523056529715,0.5912876316269962,-23.79235990259743,-8.44935160815944,0.14279235892036146,1.0,0.47326356,0.47326356,1.87803,0.010000000000000009
0.7300000000000004,accelerate,2.0,0.6064296576614634,0.6003728472476765,-23.786301354453,-8.44933255879725,0.14305816481616457,1.0,0.47326356,0.47326356,1.87803,0.010000000000000009
0.7400000000000004,accelerate,2.0,0.6558984013986346,0.6336881797382514,-23.779712359288663,-8.44907273657402,0.14252898345132609,1.0,0.47326356,0.47326356,1.87803,0.010000000000000009
0.7500000000000004,accelerate,2.0,0.6541755917150678,0.6459806269243412,-23.773150982498716,-8.448844535706279,0.1421895680543805,1.0,0.47326356,0.47326356,1.87803,0.010000000000000009
0.7600000000000005,accelerate,2.0,0.6506421254375858,0.6487775260322879,-23.766634078422065,-8.448704570901581,0.14205850427680533,1.0,0.47326356,0.47326356,1.87803,0.010000000000000009
0.7700000000000005,accelerate,2.0,0.6476586890135093,0.6481062238210208,-23.760154732249752,-8.448644460672263,0.14212272727601857,1.0,0.47326356,0.47326356,1.87803,0.010000000000000009
0.7800000000000005,accelerate,2.0,0.6486614949490028,0.64843938649781,-23.753671163794046,-8.448595236713864,0.1423312975227034,1.0,0.47326356,0.47326356,1.87803,0.010000000000000009
0.7900000000000005,accelerate,2.0,0.6542560313982301,0.651929373438062,-23.747133983286368,-8.448682155175444,0.14260383069761604,1.0,0.47326356,0.47326356,1.87803,0.010000000000000009
0.8000000000000005,accelerate,2.0,0.6633354582737611,0.6587730243394814,-23.740506037643957,-8.448740532165726,0.14288026481350266,1.0,0.47326356,0.47326356,1.87803,0.010000000000000009
0.8100000000000005,accelerate,2.0,0.7131760524281551,0.6914148411926856,-23.733342734440303,-8.449041573812554,0.14234654858539078,1.0,0.47326356,0.47326356,1.87803,0.010000000000000009
0.8200000000000005,accelerate,2.0,0.7127740675039728,0.7042303769794579,-23.726193955183557,-8.44932415311544,0.1420130436650134,1.0,0.47326356,0.47326356,1.87803,0.010000000000000009
0.8300000000000005,accelerate,2.0,0.7115964524967229,0.7086500222898169,-23.719067887581037,-8.449248541939413,0.14190446698581197,1.0,0.47326356,0.47326356,1.87803,0.010000000000000009
0.8400000000000005,accelerate,2.0,0.7087296525742697,0.7086978004604886,-23.711978824482348,-8.449106979992623,0.1419983902736452,1.0,0.47326356,0.47326356,1.87803,0.010000000000000009
0.8500000000000005,accelerate,2.0,0.7097731459925622,0.7093430077797328,-23.70488601578804,-8.448973371751858,0.14225630525017413,1.0,0.47326356,0.47326356,1.87803,0.010000000000000009
0.8600000000000005,accelerate,2.0,0.7167890774086372,0.7138106495570755,-23.697725833655216,-8.44884748526636,0.14257985973823195,1.0,0.47326356,0.47326356,1.87803,0.010000000000000009
0.8700000000000006,accelerate,2.0,0.727535449583641,0.7220455295730148,-23.690457723511937,-8.448725827135343,0.14289728057880707,1.0,0.47326356,0.47326356,1.87803,0.010000000000000009
0.8800000000000006,accelerate,2.0,0.7374532528078215,0.7312901635138989,-23.68309073616745,-8.448603402851592,0.1432247442976497,1.0,0.47326356,0.47326356,1.87803,0.010000000000000009
0.8900000000000006,accelerate,2.0,0.8002594896117715,0.7726717591726224,-23.67504654848953,-8.448501920251221,0.14244583398234079,1.0,0.47326356,0.47326356,1.87803,0.010000000000000009
0.9000000000000006,accelerate,2.0,0.7961512242909194,0.7867594382436006,-23.667057917242197,-8.448409656347215,0.14190264846367212,1.0,0.47326356,0.47326356,1.87803,0.010000000000000009
0.9100000000000006,accelerate,2.0,0.7881741379726914,0.7876082580810551,-23.65916137054076,-8.448320341488714,0.14164100346622618,1.0,0.47326356,0.47326356,1.87803,0.010000000000000009
0.9200000000000006,accelerate,2.0,0.7806343553535708,0.7834239164445644,-23.651350525358634,-8.448236504896006,0.14165947124941017,1.0,0.47326356,0.47326356,1.87803,0.010000000000000009
0.9300000000000006,accelerate,2.0,0.776492446983656,0.7792650347680194,-23.643589738975393,-8.448166403805024,0.14191247177247607,1.0,0.47326356,0.47326356,1.87803,0.010000000000000009
0.9400000000000006,accelerate,2.0,0.7811332171410817,0.7803859441918568,-23.63578635459604,-8.448116308427606,0.14226177908927282,1.0,0.47326356,0.47326356,1.87803,0.010000000000000009
0.9500000000000006,accelerate,2.0,0.790076528387453,0.7862002947092146,-23.627895349742868,-8.448065249786932,0.14265203357285222,1.0,0.47326356,0.47326356,1.87803,0.010000000000000009
0.9600000000000006,accelerate,2.0,0.8261985368399141,0.8101992399876343,-23.619618780513896,-8.448154227830228,0.14253650126388612,1.0,0.47326356,0.47326356,1.87803,0.010000000000000009
0.9700000000000006,accelerate,2.0,0.8526590221680921,0.8356751092959089,-23.61106471409285,-8.448360749755937,0.14209090014038392,1.0,0.47326356,0.47326356,1.87803,0.010000000000000009
0.9800000000000006,accelerate,2.0,0.8501949644038125,0.8443870223606511,-23.602546432930907,-8.448553175968545,0.14187834962034537,1.0,0.47326356,0.47326356,1.87803,0.010000000000000009
0.9900000000000007,accelerate,2.0,0.8472334915157894,0.8460949038537341,-23.594067340985198,-8.448735886683517,0.1418976384011859,1.0,0.47326356,0.47326356,1.87803,0.010000000000000009
1.0000000000000007,accelerate,2.0,0.8462474302642363,0.8461864197000354,-23.58560605369362,-8.448905424832027,0.14211525821226537,1.0,0.47326356,0.47326356,1.87803,0.010000000000000009
1.0100000000000007,accelerate,2.0,0.8510406992285595,0.8490989874171498,-23.577100609134696,-8.449055391297245,0.14242441315211662,1.0,0.47326356,0.47326356,1.87803,0.010000000000000009
1.0200000000000007,accelerate,2.0,0.8587333231635386,0.8548795888649832,-23.568520129674326,-8.449114041850141,0.14277479499012036,1.0,0.47326356,0.47326356,1.87803,0.010000000000000009
1.0300000000000007,accelerate,2.0,0.8911088833112611,0.8766171655327499,-23.559594355845682,-8.448975379737785,0.1426563612567669,1.0,0.47326356,0.47326356,1.87803,0.010000000000000009
1.0400000000000007,accelerate,2.0,0.915373941400352,0.8998712310533112,-23.550414462391615,-8.448716330046125,0.14222374708354885,1.0,0.47326356,0.47326356,1.87803,0.010000000000000009
1.0500000000000007,accelerate,2.0,0.9121315559907796,0.9072274260157922,-23.541276934365992,-8.448472357608672,0.14199997454980778,1.0,0.47326356,0.47326356,1.87803,0.010000000000000009
1.0600000000000007,accelerate,2.0,0.9086470876357449,0.9080792229877638,-23.532182877867022,-8.448240934124952,0.1419903718658379,1.0,0.47326356,0.47326356,1.87803,0.010000000000000009
1.0700000000000007,accelerate,2.0,0.9072703189101285,0.9075938805411826,-23.523109810750142,-8.448024130051108,0.14216840078935233,1.0,0.47326356,0.47326356,1.87803,0.010000000000000009
1.0800000000000007,accelerate,2.0,0.9112526837454983,0.909789162463772,-23.514000830945854,-8.447838550802881,0.14244833821878283,1.0,0.47326356,0.47326356,1.87803,0.010000000000000009
1.0900000000000007,accelerate,2.0,0.9171840128607784,0.9142260727019758,-23.504835776832643,-8.4476776015899,0.14280753621239023,1.0,0.47326356,0.47326356,1.87803,0.010000000000000009
1.1000000000000008,accelerate,2.0,0.9716523611923864,0.9486818457962222,-23.495085111317117,-8.447966799239586,0.14222997029246223,1.0,0.47326356,0.47326356,1.87803,0.010000000000000009
1.1100000000000008,accelerate,2.0,0.9693035359396046,0.9610548598822517,-23.48536977951939,-8.448228853277206,0.14187953451383747,1.0,0.47326356,0.47326356,1.87803,0.010000000000000009
1.1200000000000008,accelerate,2.0,0.965301910391653,0.9636030901878925,-23.47570501749825,-8.448482305539285,0.14178123769980483,1.0,0.47326356,0.47326356,1.87803,0.010000000000000009
1.1300000000000008,accelerate,2.0,0.9626031255592611,0.9630031114107136,-23.466076263900057,-8.448724781349696,0.141916346523585,1.0,0.47326356,0.47326356,1.87803,0.010000000000000009
1.1400000000000008,accelerate,2.0,0.9643553823947679,0.9638144740011463,-23.456436363227834,-8.448948759847866,0.14221316600665185,1.0,0.47326356,0.47326356,1.87803,0.010000000000000009
1.1500000000000008,accelerate,2.0,0.971464632497373,0.9684045690988823,-23.44672777719293,-8.44913243055078,0.14257159996103358,1.0,0.47326356,0.47326356,1.87803,0.010000000000000009
1.1600000000000008,accelerate,2.0,0.9814939532882045,0.9762581996124756,-23.43691905019086,-8.44930858353418,0.14294157848970013,1.0,0.47326356,0.47326356,1.87803,0.010000000000000009
1.1700000000000008,accelerate,2.0,1.0370819570455296,1.012752454072308,-23.426512575023427,-8.449175382931763,0.1423569879239524,1.0,0.47326356,0.47326356,1.87803,0.010000000000000009
1.1800000000000008,accelerate,2.0,1.0346086553297162,1.025866174826753,-23.416142942601873,-8.449066000039618,0.14198476236701157,1.0,0.47326356,0.47326356,1.87803,0.010000000000000009
1.1900000000000008,accelerate,2.0,1.0304713896863669,1.0286293037425214,-23.405825098458624,-8.448951073221554,0.1418504061440901,1.0,0.47326356,0.47326356,1.87803,0.010000000000000009
1.2000000000000008,accelerate,2.0,1.026832787294332,1.0275513938736078,-23.395552336444688,-8.448831339598893,0.1419422263928934,1.0,0.47326356,0.47326356,1.87803,0.010000000000000009
1.2100000000000009,accelerate,2.0,1.0259033277396044,1.0265625541932057,-23.38529585594808,-8.4486930801915,0.1422156584989141,1.0,0.47326356,0.47326356,1.87803,0.010000000000000009
1.2200000000000009,accelerate,2.0,1.032701986751971,1.0302462137284647,-23.374972983813656,-8.448548569325578,0.1425356702483605,1.0,0.47326356,0.47326356,1.87803,0.010000000000000009
1.2300000000000009,accelerate,2.0,1.0433598007477913,1.0381143659400607,-23.364542487586434,-8.448420435458956,0.142845306567785,1.0,0.47326356,0.47326356,1.87803,0.010000000000000009
1.2400000000000009,accelerate,2.0,1.075644936632433,1.060632708355484,-23.353768546034566,-8.448161979322423,0.14271020318042613,1.0,0.47326356,0.47326356,1.87803,0.010000000000000009
1.2500000000000009,accelerate,2.0,1.1008260934537186,1.0847487394144248,-23.342731817469335,-8.447816244756151,0.14226573987120014,1.0,0.47326356,0.47326356,1.87803,0.010000000000000009
1.260000000000001,accelerate,2.0,1.0982412691624799,1.092844257263258,-23.331731427127323,-8.447486710253878,0.14203084380690537,1.0,0.47326356,0.47326356,1.87803,0.010000000000000009
1.270000000000001,accelerate,2.0,1.0951745594313824,1.0942424385641325,-23.3207707451651,-8.44716761398263,0.14201154144223022,1.0,0.47326356,0.47326356,1.87803,0.010000000000000009
1.280000000000001,accelerate,2.0,1.0947148908708297,1.0945259099481508,-23.309821197342135,-8.446863847379328,0.14215907481390472,1.0,0.47326356,0.47326356,1.87803,0.010000000000000009
1.290000000000001,accelerate,2.0,1.0987094755201416,1.0970360492913453,-23.298835314653143,-8.446598929483697,0.14240581194665017,1.0,0.47326356,0.47326356,1.87803,0.010000000000000009
1.300000000000001,accelerate,2.0,1.1274870347877832,1.115306640589208,-23.28754329559178,-8.446569791782292,0.14225361760674798,1.0,0.47326356,0.47326356,1.87803,0.010000000000000009
1.310000000000001,accelerate,2.0,1.150181448306652,1.1362315252196744,-23.276013665392973,-8.446741509303598,0.14181692058854303,1.0,0.47326356,0.47326356,1.87803,0.010000000000000009
1.320000000000001,accelerate,2.0,1.1455758049038223,1.141838093030163,-23.264541146090842,-8.446907633518148,0.14163857344112882,1.0,0.47326356,0.47326356,1.87803,0.010000000000000009
1.330000000000001,accelerate,2.0,1.1415957568635837,1.1416926913302154,-23.25311788148001,-8.44706725212752,0.14171212233497402,1.0,0.47326356,0.47326356,1.87803,0.010000000000000009
1.340000000000001,accelerate,2.0,1.1407471743285669,1.1411253811292263,-23.24171097802955,-8.44721771564814,0.14199533415059828,1.0,0.47326356,0.47326356,1.87803,0.010000000000000009
1.350000000000001,accelerate,2.0,1.1471961394766748,1.1447678361376954,-23.23024254615445,-8.447319310741523,0.14235430167036756,1.0,0.47326356,0.47326356,1.87803,0.010000000000000009
1.360000000000001,accelerate,2.0,1.1560820991856255,1.1515563939664535,-23.218686212531587,-8.447410138165738,0.1427466075811834,1.0,0.47326356,0.47326356,1.87803,0.010000000000000009
1.370000000000001,accelerate,2.0,1.214456199007411,1.189296276991028,-23.206505951339505,-8.447189050104786,0.14214114129746724,0.9974323453242314,0.47244827828735003,0.47244827828735003,1.8747947551085318,0.010000000000000009
1.380000000000001,accelerate,2.0,1.2117242373457762,1.2027530532038768,-23.194366225682543,-8.446994840388784,0.14178410676339306,0.9938537723708052,0.4713120098031781,0.4713120098031781,1.8702857531872148,0.010000000000000009
1.390000000000001,accelerate,2.0,1.206214289790738,1.2048297951559936,-23.18229291435334,-8.446788461139542,0.141694408553206,0.9954605856912546,0.47182220516868717,0.47182220516868717,1.872310337970981,0.010000000000000009
1.400000000000001,accelerate,2.0,1.20191691532061,1.2030820672547635,-23.17027165413059,-8.446571756419207,0.1418445058468783,1.0,0.47326356,0.47326356,1.87803,0.010000000000000009
1.410000000000001,accelerate,2.0,1.2013584658907959,1.202047906436383,-23.158262730499484,-8.446359241580343,0.1421755659630571,1.0,0.47326356,0.47326356,1.87803,0.010000000000000009
1.420000000000001,accelerate,2.0,1.2092522461072104,1.2063705102388793,-23.146175775558387,-8.446140862071974,0.1425398384428033,1.0,0.47326356,0.47326356,1.87803,0.010000000000000009
1.430000000000001,accelerate,2.0,1.219813168970659,1.2144361054779473,-23.133981940656092,-8.44592428096331,0.1428923122144115,1.0,0.47326356,0.47326356,1.87803,0.010000000000000009
1.440000000000001,accelerate,2.0,1.2523187406893803,1.237165686604807,-23.121442521775826,-8.445574554161357,0.14278514583565521,1.0,0.47326356,0.47326356,1.87803,0.010000000000000009
1.450000000000001,accelerate,2.0,1.2774928365578542,1.2613619765766353,-23.10864023661241,-8.445123348704914,0.14234289195450248,0.9945984182429848,0.4715484497605125,0.4715484497605125,1.8712240069861608,0.010000000000000009
1.460000000000001,accelerate,2.0,1.2752949716691657,1.2697217736321535,-23.09587038904126,-8.444686121883366,0.14210409009396183,0.9909751275766339,0.47039798250813286,0.47039798250813286,1.866658660746559,0.010000000000000009
1.470000000000001,accelerate,2.0,1.2723234397211145,1.27128277328553,-23.08313890056679,-8.44425800615693,0.14206727796053137,0.9923533078135717,0.47083558229696526,0.47083558229696526,1.8683951678451003,0.010000000000000009
1.480000000000001,accelerate,2.0,1.2725066292139062,1.2720170868425558,-23.07041122461361,-8.443862679962006,0.14218450210408856,0.9981640148371145,0.47268059799108053,0.47268059799108053,1.875716658694764,0.010000000000000009
1.490000000000001,accelerate,2.0,1.27634929828333,1.2746164137070204,-23.05764813559975,-8.443503927868758,0.14239758944643094,1.0,0.47326356,0.47326356,1.87803,0.010000000000000009
1.500000000000001,accelerate,2.0,1.3046216417022825,1.2926195505041775,-23.044583647949725,-8.443306778003128,0.14221779660216707,1.0,0.47326356,0.47326356,1.87803,0.010000000000000009
1.5100000000000011,accelerate,2.0,1.3257838328772724,1.3125181199280345,-23.03129725919018,-8.443257599888579,0.14176954492124372,0.9960091699673713,0.4719963916480397,0.4719963916480397,1.8730015541588876,0.010000000000000009
1.5200000000000011,accelerate,2.0,1.3208400945002183,1.3175113046713447,-23.018071729922827,-8.443209770483117,0.1415908943233254,0.9949575252641012,0.4716624734218574,0.4716624734218574,1.8716764818327676,0.010000000000000009
1.5300000000000011,accelerate,2.0,1.316384890458819,1.3168354561438291,-23.004900357284388,-8.44316823531668,0.14167553577370076,0.9992552093310064,0.4730270740667812,0.4730270740667812,1.8770915637570682,0.010000000000000009
1.5400000000000011,accelerate,2.0,1.315168153224057,1.3158350743919658,-22.991749080200268,-8.443129564751818,0.14197869323503273,1.0,0.47326356,0.47326356,1.87803,0.010000000000000009
1.5500000000000012,accelerate,2.0,1.321653544133886,1.319326156237118,-22.9785352597689,-8.443109180671579,0.1423590300157253,1.0,0.47326356,0.47326356,1.87803,0.010000000000000009
1.5600000000000012,accelerate,2.0,1.3328957007583984,1.3274678829498863,-22.9652081565609,-8.443074532310696,0.1427344789012594,1.0,0.47326356,0.47326356,1.87803,0.010000000000000009
1.5700000000000012,accelerate,2.0,1.3664042877391755,1.3508297258234598,-22.951522697844325,-8.443159771840755,0.1426527019020277,0.9988887835053955,0.4729107265386332,0.4729107265386332,1.8766298672167985,0.010000000000000009
1.5800000000000012,accelerate,2.0,1.3921666639594117,1.375631888705031,-22.93756706457559,-8.443335760837446,0.14225328167673096,0.9892748450873071,0.46985810881212176,0.46985810881212176,1.8645163048100069,0.010000000000000009
1.5900000000000012,accelerate,2.0,1.389859073210497,1.3841681994083106,-22.923645422362075,-8.443492791758917,0.14205916958341006,0.9813873449056466,0.4673536697544409,0.4673536697544409,1.8545780545811148,0.010000000000000009
1.6000000000000012,accelerate,2.0,1.3867719444784128,1.385730446450372,-22.9097637374325,-8.4436358283242,0.14207316676014697,0.9785523651969572,0.46645350699733784,0.46645350699733784,1.851005980148166,0.010000000000000009
1.6100000000000012,accelerate,2.0,1.3861815938379212,1.3860011348829016,-22.895894323659874,-8.443758105665,0.14224332127034042,0.9804394499934497,0.4670526941619202,0.4670526941619202,1.8533837069917467,0.010000000000000009
1.6200000000000012,accelerate,2.0,1.3905609941476962,1.3887370504417782,-22.881985241441253,-8.443784749661573,0.14250052023355653,0.9847833950624644,0.4684319836002337,0.4684319836002337,1.858857077778705,0.010000000000000009
1.6300000000000012,accelerate,2.0,1.4182250477682854,1.4064298488376825,-22.86778505765808,-8.44359483884785,0.14235820983028152,0.9830717446227749,0.4678885003526235,0.4678885003526235,1.8567003982246966,0.010000000000000009
1.6400000000000012,accelerate,2.0,1.4388968687424024,1.4259100607805144,-22.853372124604462,-8.443178232753496,0.14193383071839863,0.9754355019397445,0.4654638405759077,0.4654638405759077,1.847078732444078,0.010000000000000009
1.6500000000000012,accelerate,2.0,1.4346804778668978,1.4311723110323444,-22.839012173644516,-8.442731220139574,0.14174658361984976,0.9705298334831275,0.4639061927275627,0.4639061927275627,1.840897590188741,0.010000000000000009
1.6600000000000013,accelerate,2.0,1.42964075149885,1.430253375312248,-22.8247116489141,-8.442273411560512,0.14179897934093194,0.9710787231508591,0.4640804761748608,0.4640804761748608,1.8415891911700826,0.010000000000000009
1.6700000000000013,accelerate,2.0,1.4287201942707288,1.4293334666873365,-22.810427117709825,-8.441821634744283,0.14204635956406655,0.9759982123721862,0.46564251239241655,0.46564251239241655,1.8477877475889546,0.010000000000000009
1.6800000000000013,accelerate,2.0,1.4349845071085354,1.4327240909400558,-22.79608212539737,-8.441390294768706,0.14237506146707643,0.9821144855072318,0.4675845514382562,0.4675845514382562,1.855494251739112,0.010000000000000009
1.6900000000000013,accelerate,2.0,1.445204811219474,1.4402125231077068,-22.781634328724664,-8.440960739544897,0.14271413074631956,0.9869721241689946,0.46912694886613926,0.46912694886613926,1.8616148764529337,0.010000000000000009
1.7000000000000013,accelerate,2.0,1.4559762340457874,1.4496707496705552,-22.76707803326159,-8.440532949237994,0.14305996654028538,0.989716596225527,0.4699983736335293,0.4699983736335293,1.865072911244164,0.010000000000000009
1.7100000000000013,accelerate,2.0,1.5101910647782122,1.4859829387351493,-22.751935317324754,-8.440385220868395,0.14248586013349812,0.9763374574735011,0.4657502294969861,0.4657502294969861,1.8482151964166114,0.010000000000000009
1.7200000000000013,accelerate,2.0,1.5097195534002452,1.500224907534207,-22.736809640263395,-8.440224879145756,0.1420990155899293,0.9616128125932385,0.4610748602546051,0.4610748602546051,1.8296621438674805,0.010000000000000009
1.7300000000000013,accelerate,2.0,1.5069035036108411,1.5042320651801875,-22.721722714956535,-8.44006451492972,0.14193395131767245,0.9511876929956894,0.45776467627999134,0.45776467627999134,1.8165264931745688,0.010000000000000009
1.7400000000000013,accelerate,2.0,1.5035567515440431,1.503826876998501,-22.70667792607891,-8.439909490140112,0.14198906813992818,0.9465347485385911,0.45628727335597347,0.45628727335597347,1.8106637831586248,0.010000000000000009
1.7500000000000013,accelerate,2.0,1.5018699105670115,1.5026526971396073,-22.69165654899049,-8.439750114180672,0.14222109270680305,0.9469137910584311,0.45640762693687303,0.45640762693687303,1.811141376733623,0.010000000000000009
1.7600000000000013,accelerate,2.0,1.50645783641134,1.5049357807026467,-22.676591537924935,-8.439581105200165,0.142523954865137,0.9494770064880997,0.4572214991001014,0.4572214991001014,1.8143710281750056,0.010000000000000009
1.7700000000000014,accelerate,2.0,1.5174015938454244,1.5124152685883132,-22.661414554948113,-8.439406620402764,0.1427903922031532,0.9509915023480845,0.45770238182556383,0.45770238182556383,1.8162792929585867,0.010000000000000009
1.7800000000000014,accelerate,2.0,1.5267810428794206,1.5210347331629777,-22.646142558062003,-8.439230417236887,0.14305238729688244,0.9510047786085086,0.4577065973037737,0.4577065973037737,1.8162960210467212,0.010000000000000009
1.7900000000000014,accelerate,2.0,1.5582226611581735,1.5433474899600952,-22.630537501735226,-8.438912539760484,0.1428610171859718,0.9424308315982493,0.45498419764907605,0.45498419764907605,1.805492847813794,0.010000000000000009
1.8000000000000014,accelerate,2.0,1.5823938751547995,1.5667753210769177,-22.61468237098084,-8.438497565252344,0.14235477713846625,0.926234351912821,0.4498414914193589,0.4498414914193589,1.7850852834101545,0.010000000000000009
1.8100000000000014,accelerate,2.0,1.5788200244070754,1.5740021430750124,-22.598874025355208,-8.43809388026565,0.14205637161280732,0.9124433911479594,0.44546258555730006,0.44546258555730006,1.7677086728464289,0.010000000000000009
1.8200000000000014,accelerate,2.0,1.5741250712348887,1.5740758999709383,-22.58312215197027,-8.437681916742113,0.1419812292091639,0.9043531475952246,0.44289377142443576,0.44289377142443576,1.7575149659699831,0.010000000000000009
1.8300000000000014,accelerate,2.0,1.5715200708983719,1.5725424025273984,-22.56740323819457,-8.437283645307623,0.142099161841693,0.901682842585534,0.4420458961777588,0.4420458961777588,1.754150381657773,0.010000000000000009
1.8400000000000014,accelerate,2.0,1.5731376546163884,1.5728995537807924,-22.551672263510774,-8.436905640034272,0.14234775577829106,0.9023477258395239,0.44225700990856565,0.44225700990856565,1.7549881345578002,0.010000000000000009
1.8500000000000014,accelerate,2.0,1.5795174118801594,1.5768702686404126,-22.535878134032046,-8.43655277778323,0.14264461243865006,0.9037450031163536,0.4427006733895046,0.4427006733895046,1.7567487039266054,0.010000000000000009
1.8600000000000014,accelerate,2.0,1.587529802605206,1.5832659890192886,-22.520003712890325,-8.436207086781403,0.1429649047104321,0.9044030226546358,0.4429096077533,0.4429096077533,1.7575778085448412,0.010000000000000009
1.8700000000000014,accelerate,2.0,1.6388845342979803,1.6166371161865036,-22.50357544634379,-8.436113798924245,0.14241271572023267,0.8899930233276665,0.43833414476700067,0.43833414476700067,1.7394212093928598,0.010000000000000009
1.8800000000000014,accelerate,2.0,1.6370442744186287,1.6288814111257786,-22.48717720312606,-8.436019343535218,0.14205821916275985,0.8745978662602734,0.433445874494962,0.433445874494962,1.7200233114879446,0.010000000000000009
1.8900000000000015,accelerate,2.0,1.6328165112142243,1.631242471178846,-22.470831283204323,-8.435917797658345,0.14192955137802638,0.8636164036000874,0.4299590404710998,0.4299590404710998,1.7061866685361102,0.010000000000000009
1.9000000000000015,accelerate,2.0,1.6290267757831352,1.6299130539414195,-22.4545315900936,-8.435802225882522,0.14201881171508896,0.8581237743957099,0.42821502084612584,0.42821502084612584,1.6992659557385945,0.010000000000000009
1.9100000000000015,accelerate,2.0,1.6275978645209042,1.6285239402891103,-22.438252351155715,-8.435676965033183,0.14228134437242035,0.8570634554586033,0.4278783483772157,0.4278783483772157,1.69792995387784,0.010000000000000009
1.9200000000000015,accelerate,2.0,1.6326398027706175,1.6309934577780147,-22.42192439713869,-8.435533442546223,0.14260039392815396,0.8574943408703304,0.42801516311314736,0.42801516311314736,1.6984728694966165,0.010000000000000009
1.9300000000000015,accelerate,2.0,1.6396727289946786,1.636201020508013,-22.405526613026982,-8.435366365794822,0.14294579211310343,0.8576360489347169,0.4280601582577513,0.4280601582577513,1.6986514216577433,0.010000000000000009
1.9400000000000015,accelerate,2.0,1.6725783543550785,1.6580274208162522,-22.388780392164733,-8.43504753131323,0.14278921960898766,0.8486188840777621,0.4251970280723711,0.4251970280723711,1.6872897939379805,0.010000000000000009
1.9500000000000015,accelerate,2.0,1.696732185113976,1.6812502793948867,-22.371784755727532,-8.434588976733973,0.14228489441095363,0.8313747309069149,0.41972166455756366,0.41972166455756366,1.665562160942713,0.010000000000000009
1.9600000000000015,accelerate,2.0,1.6926071897045876,1.6880644255807074,-22.354841127224756,-8.434137058728032,0.1419900602515962,0.816165088205059,0.4148922988068703,0.4148922988068703,1.646398011138374,0.010000000000000009
1.9700000000000015,accelerate,2.0,1.6869457108019965,1.687393196713481,-22.337963100467306,-8.433687729316306,0.14192445470800205,0.8065400305084753,0.41183615048705113,0.41183615048705113,1.634270438440679,0.010000000000000009
1.9800000000000015,accelerate,2.0,1.6825898578028216,1.6845111933670855,-22.321135773931804,-8.433243332976707,0.14207061267781101,0.8025701037645356,0.4105756193473154,0.4105756193473154,1.6292683307433151,0.010000000000000009
1.9900000000000015,accelerate,2.0,1.6813297700095764,1.68260233935258,-22.30432633016675,-8.43279973627839,0.14237964149540516,0.8026238209135748,0.41059267561647833,0.41059267561647833,1.6293360143511044,0.010000000000000009
2.0000000000000013,accelerate,2.0,1.6872757918406736,1.685406410845436,-22.287457481412993,-8.432377792251279,0.14272619629538746,0.80338840000866,0.41083544477074974,0.41083544477074974,1.6302993840109117,0.009999999999999787
2.010000000000001,accelerate,2.0,1.695611879452542,1.6915296920096998,-22.270503777108907,-8.431970535005158,0.14307237958778213,0.802926262985929,0.41068870702329224,0.41068870702329224,1.6297170913622707,0.009999999999999787
2.020000000000001,accelerate,2.0,1.7292339159397767,1.714152226367746,-22.25318893200278,-8.431688061126609,0.14290106458647783,0.7926127896421215,0.40741397296716636,0.40741397296716636,1.616722114949073,0.009999999999999787
2.0300000000000007,accelerate,2.0,1.7534042122125146,1.7377034178746071,-22.2356201402025,-8.43153338454365,0.1423830634451509,0.7737630579263305,0.4014288061527685,0.4014288061527685,1.5929714529871766,0.009999999999999787
2.0400000000000005,accelerate,2.0,1.748861390783641,1.7443982016200277,-22.21810807124838,-8.431369404100028,0.1420733784372205,0.7569376393247754,0.3960863992384027,0.3960863992384027,1.5717714255492172,0.009999999999999787
2.0500000000000003,accelerate,2.0,1.7425262183260732,1.743275011643655,-22.200668399783705,-8.431215906903615,0.14199180928598104,0.7458674236695505,0.3925713843635557,0.3925713843635557,1.5578229538236337,0.009999999999999787
2.06,accelerate,2.0,1.7379651253099413,1.7400890798434268,-22.183281309543233,-8.431056092281098,0.14210829328986224,0.7405127995769871,0.390871184121685,0.390871184121685,1.551076127467004,0.009999999999999787
2.07,accelerate,2.0,1.736673050442878,1.7380394622030977,-22.165912111177356,-8.430885681863339,0.14237466049567268,0.7391450221816084,0.3904368874431043,0.3904368874431043,1.5493527279488266,0.009999999999999787
2.0799999999999996,accelerate,2.0,1.7397530391895508,1.7390676083949694,-22.148514360641062,-8.430704169924585,0.14271844319702814,0.7393344658172323,0.3904970395862876,0.3904970395862876,1.5495914269297129,0.009999999999999787
2.0899999999999994,accelerate,2.0,1.7488192335678938,1.7449185834987242,-22.131023464933914,-8.430504640992174,0.14302228570635697,0.7381822757864578,0.39013119620771614,0.39013119620771614,1.5481396674909371,0.009999999999999787
2.099999999999999,accelerate,2.0,1.75901924510089,1.7533789804600235,-22.113427095653332,-8.430300682928358,0.14326940844627561,0.734519781303052,0.3889682809593451,0.3889682809593451,1.5435249244418456,0.009999999999999787
2.109999999999999,accelerate,2.0,1.768045106059117,1.7621786558194796,-22.09573785460133,-8.430090792537822,0.14347658738203506,0.7286083065357981,0.38709126949124667,0.38709126949124667,1.5360764662351059,0.009999999999999787
2.1199999999999988,accelerate,2.0,1.8147884456561696,1.7937445297214936,-22.077553279554415,-8.429643558646505,0.14287260241911856,0.7086561335936812,0.38075605553866565,0.38075605553866565,1.5109367283280384,0.009999999999999787
2.1299999999999986,accelerate,2.0,1.8128058417370099,1.8051813169308033,-22.059399206338522,-8.429209681625027,0.14241397219110205,0.6880195023749565,0.37420351239409616,0.37420351239409616,1.484934572992445,0.009999999999999787
2.1399999999999983,accelerate,2.0,1.8067421559282668,1.8061178203292814,-22.04131523276478,-8.428786922264859,0.14215261247467736,0.6723728988632752,0.3692354028470672,0.3692354028470672,1.465219852567727,0.009999999999999787
2.149999999999998,accelerate,2.0,1.799982792304755,1.8024368035145657,-22.023306420118285,-8.428383032291109,0.1421031829905903,0.6631821353074981,0.36631715160283684,0.36631715160283684,1.4536394904874477,0.009999999999999787
2.159999999999998,accelerate,2.0,1.7949820984987106,1.7979639805050525,-22.005353391772424,-8.427990819472042,0.14224027360171226,0.659605427148364,0.36518147522814853,0.36518147522814853,1.4491328382069386,0.009999999999999787
2.1699999999999977,accelerate,2.0,1.794500953895422,1.795886164539274,-21.987408298373037,-8.427615418174906,0.14249563800585247,0.6592699442992128,0.36507495271388607,0.36507495271388607,1.4487101298170082,0.009999999999999787
2.1799999999999975,accelerate,2.0,1.7985549448669078,1.7974874327358543,-21.969422399362355,-8.427286777790389,0.14278928205961114,0.6595736763829464,0.36517139372511315,0.36517139372511315,1.4490928322425125,0.009999999999999787
2.1899999999999973,accelerate,2.0,1.805075928036489,1.8020405299162352,-21.95136941453322,-8.427071758145033,0.1431028927555567,0.6587983430292785,0.3649252098786565,0.3649252098786565,1.448115912216891,0.009999999999999787
2.199999999999997,accelerate,2.0,1.8524295581417183,1.832273946851525,-21.932808473658838,-8.427105703965903,0.14257621535335066,0.6433889145765506,0.36003240815634635,0.36003240815634635,1.4287000323664538,0.009999999999999787
2.209999999999997,accelerate,2.0,1.8480360541173495,1.8417312112110196,-21.914302040778175,-8.427141637854266,0.14223840945646002,0.6271758177540778,0.3548844256532748,0.3548844256532748,1.408271530370138,0.009999999999999787
2.2199999999999966,accelerate,2.0,1.8422092146338989,1.842018013264747,-21.895862527284887,-8.427178429884083,0.14210807210615545,0.6151597827188783,0.35106909420889826,0.35106909420889826,1.3931313262257867,0.009999999999999787
2.2299999999999964,accelerate,2.0,1.8371005164129244,1.8390675151536535,-21.87748078822835,-8.427220827768872,0.1421711207071127,0.6082313450873005,0.34886917669211964,0.34886917669211964,1.3844014948099985,0.009999999999999787
2.239999999999996,accelerate,2.0,1.8348538138440271,1.8365392943678778,-21.85912630329224,-8.427251634723692,0.14238252104321053,0.6051677204963526,0.3478964146120019,0.3478964146120019,1.3805413278254042,0.009999999999999787
2.249999999999996,accelerate,2.0,1.835636948699734,1.8359978869669913,-21.84076685959977,-8.427272268471837,0.14269123317641083,0.6041506987224934,0.3475734898583661,0.3475734898583661,1.3792598803903418,0.009999999999999787
2.259999999999996,accelerate,2.0,1.841362392793279,1.8392165904627638,-21.822349595372692,-8.4272745621228,0.14300515651707352,0.6027630897243988,0.34713289624929117,0.34713289624929117,1.3775114930527428,0.009999999999999787
2.2699999999999956,accelerate,2.0,1.8494250069381692,1.845341640348007,-21.803849034773492,-8.42725483825674,0.1432722616217306,0.5995015847040787,0.34609730317523907,0.34609730317523907,1.3734019967271391,0.009999999999999787
2.2799999999999954,accelerate,2.0,1.8572602956594522,1.852492833534874,-21.78526742562698,-8.427222206060133,0.14349300487870015,0.5941491008504126,0.344397782502023,0.344397782502023,1.36665786707152,0.009999999999999787
2.289999999999995,accelerate,2.0,1.8654832739830582,1.8602870978037847,-21.766600398310565,-8.427179158328611,0.1436523939110727,0.5867297325488684,0.3420419846789167,0.3420419846789167,1.3573094630115743,0.009999999999999787
2.299999999999995,accelerate,2.0,1.9095064695811061,1.8898187208701773,-21.747466705990206,-8.426908344118711,0.14301848436649806,0.5659728098824864,0.33545124659388714,0.33545124659388714,1.3311557404519332,0.009999999999999787
2.3099999999999947,accelerate,2.0,1.9061771007154704,1.8996337487773531,-21.728376858577022,-8.42664027261391,0.14251720295427234,0.5448875007729506,0.3287562392454273,0.3287562392454273,1.3045882509739177,0.009999999999999787
2.3199999999999945,accelerate,2.0,1.8985127490505704,1.8989611489412836,-21.709372902891523,-8.426376341426169,0.14220802507729813,0.5290816581561776,0.32373756809774956,0.32373756809774956,1.284672889276784,0.009999999999999787
2.3299999999999943,accelerate,2.0,1.8898720899945847,1.8935077135732643,-21.690462755415087,-8.426122492515223,0.14211319970903377,0.5200618439420606,0.3208735966884831,0.3208735966884831,1.2733079233669964,0.009999999999999787
2.339999999999994,accelerate,2.0,1.8828174823753099,1.8870935748544917,-21.671628764721955,-8.425881486253743,0.1422138033460919,0.5170230027902973,0.3199087038459752,0.3199087038459752,1.2694789835157745,0.009999999999999787
2.349999999999994,accelerate,2.0,1.879371971902883,1.8824606130835266,-21.65283316755169,-8.425646055004696,0.1424628847527935,0.5178609093923716,0.32017475595026584,0.32017475595026584,1.2705347458343883,0.009999999999999787
2.3599999999999937,accelerate,2.0,1.880752966666756,1.881436025233464,-21.634025199568658,-8.425424640741545,0.14278630378872037,0.5199021648822298,0.32082289539340564,0.32082289539340564,1.2731067277516097,0.009999999999999787
2.3699999999999934,accelerate,2.0,1.887038113877078,1.8847972784196325,-21.615152437347746,-8.425220839664144,0.14309330753820973,0.520566846642882,0.32103394514604794,0.32103394514604794,1.2739442267700314,0.009999999999999787
2.3799999999999932,accelerate,2.0,1.8938488267026832,1.890228207389463,-21.596209404406967,-8.425039972808614,0.14338007661006966,0.518999464103607,0.3205362698421773,0.3205362698421773,1.2719693247705448,0.009999999999999787
2.389999999999993,accelerate,2.0,1.9236262208316839,1.9102670154547954,-21.57694825681978,-8.42500487783848,0.1431762915856843,0.507793198305508,0.3169780563259649,0.3169780563259649,1.2578494298649399,0.009999999999999787
2.399999999999993,accelerate,2.0,1.9468027983580787,1.9321884851967654,-21.557446383029593,-8.425081075562133,0.1426190461005447,0.4877283302468911,0.3106070594199929,0.3106070594199929,1.232567696111083,0.009999999999999787
2.4099999999999926,accelerate,2.0,1.9400628262803605,1.9369130898469225,-21.53802225974387,-8.42515790896455,0.1422462950793882,0.4696234529157863,0.30485839876982046,0.30485839876982046,1.2097555506738906,0.009999999999999787
2.4199999999999924,accelerate,2.0,1.9312518240267995,1.9335163303548488,-21.518694678647947,-8.425231152642997,0.14208957509500425,0.4573984257502333,0.3009767081442141,0.3009767081442141,1.194352016445294,0.009999999999999787
2.429999999999992,accelerate,2.0,1.922756460892803,1.927060408677621,-21.499458541989533,-8.425303503106019,0.1421416141126154,0.45153770780262387,0.29911581298148915,0.29911581298148915,1.186967511831306,0.009999999999999787
2.439999999999992,accelerate,2.0,1.9169045945519105,1.9209669202021946,-21.48028567634946,-8.425358160444743,0.14236123299832512,0.4506197269181461,0.29882433569104977,0.29882433569104977,1.185810855916864,0.009999999999999787
2.4499999999999917,accelerate,2.0,1.9147550633800021,1.9172398061088791,-21.461137177700273,-8.425397886000173,0.1426904792646693,0.4524325798090723,0.29939995274097664,0.29939995274097664,1.188095050559431,0.009999999999999787
2.4599999999999915,accelerate,2.0,1.9177663886435388,1.917555755629675,-21.441958528345474,-8.425419321667743,0.1430444484035615,0.45429315048542535,0.29999072114213227,0.29999072114213227,1.190439369611636,0.009999999999999787
2.4699999999999913,accelerate,2.0,1.9243126712502738,1.9216099050020343,-21.422711536955045,-8.425421430277636,0.14334963305703327,0.45418974682288776,0.29995788841120335,0.29995788841120335,1.1903090809968386,0.009999999999999787
2.479999999999991,accelerate,2.0,1.931141127903714,1.9273286387430422,-21.40339308724082,-8.425409084119751,0.1436005335672504,0.45159623200640425,0.29913439558667354,0.29913439558667354,1.1870412523280696,0.009999999999999787
2.489999999999991,accelerate,2.0,1.9589262073950315,1.9462871799342358,-21.38377915824242,-8.425264357620227,0.14337413455497397,0.43988730014472754,0.2954165755419539,0.2954165755419539,1.1722879981823566,0.009999999999999787
2.4999999999999907,hold,2.0,1.9798116330197941,1.9664018517855708,-21.36394944566116,-8.42500325882247,0.14280626482470543,0.4201347949553823,0.289144760094233,0.289144760094233,1.1473998416437818,0.009999999999999787
2.5099999999999905,hold,2.0,1.973176911076826,1.970466887360324,-21.34419557651434,-8.424744786246533,0.14239933335095412,0.4023931838089142,0.28351144372300646,0.28351144372300646,1.1250454115992319,0.009999999999999787
2.5199999999999902,hold,2.0,1.964149255115369,1.966676308013351,-21.324539878755363,-8.42448997667864,0.1421944972841251,0.390434586630848,0.2797143499470269,0.2797143499470269,1.1099775791548685,0.009999999999999787
2.52999999999999,accelerate,2.0,1.9552015418676305,1.9597914483259187,-21.304979911559503,-8.424230514330487,0.14219524870765773,0.3847843746650778,0.27792029464365553,0.27792029464365553,1.1028583120779982,0.009999999999999787
2.53999999999999,accelerate,2.0,1.9486809296260823,1.9531251371060168,-21.285489672910927,-8.423983527283383,0.14236787520684974,0.38411214145682776,0.27770684715537197,0.27770684715537197,1.102011298235603,0.009999999999999787
2.5499999999999896,accelerate,2.0,1.9456523501919922,1.948641464957602,-21.266032684578168,-8.42374733266661,0.14266225982702513,0.38630124352988743,0.2784019308456099,0.2784019308456099,1.1047695668476583,0.009999999999999787
2.5599999999999894,accelerate,2.0,1.9465330122734206,1.9473763933470931,-21.24656791709092,-8.423517335511601,0.14301643731999017,0.38908884824525425,0.27928705109483315,0.27928705109483315,1.1082819487890205,0.009999999999999787
2.569999999999989,accelerate,2.0,1.952661147332341,1.9505472457382418,-21.22703891917532,-8.423320337833363,0.14332619922434794,0.3899908912348535,0.27957346778489073,0.27957346778489073,1.1094185229559155,0.009999999999999787
2.579999999999989,accelerate,2.0,1.9594659712535314,1.9558984810474156,-21.20743841170715,-8.42314550370575,0.14357790806546356,0.38819578401595717,0.27900348534074676,0.27900348534074676,1.1071566878601062,0.009999999999999787
2.5899999999999888,hold,2.0,1.9874141649758594,1.9748078914044818,-21.187539681084022,-8.423099960768543,0.14334477001855658,0.37695187433247784,0.2754333191380484,0.2754333191380484,1.0929893616589224,0.009999999999999787
2.5999999999999885,hold,2.0,2.0078072963446694,1.9946075343685943,-21.16742959510801,-8.423155597997566,0.14277339084332188,0.3575402823600628,0.26926975045496715,0.26926975045496715,1.0685307557736792,0.009999999999999787
2.6099999999999883,hold,2.0,1.9999021931017988,1.997784329608517,-21.147408265850967,-8.423209861757636,0.14237385038137837,0.340349170588192,0.2638112286451627,0.2638112286451627,1.0468699549411218,0.009999999999999787
2.619999999999988,hold,2.0,1.9898287997134745,1.9930110116714914,-21.127495519182926,-8.423260736409024,0.1421826915115125,0.32916551595974436,0.2602601946275381,0.2602601946275381,1.032778550109278,0.009999999999999787
2.629999999999988,hold,2.0,1.980037050034496,1.9852266346892942,-21.107686698384434,-8.423308101891454,0.14219787572172918,0.3244321568607613,0.25875725844642894,0.25875725844642894,1.0268145176445593,0.009999999999999787
2.6399999999999877,hold,2.0,1.9731040060625937,1.977953057513274,-21.087951460870297,-8.423348953505242,0.14237849127243013,0.32464024692792065,0.25882333120455336,0.25882333120455336,1.02707671112918,0.009999999999999787
2.6499999999999875,hold,2.0,1.9695181605323333,1.9728921193247095,-21.068254919552622,-8.423381240429057,0.1426768718827444,0.3276686495099371,0.25978490959239525,0.25978490959239525,1.0308924983825207,0.009999999999999787
2.6599999999999873,hold,2.0,1.9694870663983592,1.9708490875688993,-21.04855973496972,-8.423407817841504,0.14303441497372593,0.33137414872963583,0.26096147970463396,0.26096147970463396,1.0355614273993412,0.009999999999999787
2.669999999999987,hold,2.0,1.9753271576652158,1.9735359296266892,-21.028803401376305,-8.423401102066716,0.14334124971880124,0.3331051439914949,0.2615111053201795,0.2615111053201795,1.0377424814292837,0.009999999999999787
2.679999999999987,hold,2.0,1.9826892455975251,1.9790279192091909,-21.008969530888585,-8.42337032453678,0.14356862732249026,0.3317369742669569,0.26107668406924417,0.26107668406924417,1.0360185875763657,0.009999999999999787
2.6899999999999866,hold,2.0,1.9896990156594967,1.9854305770793743,-20.989061971286503,-8.423326923635695,0.1437211912711282,0.32736382109231404,0.25968812047323153,0.25968812047323153,1.0305084145763157,0.009999999999999787
2.6999999999999864,hold,2.0,1.9961616804195383,1.9918692390834727,-20.969086631787086,-8.423268936916918,0.14379974348205254,0.3205226003408515,0.2575158960602272,0.2575158960602272,1.021888476429473,0.009999999999999787
2.709999999999986,hold,2.0,2.001756120696877,1.997801368051515,-20.94905290377781,-8.423194050525382,0.14380936932362387,0.31193285006819454,0.25478847855365316,0.25478847855365316,1.0110653910859253,0.009999999999999787
2.719999999999986,hold,2.0,2.006320753799649,2.0029129995003956,-20.928971922662154,-8.423113289721025,0.1437605446353057,0.30234171744855726,0.2517431021242659,0.2517431021242659,0.9989805639851822,0.009999999999999787
2.7299999999999858,hold,2.0,2.0095207663293864,2.00687765959779,-20.90885825596856,-8.423025969920197,0.143668006158731,0.29252732720423863,0.2486268369338899,0.2486268369338899,0.9866144322773409,0.009999999999999787
2.7399999999999856,hold,2.0,2.011482661264513,2.0096406605978236,-20.888725158083137,-8.422920033733508,0.1435497447861581,0.2831494658565812,0.24564917839878167,0.24564917839878167,0.9747983269792924,0.009999999999999787
2.7499999999999853,hold,2.0,2.0120443277560636,2.0110828608927678,-20.868587341489878,-8.422801961198331,0.1434282939615779,0.27480811499647534,0.24300063267368088,0.24300063267368088,0.9642882248955591,0.009999999999999787
2.759999999999985,hold,2.0,2.0116554351397657,2.0114264054409663,-20.848454663279902,-8.422677620728676,0.1433212724737279,0.2678736579488551,0.24079880387192049,0.24079880387192049,0.9555508090155574,0.009999999999999787
2.769999999999985,hold,2.0,2.010811129541414,2.011057239901235,-20.82833183102126,-8.422542596002646,0.14324162967020276,0.2624436110364284,0.23907465537628675,0.23907465537628675,0.9487089499058998,0.009999999999999787
2.7799999999999847,hold,2.0,2.009882328992316,2.0103522933558837,-20.808219661536032,-8.42239716110784,0.14319743066705634,0.25839931922894127,0.23779051184157343,0.23779051184157343,0.943613142228466,0.009999999999999787
2.7899999999999845,hold,2.0,2.0092869645966402,2.0097130961003375,-20.78811459259986,-8.422245092750503,0.1431893226755035,0.2554333902611776,0.2368487700757291,0.2368487700757291,0.9398760717290837,0.009999999999999787
2.7999999999999843,hold,2.0,2.0093336433634374,2.0094854244581977,-20.76800991201567,-8.422086377481456,0.14321304910752314,0.25311445974280916,0.2361124632575368,0.2361124632575368,0.9369542192759397,0.009999999999999787
2.809999999999984,hold,2.0,2.010077397108009,2.0098406080480844,-20.747898324462366,-8.421920283211561,0.14326091606320632,0.2510028941363176,0.2354419989461636,0.2354419989461636,0.9342936466117603,0.009999999999999787
2.819999999999984,hold,2.0,2.011536561467396,2.0108581800996714,-20.727772288666245,-8.421748811314576,0.14332189474046095,0.2487003563471887,0.23471089714735938,0.23471089714735938,0.9313924489974579,0.009999999999999787
2.8299999999999836,hold,2.0,2.0135861801622315,2.012494980137207,-20.707625574799543,-8.42157250626968,0.1433850773227095,0.24590663083510628,0.23382383342276297,0.23382383342276297,0.927872354852234,0.009999999999999787
2.8399999999999834,hold,2.0,2.0159611410192526,2.0145746766664345,-20.687454687207865,-8.421392058234455,0.14344081493395966,0.24247154792134323,0.2327331258959849,0.2327331258959849,0.9235441503808925,0.009999999999999787
2.849999999999983,hold,2.0,2.018475325204787,2.016915065789446,-20.667258103535055,-8.421206979666392,0.14348166480736196,0.23836935067285667,0.23143059622564546,0.23143059622564546,0.9183753818477994,0.009999999999999787
2.859999999999983,hold,2.0,2.020829720845979,2.019263858823366,-20.647037435629,-8.421017732929881,0.14350411595765844,0.23371258314039417,0.229951979398738,0.229951979398738,0.9125078547568968,0.009999999999999787
2.869999999999983,hold,2.0,2.022848160293137,2.0214144397052287,-20.62679610085077,-8.420828128008404,0.14350688414033938,0.22870176133086395,0.22836094325777592,0.22836094325777592,0.9061942192768886,0.009999999999999787
2.8799999999999826,hold,2.0,2.0245112851898797,2.023272546996019,-20.6065378159773,-8.420635298937125,0.14349134558319265,0.2235491154047303,0.22672487512331,0.22672487512331,0.8997018854099603,0.009999999999999787
2.8899999999999824,hold,2.0,2.025645503302923,2.024696320780161,-20.586268120498595,-8.420437688803558,0.14346300793671604,0.21850237186033525,0.22512243311309366,0.22512243311309366,0.8933429885440224,0.009999999999999787
2.899999999999982,hold,2.0,2.0263025804201322,2.0256600765641437,-20.56599196414787,-8.420237039745462,0.14342762781570875,0.2137764934349274,0.22362187219545818,0.22362187219545818,0.8873883817280086,0.009999999999999787
2.909999999999982,hold,2.0,2.0266270817860925,2.026240279697313,-20.545712814142057,-8.420034098713172,0.14339109380897141,0.20950576148240663,0.22226582938589376,0.22226582938589376,0.8820072594678324,0.009999999999999787
2.9199999999999817,hold,2.0,2.0267287421070397,2.026533357143149,-20.525433009228895,-8.419828167368923,0.14335893664935534,0.2057486975289865,0.22107288643940382,0.22107288643940382,0.877273358886523,0.009999999999999787
2.9299999999999815,hold,2.0,2.026763038214544,2.0266711657859857,-20.505153274570112,-8.419618740911407,0.14333528985554905,0.2024835852423307,0.22003614798614485,0.22003614798614485,0.8731593174053367,0.009999999999999787
2.9399999999999813,hold,2.0,2.0268568142389927,2.02678255485779,-20.484873010775242,-8.41940555976581,0.14332242094260264,0.199625204099089,0.21912855480554277,0.21912855480554277,0.8695577571648523,0.009999999999999787
2.949999999999981,hold,2.0,2.0271242955663427,2.0269875992829216,-20.464590433369942,-8.419188193306812,0.14332065979237518,0.19704132253304557,0.2183081207306926,0.2183081207306926,0.8663020663916373,0.009999999999999787
2.959999999999981,hold,2.0,2.027614788898297,2.027363913052147,-20.444303241743185,-8.418966158647507,0.14332884447612487,0.19458397621869478,0.21752786412895997,0.21752786412895997,0.8632058100355554,0.009999999999999787
2.9699999999999807,hold,2.0,2.028323339886812,2.027939569152946,-20.424009167418944,-8.418739138277974,0.14334454224381216,0.19211857576192165,0.2167450501759254,0.2167450501759254,0.8600994054600215,0.009999999999999787
2.9799999999999804,hold,2.0,2.029229548391637,2.0287135566961605,-20.403706150768894,-8.41850638685396,0.1433646583228371,0.1895365950768128,0.2159252196687896,0.2159252196687896,0.8568461097967841,0.009999999999999787
2.9899999999999802,hold,2.0,2.0302604748810507,2.0296417076070945,-20.383392872609626,-8.418267297945622,0.14338594163836116,0.1867734548945029,0.21504786739810258,0.21504786739810258,0.8533645531670737,0.009999999999999787
2.99999999999998,hold,2.0,2.031338763796509,2.030659941320743,-20.363068806329245,-8.41802157484427,0.143405492021332,0.18381069575860332,0.21410713211727175,0.21410713211727175,0.8496314766558403,0.009999999999999787
3.00999999999998,hold,2.0,2.0323773277802815,2.031690373196466,-20.34273432600987,-8.417768853106397,0.14342116670851335,0.18067458780712672,0.2131113551205189,0.2131113551205189,0.8456799806369798,0.009999999999999787
3.0199999999999796,hold,2.0,2.0332931255460673,2.032652024606227,-20.32239067285483,-8.417508489834933,0.1434319224431017,0.17742938532934804,0.2120809384297746,0.2120809384297746,0.8415910255149786,0.009999999999999787
3.0299999999999794,hold,2.0,2.034060113547512,2.033496877970998,-20.302039362114893,-8.417239728962002,0.1434373558630494,0.17415266262472898,0.21104051343660396,0.21104051343660396,0.8374623549071586,0.009999999999999787
3.039999999999979,hold,2.0,2.034674465753466,2.0342034306404786,-20.281681946328085,-8.41696247453365,0.1434376356347391,0.17091880063706466,0.21001369757828078,0.21001369757828078,0.8333876888027015,0.009999999999999787
3.049999999999979,hold,2.0,2.035140998059187,2.0347659710917037,-20.261319951819118,-8.416676015425605,0.14343369450451787,0.16779132789104445,0.20902066243196446,0.20902066243196446,0.8294470731427162,0.009999999999999787
3.0599999999999787,hold,2.0,2.0354615877687907,2.035183341097956,-20.24095487536836,-8.416380666979917,0.14342692689542313,0.1648226949432413,0.20807806209837798,0.20807806209837798,0.825706595628484,0.009999999999999787
3.0699999999999785,hold,2.0,2.035672529906946,2.03547685438335,-20.22058786585723,-8.416075885767018,0.1434191203505104,0.16204447558962742,0.2071959218892185,0.2071959218892185,0.8222060392429306,0.009999999999999787
3.0799999999999783,hold,2.0,2.0358181038521166,2.03568160406461,-20.20021962653596,-8.415761149591985,0.1434121197056259,0.1594640210465786,0.2063765759627097,0.2063765759627097,0.8189546665186893,0.009999999999999787
3.089999999999978,hold,2.0,2.0359289467963815,2.0358300097036732,-20.1798505284508,-8.415435851055086,0.14340697163640728,0.15707048916678856,0.2056165817202387,0.2056165817202387,0.8159388163501535,0.009999999999999787
3.099999999999978,hold,2.0,2.036085997151568,2.03598360217241,-20.159480107385626,-8.415100144007313,0.14340411790327495,0.1548226816242566,0.20490285786933396,0.20490285786933396,0.8131065788465633,0.009999999999999787
3.1099999999999777,hold,2.0,2.0362987261505463,2.036172676559292,-20.13910779184407,-8.414754417080147,0.14340350199065519,0.15267139557804243,0.20421978152394007,0.20421978152394007,0.8103959584283337,0.009999999999999787
3.1199999999999775,hold,2.0,2.0365576839158566,2.0364036809732307,-20.118733126418217,-8.414398136009376,0.14340506807838588,0.15057357064369878,0.20355368015078726,0.20355368015078726,0.8077526990110605,0.009999999999999787
3.1299999999999772,hold,2.0,2.0368492303760117,2.0366710106148993,-20.09835578437034,-8.414031008080045,0.14340843200890263,0.1484974635711185,0.20289447463310156,0.20289447463310156,0.8051368040996094,0.009999999999999787
3.139999999999977,hold,2.0,2.0371693331230123,2.036970004119767,-20.077975462737292,-8.413653476833975,0.1434129099214228,0.14641991931364584,0.20223481278046887,0.20223481278046887,0.802519098335194,0.009999999999999787
3.149999999999977,hold,2.0,2.0374991600762296,2.0372874976936446,-20.057592046238355,-8.413266093787112,0.14341776652431965,0.14432923481680476,0.20157097863903187,0.20157097863903187,0.799884835869174,0.009999999999999787
3.1599999999999766,hold,2.0,2.0378172195978865,2.0376053308361897,-20.0372056714652,-8.412867441014173,0.14342232747076863,0.14222563400421478,0.20090304330901831,0.20090304330901831,0.7972342988453107,0.009999999999999787
3.1699999999999764,hold,2.0,2.038088619696438,2.0378953041523387,-20.016816784263593,-8.41245854868519,0.14342600929663576,0.14012438031414975,0.20023585323734885,0.20023585323734885,0.7945867191958288,0.009999999999999787
3.179999999999976,hold,2.0,2.0383260445302467,2.0381537483790835,-19.99642568373275,-8.412040830586053,0.14342792243622796,0.1380398425717229,0.19957397081337347,0.19957397081337347,0.791960201640371,0.009999999999999787
3.189999999999976,hold,2.0,2.0385336631472617,2.0383816972399904,-19.97603271337037,-8.411612355093629,0.14342809484960645,0.1359831834985426,0.19892094042445727,0.19892094042445727,0.7893688112081637,0.009999999999999787
3.1999999999999758,hold,2.0,2.03863371346965,2.038532906977786,-19.955638968699795,-8.411173608849008,0.1434272420255137,0.13398828714959768,0.19828752093574026,0.19828752093574026,0.7868552418084931,0.009999999999999787
3.2099999999999755,hold,2.0,2.0386763008817352,2.038618943320156,-19.93524500860407,-8.410725830152154,0.14342560325100692,0.1320766102784295,0.19768052529560695,0.19768052529560695,0.7844465289508212,0.009999999999999787
3.2199999999999753,hold,2.0,2.0386780399988624,2.03865440132738,-19.914851234078476,-8.410269816110537,0.14342354836424243,0.13025796614438898,0.19710306941016642,0.19710306941016642,0.7821550373419303,0.009999999999999787
3.229999999999975,hold,2.0,2.0386500027158063,2.038651762160436,-19.894457923242,-8.409806550480425,0.14342123573381765,0.12853388198218,0.19655563820698183,0.19655563820698183,0.7799826912975469,0.009999999999999787
3.239999999999975,hold,2.0,2.0386478714016785,2.0386494277051814,-19.874064859258944,-8.409334072193598,0.14341892778868576,0.12688530125085087,0.19603218085317017,0.19603218085317017,0.7779054795760721,0.009999999999999787
3.2499999999999747,hold,2.0,2.038613226211399,2.038627706808912,-19.853672354205948,-8.408853618798343,0.14341705658690515,0.12530751135135557,0.19553120100428245,0.19553120100428245,0.7759174643027081,0.009999999999999787
3.2599999999999745,hold,2.0,2.038590740757891,2.0386055271782997,-19.83328026570189,-8.408366307680902,0.14341572598103705,0.12378675158647443,0.1950483293637374,0.1950483293637374,0.7740013069989579,0.009999999999999787
3.2699999999999743,hold,2.0,2.038574672054899,2.0385870141042592,-19.812888539140012,-8.407871892335935,0.14341504041279537,0.12230980957893305,0.19457937073750287,0.19457937073750287,0.7721403600694559,0.009999999999999787
3.279999999999974,hold,2.0,2.0385650300140314,2.0385738236501227,-19.792497094509603,-8.407370887463415,0.14341476309247217,0.12086520376713317,0.19412067950014014,0.19412067950014014,0.7703201567465878,0.009999999999999787
3.289999999999974,hold,2.0,2.03857098191903,2.038572118611467,-19.772105762899983,-8.406863878678314,0.1434147064802964,0.11944041454782314,0.19366828042722484,0.19366828042722484,0.7685249223302573,0.009999999999999787
3.2999999999999736,hold,2.0,2.038568871588273,2.0385701703975507,-19.75171462637028,-8.406350916941312,0.14341472188642684,0.11803162063654014,0.19322096018451423,0.19322096018451423,0.7667498420020407,0.009999999999999787
3.3099999999999734,hold,2.0,2.038558983066907,2.0385634579991647,-19.73132376121,-8.405832043689928,0.14341454777018497,0.1166381854478674,0.19277851664340687,0.19277851664340687,0.7649941136643129,0.009999999999999787
3.319999999999973,hold,2.0,2.0385316656674837,2.038544382600156,-19.710933328730402,-8.405307729924484,0.1434138643812614,0.11526369842940477,0.19234208952530463,0.19234208952530463,0.7632622600210501,0.009999999999999787
3.329999999999973,hold,2.0,2.0384818839222625,2.0385068833934197,-19.6905435523426,-8.404778214706342,0.14341260799920427,0.11391436021203746,0.19191364765452615,0.19191364765452615,0.7615620938671672,0.009999999999999787
3.3399999999999728,hold,2.0,2.0383877406802444,2.0384353977655145,-19.6701548879555,-8.404243394205668,0.1434109533673822,0.11260358626531894,0.19149745071096408,0.19149745071096408,0.7599105186943019,0.009999999999999787
3.3499999999999726,hold,2.0,2.0382557407953708,2.0383276035834283,-19.649767724968786,-8.403703120232105,0.14340908150028447,0.11134358921100163,0.19109737644627728,0.19109737644627728,0.7583229224058622,0.009999999999999787
3.3599999999999723,hold,2.0,2.0380908045021133,2.038185524134639,-19.62938239048915,-8.403157649257874,0.14340714572568863,0.110143310847566,0.19071626406031916,0.19071626406031916,0.7568105716679332,0.009999999999999787
3.369999999999972,hold,2.0,2.037909945723173,2.0380201770877595,-19.608999042026294,-8.402607149669176,0.143405332838554,0.10900425015795563,0.19035458951015408,0.19035458951015408,0.7553753551990241,0.009999999999999787
3.379999999999972,hold,2.0,2.037703378909162,2.037830098180601,-19.58861793472699,-8.402051740345867,0.14340381554232934,0.10792855258198282,0.1900130340158312,0.1900130340158312,0.7540199762532984,0.009999999999999787
3.3899999999999717,hold,2.0,2.037482018557478,2.037621250406727,-19.568239228186446,-8.40149100840294,0.14340279185628182,0.10691491739296295,0.18969118457061362,0.18969118457061362,0.7527427959151334,0.009999999999999787
3.3999999999999715,hold,2.0,2.0372557698186027,2.0374019620538526,-19.54786296257846,-8.400925092869251,0.1434022470425939,0.1059579797576878,0.18938733773266106,0.18938733773266106,0.7515370544946868,0.009999999999999787
3.4099999999999713,hold,2.0,2.0370418579065226,2.0371858995654546,-19.527489009643514,-8.400354107450486,0.14340226102935597,0.10504620934638363,0.18909783239166375,0.18909783239166375,0.7503882237764434,0.009999999999999787
3.419999999999971,hold,2.0,2.0368272811731662,2.0369707285300818,-19.507117393613406,-8.399777506500195,0.14340304760554243,0.10417160822430659,0.18882012904338186,0.18882012904338186,0.7492862263626264,0.009999999999999787
3.429999999999971,hold,2.0,2.0366166577404634,2.036758286056311,-19.486748083488415,-8.399194877969641,0.14340460385180456,0.10332678895040177,0.1885518820275316,0.1885518820275316,0.7482217540775064,0.009999999999999787
3.4399999999999706,hold,2.0,2.036422395920589,2.036556751974878,-19.46638089701702,-8.39860645643098,0.14340655225486046,0.10250144626245039,0.18828981921725327,0.18828981921725327,0.7471818222906875,0.009999999999999787
3.4499999999999704,hold,2.0,2.03623610405828,2.0363643632249193,-19.44601574234231,-8.398012431601176,0.14340862504911306,0.10168820282949301,0.18803159816242063,0.18803159816242063,0.7461571355651612,0.009999999999999787
3.45999999999997,hold,2.0,2.0360493011635716,2.036175325988111,-19.425652647948986,-8.397412022210206,0.14341079479622237,0.10088419246224523,0.18777630879061213,0.18777630879061213,0.7451440825024291,0.009999999999999787
3.46999999999997,hold,2.0,2.0358566581519706,2.0359841252864266,-19.40529167398717,-8.396805178013704,0.14341296309039725,0.10009004926193128,0.18752415244164844,0.18752415244164844,0.7441434620700335,0.009999999999999787
3.47999999999997,hold,2.0,2.0356506846981315,2.0357840609334494,-19.384932958559205,-8.396191859227997,0.1434151229762209,0.09930988025351792,0.18727643317809703,0.18727643317809703,0.7431604491194327,0.009999999999999787
3.4899999999999696,hold,2.0,2.035428969320685,2.035571005965791,-19.36457668348207,-8.395571349711165,0.14341727404039567,0.09854924102795035,0.18703491501119482,0.18703491501119482,0.7422020436952176,0.009999999999999787
3.4999999999999694,hold,2.0,2.035206263355996,2.0353521603999143,-19.344222854163146,-8.394943619883094,0.14341911700521146,0.09780881498347979,0.18679981493355452,0.18679981493355452,0.7412691068791846,0.009999999999999787
3.509999999999969,hold,2.0,2.034980519448096,2.0351291758288235,-19.323871486244975,-8.394309055126168,0.14342040478057103,0.09708830577063754,0.18657103884829285,0.18657103884829285,0.7403612652710033,0.009999999999999787
3.519999999999969,hold,2.0,2.0347420253672057,2.034896885551853,-19.30352272590689,-8.393667179200154,0.14342114333046377,0.09639026946774118,0.18634939836139722,0.18634939836139722,0.739481739529354,0.009999999999999787
3.5299999999999687,hold,2.0,2.0344795770502637,2.0346465004508993,-19.283176841542808,-8.393017507512814,0.14342161006152565,0.09572151825557133,0.18613705647650902,0.18613705647650902,0.7386391130020199,0.009999999999999787
3.5399999999999685,hold,2.0,2.0341937420750855,2.034374845425411,-19.262834078504156,-8.39235988235365,0.143421906409486,0.09508932722131534,0.18593632317931208,0.18593632317931208,0.7378425522988574,0.009999999999999787
3.5499999999999683,hold,2.0,2.033895365342914,2.0340871573759127,-19.24249456041303,-8.391694426896237,0.14342199960478258,0.09449686358241433,0.18574820412468823,0.18574820412468823,0.7370960481138422,0.009999999999999787
3.559999999999968,hold,2.0,2.0335787777475396,2.033782129598889,-19.222158471298528,-8.391021314015457,0.14342203590567565,0.09394747243036985,0.18557376144609106,0.18557376144609106,0.7364038152622661,0.009999999999999787
3.569999999999968,hold,2.0,2.0332471303057456,2.033461130023003,-19.201825983841765,-8.390340051391963,0.14342215603722502,0.09344321937464103,0.18541365101583604,0.18541365101583604,0.7357684564120478,0.009999999999999787
3.5799999999999677,hold,2.0,2.0329172668640103,2.0331348121276074,-19.181497080609347,-8.38965054212747,0.14342220199976966,0.09298016909393361,0.1852666232907058,0.1852666232907058,0.7351850130583564,0.009999999999999787
3.5899999999999674,hold,2.0,2.032608554066257,2.0328190572907974,-19.16117153850372,-8.388953060658807,0.1434220256006716,0.09254671402216778,0.18512899263631874,0.18512899263631874,0.7346388596679315,0.009999999999999787
3.5999999999999672,coast,2.0,2.0322817875415793,2.0324966954412664,-19.140849547042468,-8.38824753180807,0.14342174190591866,0.0,0.0,0.0,0.0,0.009999999999999787
3.609999999999967,coast,2.0,2.0380137837883634,2.0358069484495247,-19.120471697776274,-8.387531441043215,0.1434287866445857,0.0,0.0,0.0,0.0,0.009999999999999787
3.619999999999967,coast,2.0,2.0413641406455274,2.0391412637671262,-19.10006250688826,-8.38680852456837,0.1434426704550834,0.0,0.0,0.0,0.0,0.009999999999999787
3.6299999999999666,coast,2.0,2.0396026949317303,2.0394181224658885,-19.079673205003676,-8.38608046489427,0.14345992736728347,0.0,0.0,0.0,0.0,0.009999999999999787
3.6399999999999664,coast,2.0,2.033140390745612,2.0356514834337225,-19.059350474581553,-8.385348205596886,0.1434770647271914,0.0,0.0,0.0,0.0,0.009999999999999787
3.649999999999966,coast,2.0,2.022857992245865,2.027975388721008,-19.039131992854507,-8.38461255287036,0.14349170352716395,0.0,0.0,0.0,0.0,0.009999999999999787
3.659999999999966,coast,2.0,2.010048243064484,2.0172191013270937,-19.01904244262503,-8.38387578311992,0.14350219955846522,0.0,0.0,0.0,0.0,0.009999999999999787
3.6699999999999657,coast,2.0,1.996239655659053,2.0046314339262694,-18.999091375885037,-8.383138078018643,0.14350833369388233,0.0,0.0,0.0,0.0,0.009999999999999787
3.6799999999999655,coast,2.0,1.9827924084489155,1.991528018639857,-18.97927486972817,-8.382397548559416,0.14350968253419574,0.0,0.0,0.0,0.0,0.009999999999999787
3.6899999999999653,coast,2.0,1.9708414330650506,1.979116067294973,-18.95957752628869,-8.381657763217884,0.14350740935141285,0.0,0.0,0.0,0.0,0.009999999999999787
3.699999999999965,coast,2.0,1.9611054858135175,1.9683097184060998,-18.939976956385,-8.380918333920722,0.14350332100102398,0.0,0.0,0.0,0.0,0.009999999999999787
3.709999999999965,coast,2.0,1.9538391133140651,1.959627355350879,-18.92044834783544,-8.380177778366596,0.14349864528798004,0.0,0.0,0.0,0.0,0.009999999999999787
3.7199999999999647,coast,2.0,1.9489379380290563,1.9532137049577853,-18.900967926349317,-8.379438196479061,0.14349362486309108,0.0,0.0,0.0,0.0,0.009999999999999787
3.7299999999999645,coast,2.0,1.9458205435362206,1.9487778081048464,-18.881517972336567,-8.378699933595314,0.14348940194226142,0.0,0.0,0.0,0.0,0.009999999999999787
3.7399999999999642,coast,2.0,1.9436550751596018,1.9457041683376994,-18.86208928123878,-8.377962118242023,0.14348785285745475,0.0,0.0,0.0,0.0,0.009999999999999787
3.749999999999964,coast,2.0,1.9416847444806034,1.9432925140234418,-18.84268019065604,-8.377225930463558,0.14348994816570096,0.0,0.0,0.0,0.0,0.009999999999999787
3.759999999999964,coast,2.0,1.9392118298847387,1.94084410354022,-18.823296069367146,-8.376490248432024,0.1434960627920495,0.0,0.0,0.0,0.0,0.009999999999999787
3.7699999999999636,coast,2.0,1.935804863687757,1.9378205596287421,-18.803946338625344,-8.375757619646919,0.14350408859344563,0.0,0.0,0.0,0.0,0.009999999999999787
3.7799999999999634,coast,2.0,1.9312397355766724,1.9338720651975003,-18.784642564503876,-8.375030291241863,0.14351162474471588,0.0,0.0,0.0,0.0,0.009999999999999787
3.789999999999963,coast,2.0,1.9253712234362144,1.9287715601407287,-18.765397771937256,-8.37430847554301,0.14351771976678668,0.0,0.0,0.0,0.0,0.009999999999999787
3.799999999999963,coast,2.0,1.9183136205623619,1.9224967963937085,-18.746223788682876,-8.373592211232426,0.14352236326677206,0.0,0.0,0.0,0.0,0.009999999999999787
3.8099999999999627,coast,2.0,1.910419936551759,1.9152506804885387,-18.72712891569125,-8.372879955217849,0.1435254174164044,0.0,0.0,0.0,0.0,0.009999999999999787
3.8199999999999625,coast,2.0,1.9021868976461165,1.9074124107830854,-18.70811628029668,-8.372174813800594,0.14352571837394454,0.0,0.0,0.0,0.0,0.009999999999999787
3.8299999999999623,coast,2.0,1.894028284230889,1.8993819348517675,-18.68918502835077,-8.3714760735978,0.14352306270407184,0.0,0.0,0.0,0.0,0.009999999999999787
3.839999999999962,coast,2.0,1.8862265177906399,1.891488684615091,-18.67033146674254,-8.37078446027536,0.14351836975398166,0.0,0.0,0.0,0.0,0.009999999999999787
3.849999999999962,coast,2.0,1.8789580168312696,1.883970283944798,-18.651550281461915,-8.370097963968218,0.1435134277730742,0.0,0.0,0.0,0.0,0.009999999999999787
3.8599999999999617,coast,2.0,1.8723882465542483,1.877021061510468,-18.632834453301477,-8.369416384790286,0.14350878501675776,0.0,0.0,0.0,0.0,0.009999999999999787
3.8699999999999615,coast,2.0,1.8665545641829662,1.870741163113967,-18.614176579826,-8.368740645162644,0.1435043956625846,0.0,0.0,0.0,0.0,0.009999999999999787
3.8799999999999613,coast,2.0,1.8612591701033643,1.8650519673076054,-18.595571341156752,-8.368070403889922,0.14350112641563859,0.0,0.0,0.0,0.0,0.009999999999999787
3.889999999999961,coast,2.0,1.85624681212376,1.8597688741972982,-18.577016031126014,-8.367404666858704,0.1435002492668121,0.0,0.0,0.0,0.0,0.009999999999999787
3.899999999999961,coast,2.0,1.8513007858859645,1.854688021210498,-18.55851008972318,-8.366743141869566,0.14350267819928625,0.0,0.0,0.0,0.0,0.009999999999999787
3.9099999999999606,coast,2.0,1.8462513354439234,1.849626009750553,-18.540054665777898,-8.366084308166108,0.14350787823768354,0.0,0.0,0.0,0.0,0.009999999999999787
3.9199999999999604,coast,2.0,1.84112719805664,1.844526722734205,-18.52165043218797,-8.36542991687865,0.14351261189513592,0.0,0.0,0.0,0.0,0.009999999999999787
3.92999999999996,coast,2.0,1.835682615343134,1.8392202582995623,-18.50330067368337,-8.364778532868302,0.14351621987179414,0.0,0.0,0.0,0.0,0.009999999999999787
3.93999999999996,coast,2.0,1.8297892826074353,1.833561672884286,-18.4850099110731,-8.36412997135988,0.1435191555783256,0.0,0.0,0.0,0.0,0.009999999999999787
3.9499999999999598,coast,2.0,1.8235076360440403,1.8275292507801386,-18.466782040948168,-8.363483775899448,0.14352167852070924,0.0,0.0,0.0,0.0,0.009999999999999787
3.9599999999999596,coast,2.0,1.8169777286055684,1.8211983374753966,-18.44861949216888,-8.362840542262798,0.1435235457888501,0.0,0.0,0.0,0.0,0.009999999999999787
3.9699999999999593,coast,2.0,1.810297880556384,1.8146580633239893,-18.43052371946195,-8.362200638658512,0.14352505788048064,0.0,0.0,0.0,0.0,0.009999999999999787
3.979999999999959,coast,2.0,1.8035760289591785,1.8080088427051029,-18.412495182717983,-8.361562059466628,0.14352650951604273,0.0,0.0,0.0,0.0,0.009999999999999787
3.989999999999959,coast,2.0,1.797052341187385,1.8014349417944722,-18.394531802589974,-8.360925590106051,0.14352619560970054,0.0,0.0,0.0,0.0,0.009999999999999787
3.9999999999999587,coast,2.0,1.7907037127251497,1.7949962043528789,-18.376631838854237,-8.360290432770269,0.14352436586029654,0.0,0.0,0.0,0.0,0.009999999999999787
4.009999999999959,coast,2.0,1.7844799717285984,1.7886864647783105,-18.358794101206257,-8.359655334807119,0.1435222937102233,0.0,0.0,0.0,0.0,0.010000000000000231
4.019999999999959,coast,2.0,1.778442700085688,1.782540205962737,-18.341016712195106,-8.359020741728754,0.1435202743033098,0.0,0.0,0.0,0.0,0.009999999999999787
4.0299999999999585,coast,2.0,1.7725825567341722,1.776565616425598,-18.323297878481473,-8.358387631996475,0.14351859545661722,0.0,0.0,0.0,0.0,0.009999999999999787
4.039999999999958,coast,2.0,1.7667723201216157,1.7706896386432087,-18.30563724113874,-8.357753116709542,0.1435181849006072,0.0,0.0,0.0,0.0,0.009999999999999787
4.049999999999958,coast,2.0,1.7610535750200769,1.7649080004693296,-18.28803383178069,-8.35711870272488,0.14351820072299287,0.0,0.0,0.0,0.0,0.009999999999999787
4.059999999999958,coast,2.0,1.7553684623460364,1.7591842775953537,-18.270487297820118,-8.356485129115942,0.1435181691271587,0.0,0.0,0.0,0.0,0.009999999999999787
4.069999999999958,coast,2.0,1.7495537291337364,1.7534059485183833,-18.252999069120303,-8.355849607821886,0.14351870772621259,0.0,0.0,0.0,0.0,0.009999999999999787
4.079999999999957,coast,2.0,1.7436856238336262,1.747573753707529,-18.23556961797601,-8.355213536496576,0.14351872190519774,0.0,0.0,0.0,0.0,0.009999999999999787
4.089999999999957,coast,2.0,1.7377596541260114,1.7416852939586185,-18.218199496624866,-8.354577499308494,0.14351761972035726,0.0,0.0,0.0,0.0,0.009999999999999787
4.099999999999957,coast,2.0,1.7316681181042461,1.735674988445995,-18.200890415274415,-8.35394054774564,0.14351629366445134,0.0,0.0,0.0,0.0,0.009999999999999787
4.109999999999957,coast,2.0,1.7254640749948846,1.729548440375329,-18.183643565290726,-8.353300807285173,0.1435148617305652,0.0,0.0,0.0,0.0,0.009999999999999787
4.119999999999957,coast,2.0,1.719286723629746,1.7233914103279793,-18.16645855276585,-8.352660884235224,0.1435122751765959,0.0,0.0,0.0,0.0,0.009999999999999787
4.129999999999956,coast,2.0,1.7130968343806694,1.7172146647595934,-18.14933550884976,-8.35202059396255,0.14350894445253953,0.0,0.0,0.0,0.0,0.009999999999999787
4.139999999999956,coast,2.0,1.7068441692214602,1.7109923674367136,-18.132275139818688,-8.351378302016707,0.14350623270901103,0.0,0.0,0.0,0.0,0.009999999999999787
4.149999999999956,coast,2.0,1.7006149108497863,1.704765893484557,-18.115277209872552,-8.350733889526527,0.14350430882663298,0.0,0.0,0.0,0.0,0.009999999999999787
4.159999999999956,coast,2.0,1.6945007252216897,1.6986067925268367,-18.09834049457301,-8.35008881276685,0.1435025556589773,0.0,0.0,0.0,0.0,0.009999999999999787
4.1699999999999555,coast,2.0,1.6884693056165174,1.6925243003806452,-18.08146416254334,-8.349443140976236,0.14350104001705605,0.0,0.0,0.0,0.0,0.009999999999999787
4.179999999999955,coast,2.0,1.6824437937581143,1.6864759964071268,-18.064648202009174,-8.348796152305397,0.14350073862821425,0.0,0.0,0.0,0.0,0.009999999999999787
4.189999999999955,coast,2.0,1.676421232435891,1.6804431380243852,-18.047892624476,-8.348147019098947,0.14350204708252584,0.0,0.0,0.0,0.0,0.009999999999999787
4.199999999999955,coast,2.0,1.6704637112036465,1.674455481931942,-18.031196712648146,-8.34749712911621,0.14350409124105012,0.0,0.0,0.0,0.0,0.009999999999999787
4.209999999999955,coast,2.0,1.6645656366383308,1.6685215747557751,-18.014559836410765,-8.34684714418977,0.14350610049113738,0.0,0.0,0.0,0.0,0.009999999999999787
4.2199999999999545,coast,2.0,1.658646955136241,1.6625968029840545,-17.997982199295098,-8.346197364144432,0.14350823747315924,0.0,0.0,0.0,0.0,0.009999999999999787
4.229999999999954,coast,2.0,1.652656769946727,1.6566327831616579,-17.981464578664937,-8.345546532815074,0.14351103101467907,0.0,0.0,0.0,0.0,0.009999999999999787
4.239999999999954,coast,2.0,1.6466401146340075,1.6506371820450676,-17.965007205764543,-8.344895311305793,0.14351397739963584,0.0,0.0,0.0,0.0,0.009999999999999787
4.249999999999954,coast,2.0,1.640645060957213,1.6446419093923548,-17.948609801530353,-8.344244889976164,0.14351616218467447,0.0,0.0,0.0,0.0,0.009999999999999787
4.259999999999954,coast,2.0,1.6346391143988994,1.6386402323962814,-17.932272443286866,-8.343596055164436,0.14351749408371087,0.0,0.0,0.0,0.0,0.009999999999999787
4.269999999999953,coast,2.0,1.6285625829922918,1.6325936427538876,-17.91599589561716,-8.342947687083278,0.1435188153850602,0.0,0.0,0.0,0.0,0.009999999999999787
4.279999999999953,coast,2.0,1.622465923494852,1.6265170111984664,-17.899780378333514,-8.342299129221484,0.14351989468821075,0.0,0.0,0.0,0.0,0.009999999999999787
4.289999999999953,coast,2.0,1.6164549807311779,1.6204797929180934,-17.88362491096371,-8.341652871578017,0.14351943390244531,0.0,0.0,0.0,0.0,0.009999999999999787
4.299999999999953,coast,2.0,1.610470338314452,1.6144741201559087,-17.867529199530345,-8.341009746610357,0.143517455920193,0.0,0.0,0.0,0.0,0.009999999999999787
4.3099999999999525,coast,2.0,1.6044292134221207,1.6084471761156358,-17.851493884308628,-8.340368461144001,0.143515182362899,0.0,0.0,0.0,0.0,0.009999999999999787
4.319999999999952,coast,2.0,1.598355882034328,1.6023923996668512,-17.835519290267435,-8.3397293968189,0.14351353220632634,0.0,0.0,0.0,0.0,0.009999999999999787
4.329999999999952,coast,2.0,1.5922565197133867,1.5963108716947725,-17.819605726836482,-8.339091517377565,0.14351301831049865,0.0,0.0,0.0,0.0,0.009999999999999787
4.339999999999952,coast,2.0,1.5862249127383987,1.5902592963209483,-17.803752421847697,-8.33845674281106,0.1435126810424473,0.0,0.0,0.0,0.0,0.009999999999999787
4.349999999999952,coast,2.0,1.5802561252098035,1.5842573936542614,-17.787958714834264,-8.337825654800305,0.1435120091107538,0.0,0.0,0.0,0.0,0.009999999999999787
4.3599999999999515,coast,2.0,1.5742617183201155,1.5782599884537738,-17.7722248833483,-8.337198068199257,0.1435116199572717,0.0,0.0,0.0,0.0,0.009999999999999787
4.369999999999951,coast,2.0,1.5682208341657118,1.5722364958809365,-17.756551453200252,-8.33657276600259,0.14351216812171672,0.0,0.0,0.0,0.0,0.009999999999999787
4.379999999999951,coast,2.0,1.5621788234739382,1.5662018924367374,-17.740938421694278,-8.335949906874227,0.143513281304232,0.0,0.0,0.0,0.0,0.009999999999999787
4.389999999999951,coast,2.0,1.5561879482655203,1.560193525934007,-17.725385208070456,-8.33533080151581,0.1435140618267739,0.0,0.0,0.0,0.0,0.009999999999999787
4.399999999999951,coast,2.0,1.550209954439825,1.5542033830374977,-17.70989166409575,-8.334715878030552,0.14351434491712722,0.0,0.0,0.0,0.0,0.009999999999999787
4.40999999999995,coast,2.0,1.5441830937824725,1.5481912094844827,-17.694458326192503,-8.334104292185135,0.1435148476398948,0.0,0.0,0.0,0.0,0.009999999999999787
4.41999999999995,coast,2.0,1.5381173596673177,1.5421468995941838,-17.67908565085594,-8.333494411416039,0.14351580967533425,0.0,0.0,0.0,0.0,0.009999999999999787
4.42999999999995,coast,2.0,1.5321045792213057,1.5361215073704568,-17.66377301474649,-8.332888078226626,0.1435162351263398,0.0,0.0,0.0,0.0,0.009999999999999787
4.43999999999995,coast,2.0,1.5261368354014178,1.5301307041890335,-17.64851994641889,-8.332285585264211,0.1435156589023302,0.0,0.0,0.0,0.0,0.009999999999999787
4.4499999999999496,coast,2.0,1.5201281520066854,1.5241291728796247,-17.6333268954211,-8.331686352942878,0.14351490743804657,0.0,0.0,0.0,0.0,0.009999999999999787
4.459999999999949,coast,2.0,1.5140698231507104,1.518093563042276,-17.61819438795296,-8.331090088427015,0.1435149332601089,0.0,0.0,0.0,0.0,0.009999999999999787
4.469999999999949,coast,2.0,1.507978887074659,1.512024757461706,-17.603122807045203,-8.330495632405997,0.14351643216566376,0.0,0.0,0.0,0.0,0.009999999999999787
4.479999999999949,coast,2.0,1.5019200568662596,1.5059619371044382,-17.58811182541792,-8.329902721875046,0.1435187363812747,0.0,0.0,0.0,0.0,0.009999999999999787
4.489999999999949,coast,2.0,1.4959686084391077,1.4999659399052399,-17.57316025594877,-8.329313457469974,0.14352042645041557,0.0,0.0,0.0,0.0,0.009999999999999787
4.4999999999999485,coast,2.0,1.4900090562796668,1.4939918097298959,-17.558268218843878,-8.328727015558377,0.14352174208768978,0.0,0.0,0.0,0.0,0.009999999999999787
4.509999999999948,coast,2.0,1.4840126953880781,1.4880043411248054,-17.543436127346354,-8.328142565411763,0.14352320848952915,0.0,0.0,0.0,0.0,0.009999999999999787
4.519999999999948,coast,2.0,1.4779898417045092,1.4819956414726276,-17.52866425824639,-8.327560058657564,0.14352530174163716,0.0,0.0,0.0,0.0,0.009999999999999787
4.529999999999948,coast,2.0,1.4719427088979433,1.4759638819278171,-17.51395294084373,-8.326977379479489,0.14352817261691347,0.0,0.0,0.0,0.0,0.009999999999999787
4.539999999999948,coast,2.0,1.4660020542717154,1.4699867853341562,-17.499300962094196,-8.32639724370086,0.14352986098172632,0.0,0.0,0.0,0.0,0.009999999999999787
4.549999999999947,coast,2.0,1.460108743885119,1.4640599604647337,-17.484707840297837,-8.325819620092215,0.14352975923841857,0.0,0.0,0.0,0.0,0.009999999999999787
4.559999999999947,coast,2.0,1.4541404088909144,1.4581082295204422,-17.470174409523867,-8.32524300703086,0.14352884012395525,0.0,0.0,0.0,0.0,0.009999999999999787
4.569999999999947,coast,2.0,1.4481238742167069,1.452117616338201,-17.45570118372249,-8.32466691831004,0.1435276217518763,0.0,0.0,0.0,0.0,0.009999999999999787
4.579999999999947,coast,2.0,1.4421033151743494,1.44610903563989,-17.441288181724016,-8.324091852714087,0.14352599804606464,0.0,0.0,0.0,0.0,0.009999999999999787
4.589999999999947,coast,2.0,1.436106433304868,1.4401074742388769,-17.42693516302736,-8.323517766301798,0.14352367944894168,0.0,0.0,0.0,0.0,0.009999999999999787
4.599999999999946,coast,2.0,1.4301161196547387,1.4341126614883941,-17.412642048172863,-8.322945077483315,0.14352078068866692,0.0,0.0,0.0,0.0,0.009999999999999787
4.609999999999946,coast,2.0,1.4240951317873238,1.428102143667752,-17.39840917547621,-8.322373355541544,0.1435179907027664,0.0,0.0,0.0,0.0,0.009999999999999787
4.619999999999946,coast,2.0,1.4180315567549349,1.4220597915200617,-17.384236997452756,-8.321802363008917,0.14351620841755258,0.0,0.0,0.0,0.0,0.009999999999999787
4.629999999999946,coast,2.0,1.4119458042099926,1.41599139913402,-17.370125804681436,-8.32123047467614,0.1435157076086313,0.0,0.0,0.0,0.0,0.009999999999999787
4.6399999999999455,coast,2.0,1.4059467517979345,1.4099646107323687,-17.35607462026405,-8.320659709384206,0.14351518877517536,0.0,0.0,0.0,0.0,0.009999999999999787
4.649999999999945,coast,2.0,1.39998611203567,1.4039775115143494,-17.34208302794633,-8.32009070156843,0.14351431504170592,0.0,0.0,0.0,0.0,0.009999999999999787
4.659999999999945,coast,2.0,1.3939777622584906,1.3979776619608342,-17.328151585952842,-8.319521880611353,0.14351389289314787,0.0,0.0,0.0,0.0,0.009999999999999787
4.669999999999945,coast,2.0,1.3879364478956941,1.39195293352175,-17.314280615521223,-8.318953715881978,0.14351446131912718,0.0,0.0,0.0,0.0,0.009999999999999787
4.679999999999945,coast,2.0,1.3818800572530754,1.3859092077605453,-17.300470341657498,-8.31838441623703,0.14351616307682158,0.0,0.0,0.0,0.0,0.009999999999999787
4.689999999999944,coast,2.0,1.3758987929132858,1.3799029588521896,-17.286719895499807,-8.317816111227142,0.14351751669061896,0.0,0.0,0.0,0.0,0.009999999999999787
4.699999999999944,coast,2.0,1.3699735333157148,1.3739453035303049,-17.273028665908534,-8.317249716557757,0.14351779286487776,0.0,0.0,0.0,0.0,0.009999999999999787
4.709999999999944,coast,2.0,1.3639946129464093,1.3679748891799675,-17.259397265251405,-8.316683772243966,0.14351767231354826,0.0,0.0,0.0,0.0,0.009999999999999787
4.719999999999944,coast,2.0,1.3579769880426056,1.3619761484975503,-17.245826110150148,-8.31611778720012,0.1435175716444445,0.0,0.0,0.0,0.0,0.009999999999999787
4.729999999999944,coast,2.0,1.3519756318269622,1.3559758384951974,-17.23231498446755,-8.315552821772181,0.1435169774598165,0.0,0.0,0.0,0.0,0.009999999999999787
4.739999999999943,coast,2.0,1.3460115644274082,1.349997274054524,-17.218863487824194,-8.314989334135435,0.14351543215127888,0.0,0.0,0.0,0.0,0.009999999999999787
4.749999999999943,coast,2.0,1.3400299155010165,1.3440168589224195,-17.205471789464163,-8.314427751959988,0.14351343210677714,0.0,0.0,0.0,0.0,0.009999999999999787
4.759999999999943,coast,2.0,1.333990669830019,1.3380011454669791,-17.192140531902062,-8.313866983428753,0.14351206305054853,0.0,0.0,0.0,0.0,0.009999999999999787
4.769999999999943,coast,2.0,1.3279227733904413,1.3319541222210565,-17.178869980188082,-8.313307833532932,0.14351201421193294,0.0,0.0,0.0,0.0,0.009999999999999787
4.7799999999999425,coast,2.0,1.321831166243587,1.3258803486345747,-17.16566044111722,-8.31274876994539,0.14351376850592187,0.0,0.0,0.0,0.0,0.009999999999999787
4.789999999999942,coast,2.0,1.315808687945962,1.319837352221407,-17.15251112982345,-8.312191428547461,0.1435161901028776,0.0,0.0,0.0,0.0,0.009999999999999787
4.799999999999942,coast,2.0,1.3098680357964256,1.3138557623664182,-17.139421158073763,-8.311636948854908,0.14351820405126553,0.0,0.0,0.0,0.0,0.009999999999999787
4.809999999999942,coast,2.0,1.3039065735427633,1.3078862490722254,-17.12639077353888,-8.311084581287721,0.14352017381815402,0.0,0.0,0.0,0.0,0.009999999999999787
4.819999999999942,coast,2.0,1.297920265825536,1.3019066591242119,-17.11342025958226,-8.310533626948459,0.1435223456962771,0.0,0.0,0.0,0.0,0.009999999999999787
4.8299999999999415,coast,2.0,1.2919423382097512,1.2959280665755355,-17.10050948809095,-8.309985022289462,0.14352441580808134,0.0,0.0,0.0,0.0,0.009999999999999787
4.839999999999941,coast,2.0,1.285968876185684,1.2899525523416244,-17.08765839119036,-8.309439346452647,0.14352640015599494,0.0,0.0,0.0,0.0,0.009999999999999787
4.849999999999941,coast,2.0,1.2799677222402048,1.2839616542807728,-17.07486729815611,-8.308895535481678,0.14352868929940513,0.0,0.0,0.0,0.0,0.009999999999999787
4.859999999999941,coast,2.0,1.2739622171256686,1.27796199198771,-17.062136212431565,-8.308354569872545,0.143531348365374,0.0,0.0,0.0,0.0,0.009999999999999787
4.869999999999941,coast,2.0,1.2679573989144846,1.2719592361437748,-17.04946521337532,-8.307814202687474,0.1435340484903575,0.0,0.0,0.0,0.0,0.009999999999999787
4.87999999999994,coast,2.0,1.2620597711753438,1.2660195571627162,-17.036853046803586,-8.307277913660204,0.1435349422228299,0.0,0.0,0.0,0.0,0.009999999999999787
4.88999999999994,coast,2.0,1.2561836911545505,1.2601180375578167,-17.024299503040833,-8.306745523037554,0.14353380443153224,0.0,0.0,0.0,0.0,0.009999999999999787
4.89999999999994,coast,2.0,1.2502375051857013,1.2541897181345474,-17.01180536353857,-8.30621571716599,0.1435317129522186,0.0,0.0,0.0,0.0,0.009999999999999787
4.90999999999994,coast,2.0,1.2442300728281532,1.248213930950711,-16.999371279701485,-8.305688102069066,0.1435296956105002,0.0,0.0,0.0,0.0,0.009999999999999787
4.9199999999999395,coast,2.0,1.2382074831486254,1.2422100622694596,-16.986997436269117,-8.305161906904885,0.14352780125107995,0.0,0.0,0.0,0.0,0.009999999999999787
4.929999999999939,coast,2.0,1.2322589796938568,1.2362394127240979,-16.974682972155993,-8.30463950678286,0.14352503935959735,0.0,0.0,0.0,0.0,0.009999999999999787
4.939999999999939,coast,2.0,1.2262976327127633,1.230274344717297,-16.96242803831755,-8.304120591373858,0.1435218240280983,0.0,0.0,0.0,0.0,0.009999999999999787
4.949999999999939,coast,2.0,1.220277318850245,1.2242761291970656,-16.950233292132886,-8.303604093856817,0.14351925899735907,0.0,0.0,0.0,0.0,0.009999999999999787
4.959999999999939,coast,2.0,1.2142228811439182,1.2182441803651771,-16.938099125512174,-8.303089014414514,0.14351782400475868,0.0,0.0,0.0,0.0,0.009999999999999787
4.9699999999999385,coast,2.0,1.2082075164399164,1.2122221820100207,-16.92602508863166,-8.302576389946331,0.14351685004124184,0.0,0.0,0.0,0.0,0.009999999999999787
4.979999999999938,coast,2.0,1.2022373128350454,1.2062312605050356,-16.914010689674054,-8.302066915388881,0.14351584916946375,0.0,0.0,0.0,0.0,0.009999999999999787
4.989999999999938,coast,2.0,1.1962439303276733,1.2002388623986182,-16.902056186565964,-8.301560214127578,0.1435153231991996,0.0,0.0,0.0,0.0,0.009999999999999787
4.999999999999938,coast,2.0,1.1902156529881274,1.1942249367523237,-16.89016197528146,-8.301055440597313,0.14351586322686063,0.0,0.0,0.0,0.0,0.009999999999999787
5.009999999999938,coast,2.0,1.1841839930965095,1.188200370558835,-16.878328123910364,-8.300551709136402,0.1435173880450486,0.0,0.0,0.0,0.0,0.009999999999999787
5.019999999999937,coast,2.0,1.1782148258050889,1.1822090437065873,-16.866553924938124,-8.300050404666141,0.14351878991859962,0.0,0.0,0.0,0.0,0.009999999999999787
5.029999999999937,coast,2.0,1.1722794982483686,1.1762513164316561,-16.85483900128466,-8.299552211683604,0.14351958002759002,0.0,0.0,0.0,0.0,0.009999999999999787
5.039999999999937,coast,2.0,1.1663061579215646,1.170284221325601,-16.843183797982512,-8.299055899518663,0.14352031965998913,0.0,0.0,0.0,0.0,0.009999999999999787
5.049999999999937,coast,2.0,1.1603002893402001,1.1642938621343606,-16.83158865330551,-8.298561396702677,0.1435214873965913,0.0,0.0,0.0,0.0,0.009999999999999787
5.0599999999999365,coast,2.0,1.1542935883848073,1.1582936978846288,-16.82005361257,-8.298067724285756,0.14352288643151173,0.0,0.0,0.0,0.0,0.009999999999999787
5.069999999999936,coast,2.0,1.148357373820625,1.1523319034462265,-16.80857788230262,-8.297576405589421,0.14352337884269092,0.0,0.0,0.0,0.0,0.009999999999999787
5.079999999999936,coast,2.0,1.1424224605374693,1.1463862377009721,-16.797161434442092,-8.297087835206046,0.14352298396860946,0.0,0.0,0.0,0.0,0.009999999999999787
5.089999999999936,coast,2.0,1.1364387038393262,1.1404177173839847,-16.785804837258897,-8.296600518228383,0.14352241841367502,0.0,0.0,0.0,0.0,0.009999999999999787
5.099999999999936,coast,2.0,1.1304484412572737,1.1344361517079582,-16.77450816994925,-8.2961141006654,0.14352161302399907,0.0,0.0,0.0,0.0,0.009999999999999787
5.1099999999999355,coast,2.0,1.1245054273492716,1.1284777170927462,-16.763270893017143,-8.295629833914472,0.14351989510053448,0.0,0.0,0.0,0.0,0.009999999999999787
5.119999999999935,coast,2.0,1.118559561618683,1.1225268238083084,-16.75209301938545,-8.295148244403654,0.14351755039210673,0.0,0.0,0.0,0.0,0.009999999999999787
5.129999999999935,coast,2.0,1.1125589412517545,1.1165460942743761,-16.740975165471855,-8.294668232551453,0.14351561291228637,0.0,0.0,0.0,0.0,0.009999999999999787
5.139999999999935,coast,2.0,1.1065224885930351,1.1105319308655714,-16.729917697497875,-8.294189951878224,0.14351484515712826,0.0,0.0,0.0,0.0,0.009999999999999787
5.149999999999935,coast,2.0,1.100470922400283,1.1044953257863983,-16.71892083724725,-8.293711801339906,0.14351543755928173,0.0,0.0,0.0,0.0,0.009999999999999787
5.159999999999934,coast,2.0,1.0944946047484458,1.098494893163627,-16.707983713765074,-8.293235917364374,0.1435161878550478,0.0,0.0,0.0,0.0,0.009999999999999787
5.169999999999934,coast,2.0,1.0885603690697567,1.0925341787073048,-16.69710588269166,-8.29276262192133,0.14351664043278808,0.0,0.0,0.0,0.0,0.009999999999999787
5.179999999999934,coast,2.0,1.082587981963003,1.0865664606607237,-16.68628777983964,-8.292290962841461,0.14351740427144183,0.0,0.0,0.0,0.0,0.009999999999999787
5.189999999999934,coast,2.0,1.0765932095230855,1.0805825099781408,-16.67552962708026,-8.29182113953101,0.14351880792034213,0.0,0.0,0.0,0.0,0.009999999999999787
5.199999999999934,coast,2.0,1.0705822983055142,1.0745823829745649,-16.664831609909104,-8.291352725622811,0.14352117125644118,0.0,0.0,0.0,0.0,0.009999999999999787
5.209999999999933,coast,2.0,1.0645731973344597,1.0685768715905017,-16.654193747028298,-8.290884736670948,0.14352426783352473,0.0,0.0,0.0,0.0,0.009999999999999787
5.219999999999933,coast,2.0,1.0586521043982253,1.062622011275136,-16.643615038567486,-8.290419164270293,0.14352649688249522,0.0,0.0,0.0,0.0,0.009999999999999787
5.229999999999933,coast,2.0,1.0527687890016462,1.056710077911042,-16.633095070600422,-8.289956616905787,0.14352731624776266,0.0,0.0,0.0,0.0,0.009999999999999787
5.239999999999933,coast,2.0,1.0468367650617387,1.05078609020146,-16.622634391326763,-8.289496048659178,0.1435273765215393,0.0,0.0,0.0,0.0,0.009999999999999787
5.2499999999999325,coast,2.0,1.0408722594088178,1.0448377917258747,-16.612233371157252,-8.28903663445038,0.14352709100144065,0.0,0.0,0.0,0.0,0.009999999999999787
5.259999999999932,coast,2.0,1.0349031809373845,1.0388770252527806,-16.60189202646245,-8.288579016806223,0.1435263508551133,0.0,0.0,0.0,0.0,0.009999999999999787
5.269999999999932,coast,2.0,1.0289578212769934,1.0329255028673083,-16.591610085852224,-8.288123866760476,0.1435248948323672,0.0,0.0,0.0,0.0,0.009999999999999787
5.279999999999932,coast,2.0,1.0229955023086048,1.0269675025320861,-16.581387712630637,-8.287671543615772,0.14352314898621438,0.0,0.0,0.0,0.0,0.009999999999999787
5.289999999999932,coast,2.0,1.0169892674726357,1.0209805614964158,-16.57122540178127,-8.287221178768327,0.14352199229648696,0.0,0.0,0.0,0.0,0.009999999999999787
5.299999999999931,coast,2.0,1.0109545156373378,1.014964933980969,-16.561123452281063,-8.286772721888145,0.14352205576182064,0.0,0.0,0.0,0.0,0.009999999999999787
5.309999999999931,coast,2.0,1.0049284605589852,1.0089430499277787,-16.551081813329397,-8.286325215391331,0.14352315913919655,0.0,0.0,0.0,0.0,0.009999999999999787
5.319999999999931,coast,2.0,0.9989866237064746,1.0029691941949963,-16.541099528001485,-8.285880658080298,0.14352404331467877,0.0,0.0,0.0,0.0,0.009999999999999787
5.329999999999931,coast,2.0,0.9930605341077363,0.9970239981426403,-16.531176428879437,-8.28543921561397,0.14352455451451435,0.0,0.0,0.0,0.0,0.009999999999999787
5.339999999999931,coast,2.0,0.9871029783719372,0.9910713862802184,-16.521312881499192,-8.284999984580192,0.14352519532516722,0.0,0.0,0.0,0.0,0.009999999999999787
5.34999999999993,coast,2.0,0.9811205380494548,0.9851008773417602,-16.511509143053853,-8.284562964748577,0.14352635515750745,0.0,0.0,0.0,0.0,0.009999999999999787
5.35999999999993,coast,2.0,0.9751397121965254,0.9791241782546193,-16.501765222490498,-8.28412744213879,0.14352773829527693,0.0,0.0,0.0,0.0,0.009999999999999787
5.36999999999993,coast,2.0,0.9692326705967356,0.973189273659889,-16.49208029005308,-8.28369491889663,0.1435280870470915,0.0,0.0,0.0,0.0,0.009999999999999787
5.37999999999993,coast,2.0,0.9633329178760724,0.9672754601895991,-16.48245426237588,-8.283265627306111,0.14352731348836534,0.0,0.0,0.0,0.0,0.009999999999999787
5.3899999999999295,coast,2.0,0.9573823084296234,0.9613395691336136,-16.472887693121827,-8.282838924424947,0.1435261487261626,0.0,0.0,0.0,0.0,0.009999999999999787
5.399999999999929,coast,2.0,0.9513963019012301,0.9553736087941835,-16.463380953874825,-8.282414682222157,0.1435251527455267,0.0,0.0,0.0,0.0,0.009999999999999787
5.409999999999929,coast,2.0,0.9453847632820829,0.9493803014869231,-16.45393431341116,-8.281992817900857,0.14352483254385837,0.0,0.0,0.0,0.0,0.009999999999999787
5.419999999999929,coast,2.0,0.9393570191746125,0.9433663320995367,-16.444547935665124,-8.281573409238618,0.14352551374963624,0.0,0.0,0.0,0.0,0.009999999999999787
5.429999999999929,coast,2.0,0.9333343095518025,0.9373471185708961,-16.435221812484233,-8.281155402309546,0.14352707148223143,0.0,0.0,0.0,0.0,0.009999999999999787
5.4399999999999284,coast,2.0,0.927393605172309,0.9313750105317439,-16.425955006031266,-8.28074081814581,0.1435281906877187,0.0,0.0,0.0,0.0,0.009999999999999787
5.449999999999928,coast,2.0,0.9214832090173208,0.9254399296230901,-16.416747207893298,-8.280329620853333,0.1435285182664078,0.0,0.0,0.0,0.0,0.009999999999999787
5.459999999999928,coast,2.0,0.9155399968065431,0.9194999699331619,-16.40759879533136,-8.279920964299677,0.14352855493941852,0.0,0.0,0.0,0.0,0.009999999999999787
5.469999999999928,coast,2.0,0.9095758891766792,0.9135455214792723,-16.39851001365414,-8.279514201150358,0.14352863983264394,0.0,0.0,0.0,0.0,0.009999999999999787
5.479999999999928,coast,2.0,0.9036234620521897,0.9075922858230228,-16.38948072896516,-8.27910955705255,0.14352841167327707,0.0,0.0,0.0,0.0,0.009999999999999787
5.489999999999927,coast,2.0,0.8977246223096478,0.9016716877149978,-16.380510343992412,-8.278708032819692,0.14352702314157922,0.0,0.0,0.0,0.0,0.009999999999999787
5.499999999999927,coast,2.0,0.8918070917337083,0.8957529301262241,-16.371599051843415,-8.278309702645712,0.14352485388777547,0.0,0.0,0.0,0.0,0.009999999999999787
5.509999999999927,coast,2.0,0.8858382376693096,0.8898041146520754,-16.36274747458352,-8.277912478645664,0.14352262564979323,0.0,0.0,0.0,0.0,0.009999999999999787
5.519999999999927,coast,2.0,0.8798782014578712,0.8838485667355529,-16.353955435521264,-8.277518263123978,0.14352014019249543,0.0,0.0,0.0,0.0,0.009999999999999787
5.5299999999999265,coast,2.0,0.8739150936331787,0.8778884828741282,-16.345222988585853,-8.277126611232553,0.1435175662046611,0.0,0.0,0.0,0.0,0.009999999999999787
5.539999999999926,coast,2.0,0.8679244506221785,0.8719100635229584,-16.3365504057496,-8.276737862136066,0.14351548114080032,0.0,0.0,0.0,0.0,0.009999999999999787
5.549999999999926,coast,2.0,0.8619032298394884,0.8659059633128764,-16.32793806222504,-8.276350710227813,0.1435144794795935,0.0,0.0,0.0,0.0,0.009999999999999787
5.559999999999926,coast,2.0,0.8558885371635545,0.8598955076232833,-16.319385838774735,-8.275966331506224,0.1435145692198768,0.0,0.0,0.0,0.0,0.009999999999999787
5.569999999999926,coast,2.0,0.8498667416616315,0.8538782480462922,-16.310893834627034,-8.27558415810832,0.1435159662080099,0.0,0.0,0.0,0.0,0.009999999999999787
5.5799999999999255,coast,2.0,0.8438741321949653,0.8478757785354961,-16.302461763128367,-8.275203795698957,0.14351815158697573,0.0,0.0,0.0,0.0,0.009999999999999787
5.589999999999925,coast,2.0,0.8379450366850698,0.8419173334252403,-16.29408893600418,-8.27482596227864,0.1435201553401971,0.0,0.0,0.0,0.0,0.009999999999999787
5.599999999999925,coast,2.0,0.8320298326824912,0.8359848329795909,-16.285775173558246,-8.274451463747425,0.14352172391314266,0.0,0.0,0.0,0.0,0.009999999999999787
5.609999999999925,coast,2.0,0.826092858476379,0.8300496482776638,-16.277520794105808,-8.274078185870376,0.14352310205075341,0.0,0.0,0.0,0.0,0.009999999999999787
5.619999999999925,coast,2.0,0.8201728267301276,0.8241235553491421,-16.26932555661199,-8.273707541031175,0.14352385263201164,0.0,0.0,0.0,0.0,0.009999999999999787
5.629999999999924,coast,2.0,0.8142616007611436,0.818206382596343,-16.26118939175374,-8.273339038331237,0.14352377414035988,0.0,0.0,0.0,0.0,0.009999999999999787
5.639999999999924,coast,2.0,0.8083379537877929,0.812285325311213,-16.2531123760844,-8.272973848697259,0.14352304639293134,0.0,0.0,0.0,0.0,0.009999999999999787
5.649999999999924,coast,2.0,0.8023721843131548,0.8063374407123781,-16.245095045659426,-8.272609707312762,0.14352226727343267,0.0,0.0,0.0,0.0,0.009999999999999787
5.659999999999924,coast,2.0,0.7964189907774009,0.8003863707513917,-16.23713719324885,-8.272248304927155,0.14352117310352677,0.0,0.0,0.0,0.0,0.009999999999999787
5.6699999999999235,coast,2.0,0.7904642254075352,0.7944330835450779,-16.22923883854656,-8.271889617894947,0.14351990531745118,0.0,0.0,0.0,0.0,0.009999999999999787
5.679999999999923,coast,2.0,0.784476667998198,0.7884592342169501,-16.221400330363984,-8.271533471240943,0.14351909644385213,0.0,0.0,0.0,0.0,0.009999999999999787
5.689999999999923,coast,2.0,0.7784784721052151,0.7824707769499091,-16.213621835833237,-8.27117858189789,0.14351892736296235,0.0,0.0,0.0,0.0,0.009999999999999787
5.699999999999923,coast,2.0,0.7725194302199183,0.7764999689119145,-16.20590288663729,-8.270826352497991,0.14351878878114083,0.0,0.0,0.0,0.0,0.009999999999999787
5.709999999999923,coast,2.0,0.7665830404866885,0.7705498118567788,-16.198243235229942,-8.270477163176414,0.1435185091698269,0.0,0.0,0.0,0.0,0.009999999999999787
5.7199999999999225,coast,2.0,0.7606185235817234,0.7645910388917456,-16.190643218041473,-8.270130038524929,0.14351861196506793,0.0,0.0,0.0,0.0,0.009999999999999787
5.729999999999922,coast,2.0,0.7546475403059901,0.7586249397402923,-16.183102936335686,-8.269784230509355,0.14351924619342055,0.0,0.0,0.0,0.0,0.009999999999999787
5.739999999999922,coast,2.0,0.748702154609691,0.7526712686619316,-16.17562206267817,-8.269441032241513,0.14351979556917432,0.0,0.0,0.0,0.0,0.009999999999999787
5.749999999999922,coast,2.0,0.742786548586234,0.7467404366165131,-16.16820028566406,-8.269100598342837,0.14351993999320717,0.0,0.0,0.0,0.0,0.009999999999999787
5.759999999999922,coast,2.0,0.7368427832659132,0.7408018446061532,-16.160837896020787,-8.268762964882352,0.14352016370373763,0.0,0.0,0.0,0.0,0.009999999999999787
5.769999999999921,coast,2.0,0.7308738977070576,0.7348450764666958,-16.15353518815484,-8.2684273679078,0.1435208763800774,0.0,0.0,0.0,0.0,0.009999999999999787
5.779999999999921,coast,2.0,0.7248849611499462,0.7288690072766459,-16.14629236352892,-8.268093897531246,0.14352233760522443,0.0,0.0,0.0,0.0,0.009999999999999787
5.789999999999921,coast,2.0,0.7188966571697318,0.7228855972124975,-16.139109408549096,-8.26776265896843,0.14352446507694397,0.0,0.0,0.0,0.0,0.009999999999999787
5.799999999999921,coast,2.0,0.7129327720700968,0.716913902127057,-16.131986022889958,-8.267434729285739,0.1435269523533053,0.0,0.0,0.0,0.0,0.009999999999999787
5.809999999999921,coast,2.0,0.7069620821471472,0.7109428101391111,-16.12492231554127,-8.267109241384851,0.14352989902424473,0.0,0.0,0.0,0.0,0.009999999999999787
5.81999999999992,coast,2.0,0.7009912637073773,0.7049718822800708,-16.11791826497189,-8.26678664372145,0.14353320448641876,0.0,0.0,0.0,0.0,0.009999999999999787
5.82999999999992,coast,2.0,0.6950439871881526,0.6990151452249199,-16.1109736543171,-8.266466474932432,0.14353679362390975,0.0,0.0,0.0,0.0,0.009999999999999787
5.83999999999992,coast,2.0,0.6890899019027678,0.6930599992316286,-16.104088523887178,-8.266149307911451,0.14354058327454655,0.0,0.0,0.0,0.0,0.009999999999999787
5.84999999999992,coast,2.0,0.6831369006886405,0.6871061401058358,-16.097262884577578,-8.265834606795545,0.14354445095246066,0.0,0.0,0.0,0.0,0.009999999999999787
5.8599999999999195,coast,2.0,0.6772009381460914,0.6811630189299891,-16.09049652144732,-8.265523198389387,0.14354806033610235,0.0,0.0,0.0,0.0,0.009999999999999787
5.869999999999919,coast,2.0,0.6712856987417171,0.6752366268170259,-16.083789267677968,-8.265214100692672,0.1435512099187934,0.0,0.0,0.0,0.0,0.009999999999999787
5.879999999999919,coast,2.0,0.6653704351304492,0.6693169118050799,-16.07714105317981,-8.264908739768526,0.14355359383772184,0.0,0.0,0.0,0.0,0.009999999999999787
5.889999999999919,coast,2.0,0.6594491821873312,0.6633962740344307,-16.070552024897356,-8.264605136099533,0.14355503155882726,0.0,0.0,0.0,0.0,0.009999999999999787
5.899999999999919,coast,2.0,0.6536011347413726,0.6575191904585957,-16.06402141022563,-8.264303607412147,0.1435542530025895,0.0,0.0,0.0,0.0,0.009999999999999787
5.909999999999918,coast,2.0,0.6478181989846638,0.6516985955742365,-16.057548410111472,-8.264006992346214,0.1435502623044414,0.0,0.0,0.0,0.0,0.009999999999999787
5.919999999999918,coast,2.0,0.6419474396037914,0.6458479019919694,-16.051134011414067,-8.263713530116974,0.14354423253621912,0.0,0.0,0.0,0.0,0.009999999999999787
5.929999999999918,coast,2.0,0.6360214466469758,0.6399520287849731,-16.044778807488193,-8.263422950463369,0.1435374383226538,0.0,0.0,0.0,0.0,0.009999999999999787
5.939999999999918,coast,2.0,0.6300153707448934,0.6339900339609253,-16.038483630269486,-8.263135194418611,0.14353119731936564,0.0,0.0,0.0,0.0,0.009999999999999787
5.949999999999918,coast,2.0,0.623967616546335,0.6279765835121711,-16.03224892368813,-8.262850129160947,0.14352657003068375,0.0,0.0,0.0,0.0,0.009999999999999787
5.959999999999917,coast,2.0,0.6178862825378381,0.6219224029275713,-16.026075004456587,-8.262568413369653,0.1435241633559456,0.0,0.0,0.0,0.0,0.009999999999999787
5.969999999999917,coast,2.0,0.6118277551365358,0.6158656142529499,-16.019961688573567,-8.262289099294936,0.14352415771926338,0.0,0.0,0.0,0.0,0.009999999999999787
5.979999999999917,coast,2.0,0.6057921335754597,0.6098215258464558,-16.013908718458982,-8.262012645147953,0.14352630038916042,0.0,0.0,0.0,0.0,0.009999999999999787
5.989999999999917,coast,2.0,0.5997845968397757,0.6037993684424477,-16.00791585054257,-8.261737921150377,0.1435299928128923,0.0,0.0,0.0,0.0,0.009999999999999787
5.9999999999999165,coast,2.0,0.5939096177209102,0.5978655180095253,-16.00198164840885,-8.261466369504529,0.1435331766329899,0.0,0.0,0.0,0.0,0.009999999999999787
6.009999999999916,coast,2.0,0.5880905173767952,0.5920005176298873,-15.996105533648992,-8.261198018376849,0.14353495610638595,0.0,0.0,0.0,0.0,0.009999999999999787
6.019999999999916,coast,2.0,0.5822395590797886,0.586143942499828,-15.99028784988458,-8.260932398787448,0.1435353977071841,0.0,0.0,0.0,0.0,0.009999999999999787
6.029999999999916,coast,2.0,0.5763510282928814,0.5802681939756601,-15.984529010605343,-8.260668861853379,0.143534789179135,0.0,0.0,0.0,0.0,0.009999999999999787
6.039999999999916,coast,2.0,0.5704536562905158,0.5743794713645736,-15.978829075106693,-8.260408169151514,0.14353334849343619,0.0,0.0,0.0,0.0,0.009999999999999787
6.0499999999999154,coast,2.0,0.5645103276960127,0.568457985163437,-15.973188521048538,-8.260150184359516,0.14353159309523508,0.0,0.0,0.0,0.0,0.009999999999999787
6.059999999999915,coast,2.0,0.558540342867795,0.5625073997860518,-15.967607663470371,-8.259894119613348,0.14353011768011154,0.0,0.0,0.0,0.0,0.009999999999999787
6.069999999999915,coast,2.0,0.5525292328047406,0.5565204995972651,-15.962086884789155,-8.259640780908356,0.14352931565083266,0.0,0.0,0.0,0.0,0.009999999999999787
6.079999999999915,coast,2.0,0.5465113005292604,0.5505149801564624,-15.956626296407148,-8.259389250368113,0.14352928756609667,0.0,0.0,0.0,0.0,0.009999999999999787
6.089999999999915,coast,2.0,0.5405334415267118,0.544526056978612,-15.951225467202596,-8.259139982951526,0.14352964439724936,0.0,0.0,0.0,0.0,0.009999999999999787
6.099999999999914,coast,2.0,0.5345772844698957,0.5385567934733821,-15.945884175839998,-8.258892925569455,0.14353009894513677,0.0,0.0,0.0,0.0,0.009999999999999787
6.109999999999914,coast,2.0,0.5286693551075351,0.5326243304538739,-15.940601862259129,-8.258649404577966,0.1435298622911439,0.0,0.0,0.0,0.0,0.009999999999999787
6.119999999999914,coast,2.0,0.522755697083387,0.5267031504315818,-15.935378660276498,-8.258407953175773,0.1435293549907542,0.0,0.0,0.0,0.0,0.009999999999999787
6.129999999999914,coast,2.0,0.5168254773317484,0.5207765465716818,-15.93021479403589,-8.258167397167036,0.1435287696382559,0.0,0.0,0.0,0.0,0.009999999999999787
6.1399999999999135,coast,2.0,0.5109455489580697,0.5148779480035145,-15.92510963223821,-8.25793018488288,0.14352734536653794,0.0,0.0,0.0,0.0,0.009999999999999787
6.149999999999913,coast,2.0,0.5050599476071723,0.5089871477657092,-15.920063226900103,-8.257696463689784,0.14352513627667507,0.0,0.0,0.0,0.0,0.009999999999999787
6.159999999999913,coast,2.0,0.4991431377760484,0.5030807417719128,-15.915075998306744,-8.257464195433322,0.14352279069032242,0.0,0.0,0.0,0.0,0.009999999999999787
6.169999999999913,coast,2.0,0.4931818156438851,0.49714138609509617,-15.910148373178066,-8.257234015166537,0.14352078850259795,0.0,0.0,0.0,0.0,0.009999999999999787
6.179999999999913,coast,2.0,0.48721929106944634,0.4911881290797063,-15.905280352905768,-8.257006262654441,0.14351938747933785,0.0,0.0,0.0,0.0,0.009999999999999787
6.1899999999999125,coast,2.0,0.4812320298564516,0.4852144695457534,-15.90047218623962,-8.256781021562109,0.14351885101517795,0.0,0.0,0.0,0.0,0.009999999999999787
6.199999999999912,coast,2.0,0.47522744863633476,0.47922225700010224,-15.895724046134541,-8.25655836876636,0.14351936305662935,0.0,0.0,0.0,0.0,0.009999999999999787
6.209999999999912,coast,2.0,0.4692389938276203,0.4732322990966131,-15.891035778366563,-8.256338133762346,0.14352094020854103,0.0,0.0,0.0,0.0,0.009999999999999787
6.219999999999912,coast,2.0,0.4632497758028044,0.4672427851203279,-15.88640736550894,-8.256120744934185,0.14352336324924184,0.0,0.0,0.0,0.0,0.009999999999999787
6.229999999999912,coast,2.0,0.45727504602222496,0.4612621416614662,-15.881838753578032,-8.25590400453778,0.14352616347443878,0.0,0.0,0.0,0.0,0.009999999999999787
6.239999999999911,coast,2.0,0.45142177202814054,0.4553579198814708,-15.877328570950874,-8.255690331444216,0.1435272258245083,0.0,0.0,0.0,0.0,0.009999999999999787
6.249999999999911,coast,2.0,0.44564127046359425,0.4495279302307449,-15.872876030049408,-8.255480530384236,0.1435254441711051,0.0,0.0,0.0,0.0,0.009999999999999787
6.259999999999911,coast,2.0,0.43981704237528113,0.4437013975174666,-15.868481644043857,-8.255273316660771,0.14352148932780423,0.0,0.0,0.0,0.0,0.009999999999999787
6.269999999999911,coast,2.0,0.43393788667635474,0.4378432910127995,-15.864145989361589,-8.25506856503544,0.1435162804243498,0.0,0.0,0.0,0.0,0.009999999999999787
6.2799999999999105,coast,2.0,0.4280009679754189,0.4319378971903712,-15.859869666317113,-8.254866285064347,0.14351086202349503,0.0,0.0,0.0,0.0,0.009999999999999787
6.28999999999991,coast,2.0,0.4220122788243553,0.42598252617076166,-15.855653211830234,-8.254666506230626,0.14350620379906437,0.0,0.0,0.0,0.0,0.009999999999999787
6.29999999999991,coast,2.0,0.41599244125216805,0.4199884752196055,-15.851496948622199,-8.25446928555112,0.14350299959737792,0.0,0.0,0.0,0.0,0.009999999999999787
6.30999999999991,coast,2.0,0.4099630009267609,0.4139731906438987,-15.847400978519977,-8.254274618581558,0.1435015731777222,0.0,0.0,0.0,0.0,0.009999999999999787
6.31999999999991,coast,2.0,0.40394805505414316,0.4079581092900454,-15.843365144454452,-8.254082716594793,0.14350188171069947,0.0,0.0,0.0,0.0,0.009999999999999787
6.3299999999999095,coast,2.0,0.39795103544259636,0.401953864981576,-15.839389257255878,-8.253893679692178,0.1435037310206348,0.0,0.0,0.0,0.0,0.009999999999999787
6.339999999999909,coast,2.0,0.39197939583189834,0.39596918349176935,-15.83547305697497,-8.253707471821308,0.14350679513413495,0.0,0.0,0.0,0.0,0.009999999999999787
6.349999999999909,coast,2.0,0.3860345072090322,0.39000837772212704,-15.831616264517692,-8.253524132105117,0.14351064142539782,0.0,0.0,0.0,0.0,0.009999999999999787
6.359999999999909,coast,2.0,0.38011177305943855,0.38407041492451394,-15.827818646351082,-8.253343705487866,0.14351481458351992,0.0,0.0,0.0,0.0,0.009999999999999787
6.369999999999909,coast,2.0,0.37421040777031084,0.37815441063199207,-15.824079977824905,-8.253166231836525,0.1435188869561239,0.0,0.0,0.0,0.0,0.009999999999999787
6.379999999999908,coast,2.0,0.3683186591693154,0.37225295975438605,-15.820400153857284,-8.252991746954962,0.14352250389961196,0.0,0.0,0.0,0.0,0.009999999999999787
6.389999999999908,coast,2.0,0.36242948895151517,0.3663588772726635,-15.816779142800124,-8.252820278231523,0.1435254283970435,0.0,0.0,0.0,0.0,0.009999999999999787
6.399999999999908,coast,2.0,0.3565387148025927,0.36046677979062103,-15.813216957308734,-8.252651863057878,0.14352756045312098,0.0,0.0,0.0,0.0,0.009999999999999787
6.409999999999908,coast,2.0,0.350640799549216,0.354571191645778,-15.809713668800256,-8.252486527115128,0.14352893467970343,0.0,0.0,0.0,0.0,0.009999999999999787
6.419999999999908,coast,2.0,0.3447293584215411,0.34866609171123586,-15.806269414873336,-8.252324292942252,0.1435296899534565,0.0,0.0,0.0,0.0,0.009999999999999787
6.429999999999907,coast,2.0,0.33880850864551004,0.34275154187180035,-15.802884293106342,-8.252165180545076,0.14353002343445004,0.0,0.0,0.0,0.0,0.009999999999999787
6.439999999999907,coast,2.0,0.33287631700881326,0.3368264069540081,-15.799558423361438,-8.252009162892048,0.143530172837139,0.0,0.0,0.0,0.0,0.009999999999999787
6.449999999999907,coast,2.0,0.3269449364208762,0.33089752463412897,-15.796291808616214,-8.251856046590067,0.14353024150323004,0.0,0.0,0.0,0.0,0.009999999999999787
6.459999999999907,coast,2.0,0.3210373240630241,0.32498140429146605,-15.793084202841495,-8.25170588075418,0.1435299565655585,0.0,0.0,0.0,0.0,0.009999999999999787
6.4699999999999065,coast,2.0,0.31514183986228994,0.3190776656339604,-15.7899354632946,-8.251559094429236,0.14352924408552034,0.0,0.0,0.0,0.0,0.009999999999999787
6.479999999999906,coast,2.0,0.30923495896963427,0.3131720416353647,-15.786845734741451,-8.251415162393599,0.14352839094049638,0.0,0.0,0.0,0.0,0.009999999999999787
6.489999999999906,coast,2.0,0.303341421961449,0.30727366983101523,-15.783814902148873,-8.251273644893587,0.1435273021436934,0.0,0.0,0.0,0.0,0.009999999999999787
6.499999999999906,coast,2.0,0.2974780369150546,0.30139629008143887,-15.780842613658837,-8.251135436454069,0.14352556789413742,0.0,0.0,0.0,0.0,0.009999999999999787
6.509999999999906,coast,2.0,0.29160041251076574,0.295518763539035,-15.77792903344103,-8.251000213060117,0.14352348038250168,0.0,0.0,0.0,0.0,0.009999999999999787
6.519999999999905,coast,2.0,0.2857036664265593,0.2896297052715496,-15.775074375527373,-8.250867694371706,0.14352148342650212,0.0,0.0,0.0,0.0,0.009999999999999787
6.529999999999905,coast,2.0,0.2797915627842144,0.2837268197791485,-15.772278803844824,-8.25073782940041,0.14351994956304043,0.0,0.0,0.0,0.0,0.009999999999999787
6.539999999999905,coast,2.0,0.27386855018062384,0.2778118580200337,-15.769542434018746,-8.2506105963693,0.14351914558045803,0.0,0.0,0.0,0.0,0.009999999999999787
6.549999999999905,coast,2.0,0.26794622310559646,0.2718924770713714,-15.766865262505226,-8.25048598002246,0.14351921156499403,0.0,0.0,0.0,0.0,0.009999999999999787
6.559999999999905,coast,2.0,0.26202999479462524,0.2659749877053237,-15.764247227895016,-8.250363981960623,0.14352015106949964,0.0,0.0,0.0,0.0,0.009999999999999787
6.569999999999904,coast,2.0,0.25613117892323284,0.26006870243606917,-15.761688152457547,-8.250244615401009,0.14352184688629258,0.0,0.0,0.0,0.0,0.009999999999999787
6.579999999999904,coast,2.0,0.2502524480713622,0.254178949817245,-15.759187830190607,-8.250127889141703,0.14352409550372638,0.0,0.0,0.0,0.0,0.009999999999999787
6.589999999999904,coast,2.0,0.2443972582274186,0.24830993486334912,-15.756746019677461,-8.250013811128186,0.14352664771785656,0.0,0.0,0.0,0.0,0.009999999999999787
6.599999999999904,coast,2.0,0.23856663973683417,0.24246395778744015,-15.754362475795887,-8.249902244363776,0.14352924243264875,0.0,0.0,0.0,0.0,0.009999999999999787
6.6099999999999035,coast,2.0,0.23277292740759103,0.23664933955953069,-15.752036850549567,-8.249792411575921,0.14353117307612434,0.0,0.0,0.0,0.0,0.009999999999999787
6.619999999999903,coast,2.0,0.22707445387668027,0.23090440814982044,-15.74976810305325,-8.249685449046874,0.14353078217539902,0.0,0.0,0.0,0.0,0.009999999999999787
6.629999999999903,coast,2.0,0.2214224105692456,0.22521520960147554,-15.747555740819553,-8.249581736942726,0.14352754855803962,0.0,0.0,0.0,0.0,0.009999999999999787
6.639999999999903,coast,2.0,0.21574015858522552,0.21953017899172553,-15.745400124122202,-8.249480410873371,0.14352224543814449,0.0,0.0,0.0,0.0,0.009999999999999787
6.649999999999903,coast,2.0,0.21001713297099284,0.2138223513792859,-15.74330168789938,-8.249381359527694,0.14351586034334785,0.0,0.0,0.0,0.0,0.009999999999999787
6.659999999999902,coast,2.0,0.20425492490247538,0.20808189549319958,-15.74126084645495,-8.249284592673472,0.14350945724165448,0.0,0.0,0.0,0.0,0.009999999999999787
6.669999999999902,coast,2.0,0.19847199329613546,0.20231595417496112,-15.739277825798197,-8.249190134643463,0.14350399650235643,0.0,0.0,0.0,0.0,0.009999999999999787
6.679999999999902,coast,2.0,0.19268712300975854,0.19653865547583957,-15.737352657393151,-8.249098029598205,0.14350019230569558,0.0,0.0,0.0,0.0,0.009999999999999787
6.689999999999902,coast,2.0,0.18692416778156407,0.19076996285927428,-15.735485126502331,-8.249008331770089,0.14349843384647515,0.0,0.0,0.0,0.0,0.009999999999999787
6.699999999999902,coast,2.0,0.18120829445780584,0.18503296181839324,-15.733674759489674,-8.248921093119227,0.1434987682319005,0.0,0.0,0.0,0.0,0.009999999999999787
6.709999999999901,coast,2.0,0.17555367280794784,0.179345388412126,-15.731920934489693,-8.248836361474336,0.1435009153640014,0.0,0.0,0.0,0.0,0.009999999999999787
6.719999999999901,coast,2.0,0.16997025252796805,0.1737203068816312,-15.730222926036683,-8.248754180475332,0.14350438075930844,0.0,0.0,0.0,0.0,0.009999999999999787
6.729999999999901,coast,2.0,0.1644615995464326,0.16816508248051204,-15.728579971706907,-8.248674575851513,0.1435085570609083,0.0,0.0,0.0,0.0,0.009999999999999787
6.739999999999901,coast,2.0,0.15902507911514896,0.1626810804612942,-15.726991335697496,-8.248597566514002,0.14351282298311857,0.0,0.0,0.0,0.0,0.009999999999999787
6.7499999999999005,coast,2.0,0.15365970106461446,0.15726825282328635,-15.725456294283408,-8.248523162570592,0.1435166342714139,0.0,0.0,0.0,0.0,0.009999999999999787
6.7599999999999,coast,2.0,0.1483535634143819,0.1519194391779437,-15.723974245912071,-8.248451375638908,0.1435195892526579,0.0,0.0,0.0,0.0,0.009999999999999787
6.7699999999999,coast,2.0,0.14310336309950616,0.14662979353088118,-15.722544626518197,-8.248382203241528,0.14352146572134766,0.0,0.0,0.0,0.0,0.009999999999999787
6.7799999999999,coast,2.0,0.13790544957221446,0.14139518715568114,-15.721166912456525,-8.248315640791853,0.14352222582145943,0.0,0.0,0.0,0.0,0.009999999999999787
6.7899999999999,coast,2.0,0.13276026484094594,0.13621423376684003,-15.71984057955872,-8.248251669543196,0.14352199498249135,0.0,0.0,0.0,0.0,0.009999999999999787
6.7999999999998995,coast,2.0,0.1276726011180453,0.13108925417756317,-15.718565057948206,-8.248190271277597,0.1435210200158014,0.0,0.0,0.0,0.0,0.009999999999999787
6.809999999999899,coast,2.0,0.1226476032050693,0.12602426359406685,-15.71733972791697,-8.248131417024627,0.14351961637067226,0.0,0.0,0.0,0.0,0.009999999999999787
6.819999999999899,coast,2.0,0.11769430977671146,0.12102629130365361,-15.71616387954899,-8.24807507231493,0.14351811204638648,0.0,0.0,0.0,0.0,0.009999999999999787
6.829999999999899,coast,2.0,0.1128264624582466,0.1161063939964094,-15.715036664765169,-8.248021195350749,0.14351679901727474,0.0,0.0,0.0,0.0,0.009999999999999787
6.839999999999899,coast,2.0,0.10805361325083308,0.1112747255490636,-15.713957138973765,-8.24796972998001,0.1435158986079507,0.0,0.0,0.0,0.0,0.009999999999999787
6.849999999999898,coast,2.0,0.10338428280955249,0.10654045990535693,-15.712924270301926,-8.247920620879322,0.1435155381632633,0.0,0.0,0.0,0.0,0.009999999999999787
6.859999999999898,coast,2.0,0.09882263414301529,0.10190976444795194,-15.711936983513908,-8.247873808031754,0.143515748436424,0.0,0.0,0.0,0.0,0.009999999999999787
6.869999999999898,coast,2.0,0.09437715104530184,0.09739019640636187,-15.710994116868966,-8.247829229371687,0.14351647294523512,0.0,0.0,0.0,0.0,0.009999999999999787
6.879999999999898,coast,2.0,0.09004986969478525,0.0929860003794159,-15.710094487482134,-8.247786813519404,0.14351758906054718,0.0,0.0,0.0,0.0,0.009999999999999787
6.8899999999998975,coast,2.0,0.0858417588549112,0.08869945546471308,-15.709236901835467,-8.247746495730025,0.1435189361018736,0.0,0.0,0.0,0.0,0.009999999999999787
6.899999999999897,coast,2.0,0.08175404993515235,0.08453221214697665,-15.70842015410378,-8.247708209266763,0.14352034399441488,0.0,0.0,0.0,0.0,0.009999999999999787
6.909999999999897,coast,2.0,0.07778653870550115,0.08048480808209135,-15.707643041006254,-8.24767188539755,0.14352165941530606,0.0,0.0,0.0,0.0,0.009999999999999787
6.919999999999897,coast,2.0,0.07394114724149119,0.07655861157773125,-15.706904340705048,-8.247637456572352,0.14352276589743446,0.0,0.0,0.0,0.0,0.009999999999999787
6.929999999999897,coast,2.0,0.07021897959794327,0.07275483238985846,-15.706202821399117,-8.247604851422121,0.1435235956576372,0.0,0.0,0.0,0.0,0.009999999999999787
6.9399999999998965,coast,2.0,0.06662090880930073,0.06907447824152382,-15.70553724353175,-8.247573996966246,0.14352413231836675,0.0,0.0,0.0,0.0,0.009999999999999787
6.949999999999896,coast,2.0,0.06314667019933998,0.06551779341621351,-15.704906370870878,-8.247544822387978,0.14352440593058208,0.0,0.0,0.0,0.0,0.009999999999999787
6.959999999999896,coast,2.0,0.05979665750097798,0.06208511186707219,-15.704308963782026,-8.247517257198695,0.14352448233980608,0.0,0.0,0.0,0.0,0.009999999999999787
6.969999999999896,coast,2.0,0.056575033145452924,0.05877906463410063,-15.703743741002736,-8.247491235548566,0.14352444735366685,0.0,0.0,0.0,0.0,0.009999999999999787
6.979999999999896,coast,2.0,0.05348198902804363,0.05560081927046644,-15.703209419660578,-8.247466685403861,0.1435243922616643,0.0,0.0,0.0,0.0,0.009999999999999787
6.989999999999895,coast,2.0,0.05051856523775263,0.052551466850838155,-15.702704705953156,-8.247443541457216,0.14352439927664992,0.0,0.0,0.0,0.0,0.009999999999999787
6.999999999999895,coast,2.0,0.0476808575636263,0.04962910127851104,-15.702228344943526,-8.247421735801762,0.14352453071782095,0.0,0.0,0.0,0.0,0.009999999999999787
7.009999999999895,coast,2.0,0.04497020909375373,0.046833765967656656,-15.701779067707824,-8.247401203290151,0.14352482285642848,0.0,0.0,0.0,0.0,0.009999999999999787
7.019999999999895,coast,2.0,0.042386713342518166,0.04416553439257356,-15.701355603980172,-8.247381878749483,0.14352528392634847,0.0,0.0,0.0,0.0,0.009999999999999787
7.0299999999998946,coast,2.0,0.039923106224748664,0.041620077491878626,-15.700956755510182,-8.247363705254447,0.1435258973790045,0.0,0.0,0.0,0.0,0.009999999999999787
7.039999999999894,coast,2.0,0.03757966643243745,0.03919583085621392,-15.700581321250064,-8.247346621124903,0.14352662704796382,0.0,0.0,0.0,0.0,0.009999999999999787
7.049999999999894,coast,2.0,0.03535413316363268,0.03689081224066518,-15.700228122526983,-8.247330567908454,0.14352742463992546,0.0,0.0,0.0,0.0,0.009999999999999787
7.059999999999894,coast,2.0,0.033241338480177726,0.03470112798437271,-15.699896032341869,-8.247315488958158,0.14352823846617208,0.0,0.0,0.0,0.0,0.009999999999999787
7.069999999999894,coast,2.0,0.031236717371436174,0.032622481616610785,-15.699583969182163,-8.247301334926181,0.14352902159796166,0.0,0.0,0.0,0.0,0.009999999999999787
