t,phase,target,v_raw,v_filtered,x,y,z,u,torque_L,torque_R,u_motor,dt
0.0,accelerate,2.0,0.0,0.0,-24.0,-8.45,0.14903219044208527,0.0,0.0,0.0,0.0,0.0
0.01,accelerate,2.0,-0.011281375775537828,-0.006768825465322697,-24.000109510016898,-8.449792257926484,0.14713729823333582,0.021578678376052363,0.16259522195796416,0.16259522195796416,0.6452191347538261,0.01
0.02,accelerate,2.0,-0.015187872387676023,-0.011820253618734693,-24.000250440816867,-8.449322172646786,0.14488957162460503,0.05009172523656157,0.17164868459711305,0.17164868459711305,0.6811455737980676,0.01
0.03,accelerate,2.0,-0.01634163641745424,-0.014533083297966421,-24.00039381659254,-8.449277898573078,0.14267152005041725,0.08536805707124882,0.18284962548126293,0.18284962548126293,0.7255937519097735,0.009999999999999998
0.04,accelerate,2.0,-0.011122436239237135,-0.012486695062728849,-24.000480000580367,-8.449398226136834,0.14082110725484182,0.12858220866176495,0.19657098289428362,0.19657098289428362,0.7800435829138239,0.010000000000000002
0.05,accelerate,2.0,-0.0017869850273278202,-0.006066869041488232,-24.000475251334645,-8.449460971271675,0.13955777560824223,0.1805007299901025,0.21305615178645737,0.21305615178645737,0.8454609197875292,0.010000000000000002
0.060000000000000005,accelerate,2.0,0.009872323042721913,0.0034966462090378547,-24.000363880029248,-8.449497863958918,0.13898008328574568,0.23053177235169145,0.2289420083571091,0.2289420083571091,0.9085000331631313,0.010000000000000002
0.07,accelerate,2.0,0.022444959381660964,0.01486563411261172,-24.00014165311239,-8.449524851517193,0.13907114124791894,0.27844972118908734,0.24415691547195903,0.24415691547195903,0.9688766486982501,0.010000000000000002
0.08,accelerate,2.0,0.03476067000771633,0.026802655649674482,-23.999811996292614,-8.449543802737619,0.13971945578518485,0.32429371429788717,0.2587133001638652,0.2587133001638652,1.026640080015338,0.009999999999999995
0.09,accelerate,2.0,0.04609408815882408,0.03837751515516424,-23.999381663321966,-8.449539810576816,0.1407496521095194,0.36858874035994227,0.2727778568390889,0.2727778568390889,1.0824518128535274,0.009999999999999995
0.09999999999999999,accelerate,2.0,0.056259646764436594,0.049106794120727645,-23.99885657916426,-8.449536610010465,0.14195610012366128,0.4120159543569238,0.2865668658274105,0.2865668658274105,1.137170102489724,0.009999999999999995
0.10999999999999999,accelerate,2.0,0.0675315036166262,0.06016161981826677,-23.99821707983413,-8.449543038857488,0.14309012762386614,0.45449964624748046,0.3000562876765,0.3000562876765,1.1906995542718253,0.009999999999999995
0.11999999999999998,accelerate,2.0,0.07733582283531647,0.0704661416284966,-23.99747145258502,-8.449549913766884,0.14397564528173581,0.49655254925272496,0.3134089254387252,0.3134089254387252,1.2436862120584333,0.009999999999999995
0.12999999999999998,accelerate,2.0,0.08304001709751972,0.07801046690991048,-23.99665883163322,-8.44954796801468,0.14455196330604222,0.5396653946399647,0.3270981161060816,0.3270981161060816,1.2980083972463554,0.009999999999999995
0.13999999999999999,accelerate,2.0,0.08644560133052147,0.08307154756227708,-23.99580191769775,-8.449545351993114,0.14480320868469984,0.5849019195323709,0.34146161748991843,0.34146161748991843,1.3550064186107875,0.010000000000000009
0.15,accelerate,2.0,0.08923099988483221,0.08676721895581016,-23.994907475570685,-8.449545541318278,0.14475214489616048,0.6325324544178198,0.35658526492674614,0.35658526492674614,1.415020892566453,0.010000000000000009
0.16,accelerate,2.0,0.09268257626054469,0.09031643333865087,-23.993969963259723,-8.449540090516527,0.14445227368917568,0.6821306820986686,0.37233369417996925,0.37233369417996925,1.4775146594443225,0.010000000000000009
0.17,accelerate,2.0,0.09736090556490415,0.09454311667440284,-23.9929789807725,-8.44954111122502,0.14398279231684,0.7329157736253497,0.388458976441521,0.388458976441521,1.5415038747679404,0.010000000000000009
0.18000000000000002,accelerate,2.0,0.10352008169681608,0.09992929568785078,-23.991922368320157,-8.449534037240578,0.14343633123376093,0.7840004392577791,0.40467937947313004,0.40467937947313004,1.6058705534648017,0.010000000000000009
0.19000000000000003,accelerate,2.0,0.11126579314618894,0.10673119416285368,-23.990787385822983,-8.449541288015132,0.14290234582012964,0.8345296510097812,0.42072341478862574,0.42072341478862574,1.6695373602723242,0.010000000000000009
0.20000000000000004,accelerate,2.0,0.12052048723629089,0.115004770006916,-23.989562164711952,-8.449532318047869,0.1424560432012762,0.8837795389756695,0.4363612392155546,0.4363612392155546,1.7315922191093436,0.010000000000000009
0.21000000000000005,accelerate,2.0,0.1310433504616321,0.12462791827974566,-23.98823673437556,-8.449538797185363,0.1421486869776616,0.931226031632368,0.4514264495639095,0.4514264495639095,1.7913747998567837,0.010000000000000009
0.22000000000000006,accelerate,2.0,0.1425950772829351,0.13540821368165934,-23.986802542705746,-8.449531555096948,0.14200429009113252,0.9765433722897446,0.4658156115694397,0.4658156115694397,1.848474649085078,0.010000000000000009
0.23000000000000007,accelerate,2.0,0.1548645807576,0.14708203392722374,-23.9852528025086,-8.449537443396228,0.14201857256467668,1.0,0.47326356,0.47326356,1.87803,0.010000000000000009
0.24000000000000007,accelerate,2.0,0.1682237545237927,0.15976706628516513,-23.98357521181986,-8.449535881506987,0.14215464558488883,1.0,0.47326356,0.47326356,1.87803,0.010000000000000009
0.25000000000000006,accelerate,2.0,0.18186426201975509,0.1730253837259191,-23.981764990124695,-8.449540451060917,0.14237009267281145,1.0,0.47326356,0.47326356,1.87803,0.009999999999999981
0.26000000000000006,accelerate,2.0,0.22825265652612772,0.20616174740604426,-23.979460696866497,-8.449627821056827,0.141921200808078,1.0,0.47326356,0.47326356,1.87803,0.010000000000000009
0.2700000000000001,accelerate,2.0,0.22538582359409323,0.21769619311887364,-23.97719633176971,-8.449541545714705,0.14169860463222586,1.0,0.47326356,0.47326356,1.87803,0.010000000000000009
0.2800000000000001,accelerate,2.0,0.22360422044535724,0.2212410095147638,-23.974958341158974,-8.449533840429282,0.14168810714307434,1.0,0.47326356,0.47326356,1.87803,0.010000000000000009
0.2900000000000001,accelerate,2.0,0.21925968487628253,0.22005221473167502,-23.972770642521873,-8.44951718692651,0.141860244353128,1.0,0.47326356,0.47326356,1.87803,0.010000000000000009
0.3000000000000001,accelerate,2.0,0.21785151496589467,0.21873179487220681,-23.970602204154048,-8.449504481318169,0.14216110369846918,1.0,0.47326356,0.47326356,1.87803,0.010000000000000009
0.3100000000000001,accelerate,2.0,0.22323023861227057,0.22143086111624505,-23.96838102228113,-8.449507029308798,0.14247538595450146,1.0,0.47326356,0.47326356,1.87803,0.010000000000000009
0.3200000000000001,accelerate,2.0,0.23250077584132248,0.2280728099512915,-23.96606567522441,-8.449515728138246,0.1427453823259106,1.0,0.47326356,0.47326356,1.87803,0.010000000000000009
0.3300000000000001,accelerate,2.0,0.24192853913656004,0.23638624746245263,-23.963655128377933,-8.449537086941056,0.14298836020074018,1.0,0.47326356,0.47326356,1.87803,0.010000000000000009
0.34000000000000014,accelerate,2.0,0.2933096566166778,0.2705402929549877,-23.960692795950138,-8.449612282466564,0.14236975813524305,1.0,0.47326356,0.47326356,1.87803,0.010000000000000009
0.35000000000000014,accelerate,2.0,0.29256855556302747,0.2837572505198116,-23.957747344046602,-8.449522855605318,0.14193755971361732,1.0,0.47326356,0.47326356,1.87803,0.010000000000000009
0.36000000000000015,accelerate,2.0,0.289028096417806,0.28691975805860825,-23.954846232786885,-8.449442523155941,0.14171778976819102,1.0,0.47326356,0.47326356,1.87803,0.010000000000000009
0.37000000000000016,accelerate,2.0,0.289145945541715,0.28825547054847234,-23.9519521718793,-8.44945738660697,0.14171090003082054,1.0,0.47326356,0.47326356,1.87803,0.010000000000000009
0.38000000000000017,accelerate,2.0,0.29055448317999255,0.2896348781273845,-23.949051448534338,-8.449473749193576,0.1418870588893931,1.0,0.47326356,0.47326356,1.87803,0.010000000000000009
0.3900000000000002,accelerate,2.0,0.2976150669852628,0.2944229914421115,-23.94608489551762,-8.449488471967616,0.14216959264501358,1.0,0.47326356,0.47326356,1.87803,0.010000000000000009
0.4000000000000002,accelerate,2.0,0.30993917013751926,0.30373269865935615,-23.94299540027705,-8.449499213548329,0.14245465238990676,1.0,0.47326356,0.47326356,1.87803,0.010000000000000009
0.4100000000000002,accelerate,2.0,0.32081105047551833,0.3139797097490534,-23.939798469669377,-8.44950664471101,0.14276328335561325,1.0,0.47326356,0.47326356,1.87803,0.010000000000000009
0.4200000000000002,accelerate,2.0,0.3712975580884636,0.34837041875269953,-23.936060308168955,-8.44969907565377,0.14226677535034657,1.0,0.47326356,0.47326356,1.87803,0.010000000000000009
0.4300000000000002,accelerate,2.0,0.37178618889772824,0.36241988083971677,-23.932327251281645,-8.449643096374697,0.1419662587556304,1.0,0.47326356,0.47326356,1.87803,0.010000000000000009
0.4400000000000002,accelerate,2.0,0.36701669762681705,0.3651779709119769,-23.928650482190555,-8.449478982667902,0.14186699744373515,1.0,0.47326356,0.47326356,1.87803,0.010000000000000009
0.45000000000000023,accelerate,2.0,0.36360620045749753,0.3642349086392893,-23.92501514991528,-8.449331084148513,0.1419548142345734,1.0,0.47326356,0.47326356,1.87803,0.010000000000000009
0.46000000000000024,accelerate,2.0,0.3634239713770875,0.36374834628196817,-23.921387536343868,-8.449306701382781,0.14218942029862594,1.0,0.47326356,0.47326356,1.87803,0.010000000000000009
0.47000000000000025,accelerate,2.0,0.3692647568530602,0.36705819262462336,-23.91770406618622,-8.449296039266638,0.14247880571354876,1.0,0.47326356,0.47326356,1.87803,0.010000000000000009
0.48000000000000026,accelerate,2.0,0.37921113948012414,0.3743499607379238,-23.913921122389503,-8.44927554341454,0.1427631504370109,1.0,0.47326356,0.47326356,1.87803,0.010000000000000009
0.49000000000000027,accelerate,2.0,0.4113973421819104,0.39657838960431574,-23.909795132969965,-8.449386855666125,0.14259581166890734,1.0,0.47326356,0.47326356,1.87803,0.010000000000000009
0.5000000000000002,accelerate,2.0,0.4357467389336343,0.42007939920190684,-23.905414330035267,-8.449593563722368,0.14213738203833787,1.0,0.47326356,0.47326356,1.87803,0.009999999999999953
0.5100000000000002,accelerate,2.0,0.43281610581689667,0.4277214231709008,-23.901073063420988,-8.449641585109788,0.14190059733239513,1.0,0.47326356,0.47326356,1.87803,0.010000000000000009
0.5200000000000002,accelerate,2.0,0.42952252096386473,0.4288020818466791,-23.89677370415266,-8.449686881725976,0.14188539183413074,1.0,0.47326356,0.47326356,1.87803,0.010000000000000009
0.5300000000000002,accelerate,2.0,0.42869834834302245,0.4287398417444851,-23.892490404786393,-8.449626622190632,0.14206321661029805,1.0,0.47326356,0.47326356,1.87803,0.010000000000000009
0.5400000000000003,accelerate,2.0,0.43245434863947574,0.4309685458814795,-23.88817504831481,-8.449568691223387,0.1423655604065388,1.0,0.47326356,0.47326356,1.87803,0.010000000000000009
0.5500000000000003,accelerate,2.0,0.4432553209454865,0.4383406109198837,-23.883751704160986,-8.449514790607866,0.14266543848756164,1.0,0.47326356,0.47326356,1.87803,0.010000000000000009
0.5600000000000003,accelerate,2.0,0.4534306578524873,0.4473946390794459,-23.87922734358315,-8.449463324941627,0.14297856660683067,1.0,0.47326356,0.47326356,1.87803,0.010000000000000009
0.5700000000000003,accelerate,2.0,0.4913175754642605,0.47374840091033465,-23.874297562182434,-8.44943483482768,0.14274098935593008,1.0,0.47326356,0.47326356,1.87803,0.010000000000000009
0.5800000000000003,accelerate,2.0,0.51965805217151,0.5012941916670398,-23.869070616742853,-8.449424842167225,0.14211851517594,1.0,0.47326356,0.47326356,1.87803,0.010000000000000009
0.5900000000000003,accelerate,2.0,0.5124939650850112,0.5080140557178227,-23.863928137297915,-8.449418034282346,0.14175880970940197,1.0,0.47326356,0.47326356,1.87803,0.010000000000000009
0.6000000000000003,accelerate,2.0,0.5048681450386483,0.506126509310318,-23.85887262354224,-8.449406911121958,0.14167117560318085,1.0,0.47326356,0.47326356,1.87803,0.010000000000000009
0.6100000000000003,accelerate,2.0,0.4995923189685145,0.5022059951052359,-23.853879071119394,-8.449395497442612,0.14182917618565488,1.0,0.47326356,0.47326356,1.87803,0.010000000000000009
0.6200000000000003,accelerate,2.0,0.4986834798442441,0.5000924859486409,-23.848902433059088,-8.44938353589834,0.14217594212466106,1.0,0.47326356,0.47326356,1.87803,0.010000000000000009
0.6300000000000003,accelerate,2.0,0.5064712482722569,0.5039197433428104,-23.84385043582214,-8.449381893231422,0.14256960750972014,1.0,0.47326356,0.47326356,1.87803,0.010000000000000009
0.6400000000000003,accelerate,2.0,0.5174702944788809,0.5120500740244527,-23.83868870157981,-8.449373647273907,0.14296036478786459,1.0,0.47326356,0.47326356,1.87803,0.010000000000000009
0.6500000000000004,accelerate,2.0,0.5521751764365134,0.5361251354716892,-23.833156196951954,-8.449498805837237,0.14287405152845792,1.0,0.47326356,0.47326356,1.87803,0.010000000000000009
0.6600000000000004,accelerate,2.0,0.5784696340071349,0.5615318345929566,-23.82734585204448,-8.449742032563071,0.14243115985065863,1.0,0.47326356,0.47326356,1.87803,0.010000000000000009
0.6700000000000004,accelerate,2.0,0.5783042980902906,0.571595312691357,-23.82154669913624,-8.449810906697978,0.14217294526222843,1.0,0.47326356,0.47326356,1.87803,0.010000000000000009
0.6800000000000004,accelerate,2.0,0.576280885596093,0.5744066564341985,-23.81577642895602,-8.44980718007859,0.1421137877213854,1.0,0.47326356,0.47326356,1.87803,0.010000000000000009
0.6900000000000004,accelerate,2.0,0.5752494621586737,0.5749123398688836,-23.81002357526244,-8.449749069260655,0.14222826105407066,1.0,0.47326356,0.47326356,1.87803,0.010000000000000009
0.7000000000000004,accelerate,2.0,0.577539862395481,0.576488853384842,-23.80425341901068,-8.449689236953109,0.14247513553848512,1.0,0.47326356,0.47326356,1.87803,0.010000000000000009
0.7100000000000004,accelerate,2.0,0.5861901378612075,0.5823096240706613,-23.798397651434595,-8.449629414950833,0.14274371955635975,1.0,0.47326356,0.47326356,1.87803,0.010000000000000009
0.7200000000000004,accelerate,2.0,0.5961867583821066,0.5906359046575285,-23.79244163770001,-8.449579595452636,0.14300935324280328,1.0,0.47326356,0.47326356,1.87803,0.010000000000000009
0.7300000000000004,accelerate,2.0,0.6061077093875981,0.5999189874955702,-23.786386376739287,-8.449529563100949,0.1432779114307497,1.0,0.47326356,0.47326356,1.87803,0.010000000000000009
0.7400000000000004,accelerate,2.0,0.6677360023297347,0.640609196396069,-23.779668468362352,-8.449520062005883,0.1425164927376886,1.0,0.47326356,0.47326356,1.87803,0.010000000000000009
0.7500000000000004,accelerate,2.0,0.6628201095031543,0.6539357442603202,-23.77301377944099,-8.449510400180476,0.141989558268477,1.0,0.47326356,0.47326356,1.87803,0.010000000000000009
0.7600000000000005,accelerate,2.0,0.6551048696226266,0.654637219477704,-23.766448305303566,-8.449500138122655,0.14173570344345188,1.0,0.47326356,0.47326356,1.87803,0.010000000000000009
0.7700000000000005,accelerate,2.0,0.6482290256462631,0.6507923031788394,-23.759961867260813,-8.449487211071258,0.1417525923231318,1.0,0.47326356,0.47326356,1.87803,0.010000000000000009
0.7800000000000005,accelerate,2.0,0.6448008192612016,0.6471974128282567,-23.75351856119648,-8.449473597821555,0.1419992630060664,1.0,0.47326356,0.47326356,1.87803,0.010000000000000009
0.7900000000000005,accelerate,2.0,0.6479993095276135,0.6476785508478708,-23.747048826730065,-8.449460198441916,0.14237393580209862,1.0,0.47326356,0.47326356,1.87803,0.010000000000000009
0.8000000000000005,accelerate,2.0,0.6599942593858128,0.655067975970636,-23.740458307998228,-8.44944787294748,0.1427287438422367,1.0,0.47326356,0.47326356,1.87803,0.010000000000000009
0.8100000000000005,accelerate,2.0,0.6704805572918192,0.664315524763346,-23.73376387992563,-8.449435613550271,0.14310312734703173,1.0,0.47326356,0.47326356,1.87803,0.010000000000000009
0.8200000000000005,accelerate,2.0,0.7243421792850042,0.7003315174763409,-23.72648815573216,-8.449690572020824,0.14257249925807064,1.0,0.47326356,0.47326356,1.87803,0.010000000000000009
0.8300000000000005,accelerate,2.0,0.724772887589657,0.7149963395443306,-23.719218465183385,-8.449911726384968,0.14221811162648332,1.0,0.47326356,0.47326356,1.87803,0.010000000000000009
0.8400000000000005,accelerate,2.0,0.7232794110567121,0.7199661824517596,-23.71197328960698,-8.449968027178342,0.14206893094584777,1.0,0.47326356,0.47326356,1.87803,0.010000000000000009
0.8500000000000005,accelerate,2.0,0.7214277374726759,0.7208431154643093,-23.704754718236007,-8.4499534327309,0.14211590998840606,1.0,0.47326356,0.47326356,1.87803,0.010000000000000009
0.8600000000000005,accelerate,2.0,0.7215774459058699,0.7212837137292457,-23.69754086208279,-8.449881482040308,0.14231725199061232,1.0,0.47326356,0.47326356,1.87803,0.010000000000000009
0.8700000000000006,accelerate,2.0,0.7271347487308066,0.7247943347301823,-23.69027454070888,-8.449805738427155,0.1425942762253069,1.0,0.47326356,0.47326356,1.87803,0.010000000000000009
0.8800000000000006,accelerate,2.0,0.7374760472286703,0.7324033622292752,-23.682903889433227,-8.449736600809464,0.14285718672423242,1.0,0.47326356,0.47326356,1.87803,0.010000000000000009
0.8900000000000006,accelerate,2.0,0.7470134752075157,0.7411694300162195,-23.675437983633813,-8.449671705342503,0.14312883530898748,1.0,0.47326356,0.47326356,1.87803,0.010000000000000009
0.9000000000000006,accelerate,2.0,0.7952776225488212,0.7736343455357806,-23.66745311365672,-8.449360650779852,0.14260183919748198,1.0,0.47326356,0.47326356,1.87803,0.010000000000000009
0.9100000000000006,accelerate,2.0,0.7941436286991137,0.7859399154337805,-23.659490072329195,-8.449090354236278,0.14226043787053616,1.0,0.47326356,0.47326356,1.87803,0.010000000000000009
0.9200000000000006,accelerate,2.0,0.791207875823774,0.7891006916677766,-23.651565752717456,-8.448836516982423,0.14212592597222498,1.0,0.47326356,0.47326356,1.87803,0.010000000000000009
0.9300000000000006,accelerate,2.0,0.7892880034232119,0.7892130787210379,-23.643668644672527,-8.448664545641583,0.14218754202307593,1.0,0.47326356,0.47326356,1.87803,0.010000000000000009
0.9400000000000006,accelerate,2.0,0.7908524227702365,0.7901966851505571,-23.635760919571926,-8.44871030165524,0.14238200310960544,1.0,0.47326356,0.47326356,1.87803,0.010000000000000009
0.9500000000000006,accelerate,2.0,0.7969606838388972,0.7942550843635612,-23.627794445015677,-8.448765203290126,0.14263795554247477,1.0,0.47326356,0.47326356,1.87803,0.010000000000000009
0.9600000000000006,accelerate,2.0,0.8073134289759677,0.8020900911310052,-23.619724361741966,-8.448814936329708,0.14290086004267885,1.0,0.47326356,0.47326356,1.87803,0.010000000000000009
0.9700000000000006,accelerate,2.0,0.8573633220589219,0.8352540296877552,-23.611117414147916,-8.449103034475254,0.14236123016964944,1.0,0.47326356,0.47326356,1.87803,0.010000000000000009
0.9800000000000006,accelerate,2.0,0.8558403689853595,0.8476058332663178,-23.602537205278107,-8.449364441385313,0.14203755469475543,1.0,0.47326356,0.47326356,1.87803,0.010000000000000009
0.9900000000000007,accelerate,2.0,0.8524384057559914,0.850505376760122,-23.594001043627117,-8.449607637650654,0.14194313560683977,1.0,0.47326356,0.47326356,1.87803,0.010000000000000009
1.0000000000000007,accelerate,2.0,0.8502839271768856,0.8503725070101802,-23.585495541749374,-8.449677700711334,0.14206242523534834,1.0,0.47326356,0.47326356,1.87803,0.010000000000000009
1.0100000000000007,accelerate,2.0,0.8518452880369394,0.8512561756262357,-23.576980634319685,-8.449671568140365,0.1423303631175284,1.0,0.47326356,0.47326356,1.87803,0.010000000000000009
1.0200000000000007,accelerate,2.0,0.8590478046657308,0.8559311530499327,-23.568395250017517,-8.449592712723732,0.14263680926844388,1.0,0.47326356,0.47326356,1.87803,0.010000000000000009
1.0300000000000007,accelerate,2.0,0.8698646525424039,0.8642912527454154,-23.559700850106925,-8.449519971575512,0.14293378262949527,1.0,0.47326356,0.47326356,1.87803,0.010000000000000009
1.0400000000000007,accelerate,2.0,0.9194882167452988,0.8974094311453454,-23.550474508579168,-8.44920025026048,0.14241633496499423,1.0,0.47326356,0.47326356,1.87803,0.010000000000000009
1.0500000000000007,accelerate,2.0,0.9175832557000086,0.9095137258781434,-23.541278144544897,-8.44890708463262,0.14210319733397128,1.0,0.47326356,0.47326356,1.87803,0.010000000000000009
1.0600000000000007,accelerate,2.0,0.9139638652446475,0.9121838094980459,-23.53212749546111,-8.44862811496586,0.14200960720206898,1.0,0.47326356,0.47326356,1.87803,0.010000000000000009
1.0700000000000007,accelerate,2.0,0.9115649051659217,0.9118124668987715,-23.523008875197828,-8.448367249184065,0.14211974355587575,1.0,0.47326356,0.47326356,1.87803,0.010000000000000009
1.0800000000000007,accelerate,2.0,0.9144063898470711,0.9133688206677513,-23.51386626538821,-8.448130306550524,0.14234449858759737,1.0,0.47326356,0.47326356,1.87803,0.010000000000000009
1.0900000000000007,accelerate,2.0,0.9193889409617476,0.9169808928441492,-23.50467688914407,-8.448131451480892,0.14265574598958888,1.0,0.47326356,0.47326356,1.87803,0.010000000000000009
1.1000000000000008,accelerate,2.0,0.9507455393930601,0.9372396807734957,-23.495152465652318,-8.448315956552495,0.14251311101014014,1.0,0.47326356,0.47326356,1.87803,0.010000000000000009
1.1100000000000008,accelerate,2.0,0.975181591609054,0.9600048272748307,-23.485372649431135,-8.448613531890178,0.14208211853091757,1.0,0.47326356,0.47326356,1.87803,0.010000000000000009
1.1200000000000008,accelerate,2.0,0.9719982857994385,0.9672009023895953,-23.475635262857022,-8.448895740619982,0.1418803506170172,1.0,0.47326356,0.47326356,1.87803,0.010000000000000009
1.1300000000000008,accelerate,2.0,0.969096379607137,0.9683381887201203,-23.46593612001874,-8.449156808986386,0.14190670352561885,1.0,0.47326356,0.47326356,1.87803,0.010000000000000009
1.1400000000000008,accelerate,2.0,0.9695458116081774,0.9690627624529545,-23.4562394239892,-8.44938817389661,0.1421087970412132,1.0,0.47326356,0.47326356,1.87803,0.010000000000000009
1.1500000000000008,accelerate,2.0,0.9746860097971174,0.9724367108594523,-23.446496270308913,-8.449355813695629,0.1424093834773811,1.0,0.47326356,0.47326356,1.87803,0.010000000000000009
1.1600000000000008,accelerate,2.0,0.9817715807469158,0.9780376327919303,-23.436684052685592,-8.449278048179874,0.14275481183940175,1.0,0.47326356,0.47326356,1.87803,0.010000000000000009
1.1700000000000008,accelerate,2.0,1.014690046289303,1.000029080890354,-23.426521562648823,-8.44906660567617,0.14264423620978933,1.0,0.47326356,0.47326356,1.87803,0.010000000000000009
1.1800000000000008,accelerate,2.0,1.03861607872464,1.0231812795909256,-23.41610902137146,-8.448733570453891,0.1422303523917352,1.0,0.47326356,0.47326356,1.87803,0.010000000000000009
1.1900000000000008,accelerate,2.0,1.0358578047467415,1.0307871946844152,-23.40573427262484,-8.44842208223893,0.14202759496849554,1.0,0.47326356,0.47326356,1.87803,0.010000000000000009
1.2000000000000008,accelerate,2.0,1.0326339999412564,1.0318952778385198,-23.395400494747854,-8.448123594045311,0.142038100641457,1.0,0.47326356,0.47326356,1.87803,0.010000000000000009
1.2100000000000009,accelerate,2.0,1.0318212695063975,1.0318508728392466,-23.38508167726228,-8.447837754706239,0.14222500097179638,1.0,0.47326356,0.47326356,1.87803,0.010000000000000009
1.2200000000000009,accelerate,2.0,1.0357250265235523,1.03417536504983,-23.374727150835465,-8.447572594888848,0.14250043193982712,1.0,0.47326356,0.47326356,1.87803,0.010000000000000009
1.2300000000000009,accelerate,2.0,1.0421602727825887,1.0389663096894852,-23.36431048294697,-8.4473347101477,0.14283613475423068,1.0,0.47326356,0.47326356,1.87803,0.010000000000000009
1.2400000000000009,accelerate,2.0,1.095418881551589,1.0728378528067475,-23.353320673089936,-8.447412904921185,0.14225123303998596,1.0,0.47326356,0.47326356,1.87803,0.010000000000000009
1.2500000000000009,accelerate,2.0,1.0932203063851806,1.0850673249538074,-23.3423645913821,-8.447479750573983,0.14188456787326115,1.0,0.47326356,0.47326356,1.87803,0.010000000000000009
1.260000000000001,accelerate,2.0,1.0895833144036597,1.0877769186237187,-23.33145507652332,-8.447551076966752,0.14176154816385997,1.0,0.47326356,0.47326356,1.87803,0.010000000000000009
1.270000000000001,accelerate,2.0,1.0868356654421383,1.0872121667147705,-23.320581713683,-8.447625012168675,0.14186875711149566,1.0,0.47326356,0.47326356,1.87803,0.010000000000000009
1.280000000000001,accelerate,2.0,1.0871966361342376,1.0872028483664509,-23.309711840839505,-8.447698644316633,0.14216227815765342,1.0,0.47326356,0.47326356,1.87803,0.010000000000000009
1.290000000000001,accelerate,2.0,1.094817189595445,1.0917714531038474,-23.298767705918742,-8.447770366924862,0.14251266376850688,1.0,0.47326356,0.47326356,1.87803,0.010000000000000009
1.300000000000001,accelerate,2.0,1.1052689361002639,1.0998699429016972,-23.28771865493677,-8.447846775875002,0.14286792044864943,1.0,0.47326356,0.47326356,1.87803,0.010000000000000009
1.310000000000001,accelerate,2.0,1.1381008787977285,1.1228085044393161,-23.276319100503848,-8.448047557446142,0.14277591535795925,1.0,0.47326356,0.47326356,1.87803,0.010000000000000009
1.320000000000001,accelerate,2.0,1.1639829998856748,1.1475132017071312,-23.26464830390038,-8.448332336276625,0.14236385695668857,0.9981332452405829,0.4726708280287899,0.4726708280287899,1.8756778890031345,0.010000000000000009
1.330000000000001,accelerate,2.0,1.1621347020753099,1.1562861019280384,-23.253006164183265,-8.448592791369883,0.14214302264266282,0.9979137474029139,0.4726011330753732,0.4726011330753732,1.8754013217276715,0.010000000000000009
1.340000000000001,accelerate,2.0,1.1601279973242329,1.1585912391657551,-23.241392993298458,-8.44877672851942,0.14212129123048994,1.0,0.47326356,0.47326356,1.87803,0.010000000000000009
1.350000000000001,accelerate,2.0,1.1584982817445957,1.1585354647130595,-23.229804185260384,-8.448723585335522,0.14227456741362504,1.0,0.47326356,0.47326356,1.87803,0.010000000000000009
1.360000000000001,accelerate,2.0,1.161868265112205,1.1605351449525467,-23.21818672697541,-8.448433255679305,0.14253330364015487,1.0,0.47326356,0.47326356,1.87803,0.010000000000000009
1.370000000000001,accelerate,2.0,1.1671323018712736,1.164493439103783,-23.206517890332044,-8.448156143922876,0.14283581437855003,1.0,0.47326356,0.47326356,1.87803,0.010000000000000009
1.380000000000001,accelerate,2.0,1.2167754889877296,1.195862669034151,-23.194318590453726,-8.447626576134235,0.14230473260743481,1.0,0.47326356,0.47326356,1.87803,0.010000000000000009
1.390000000000001,accelerate,2.0,1.2141800241001213,1.206853082073733,-23.18215662695643,-8.447132125681353,0.14199713527818908,0.9997737714841373,0.4731917279216433,0.4731917279216433,1.8777449520700131,0.010000000000000009
1.400000000000001,accelerate,2.0,1.2104446379325113,1.209008015589,-23.170041976052396,-8.446640316068393,0.14192491847778094,1.0,0.47326356,0.47326356,1.87803,0.010000000000000009
1.410000000000001,accelerate,2.0,1.2098672239684527,1.2095235406166716,-23.157940357608695,-8.446175928734599,0.14204367613916608,1.0,0.47326356,0.47326356,1.87803,0.010000000000000009
1.420000000000001,accelerate,2.0,1.214088751132095,1.2122626669259255,-23.145800441651424,-8.445754118507262,0.14227533729222724,1.0,0.47326356,0.47326356,1.87803,0.010000000000000009
1.430000000000001,accelerate,2.0,1.2195288178560475,1.2166223574839987,-23.133609933450135,-8.445361016440982,0.14261020054278944,1.0,0.47326356,0.47326356,1.87803,0.010000000000000009
1.440000000000001,accelerate,2.0,1.2735516071014823,1.250779907254489,-23.120838332638186,-8.445298874047847,0.1420240866365229,0.996779652995256,0.4722410354190537,0.4722410354190537,1.8739723627740226,0.010000000000000009
1.450000000000001,accelerate,2.0,1.2697518067240459,1.262163046936223,-23.108117872298685,-8.44523726336728,0.14169180570280834,0.9933579363109516,0.4711545719374533,0.4711545719374533,1.8696609997517988,0.010000000000000009
1.460000000000001,accelerate,2.0,1.2654691344574838,1.2641466994489794,-23.095451115623298,-8.44519075625751,0.1416288060251533,0.9947241675406299,0.4715883776775008,0.4715883776775008,1.8713824511011936,0.010000000000000009
1.470000000000001,accelerate,2.0,1.2621053478012028,1.2629218884603133,-23.08282698105095,-8.445158235762559,0.14181075014218564,1.0,0.47326356,0.47326356,1.87803,0.010000000000000009
1.480000000000001,accelerate,2.0,1.2630430199553195,1.262994567357317,-23.070199140947242,-8.445158059125397,0.14215221559028485,1.0,0.47326356,0.47326356,1.87803,0.010000000000000009
1.490000000000001,accelerate,2.0,1.270646824015229,1.2675859213520644,-23.05749711847106,-8.44520701049474,0.1425588543353849,1.0,0.47326356,0.47326356,1.87803,0.010000000000000009
1.500000000000001,accelerate,2.0,1.3236936308647647,1.3012505470596845,-23.044226399867018,-8.445549739933075,0.14211622341096167,0.9960880861622362,0.47202144911823324,0.47202144911823324,1.8731009885644176,0.010000000000000009
1.5100000000000011,accelerate,2.0,1.3194642789187114,1.3121787861751006,-23.031009759869896,-8.445874403149014,0.14190935140013897,0.9920031933358597,0.4707244139480022,0.4707244139480022,1.8679540236031833,0.010000000000000009
1.5200000000000011,accelerate,2.0,1.3159631015661133,1.3144493754097084,-23.01783742359099,-8.446181715613672,0.14192255162747722,0.9923352623310177,0.47082985249534476,0.47082985249534476,1.8683724305370824,0.010000000000000009
1.5300000000000011,accelerate,2.0,1.3155514588013741,1.3151106254447078,-23.0046761522743,-8.446465423468043,0.14211204149779877,0.9970460031305514,0.47232560691401276,0.47232560691401276,1.874307963944495,0.010000000000000009
1.5400000000000011,accelerate,2.0,1.3200680133294873,1.3180850581755754,-22.991473067252205,-8.446714067244365,0.14238920546073258,1.0,0.47326356,0.47326356,1.87803,0.010000000000000009
1.5500000000000012,accelerate,2.0,1.3258379067024293,1.3227367672916879,-22.97821501444148,-8.446937333374532,0.14273898909551086,1.0,0.47326356,0.47326356,1.87803,0.010000000000000009
1.5600000000000012,accelerate,2.0,1.3795052438382456,1.3567978532196223,-22.964383385953262,-8.446830150499855,0.14215270891879955,0.9928077117503539,0.4709798646349724,0.4709798646349724,1.868967716805446,0.010000000000000009
1.5700000000000012,accelerate,2.0,1.3797078764613697,1.3705438671646708,-22.950562786563417,-8.446600104075095,0.1417966392811471,0.9842021787174986,0.4682474357863802,0.4682474357863802,1.8581247451840484,0.010000000000000009
1.5800000000000012,accelerate,2.0,1.3725523477338353,1.3717489555061695,-22.936824187573315,-8.446372000158258,0.14169167299065888,0.9810792229583599,0.46725583487373845,0.46725583487373845,1.8541898209275336,0.010000000000000009
1.5900000000000012,accelerate,2.0,1.3682449126876763,1.3696465298150735,-22.92313738934436,-8.446131666611445,0.14182309550900457,0.9841034134072422,0.4682160758250675,0.4682160758250675,1.8580003008931252,0.010000000000000009
1.6000000000000012,accelerate,2.0,1.367918137705903,1.3686094945495713,-22.90946042920743,-8.445877469219084,0.1421342319450351,0.9914900539246861,0.4705614819221664,0.4705614819221664,1.8673074679451047,0.010000000000000009
1.6100000000000012,accelerate,2.0,1.3755889559509606,1.3727971713904048,-22.895708098421824,-8.445620663926118,0.14249559426202976,0.9995786927669483,0.47312978652736154,0.47312978652736154,1.8774991528863554,0.010000000000000009
1.6200000000000012,accelerate,2.0,1.386183091748349,1.3808287236051715,-22.881848694207452,-8.44537615957726,0.14285496247000232,1.0,0.47326356,0.47326356,1.87803,0.010000000000000009
1.6300000000000012,accelerate,2.0,1.4188460859600613,1.4036391410181055,-22.8676420574293,-8.444999074854291,0.1427634917793436,0.9973821859701856,0.47243235168925335,0.47243235168925335,1.8747315543224339,0.010000000000000009
1.6400000000000012,accelerate,2.0,1.4444204213733307,1.4281079092312408,-22.853168483569412,-8.444526885484375,0.14234397569376867,0.9863716697651799,0.46893629258383995,0.46893629258383995,1.8608583039041269,0.010000000000000009
1.6500000000000012,accelerate,2.0,1.443015406005604,1.4370524072958586,-22.838719215527384,-8.444077212181359,0.14212053219457504,0.9767811949719861,0.46589112502750507,0.46589112502750507,1.8487743056647026,0.010000000000000009
1.6600000000000013,accelerate,2.0,1.440507240014391,1.439125306926978,-22.824303812301032,-8.443641492426012,0.14210195771045545,0.9719404469837112,0.46435409072626793,0.46435409072626793,1.8426749631994759,0.010000000000000009
1.6700000000000013,accelerate,2.0,1.4401747144966472,1.4397549514687795,-22.809898022528994,-8.443225878679723,0.14224742012265856,0.9716571116147386,0.4642641260799118,0.4642641260799118,1.8423179606345705,0.010000000000000009
1.6800000000000013,accelerate,2.0,1.44313733006669,1.441784378627526,-22.795466234032965,-8.44285062231539,0.1425017637716885,0.9742664151293496,0.4650926321318711,0.4650926321318711,1.8456056830629803,0.010000000000000009
1.6900000000000013,accelerate,2.0,1.4918687154898254,1.4718349807449056,-22.780512160223928,-8.44279190951788,0.14191243936906464,0.9641842951578478,0.46189135739851983,0.46189135739851983,1.8329022118988882,0.010000000000000009
1.7000000000000013,accelerate,2.0,1.4890266199610198,1.4821499642745741,-22.76559848707557,-8.442866684898695,0.14159469721064033,0.9542972381270592,0.4587520190501039,0.4587520190501039,1.8204445200400947,0.010000000000000009
1.7100000000000013,accelerate,2.0,1.4803519862429004,1.4810711774555698,-22.75078221084069,-8.442944452392322,0.14155651977334155,0.9505896937006737,0.4575747995438379,0.4575747995438379,1.8157730140628487,0.010000000000000009
1.7200000000000013,accelerate,2.0,1.4758799127434046,1.4779564186282705,-22.736019142146343,-8.44303305521275,0.14176373641561985,0.9529225558899814,0.4583155299461869,0.4583155299461869,1.8187124204213767,0.010000000000000009
1.7300000000000013,accelerate,2.0,1.4772937539663775,1.4775588198311347,-22.721247491986826,-8.443127246650793,0.14213217465955605,0.9586558660674974,0.4601359705937518,0.4601359705937518,1.8259363912450468,0.010000000000000009
1.7400000000000013,accelerate,2.0,1.4858442735163877,1.4825300920422866,-22.70639112837555,-8.443234225936436,0.14254235101717364,0.9642399718377259,0.46190903585791476,0.46190903585791476,1.8329723645155347,0.010000000000000009
1.7500000000000013,accelerate,2.0,1.497049052666317,1.4912414684167048,-22.691421294065847,-8.443328883590102,0.1429424495536127,0.967668959449299,0.4629978080043414,0.4629978080043414,1.8372928889061169,0.010000000000000009
1.7600000000000013,accelerate,2.0,1.5502107507347485,1.5266230378075312,-22.675879646803626,-8.443674908243691,0.14246155916055633,0.9550443196355484,0.45898923237067935,0.45898923237067935,1.821385842740791,0.010000000000000009
1.7700000000000014,accelerate,2.0,1.5495961057630576,1.5404068785808471,-22.660355704939054,-8.443983115386157,0.14217269771963284,0.9408838917061711,0.4544930132945435,0.4544930132945435,1.803543703549776,0.010000000000000009
1.7800000000000014,accelerate,2.0,1.5466398104790497,1.5441466377197686,-22.64487098883952,-8.444287100088937,0.14209011907928676,0.9307719300732805,0.451282263236868,0.451282263236868,1.7908026318923334,0.010000000000000009
1.7900000000000014,accelerate,2.0,1.5450684481481973,1.5446997239768259,-22.629409354262002,-8.444562510492073,0.14218485225400337,0.925577433155404,0.44963290657550387,0.44963290657550387,1.784257565775809,0.010000000000000009
1.8000000000000014,accelerate,2.0,1.5483674022473592,1.5469003309391458,-22.61391897584508,-8.444739349754489,0.14238438814343946,0.9234316128284238,0.44895156570528116,0.44895156570528116,1.781553832163814,0.010000000000000009
1.8100000000000014,accelerate,2.0,1.5527224648719407,1.5503936112988228,-22.5983889269912,-8.44473488579743,0.142673703756152,0.9230177492578384,0.44882015574434886,0.44882015574434886,1.7810323640648764,0.010000000000000009
1.8200000000000014,accelerate,2.0,1.5815554546872954,1.5690907173319064,-22.582552463966124,-8.444550562794076,0.1425136698316839,0.9158309513945786,0.44653820368680663,0.44653820368680663,1.7719769987571692,0.010000000000000009
1.8300000000000014,accelerate,2.0,1.60437870546438,1.5902635102113907,-22.566479572783674,-8.44419301824851,0.14203694986959195,0.9017704338921233,0.442073708169427,0.442073708169427,1.7542607467040754,0.010000000000000009
1.8400000000000014,accelerate,2.0,1.5983919771305968,1.5951405903629143,-22.550478100432798,-8.443824619475635,0.1418111209521447,0.8907809374376142,0.43858432325519126,0.43858432325519126,1.740413981171394,0.010000000000000009
1.8500000000000014,accelerate,2.0,1.592854934340578,1.5937691967495127,-22.534541085511453,-8.443452134044225,0.14182880239040596,0.8855570517246364,0.4369256350636066,0.4369256350636066,1.733831885173042,0.010000000000000009
1.8600000000000014,accelerate,2.0,1.590337317318617,1.5917100690909751,-22.518636194247154,-8.443086612951081,0.14205111137837806,0.8853231920743252,0.4368513799474398,0.4368513799474398,1.7335372220136498,0.010000000000000009
1.8700000000000014,accelerate,2.0,1.592496666592601,1.5921820275919507,-22.502714132294326,-8.442722985745753,0.14240720611769564,0.8877416360724174,0.437619284285714,0.437619284285714,1.736584461451246,0.010000000000000009
1.8800000000000014,accelerate,2.0,1.602617230367066,1.59844314925702,-22.486689008704346,-8.442369898303507,0.1427469304500381,0.8891814169869355,0.4380764435216918,0.4380764435216918,1.7383985854035389,0.010000000000000009
1.8900000000000015,accelerate,2.0,1.6130747290998546,1.6072220971627207,-22.470557485579924,-8.442021581264175,0.14307186366287644,0.888447402544201,0.4378433792558347,0.4378433792558347,1.7374737272056933,0.010000000000000009
1.9000000000000015,accelerate,2.0,1.6459670503478243,1.6304690690737829,-22.454073889573248,-8.441807470556247,0.14291572517332218,0.878172506337456,0.4345808942122691,0.4345808942122691,1.7245273579851947,0.010000000000000009
1.9100000000000015,accelerate,2.0,1.6705363953537042,1.6545094648417358,-22.437332555849967,-8.441729981662016,0.14240895044427593,0.8596776941526888,0.42870842144736176,0.42870842144736176,1.7012238946323879,0.010000000000000009
1.9200000000000015,accelerate,2.0,1.6679846250706023,1.6625945609790556,-22.420628026871885,-8.441636417707723,0.14209728661546522,0.8429747517175168,0.42340490316534596,0.42340490316534596,1.6801781871640713,0.010000000000000009
1.9300000000000015,accelerate,2.0,1.662981246981432,1.6628265725804816,-22.403982987937532,-8.441539294804672,0.14200625131281436,0.8318501096357628,0.4198726068115474,0.4198726068115474,1.6661611381410613,0.010000000000000009
1.9400000000000015,accelerate,2.0,1.6586365280304256,1.660312545850448,-22.387388869692323,-8.441435726324439,0.14211994288249136,0.8266556142628643,0.41822325064074467,0.41822325064074467,1.659616073971209,0.010000000000000009
1.9500000000000015,accelerate,2.0,1.6579000026386506,1.6588650199233697,-22.37080699368868,-8.441326438608897,0.14237931357337943,0.8256522565145792,0.41790466448850927,0.41790466448850927,1.6583518432083701,0.010000000000000009
1.9600000000000015,accelerate,2.0,1.6618432408278876,1.6606519524660803,-22.354187728209876,-8.441203643225942,0.14271080886730372,0.8262815062661373,0.41810446386962385,0.41810446386962385,1.6591446978953328,0.010000000000000009
1.9700000000000015,accelerate,2.0,1.6706641128469206,1.6666592486945846,-22.337478253194757,-8.441072598907763,0.1430210941309072,0.8259464389178715,0.41799807328520255,0.41799807328520255,1.658722513036518,0.010000000000000009
1.9800000000000015,accelerate,2.0,1.6806140340980802,1.675032119936682,-22.32066638283128,-8.440943086478892,0.1432940939275907,0.8235322841838746,0.41723153087406384,0.41723153087406384,1.655680678071682,0.010000000000000009
1.9900000000000015,accelerate,2.0,1.7305470669507723,1.7083410881451364,-22.303322876255983,-8.440553359666925,0.14270628868378682,0.8060554375655972,0.41168228253582845,0.41168228253582845,1.6336598513326526,0.010000000000000009
2.0000000000000013,accelerate,2.0,1.7287992377510017,1.7206159779086556,-22.286007893690947,-8.440183160224919,0.14228464007563452,0.7875485066304768,0.405805961825309,0.405805961825309,1.6103411183544007,0.009999999999999787
2.010000000000001,accelerate,2.0,1.7240142321511231,1.7226549304541363,-22.268750500913775,-8.439820403678034,0.14207064863667282,0.7736078104251877,0.4013795119662056,0.4013795119662056,1.5927758411357364,0.009999999999999787
2.020000000000001,accelerate,2.0,1.7188687061465973,1.720383195869613,-22.25155266485951,-8.439452093167008,0.14206872870252854,0.7656120469504973,0.3988406971477219,0.3988406971477219,1.5827011791576266,0.009999999999999787
2.0300000000000007,accelerate,2.0,1.7161166223562911,1.7178232517616199,-22.23438812842222,-8.439095522021875,0.142241187583876,0.762542323897434,0.3978659986839133,0.3978659986839133,1.5788333281107672,0.009999999999999787
2.0400000000000005,accelerate,2.0,1.7177643886580398,1.7177879338994717,-22.217210105730576,-8.438760597568107,0.1425201448110829,0.7620806777489013,0.39771941679883116,0.39771941679883116,1.5782516539636158,0.009999999999999787
2.0500000000000003,accelerate,2.0,1.7241982476331816,1.7216341221396976,-22.199967232378437,-8.438452843453861,0.14281953437074996,0.761629134584258,0.3975760428131936,0.3975760428131936,1.577682709576165,0.009999999999999787
2.06,accelerate,2.0,1.7312073016973502,1.7273780298742891,-22.182653548128506,-8.43815830597936,0.14313164205090875,0.7601434705595589,0.39710431477207114,0.39710431477207114,1.5758107729050441,0.009999999999999787
2.07,accelerate,2.0,1.7626696369025832,1.7485529940912654,-22.165002838029128,-8.437986017568674,0.14295845522143458,0.7495346872745973,0.3937358139034301,0.3937358139034301,1.5624437059659924,0.009999999999999787
2.0799999999999996,accelerate,2.0,1.785764543747195,1.7708799238848232,-22.14711023457677,-8.437946119435747,0.142454267595552,0.7308628822484357,0.3878071423715233,0.3878071423715233,1.538917231633029,0.009999999999999787
2.0899999999999994,accelerate,2.0,1.7816839428676323,1.7773623352745087,-22.12926892032975,-8.437897343639552,0.14213996988426092,0.7140611886668308,0.3824722686254921,0.3824722686254921,1.5177470977202068,0.009999999999999787
2.099999999999999,accelerate,2.0,1.7757445025442102,1.7763916356363296,-22.11149578254408,-8.437841916227308,0.14204098042710117,0.7026976217610511,0.37886410886156896,0.37886410886156896,1.5034290034189244,0.009999999999999787
2.109999999999999,accelerate,2.0,1.7705465879076845,1.7728846069991424,-22.093781730048896,-8.437769409637191,0.14214531116766677,0.6970482871078681,0.3770703321224903,0.3770703321224903,1.496310841755914,0.009999999999999787
2.1199999999999988,accelerate,2.0,1.768304106135077,1.770136306480703,-22.076094849408584,-8.437695506829373,0.14240153268826103,0.6955889679136928,0.37660696909195573,0.37660696909195573,1.4944720995712528,0.009999999999999787
2.1299999999999986,accelerate,2.0,1.771907720654594,1.7711991549850374,-22.058373386724192,-8.437598858080912,0.14271392981823613,0.6954619344631687,0.37656663343074537,0.37656663343074537,1.4943120374235928,0.009999999999999787
2.1399999999999983,accelerate,2.0,1.7784331394992434,1.775539545693561,-22.04058604813533,-8.437473082860654,0.14302923627921132,0.694639804588794,0.3763055907530339,0.3763055907530339,1.4932761537818804,0.009999999999999787
2.149999999999998,accelerate,2.0,1.7857396112114134,1.7816595850042725,-22.022724288328696,-8.437329130717982,0.14333475747387997,0.6922791028382087,0.37555602073318806,0.37555602073318806,1.490301669576143,0.009999999999999787
2.159999999999998,accelerate,2.0,1.836157084371083,1.8143580846243588,-22.004327500823372,-8.43690794757762,0.1427409721955971,0.6744252270459643,0.3698870580916346,0.3698870580916346,1.467805786077915,0.009999999999999787
2.1699999999999977,accelerate,2.0,1.8335192688735906,1.825854795173898,-21.985967795433343,-8.436495602106564,0.14230567039850042,0.6552908796757948,0.36381152011465834,0.36381152011465834,1.4436965083915014,0.009999999999999787
2.1799999999999975,accelerate,2.0,1.8275670236899202,1.8268821322835112,-21.967676969861007,-8.436085337533267,0.14207516110258642,0.6406527928597988,0.35916363478884333,0.35916363478884333,1.4252525190033465,0.009999999999999787
2.1899999999999973,accelerate,2.0,1.8211112327349015,1.8234195925543455,-21.9494582719051,-8.435677280600785,0.14205861420188648,0.632006607236121,0.3564182979296132,0.3564182979296132,1.4143583251175127,0.009999999999999787
2.199999999999997,accelerate,2.0,1.8161544815334387,1.8190605259418013,-21.931295071657722,-8.435267687553154,0.14223074675659486,0.6286578222270095,0.3553549917135201,0.3553549917135201,1.4101388560060322,0.009999999999999787
2.209999999999997,accelerate,2.0,1.814722186522797,1.8164575222903987,-21.913149911063,-8.434868751482458,0.14253509977293177,0.6286379774916281,0.3553486906131417,0.3553486906131417,1.4101138516394514,0.009999999999999787
2.2199999999999966,accelerate,2.0,1.818997334007055,1.8179814093203925,-21.8949621637465,-8.434486810016784,0.14287749000590394,0.6290916194862434,0.355492731019272,0.355492731019272,1.4106854405526665,0.009999999999999787
2.2299999999999964,accelerate,2.0,1.826558037862315,1.823127386445546,-21.876696327878815,-8.434125100150556,0.1431945481598859,0.6279755654547358,0.35513836154318773,0.35513836154318773,1.4092792124729672,0.009999999999999787
2.239999999999996,accelerate,2.0,1.835229186107283,1.8303884662425882,-21.858340491306418,-8.433766679688802,0.14346207607736455,0.6244361528329933,0.354014527247532,0.354014527247532,1.4048195525695715,0.009999999999999787
2.249999999999996,accelerate,2.0,1.8651031674860485,1.8512172869886645,-21.8396641386862,-8.43352176100158,0.14324255273227648,0.6116484843727503,0.3499541867580357,0.3499541867580357,1.3887070903096654,0.009999999999999787
2.259999999999996,accelerate,2.0,1.8872369095594537,1.872829060531138,-21.82075660395767,-8.43338932575008,0.14269019182102996,0.590897529750412,0.34336534364635085,0.34336534364635085,1.3625608874855193,0.009999999999999787
2.2699999999999956,accelerate,2.0,1.882132735556942,1.8784112655466203,-21.801910411845522,-8.433251235769372,0.14230854726426487,0.5722004829455403,0.337428657344868,0.337428657344868,1.3390026085113809,0.009999999999999787
2.2799999999999954,accelerate,2.0,1.8747408188601826,1.8762089975347576,-21.78314679272598,-8.433105870917265,0.14213389528249568,0.5592721800291631,0.33332366260285984,0.33332366260285984,1.3227129468367453,0.009999999999999787
2.289999999999995,accelerate,2.0,1.867488977104258,1.870976985276458,-21.76446259333798,-8.432950406586208,0.14216502983773135,0.5525952012715083,0.33120358830772934,0.33120358830772934,1.3142999536021005,0.009999999999999787
2.299999999999995,accelerate,2.0,1.8630770719169836,1.8662370372607733,-21.74582735139018,-8.432786813155337,0.14235798443180536,0.5506926515568406,0.330599490722328,0.330599490722328,1.311902740961619,0.009999999999999787
2.3099999999999947,accelerate,2.0,1.8623077517654052,1.8638794659635525,-21.727202977618578,-8.432608167833225,0.14266194043665578,0.5513682531682941,0.3308140077459968,0.3308140077459968,1.3127539989920507,0.009999999999999787
2.3199999999999945,accelerate,2.0,1.8676072651573807,1.8661161454798494,-21.70852516047595,-8.432393631313023,0.14296882743665612,0.5516649546544932,0.33090821640189466,0.33090821640189466,1.3131278428646613,0.009999999999999787
2.3299999999999943,accelerate,2.0,1.8739966022313939,1.8708444195307758,-21.689781993080604,-8.432159330195276,0.1432608942862616,0.5503098762078478,0.33047795189351586,0.33047795189351586,1.3114204440218884,0.009999999999999787
2.339999999999994,accelerate,2.0,1.881242590671772,1.8770833222153736,-21.67096425294347,-8.431909437979227,0.14352378178177316,0.5467920895775562,0.32936098428266564,0.32936098428266564,1.3069880328677208,0.009999999999999787
2.349999999999994,accelerate,2.0,1.9296729198326132,1.9086370807857174,-21.651634898970183,-8.43138509177461,0.14291441035871486,0.5279570161826814,0.323380471778325,0.323380471778325,1.2832558403901786,0.009999999999999787
2.3599999999999937,accelerate,2.0,1.9257024299209178,1.9188762902668377,-21.632355806009002,-8.430879456448185,0.14245986624273416,0.5080505208288822,0.3170597613735867,0.3170597613735867,1.2581736562443917,0.009999999999999787
2.3699999999999934,accelerate,2.0,1.9181595512307592,1.9184462468451906,-21.61316147000165,-8.430369244695099,0.1422061161937881,0.4929232637445562,0.31225655470417146,0.31225655470417146,1.2391133123181408,0.009999999999999787
2.3799999999999932,accelerate,2.0,1.910178710001801,1.9134857247391568,-21.594054238186413,-8.42985446422458,0.14215815237799792,0.48404621367590706,0.30943791376637403,0.30943791376637403,1.227928229231643,0.009999999999999787
2.389999999999993,accelerate,2.0,1.9041469528787909,1.9078824616229373,-21.575012482205587,-8.429350299027107,0.14228874338688527,0.4805479193149911,0.308327135340896,0.308327135340896,1.2235203783368889,0.009999999999999787
2.399999999999993,accelerate,2.0,1.9010308454182943,1.9037714919001514,-21.556005475750784,-8.428852904095692,0.1425539683261355,0.4805934753965882,0.30834160030792473,0.30834160030792473,1.2235777789997013,0.009999999999999787
2.4099999999999926,accelerate,2.0,1.9014706875043208,1.902391009262653,-21.536995747244596,-8.428360748403302,0.14289573571862807,0.4820420780296264,0.308801560615967,0.308801560615967,1.2254030183173292,0.009999999999999787
2.4199999999999924,accelerate,2.0,1.908172812321078,1.9058600910977082,-21.517916031934462,-8.427890638601955,0.14319858031502206,0.4820282642894639,0.30879717447719063,0.30879717447719063,1.2253856130047247,0.009999999999999787
2.429999999999992,accelerate,2.0,1.916237959513658,1.9120868121472783,-21.498751697951633,-8.427438021064908,0.14343632831481803,0.47934489689812987,0.3079451516630942,0.3079451516630942,1.2220045700916438,0.009999999999999787
2.439999999999992,accelerate,2.0,1.9240609524277938,1.9192712963155876,-21.47950547489331,-8.426995486309199,0.1436095753452304,0.47396989626998626,0.306238481463646,0.306238481463646,1.2152320693001826,0.009999999999999787
2.4499999999999917,accelerate,2.0,1.9316815747938447,1.926717463402542,-21.460179658767828,-8.426558665861235,0.14371507757204743,0.46625129730174164,0.30378767191924905,0.30378767191924905,1.2055066346001946,0.009999999999999787
2.4599999999999915,accelerate,2.0,1.9389574457945424,1.9340614528377422,-21.440778065458048,-8.426126629665523,0.14375028527871564,0.456660361535496,0.3007423579947507,0.3007423579947507,1.193422055534725,0.009999999999999787
2.4699999999999913,accelerate,2.0,1.945411897208481,1.9408717194601857,-21.421309637112383,-8.425699374799908,0.143720534990712,0.44580569010962806,0.2972957827236091,0.2972957827236091,1.1797451695381314,0.009999999999999787
2.479999999999991,accelerate,2.0,1.9506251434889668,1.946723773877454,-21.401787806099954,-8.425275709427172,0.14363981001311293,0.4344050018194738,0.2936758361777193,0.2936758361777193,1.1653803022925369,0.009999999999999787
2.489999999999991,accelerate,2.0,1.954389343651512,1.9513231157418889,-21.382228099013226,-8.424854252903678,0.14352758034330787,0.42319673687273557,0.290116987891831,0.290116987891831,1.1512578884596467,0.009999999999999787
2.4999999999999907,accelerate,2.0,1.9567662400266228,1.9545889903127294,-21.362645225410393,-8.424434138298636,0.14340505226037703,0.4128236202097521,0.2868233158890005,0.2868233158890005,1.1381877614642877,0.009999999999999787
2.5099999999999905,accelerate,2.0,1.9580387032171318,1.9566588180553708,-21.343050801931504,-8.42401406425329,0.14329199174803514,0.40373564610486307,0.2839377023512161,0.2839377023512161,1.1267369140921275,0.009999999999999787
2.5199999999999902,accelerate,2.0,1.9586411649007351,1.9578482261625894,-21.323451835381423,-8.423592045065865,0.14320398978244148,0.3961323217572023,0.2815234948043469,0.2815234948043469,1.117156725414075,0.009999999999999787
2.52999999999999,accelerate,2.0,1.959024709713218,1.9585541162929667,-21.303850576016238,-8.423166618869898,0.14315086200564128,0.38996707347618365,0.27956590517015784,0.27956590517015784,1.1093885125799914,0.009999999999999787
2.53999999999999,accelerate,2.0,1.9595910389382527,1.9591762698801385,-21.28424507501011,-8.422736566987286,0.14313609814287268,0.38499214386818104,0.27798626552102484,0.27798626552102484,1.103120101273908,0.009999999999999787
2.5499999999999896,hold,2.0,1.9606831780570229,1.9600804147862692,-21.264629846040595,-8.422299835346244,0.14315729529228022,0.3808142487678381,0.27665970026876396,0.27665970026876396,1.097855953447476,0.009999999999999787
2.5599999999999894,hold,2.0,1.9624630679006356,1.9615100066548892,-21.244997688940174,-8.421854748130443,0.14320723725663803,0.3769865381343481,0.27544432558841825,0.27544432558841825,1.0930330380492788,0.009999999999999787
2.569999999999989,hold,2.0,1.9649724203304388,1.9635874548602188,-21.22534094738444,-8.421399754540918,0.14327569654445263,0.37308236479112056,0.2742046724684766,0.2742046724684766,1.0881137796368119,0.009999999999999787
2.579999999999989,hold,2.0,1.9680974128981674,1.966293429682988,-21.205653121481504,-8.420933450936051,0.14335145685156375,0.3687662174023355,0.2728342093495896,0.2728342093495896,1.0826754339269427,0.009999999999999787
2.5899999999999888,hold,2.0,1.9716240905064308,1.9694918261770538,-21.185929882069235,-8.420455924347296,0.14342389612573286,0.3638381033592013,0.27126943457861363,0.27126943457861363,1.0764660102325938,0.009999999999999787
2.5999999999999885,hold,2.0,1.9753708364684048,1.9730192323518645,-21.166168639217453,-8.419971434755979,0.14348202681068567,0.35822200703793083,0.26948621167468384,0.26948621167468384,1.069389728867793,0.009999999999999787
2.6099999999999883,hold,2.0,1.9792343701559088,1.976748315034291,-21.146368400898453,-8.419468500653863,0.14351830286951453,0.35192293611935316,0.26748613067661703,0.26748613067661703,1.0614528995103851,0.009999999999999787
2.619999999999988,hold,2.0,1.9826806469771743,1.980307714200021,-21.12653344611617,-8.418949289707484,0.1435326999786376,0.3451421626255855,0.2653330994768759,0.2653330994768759,1.0529091249082376,0.009999999999999787
2.629999999999988,hold,2.0,1.9857089220051811,1.9835484388831173,-21.106667926740055,-8.418419135208653,0.1435244989983107,0.3381216021257147,0.26310393110695696,0.26310393110695696,1.0440632186784007,0.009999999999999787
2.6399999999999877,hold,2.0,1.9882535345562462,1.9863714962869947,-21.086777057972558,-8.417873353472961,0.14349807989821053,0.3311099789425618,0.26087760051384223,0.26087760051384223,1.0352285734676279,0.009999999999999787
2.6499999999999875,hold,2.0,1.9902053864963853,1.9886718304126292,-21.06686705744067,-8.417311824927038,0.14346050348486922,0.32436540116481605,0.2587360621778524,0.2587360621778524,1.0267304054676683,0.009999999999999787
2.6599999999999873,hold,2.0,1.991736265307818,1.9905104913497427,-21.04694221661354,-8.416738807071805,0.14341805656727274,0.3180653525283753,0.25673567073480974,0.25673567073480974,1.018792344185753,0.009999999999999787
2.669999999999987,hold,2.0,1.9929387672691918,1.9919674569014123,-21.02700601647896,-8.416153557764423,0.14337781429287405,0.31231226360963127,0.2549089499413301,0.2549089499413301,1.0115434521481355,0.009999999999999787
2.679999999999987,hold,2.0,1.993989925197395,1.9931809378790017,-21.007060056212104,-8.415556055581778,0.1433448962031561,0.3071168079533158,0.25325928886133686,0.25325928886133686,1.004997178021178,0.009999999999999787
2.6899999999999866,hold,2.0,1.995052022734146,1.9943035887920884,-20.987104194793886,-8.414948410734679,0.14332272910923616,0.3024075586246091,0.2517640080144859,0.2517640080144859,0.9990635238670075,0.009999999999999787
2.6999999999999864,hold,2.0,1.996208011574668,1.9954462424616362,-20.96713745557522,-8.414331729804498,0.14331334655991596,0.298068714326891,0.25038633817307443,0.25038633817307443,0.9935965800518827,0.009999999999999787
2.709999999999986,hold,2.0,1.9975648775131145,1.9967174234925231,-20.947157726872888,-8.413706888729406,0.14331597465002388,0.2939494333399606,0.2490783840741043,0.2490783840741043,0.9884062860083503,0.009999999999999787
2.719999999999986,hold,2.0,1.9991604725383552,1.9981832529200223,-20.927162497612745,-8.413074922029304,0.14332850598842467,0.28989276784225654,0.24779031164527335,0.24779031164527335,0.9832948874812434,0.009999999999999787
2.7299999999999858,hold,2.0,2.000956118253169,1.9998469721199101,-20.907149639605613,-8.412436855402266,0.14334793056198655,0.28577006290171314,0.246481270372552,0.246481270372552,0.9781002792561587,0.009999999999999787
2.7399999999999856,hold,2.0,2.002935477338709,2.0017000752511893,-20.8871171595601,-8.411793957688015,0.14336999025835925,0.28148155996920465,0.24511958492142188,0.24511958492142188,0.972696765561198,0.009999999999999787
2.7499999999999853,hold,2.0,2.0049762991805165,2.0036658096087856,-20.867064338903823,-8.411147283174655,0.1433912822892657,0.27698718921512555,0.2436925323195867,0.2436925323195867,0.9670338584110584,0.009999999999999787
2.759999999999985,hold,2.0,2.007022829032709,2.0056800212631396,-20.846991047766828,-8.410497144998589,0.14340853538582174,0.27228842870952136,0.24220058188384724,0.24220058188384724,0.961113420173997,0.009999999999999787
2.769999999999985,hold,2.0,2.008971358851548,2.0076548238161847,-20.82689813103691,-8.40984688471111,0.1434191064675744,0.26743314079031694,0.24065893086374143,0.24065893086374143,0.9549957573957993,0.009999999999999787
2.7799999999999847,hold,2.0,2.010869999223907,2.009583929060818,-20.806786085694505,-8.409194813262227,0.14342019035178377,0.26246325538236115,0.23908089284900733,0.23908089284900733,0.9487337017817751,0.009999999999999787
2.7899999999999845,hold,2.0,2.0125218979575097,2.011346710398833,-20.786657516732834,-8.408540102293198,0.14341394197101082,0.2574771715367328,0.23749771150634338,0.23749771150634338,0.9424512361362832,0.009999999999999787
2.7999999999999843,hold,2.0,2.013894270330516,2.0128752463578428,-20.7665153094286,-8.4078829363641,0.14340267921509187,0.25259111074936813,0.23594628948513938,0.23594628948513938,0.9362947995442039,0.009999999999999787
2.809999999999984,hold,2.0,2.0150501695833722,2.0141802002931604,-20.746361652187744,-8.40722482077715,0.14338863697563892,0.2478939850395766,0.2344548581297664,0.2344548581297664,0.9303764211498667,0.009999999999999787
2.819999999999984,hold,2.0,2.016030938245506,2.0152906430645676,-20.72619835177448,-8.406565921420057,0.14337436509683787,0.24344293618698837,0.23304156109809257,0.23304156109809257,0.9247680995956055,0.009999999999999787
2.8299999999999836,hold,2.0,2.0168912932869962,2.016251033198025,-20.706026660398436,-8.40590592562147,0.143362104863573,0.2392612538820662,0.2317137933326337,0.2317137933326337,0.9194991798914036,0.009999999999999787
2.8399999999999834,hold,2.0,2.0177218163686836,2.0171335031004203,-20.68584689964423,-8.405244269171916,0.14335322870812278,0.23533002940796072,0.2304655509376157,0.2304655509376157,0.9145458370540306,0.009999999999999787
2.849999999999983,hold,2.0,2.0185829834788973,2.0180031913275065,-20.665658753564706,-8.4045808699885,0.1433483902309788,0.23159983210548227,0.22928113869013275,0.22928113869013275,0.9098457884529078,0.009999999999999787
2.859999999999983,hold,2.0,2.019506876128628,2.0189054022081794,-20.64546158210248,-8.40391538533316,0.14334762294510955,0.22800696910304696,0.2281403328295995,0.2281403328295995,0.9053187810698393,0.009999999999999787
2.869999999999983,hold,2.0,2.0205219507784458,2.019875331350339,-20.62525446118069,-8.403247408789579,0.14335060536738825,0.22448142879458605,0.227020903270857,0.227020903270857,0.9008766002811786,0.009999999999999787
2.8799999999999826,hold,2.0,2.0215808226984637,2.020898626159214,-20.605036953139273,-8.402576220212486,0.14335671377266712,0.22097440650561678,0.22590735355366348,0.22590735355366348,0.8964577521970774,0.009999999999999787
2.8899999999999824,hold,2.0,2.022670841440033,2.0219619553277055,-20.58480876151319,-8.4019003362441,0.14336478911956557,0.21745361718618397,0.22478943252895717,0.22478943252895717,0.8920215576545919,0.009999999999999787
2.899999999999982,hold,2.0,2.023792828509542,2.0230604792368077,-20.56456952703117,-8.401219811409373,0.14337328013706413,0.21389554175197414,0.22365967241708687,0.22365967241708687,0.8875383826074875,0.009999999999999787
2.909999999999982,hold,2.0,2.0249137104097605,2.024172417940579,-20.544319244275002,-8.400534286767366,0.14338077704475055,0.2102927708434309,0.22251572059820618,0.22251572059820618,0.8829988912627229,0.009999999999999787
2.9199999999999817,hold,2.0,2.0259816955490293,2.0252579845056493,-20.524058462737997,-8.399843092609535,0.1433866487301347,0.2066605690786997,0.22136242389386873,0.22136242389386873,0.8784223170391616,0.009999999999999787
2.9299999999999815,hold,2.0,2.026947803056241,2.026271875636004,-20.50378826047718,-8.399144909434735,0.14339086237938753,0.20303557002063538,0.22021141419295215,0.22021141419295215,0.8738548182260005,0.009999999999999787
2.9399999999999813,hold,2.0,2.027824059346241,2.027203185862146,-20.483509571412487,-8.398438941943791,0.14339339132628412,0.19945341667374586,0.2190740088622478,0.2190740088622478,0.8693413050089198,0.009999999999999787
2.949999999999981,hold,2.0,2.028600668255284,2.028041675298029,-20.463223407490226,-8.397725006882734,0.14339439385121952,0.1959486798470019,0.21796118482502005,0.21796118482502005,0.8649253366072225,0.009999999999999787
2.959999999999981,hold,2.0,2.0292960591071543,2.028794305583504,-20.442930630948133,-8.397002243656893,0.14339456125845598,0.19254594145579154,0.21688074733104298,0.21688074733104298,0.8606378862342976,0.009999999999999787
2.9699999999999807,hold,2.0,2.029898344583763,2.0294567289836594,-20.42263221260922,-8.396270031795874,0.14339464664090049,0.1892677940846555,0.21583986997775984,0.21583986997775984,0.856507420546666,0.009999999999999787
2.9799999999999804,hold,2.0,2.0304695765833123,2.030064437543451,-20.402328509983374,-8.395527260629924,0.14339518047531963,0.18611395500537245,0.21483846299330586,0.21483846299330586,0.8525335833067693,0.009999999999999787
2.9899999999999802,hold,2.0,2.0310090191546077,2.030631186510145,-20.382019823295764,-8.394774480723424,0.14339653133267663,0.18307722198196055,0.21387423952371212,0.21387423952371212,0.8487072996972703,0.009999999999999787
2.99999999999998,hold,2.0,2.031530743487952,2.0311709206968294,-20.36170639140854,-8.394010121528584,0.14339906436399583,0.18014465946778396,0.21294309227421077,0.21294309227421077,0.8450122709294078,0.009999999999999787
3.00999999999998,hold,2.0,2.032072894661203,2.031712105075454,-20.341388009561953,-8.393234144200994,0.1434028097205487,0.1772908793690008,0.21203696001724517,0.21203696001724517,0.8414165080049412,0.009999999999999787
3.0199999999999796,hold,2.0,2.0326413655953943,2.032269661387418,-20.321064400661744,-8.392446659820434,0.14340739715552225,0.17448757792754524,0.21114685574355418,0.21114685574355418,0.837884348188707,0.009999999999999787
3.0299999999999794,hold,2.0,2.03321764151584,2.032838449464471,-20.300735496734834,-8.391647429268602,0.1434126092325677,0.1717147475234456,0.21026642663364445,0.21026642663364445,0.8343905818795414,0.009999999999999787
3.039999999999979,hold,2.0,2.033787018740538,2.033407591030111,-20.280401397270296,-8.390835627292432,0.14341807108557286,0.16896212331629712,0.2093924133953907,0.2093924133953907,0.8309222753785345,0.009999999999999787
3.049999999999979,hold,2.0,2.034357472558785,2.0339775199473156,-20.260062093355337,-8.390011127499807,0.1434232315380729,0.16622125884266314,0.2085221341077224,0.2085221341077224,0.8274687861417556,0.009999999999999787
3.0599999999999787,hold,2.0,2.034917193789958,2.034541324252901,-20.239717680299748,-8.389174202185526,0.14342751286763247,0.1634890893206366,0.20765461564108856,0.20765461564108856,0.8240262525440022,0.009999999999999787
3.0699999999999785,hold,2.0,2.035436830242725,2.0350786278467954,-20.21936853592113,-8.388325566511433,0.14343053160963765,0.1607741070105115,0.20679255445797762,0.20679255445797762,0.8206053748332445,0.009999999999999787
3.0799999999999783,hold,2.0,2.035903169707701,2.035573352963339,-20.19901522183411,-8.387464737065866,0.14343207531003935,0.1580918928301331,0.20594089781142388,0.20594089781142388,0.8172257849659678,0.009999999999999787
3.089999999999978,hold,2.0,2.036319227684688,2.0360208777961484,-20.178658224273573,-8.386592470070383,0.14343214945723004,0.15545768222953393,0.20510448326152164,0.20510448326152164,0.8139066796092128,0.009999999999999787
3.099999999999978,hold,2.0,2.036685225487773,2.0364194864111234,-20.158298072264973,-8.385708275413027,0.14343068114582,0.15288491199546994,0.20428757725680163,0.20428757725680163,0.8106649891142922,0.009999999999999787
3.1099999999999777,hold,2.0,2.036965865688107,2.0367473139773136,-20.137935634062824,-8.38481237006999,0.1434281209087243,0.15039637165542913,0.2034974159280319,0.2034974159280319,0.8075294282858408,0.009999999999999787
3.1199999999999775,hold,2.0,2.0372130607048087,2.0370267620138107,-20.117571165016255,-8.383906625046505,0.14342427093396426,0.1479988034860293,0.20273614008288404,0.20273614008288404,0.804508492392397,0.009999999999999787
3.1299999999999772,hold,2.0,2.0374427698893074,2.0372763667391087,-20.09720491428692,-8.382989668112788,0.14341959968804296,0.14568802308837836,0.20200242109102193,0.20200242109102193,0.8015969090913568,0.009999999999999787
3.139999999999977,hold,2.0,2.037601338379148,2.0374713497231323,-20.07683759332671,-8.382062227273629,0.14341502160633435,0.14347414830663124,0.20129947157032158,0.20129947157032158,0.7988074268663554,0.009999999999999787
3.149999999999977,hold,2.0,2.0377363289194697,2.037630337240935,-20.056469387890147,-8.381125679587402,0.14341087678069964,0.14135569071114729,0.2006268189146035,0.2006268189146035,0.7961381702960456,0.009999999999999787
3.1599999999999766,hold,2.0,2.037843687750343,2.0377583475465797,-20.036100550284345,-8.380180844073639,0.14340764115434726,0.13932902676055353,0.19998331257701096,0.19998331257701096,0.7935845737182975,0.009999999999999787
3.1699999999999764,hold,2.0,2.0379413531710333,2.037868150921252,-20.01573119257099,-8.379227537761308,0.1434056742261962,0.1373846423618028,0.19936593164271962,0.19936593164271962,0.7911346493758715,0.009999999999999787
3.179999999999976,hold,2.0,2.0380379750032196,2.0379700453704324,-19.99536129802564,-8.3782662781771,0.1434049122297753,0.13550954425604197,0.19877055049217848,0.19877055049217848,0.7887720257626131,0.009999999999999787
3.189999999999976,hold,2.0,2.038156476147014,2.0380819038363813,-19.974990589910632,-8.377298165739955,0.1434050900626722,0.13368383117455757,0.19819085007454554,0.19819085007454554,0.7864716272799426,0.009999999999999787
3.1999999999999758,hold,2.0,2.0382721673335524,2.038196061934684,-19.954619076941807,-8.376323582555216,0.1434060901638104,0.13189561279992337,0.1976230549762317,0.1976230549762317,0.7842184721279035,0.009999999999999787
3.2099999999999755,hold,2.0,2.038397053400611,2.0383166568142403,-19.934246656060242,-8.375342537289312,0.14340749332393404,0.13013314740611068,0.19706343696438827,0.19706343696438827,0.7819977657316994,0.009999999999999787
3.2199999999999753,hold,2.0,2.038525319879126,2.038441854653172,-19.913873233450595,-8.374356090932999,0.1434087664695879,0.12838797764953241,0.19650931066327956,0.19650931066327956,0.7797988518384109,0.009999999999999787
3.229999999999975,hold,2.0,2.038646372216357,2.038564565191083,-19.89349887052153,-8.373364347277466,0.14340954421699986,0.12665709872391528,0.1959597219868176,0.1959597219868176,0.7776179443921334,0.009999999999999787
3.239999999999975,hold,2.0,2.03875532020021,2.038679018196559,-19.873123679538804,-8.372367491084471,0.14340963406103152,0.12494121126915424,0.19541489340218188,0.19541489340218188,0.7754559261991344,0.009999999999999787
3.2499999999999747,hold,2.0,2.038843344033531,2.038777613698742,-19.852747846197687,-8.371366260885491,0.14340918263183333,0.12324499958430155,0.19487631226800745,0.19487631226800745,0.77331869947622,0.009999999999999787
3.2599999999999745,hold,2.0,2.038865142047498,2.0388301307079955,-19.83237204974144,-8.370360498346283,0.14340838336728337,0.12158849034057766,0.19435033745294023,0.19435033745294023,0.7712314978291279,0.009999999999999787
3.2699999999999743,hold,2.0,2.0388564517939134,2.0388459233595464,-19.811996612469315,-8.369349833163,0.14340718128402788,0.11998302296206283,0.1938405694509142,0.1938405694509142,0.7692086089321992,0.009999999999999787
3.279999999999974,hold,2.0,2.038849877821857,2.0388482960369325,-19.791621475109192,-8.368334953081861,0.1434053743786995,0.11842545821333257,0.19334601149189737,0.19334601149189737,0.7672460773487991,0.009999999999999787
3.289999999999974,hold,2.0,2.0388194934702044,2.0388310144968953,-19.771246867029113,-8.367316102552572,0.14340304866033116,0.11691671396600975,0.19286695501848744,0.19286695501848744,0.7653450595971724,0.009999999999999787
3.2999999999999736,hold,2.0,2.038754826177403,2.0387853015051998,-19.750873152080388,-8.366293053624183,0.14340054629841964,0.11546235791723035,0.192405167885879,0.192405167885879,0.7635125709757103,0.009999999999999787
3.3099999999999734,hold,2.0,2.03866586367751,2.038713638808586,-19.730500592221002,-8.365265608260348,0.1433982295757667,0.11406571551035878,0.19196170598884912,0.19196170598884912,0.761752801543052,0.009999999999999787
3.319999999999973,hold,2.0,2.0385362445350035,2.0386072022444366,-19.71012960854248,-8.364233678163242,0.14339649211477,0.11273434967502137,0.1915389707088128,0.1915389707088128,0.760075280590527,0.009999999999999787
3.329999999999973,hold,2.0,2.038400681990571,2.0384832900921173,-19.689760293046128,-8.363196610563463,0.14339546135412778,0.11146529959253124,0.19113602192662055,0.19113602192662055,0.7584762774865895,0.009999999999999787
3.3399999999999728,hold,2.0,2.038270076173993,2.038355361741243,-19.669392581260922,-8.362154540977812,0.1433949624913674,0.1102491181636121,0.19074985999931013,0.19074985999931013,0.7569438888861513,0.009999999999999787
3.3499999999999726,hold,2.0,2.038137131952973,2.038224423868281,-19.64902648347835,-8.361107690155963,0.143394988002349,0.10907773725032273,0.19037792313172247,0.19037792313172247,0.7554679489354066,0.009999999999999787
3.3599999999999723,hold,2.0,2.037983455194695,2.0380798426641293,-19.628662234535316,-8.36005558845002,0.14339570218375192,0.10795041249683437,0.19001997497599488,0.19001997497599488,0.7540475197460114,0.009999999999999787
3.369999999999972,hold,2.0,2.037813444286453,2.0379200036375233,-19.608300013823765,-8.358997882752824,0.14339707385998787,0.10686750767462899,0.18967613103684822,0.18967613103684822,0.7526830596700326,0.009999999999999787
3.379999999999972,hold,2.0,2.037653361536385,2.03776001837684,-19.587939743515612,-8.357934002323171,0.14339889217807772,0.10582133590586758,0.1893439505768311,0.1893439505768311,0.7513648832413933,0.009999999999999787
3.3899999999999717,hold,2.0,2.037499731934616,2.0376038465115056,-19.56758135191271,-8.356863915149031,0.14340087364254658,0.1048036303101745,0.18902080869608665,0.18902080869608665,0.75008257419082,0.009999999999999787
3.3999999999999715,hold,2.0,2.0373428787807284,2.0374472658730394,-19.54722485839337,-8.35578780176541,0.14340288184673156,0.10381000954961896,0.18870531423219505,0.18870531423219505,0.7488306120325201,0.009999999999999787
3.4099999999999713,hold,2.0,2.037175869495027,2.037284428046232,-19.52687040501029,-8.354704859747033,0.14340484582459254,0.10284010031740524,0.18839734865278254,0.18839734865278254,0.7476085263999307,0.009999999999999787
3.419999999999971,hold,2.0,2.0370040290024654,2.0371161886199722,-19.506518036117853,-8.35361521856934,0.14340681439576158,0.10189319002835957,0.18809668569780474,0.18809668569780474,0.7464154194357331,0.009999999999999787
3.429999999999971,hold,2.0,2.036811656095411,2.0369334691052354,-19.48616798247248,-8.35251855302385,0.14340902710691067,0.10097360341716742,0.187804698557019,0.187804698557019,0.7452567403056309,0.009999999999999787
3.4399999999999706,hold,2.0,2.036600124832848,2.036733462541803,-19.465820477214855,-8.351414066466292,0.14341143811226606,0.10008640335591341,0.18752299479356965,0.18752299479356965,0.744138868228451,0.009999999999999787
3.4499999999999704,hold,2.0,2.0364036782117525,2.036535591943773,-19.445475340414,-8.350302147035462,0.14341372314034306,0.0992253698390637,0.18724959943129954,0.18724959943129954,0.7430539659972204,0.009999999999999787
3.45999999999997,hold,2.0,2.036214086637735,2.03634268876015,-19.42513250816686,-8.3491826861772,0.14341576290382801,0.0983839970852157,0.1869824467544977,0.1869824467544977,0.7419938363273718,0.009999999999999787
3.46999999999997,hold,2.0,2.036003318162647,2.036139066401648,-19.404792211027072,-8.348055435254853,0.1434176027379474,0.09756543802261482,0.18672253788094068,0.18672253788094068,0.7409624519084947,0.009999999999999787
3.47999999999997,hold,2.0,2.035787288479281,2.035927999648228,-19.384454534106958,-8.346919893860804,0.14341929274119752,0.09677053802080245,0.18647014123236522,0.18647014123236522,0.7399608779062111,0.009999999999999787
3.4899999999999696,hold,2.0,2.0355644511035096,2.035709870521397,-19.364119543950387,-8.345776198619838,0.14342088588053978,0.09599982110466945,0.18622542319715465,0.18622542319715465,0.7389897745918835,0.009999999999999787
3.4999999999999694,hold,2.0,2.0353293399235697,2.0354815521627003,-19.3437873928992,-8.344623933015793,0.1434224487849072,0.09525542880001599,0.1859890637525811,0.1859890637525811,0.7380518402880202,0.009999999999999787
3.509999999999969,hold,2.0,2.0350844050973387,2.0352432639234834,-19.323458166595422,-8.34346331025914,0.14342378608344156,0.09453902829913535,0.18576159226554148,0.18576159226554148,0.7371491756569106,0.009999999999999787
3.519999999999969,hold,2.0,2.0348449129916895,2.035004253364407,-19.30313180751537,-8.342294380156833,0.14342472078653312,0.09384707570007232,0.185541883476287,0.185541883476287,0.7362773153820913,0.009999999999999787
3.5299999999999687,hold,2.0,2.0345925954494066,2.034757258615407,-19.282808457723224,-8.34111696234412,0.1434251737762357,0.09318062603798619,0.18533027237958138,0.18533027237958138,0.7354375888078626,0.009999999999999787
3.5399999999999685,hold,2.0,2.0343248077438214,2.0344977880924557,-19.26248829045172,-8.339930842122168,0.14342515659680016,0.09254298222778824,0.18512780771696735,0.18512780771696735,0.7346341576070133,0.009999999999999787
3.5499999999999683,hold,2.0,2.0340446294329326,2.0342258928967416,-19.242171414051477,-8.338736456748638,0.1434247935090173,0.09193684659268976,0.18493534753011087,0.18493534753011087,0.7338704267067891,0.009999999999999787
3.559999999999968,coast,2.0,2.0337383410831245,2.0339333618085713,-19.221858103233874,-8.337533788590385,0.14342433512324668,0.0,0.0,0.0,0.0,0.009999999999999787
3.569999999999968,coast,2.0,2.039481092540415,2.0372620002476776,-19.201489162302444,-8.336318187080751,0.1434309749116794,0.0,0.0,0.0,0.0,0.009999999999999787
3.5799999999999677,coast,2.0,2.0428614770550513,2.040621686332102,-19.181088744372193,-8.335095086408474,0.14344374303984425,0.0,0.0,0.0,0.0,0.009999999999999787
3.5899999999999674,coast,2.0,2.041120031197586,2.0409206932513926,-19.160708094168402,-8.333868030063226,0.14345914365997547,0.0,0.0,0.0,0.0,0.009999999999999787
3.5999999999999672,coast,2.0,2.0347025256639157,2.0371897926989067,-19.140393563184304,-8.332640231064158,0.14347435259081448,0.0,0.0,0.0,0.0,0.009999999999999787
3.609999999999967,coast,2.0,2.024448320314521,2.0295449092682754,-19.120183225233585,-8.331408834308736,0.14348677945900157,0.0,0.0,0.0,0.0,0.009999999999999787
3.619999999999967,coast,2.0,2.0116540660083824,2.0188104033123393,-19.100101714691487,-8.33017850520218,0.14349456500373264,0.0,0.0,0.0,0.0,0.009999999999999787
3.6299999999999666,coast,2.0,1.997833876140423,2.00622448700919,-19.080158752954805,-8.32895115803645,0.14349747840286153,0.0,0.0,0.0,0.0,0.009999999999999787
3.6399999999999664,coast,2.0,1.9843803664803557,1.9931180146918894,-19.060350302388795,-8.327726804282268,0.1434960304945034,0.0,0.0,0.0,0.0,0.009999999999999787
3.649999999999966,coast,2.0,1.9724273162746082,1.9807035956415207,-19.04066102713876,-8.3265054652747,0.14349149225025806,0.0,0.0,0.0,0.0,0.009999999999999787
3.659999999999966,coast,2.0,1.962680375428782,1.9698896635138776,-19.0210686488468,-8.325286124919966,0.14348573755911453,0.0,0.0,0.0,0.0,0.009999999999999787
3.6699999999999657,coast,2.0,1.955413884305924,1.9612041959891053,-19.0015481817911,-8.324068613672832,0.143480370508068,0.0,0.0,0.0,0.0,0.009999999999999787
3.6799999999999655,coast,2.0,1.95045496229026,1.9547546557697983,-18.982076518791118,-8.322852624385629,0.143476933018941,0.0,0.0,0.0,0.0,0.009999999999999787
3.6899999999999653,coast,2.0,1.9472405142616935,1.9502461708649355,-18.96263635389989,-8.321637820947297,0.14347697797606726,0.0,0.0,0.0,0.0,0.009999999999999787
3.699999999999965,coast,2.0,1.9450440760674796,1.947124913986462,-18.943217799298427,-8.320423424240298,0.14348131514875098,0.0,0.0,0.0,0.0,0.009999999999999787
3.709999999999965,coast,2.0,1.9431606829936428,1.9447463753907706,-18.923817917018184,-8.31921076405562,0.14348852220874247,0.0,0.0,0.0,0.0,0.009999999999999787
3.7199999999999647,coast,2.0,1.9409330509649587,1.9424583807352835,-18.90444024066425,-8.318002624824475,0.14349660770294054,0.0,0.0,0.0,0.0,0.009999999999999787
3.7299999999999645,coast,2.0,1.9377135457452992,1.9396114797412929,-18.885094896328223,-8.316799294476688,0.14350482454527366,0.0,0.0,0.0,0.0,0.009999999999999787
3.7399999999999642,coast,2.0,1.9331557746808703,1.9357380567050395,-18.865795339042172,-8.315601795537066,0.14351289659173586,0.0,0.0,0.0,0.0,0.009999999999999787
3.749999999999964,coast,2.0,1.927236931937974,1.9306373818448004,-18.846555141020758,-8.314411146419115,0.14352033740946507,0.0,0.0,0.0,0.0,0.009999999999999787
3.759999999999964,coast,2.0,1.92016036517863,1.9243511718450983,-18.827385781186674,-8.313227853042687,0.14352628530291403,0.0,0.0,0.0,0.0,0.009999999999999787
3.7699999999999636,coast,2.0,1.9123409808937848,1.9171450572743103,-18.8082944601526,-8.31205350754083,0.14352928382930996,0.0,0.0,0.0,0.0,0.009999999999999787
3.7799999999999634,coast,2.0,1.904164579533253,1.909356770629676,-18.789284573192997,-8.310888792510735,0.14352902912614088,0.0,0.0,0.0,0.0,0.009999999999999787
3.789999999999963,coast,2.0,1.8959731628515732,1.9013266059628142,-18.770356194795564,-8.309733039074773,0.14352641572338637,0.0,0.0,0.0,0.0,0.009999999999999787
3.799999999999963,coast,2.0,1.8881304266266739,1.89340889836113,-18.75150579444057,-8.30858517595094,0.14352215055851808,0.0,0.0,0.0,0.0,0.009999999999999787
3.8099999999999627,coast,2.0,1.8809493730611238,1.8859331831811263,-18.732726606469534,-8.307446047047394,0.14351610429783795,0.0,0.0,0.0,0.0,0.009999999999999787
3.8199999999999625,coast,2.0,1.874507001283147,1.8790774740423388,-18.714011208669426,-8.306315495856342,0.14350889860914579,0.0,0.0,0.0,0.0,0.009999999999999787
3.8299999999999623,coast,2.0,1.8686815181392522,1.8728399005004868,-18.69535351585856,-8.30519252595197,0.1435023103400341,0.0,0.0,0.0,0.0,0.009999999999999787
3.839999999999962,coast,2.0,1.8633273657103628,1.8671323796264125,-18.676748954268866,-8.304075857913476,0.14349800475662175,0.0,0.0,0.0,0.0,0.009999999999999787
3.849999999999962,coast,2.0,1.8582997759389333,1.861832817413925,-18.658194361197417,-8.302964842147047,0.1434962669607481,0.0,0.0,0.0,0.0,0.009999999999999787
3.8599999999999617,coast,2.0,1.853486255578613,1.8568248803127378,-18.639687609058228,-8.301860012138349,0.14349578262299514,0.0,0.0,0.0,0.0,0.009999999999999787
3.8699999999999615,coast,2.0,1.8485864540332009,1.8518818245450157,-18.6212296702927,-8.300760794277135,0.14349645219633347,0.0,0.0,0.0,0.0,0.009999999999999787
3.8799999999999613,coast,2.0,1.843360170272589,1.8467688319815596,-18.602823937196526,-8.299666330986524,0.14349882100561254,0.0,0.0,0.0,0.0,0.009999999999999787
3.889999999999961,coast,2.0,1.837753889055154,1.8413598662257162,-18.584474261770342,-8.29857633464962,0.14350270396133175,0.0,0.0,0.0,0.0,0.009999999999999787
3.899999999999961,coast,2.0,1.8318189672072904,1.8356353268146608,-18.566183918268017,-8.29749082169617,0.14350697746894708,0.0,0.0,0.0,0.0,0.009999999999999787
3.9099999999999606,coast,2.0,1.8255601107038477,1.829590197148173,-18.54795611057198,-8.296410082141774,0.1435111780881381,0.0,0.0,0.0,0.0,0.009999999999999787
3.9199999999999604,coast,2.0,1.8190156402645485,1.8232454630179984,-18.529793738337602,-8.295333048792822,0.14351550051510414,0.0,0.0,0.0,0.0,0.009999999999999787
3.92999999999996,coast,2.0,1.8123592264236486,1.8167137210613884,-18.51169792883281,-8.294258819444932,0.14351946467174023,0.0,0.0,0.0,0.0,0.009999999999999787
3.93999999999996,coast,2.0,1.8057352871098806,1.8101266606904836,-18.493668273011977,-8.293187952837743,0.14352255491213428,0.0,0.0,0.0,0.0,0.009999999999999787
3.9499999999999598,coast,2.0,1.7991791076864878,1.8035581288880862,-18.475704111458562,-8.292119689658012,0.14352513677438777,0.0,0.0,0.0,0.0,0.009999999999999787
3.9599999999999596,coast,2.0,1.7928108342180913,1.7971097520860893,-18.45780355944498,-8.29105357173033,0.14352691825011982,0.0,0.0,0.0,0.0,0.009999999999999787
3.9699999999999593,coast,2.0,1.7866890696403002,1.7908573426186156,-18.43996415366712,-8.289989124914658,0.14352732014676597,0.0,0.0,0.0,0.0,0.009999999999999787
3.979999999999959,coast,2.0,1.7807902538883316,1.7848170893804451,-18.42218374640184,-8.288924954830875,0.14352626944886165,0.0,0.0,0.0,0.0,0.009999999999999787
3.989999999999959,coast,2.0,1.7750075656701598,1.778931375154274,-18.40446119215251,-8.287861291790366,0.1435246917261261,0.0,0.0,0.0,0.0,0.009999999999999787
3.9999999999999587,coast,2.0,1.7692818397790244,1.7731416539291243,-18.38679597711964,-8.286797823926033,0.14352352405277863,0.0,0.0,0.0,0.0,0.009999999999999787
4.009999999999959,coast,2.0,1.7635718541540901,1.7673997740641039,-18.369187905427253,-8.285735657408859,0.14352317277110016,0.0,0.0,0.0,0.0,0.010000000000000231
4.019999999999959,coast,2.0,1.7578774332624127,1.761686369583089,-18.351636862223295,-8.284674169663234,0.1435227856854773,0.0,0.0,0.0,0.0,0.009999999999999787
4.0299999999999585,coast,2.0,1.75217704681187,1.7559807759203576,-18.3341429958296,-8.283611929064069,0.14352154539511108,0.0,0.0,0.0,0.0,0.009999999999999787
4.039999999999958,coast,2.0,1.746342410548533,1.7501977566972629,-18.316707608075664,-8.28255003660936,0.14351998511778505,0.0,0.0,0.0,0.0,0.009999999999999787
4.049999999999958,coast,2.0,1.7403465458043448,1.7442870301615119,-18.29933230302282,-8.281488989420508,0.1435188387165384,0.0,0.0,0.0,0.0,0.009999999999999787
4.059999999999958,coast,2.0,1.7342231890128774,1.7382487254723313,-18.28201832857378,-8.280429335479045,0.14351851398615298,0.0,0.0,0.0,0.0,0.009999999999999787
4.069999999999958,coast,2.0,1.7280199741307878,1.7321114746674051,-18.264766446861127,-8.279371504770115,0.143518917784041,0.0,0.0,0.0,0.0,0.009999999999999787
4.079999999999957,coast,2.0,1.7218346292349735,1.7259453674079461,-18.247576466967146,-8.278315186053275,0.14351910857143285,0.0,0.0,0.0,0.0,0.009999999999999787
4.089999999999957,coast,2.0,1.7156525925369481,1.7197697024853473,-18.230448340896054,-8.27726040787236,0.1435189626155824,0.0,0.0,0.0,0.0,0.009999999999999787
4.099999999999957,coast,2.0,1.709476689942926,1.7135938949598946,-18.213382010486644,-8.276206961162078,0.1435184406645498,0.0,0.0,0.0,0.0,0.009999999999999787
4.109999999999957,coast,2.0,1.7034121442753087,1.707484844549143,-18.196376219028846,-8.27515678716379,0.1435166863815398,0.0,0.0,0.0,0.0,0.009999999999999787
4.119999999999957,coast,2.0,1.6973860585899185,1.7014255729736083,-18.179430620986597,-8.27410936333411,0.14351417694711827,0.0,0.0,0.0,0.0,0.009999999999999787
4.129999999999956,coast,2.0,1.691352833191146,1.695381929104131,-18.16254531151017,-8.273064658395073,0.14351198134131515,0.0,0.0,0.0,0.0,0.009999999999999787
4.139999999999956,coast,2.0,1.6853342308119708,1.689353310128835,-18.145720199688707,-8.272021947050185,0.14351059886226686,0.0,0.0,0.0,0.0,0.009999999999999787
4.149999999999956,coast,2.0,1.6794084551329413,1.6833863971312988,-18.128954242078606,-8.270982869341777,0.143509210564174,0.0,0.0,0.0,0.0,0.009999999999999787
4.159999999999956,coast,2.0,1.673532579738958,1.6774741066958943,-18.11224692580192,-8.269947672516519,0.14350767082815827,0.0,0.0,0.0,0.0,0.009999999999999787
4.1699999999999555,coast,2.0,1.667597184896759,1.671547953616413,-18.0955989102434,-8.268915696957796,0.14350685646664177,0.0,0.0,0.0,0.0,0.009999999999999787
4.179999999999955,coast,2.0,1.6616073135276095,1.665583569563131,-18.079010818511158,-8.267885862612832,0.1435071745755468,0.0,0.0,0.0,0.0,0.009999999999999787
4.189999999999955,coast,2.0,1.655657902118612,1.6596281690964196,-18.06248213474607,-8.26685963789945,0.1435075294743529,0.0,0.0,0.0,0.0,0.009999999999999787
4.199999999999955,coast,2.0,1.6497369129964368,1.65369341543643,-18.0460125186673,-8.26583772509657,0.14350722333363525,0.0,0.0,0.0,0.0,0.009999999999999787
4.209999999999955,coast,2.0,1.6437512813574036,1.647728134989014,-18.029602669916915,-8.264819486666788,0.14350685449959177,0.0,0.0,0.0,0.0,0.009999999999999787
4.2199999999999545,coast,2.0,1.6376927193483586,1.6417068856046209,-18.01325334636293,-8.263804700938966,0.1435072061034615,0.0,0.0,0.0,0.0,0.009999999999999787
4.229999999999954,coast,2.0,1.6315873253285504,1.6356351494389787,-17.996965084490764,-8.262792312722912,0.14350861245559604,0.0,0.0,0.0,0.0,0.009999999999999787
4.239999999999954,coast,2.0,1.625543627705257,1.6295802363987457,-17.980737184008344,-8.261783201418378,0.14350990159539062,0.0,0.0,0.0,0.0,0.009999999999999787
4.249999999999954,coast,2.0,1.6195709134413763,1.623574642624324,-17.964568871526737,-8.260778078607267,0.14351026907889947,0.0,0.0,0.0,0.0,0.009999999999999787
4.259999999999954,coast,2.0,1.6135694042789355,1.617571499617091,-17.94846047252723,-8.259776535284715,0.14351031480461168,0.0,0.0,0.0,0.0,0.009999999999999787
4.269999999999953,coast,2.0,1.6075361696463109,1.6115503016346229,-17.932412347794575,-8.25877809385911,0.1435107522339749,0.0,0.0,0.0,0.0,0.009999999999999787
4.279999999999953,coast,2.0,1.6014918370065478,1.605515222857778,-17.91642465004044,-8.257782162538867,0.14351188869074918,0.0,0.0,0.0,0.0,0.009999999999999787
4.289999999999953,coast,2.0,1.5955088801931696,1.599511417259013,-17.900496723914795,-8.256789122858152,0.1435129138816159,0.0,0.0,0.0,0.0,0.009999999999999787
4.299999999999953,coast,2.0,1.589587623041144,1.5935571407282916,-17.88462787401142,-8.255800037272461,0.14351317838792974,0.0,0.0,0.0,0.0,0.009999999999999787
4.3099999999999525,coast,2.0,1.5836376251099067,1.5876054313572605,-17.868818456311025,-8.254814025154776,0.1435131949385578,0.0,0.0,0.0,0.0,0.009999999999999787
4.319999999999952,coast,2.0,1.5776420846504722,1.5816274233331875,-17.853068980191274,-8.253830471429982,0.14351360464507668,0.0,0.0,0.0,0.0,0.009999999999999787
4.329999999999952,coast,2.0,1.5716470043856416,1.57563917196466,-17.83737944643005,-8.252849211494722,0.14351411901764335,0.0,0.0,0.0,0.0,0.009999999999999787
4.339999999999952,coast,2.0,1.5657186458924648,1.5696868563213429,-17.821749101794794,-8.25187128543045,0.14351367524619923,0.0,0.0,0.0,0.0,0.009999999999999787
4.349999999999952,coast,2.0,1.5597764443011928,1.5637406091092527,-17.806178101375597,-8.250896536402227,0.1435124754434493,0.0,0.0,0.0,0.0,0.009999999999999787
4.3599999999999515,coast,2.0,1.5537750934662682,1.557761299723462,-17.790667074597728,-8.24992465104664,0.1435113148295735,0.0,0.0,0.0,0.0,0.009999999999999787
4.369999999999951,coast,2.0,1.5477148340452764,1.5517334203165507,-17.77521667274612,-8.248954872328584,0.14351092680149063,0.0,0.0,0.0,0.0,0.009999999999999787
4.379999999999951,coast,2.0,1.5416817370258957,1.5457024103421577,-17.759826597697238,-8.24798741165125,0.1435107857822435,0.0,0.0,0.0,0.0,0.009999999999999787
4.389999999999951,coast,2.0,1.5357174822802662,1.539711453505023,-17.74449607421132,-8.2470233205898,0.1435099650365274,0.0,0.0,0.0,0.0,0.009999999999999787
4.399999999999951,coast,2.0,1.5297307738244088,1.5337230456966544,-17.729225376615517,-8.246061962159839,0.14350891758245732,0.0,0.0,0.0,0.0,0.009999999999999787
4.40999999999995,coast,2.0,1.5237014925021541,1.5277101137799542,-17.71401496295821,-8.245103063335069,0.14350838966220325,0.0,0.0,0.0,0.0,0.009999999999999787
4.41999999999995,coast,2.0,1.5176506849042894,1.5216744564545555,-17.698865075253845,-8.244146322440995,0.14350884791467206,0.0,0.0,0.0,0.0,0.009999999999999787
4.42999999999995,coast,2.0,1.5116265701999452,1.5156457247017894,-17.683775446025706,-8.243191581838689,0.1435099024296685,0.0,0.0,0.0,0.0,0.009999999999999787
4.43999999999995,coast,2.0,1.505673215321447,1.509662219073584,-17.668745275231096,-8.242240003928979,0.1435107018764387,0.0,0.0,0.0,0.0,0.009999999999999787
4.4499999999999496,coast,2.0,1.4997103615138907,1.503691104537768,-17.653774669388454,-8.241291495570652,0.14351148297428623,0.0,0.0,0.0,0.0,0.009999999999999787
4.459999999999949,coast,2.0,1.4937127175565394,1.497704072349031,-17.638864028766697,-8.240345429142746,0.14351284173413817,0.0,0.0,0.0,0.0,0.009999999999999787
4.469999999999949,coast,2.0,1.4876986771213392,1.491700835212416,-17.624013565289978,-8.239401091264773,0.1435149452621076,0.0,0.0,0.0,0.0,0.009999999999999787
4.479999999999949,coast,2.0,1.481747600026248,1.4857288941007152,-17.609222583754025,-8.238459173235807,0.14351679070589746,0.0,0.0,0.0,0.0,0.009999999999999787
4.489999999999949,coast,2.0,1.47583054718952,1.479789885953998,-17.59449066479632,-8.237520778298286,0.14351788169236948,0.0,0.0,0.0,0.0,0.009999999999999787
4.4999999999999485,coast,2.0,1.4698680159499211,1.4738367639515517,-17.579818356928534,-8.23658462388428,0.14351871037091446,0.0,0.0,0.0,0.0,0.009999999999999787
4.509999999999948,coast,2.0,1.4639018073025243,1.4678757899621353,-17.565205725801608,-8.235650197373618,0.14351902708922143,0.0,0.0,0.0,0.0,0.009999999999999787
4.519999999999948,coast,2.0,1.4579981485056706,1.4619492050882563,-17.55065201219074,-8.23471931293813,0.14351787292585313,0.0,0.0,0.0,0.0,0.009999999999999787
4.529999999999948,coast,2.0,1.4520764247766218,1.4560255369012756,-17.536157438815774,-8.233791479417732,0.14351564282239013,0.0,0.0,0.0,0.0,0.009999999999999787
4.539999999999948,coast,2.0,1.4460916434013587,1.4500652008013253,-17.521722689648616,-8.232866225057197,0.14351337360868754,0.0,0.0,0.0,0.0,0.009999999999999787
4.549999999999947,coast,2.0,1.440053990371956,1.4440584745437037,-17.507348307412773,-8.231943637076656,0.14351204154242242,0.0,0.0,0.0,0.0,0.009999999999999787
4.559999999999947,coast,2.0,1.4339895822107047,1.4380171391439043,-17.493034596589148,-8.231023249515918,0.143512125226285,0.0,0.0,0.0,0.0,0.009999999999999787
4.569999999999947,coast,2.0,1.4279760287831968,1.4319924729274798,-17.478781008021162,-8.230105399530611,0.14351287239404925,0.0,0.0,0.0,0.0,0.009999999999999787
4.579999999999947,coast,2.0,1.422026759113903,1.4260130446393338,-17.464586815582866,-8.229191108042675,0.14351349913146433,0.0,0.0,0.0,0.0,0.009999999999999787
4.589999999999947,coast,2.0,1.4160560163714908,1.420038827678628,-17.450452272123826,-8.2282799013784,0.14351435729906165,0.0,0.0,0.0,0.0,0.009999999999999787
4.599999999999946,coast,2.0,1.4100634023734773,1.4140535724955376,-17.43637763245689,-8.22737132232273,0.14351576922602233,0.0,0.0,0.0,0.0,0.009999999999999787
4.609999999999946,coast,2.0,1.4040840841407165,1.408071879482645,-17.422362787404808,-8.226464865391382,0.1435173219015617,0.0,0.0,0.0,0.0,0.009999999999999787
4.619999999999946,coast,2.0,1.3981771636196518,1.402135049964849,-17.408406894136398,-8.225562018066764,0.14351785516111135,0.0,0.0,0.0,0.0,0.009999999999999787
4.629999999999946,coast,2.0,1.392272278735959,1.396217387227515,-17.394509935256544,-8.224662768304269,0.14351734786455586,0.0,0.0,0.0,0.0,0.009999999999999787
4.6399999999999455,coast,2.0,1.3863128318211662,1.3902746539837056,-17.380672513764146,-8.223766497613921,0.14351651262064852,0.0,0.0,0.0,0.0,0.009999999999999787
4.649999999999945,coast,2.0,1.3803184232503893,1.384300915543716,-17.366894978845316,-8.22287340077891,0.1435158888551224,0.0,0.0,0.0,0.0,0.009999999999999787
4.659999999999945,coast,2.0,1.374296241367654,1.3782981110380788,-17.353177627003173,-8.221983329736437,0.14351596017343038,0.0,0.0,0.0,0.0,0.009999999999999787
4.669999999999945,coast,2.0,1.3682848616974277,1.3722901614336882,-17.339520368807033,-8.221095886132058,0.14351647883674762,0.0,0.0,0.0,0.0,0.009999999999999787
4.679999999999945,coast,2.0,1.3623335117351965,1.366316171614593,-17.32592251980566,-8.220212067002823,0.14351655818223397,0.0,0.0,0.0,0.0,0.009999999999999787
4.689999999999944,coast,2.0,1.3563751357831917,1.3603515501157522,-17.31238413738124,-8.219332129152189,0.14351634956826806,0.0,0.0,0.0,0.0,0.009999999999999787
4.699999999999944,coast,2.0,1.3503809565705107,1.3543691939886073,-17.29890562216249,-8.218455612855374,0.1435164603641158,0.0,0.0,0.0,0.0,0.009999999999999787
4.709999999999944,coast,2.0,1.3443696465256956,1.3483694655108602,-17.285487176179096,-8.217582106767598,0.14351711879307666,0.0,0.0,0.0,0.0,0.009999999999999787
4.719999999999944,coast,2.0,1.3384093638575454,1.3423934045188712,-17.272128259647776,-8.216711800032481,0.14351755488743073,0.0,0.0,0.0,0.0,0.009999999999999787
4.729999999999944,coast,2.0,1.3324956685817164,1.3364547629565782,-17.258828330667043,-8.215845670629305,0.14351713666256616,0.0,0.0,0.0,0.0,0.009999999999999787
4.739999999999943,coast,2.0,1.3265518353892525,1.3305130064161828,-17.24558773993185,-8.214983152279313,0.1435163865323585,0.0,0.0,0.0,0.0,0.009999999999999787
4.749999999999943,coast,2.0,1.3205675231929483,1.324545716482242,-17.232406902174013,-8.214124319086727,0.14351596487975024,0.0,0.0,0.0,0.0,0.009999999999999787
4.759999999999943,coast,2.0,1.31455177275001,1.3185493502429029,-17.21928616825506,-8.213268791217125,0.14351648099533823,0.0,0.0,0.0,0.0,0.009999999999999787
4.769999999999943,coast,2.0,1.3085536831009956,1.3125519499577587,-17.206225358524506,-8.212416469097326,0.14351756786527353,0.0,0.0,0.0,0.0,0.009999999999999787
4.7799999999999425,coast,2.0,1.3026217436862777,1.3065938261948702,-17.19322375007882,-8.211567973190123,0.14351828811460404,0.0,0.0,0.0,0.0,0.009999999999999787
4.789999999999942,coast,2.0,1.2966818664563449,1.300646650351755,-17.180281419051674,-8.210723398684276,0.14351874357397348,0.0,0.0,0.0,0.0,0.009999999999999787
4.799999999999942,coast,2.0,1.2907078619776313,1.294683377327281,-17.167398760532556,-8.20988204005195,0.14351926937341133,0.0,0.0,0.0,0.0,0.009999999999999787
4.809999999999942,coast,2.0,1.2847605630024543,1.288729688732385,-17.154575521361156,-8.209043491617408,0.14351925927967107,0.0,0.0,0.0,0.0,0.009999999999999787
4.819999999999942,coast,2.0,1.2788740149132611,1.2828162844409106,-17.141810988282725,-8.20820912401748,0.14351787856874565,0.0,0.0,0.0,0.0,0.009999999999999787
4.8299999999999415,coast,2.0,1.2729655836885243,1.2769058639894788,-17.129105389786357,-8.207378971463443,0.1435155820313282,0.0,0.0,0.0,0.0,0.009999999999999787
4.839999999999941,coast,2.0,1.266997864414537,1.2709610642445137,-17.116459400321094,-8.206552135378747,0.1435134036607277,0.0,0.0,0.0,0.0,0.009999999999999787
4.849999999999941,coast,2.0,1.260981298572724,1.26497320484144,-17.103873535973314,-8.205728470758404,0.14351224472850857,0.0,0.0,0.0,0.0,0.009999999999999787
4.859999999999941,coast,2.0,1.254946911707971,1.2589574289613585,-17.091348000512504,-8.204907636260625,0.1435123675304481,0.0,0.0,0.0,0.0,0.009999999999999787
4.869999999999941,coast,2.0,1.248968140381416,1.2529638558133929,-17.07888219879776,-8.204089949544105,0.14351304487603206,0.0,0.0,0.0,0.0,0.009999999999999787
4.87999999999994,coast,2.0,1.243028759748695,1.2470027981745742,-17.06647566629077,-8.20327630877737,0.14351376810016175,0.0,0.0,0.0,0.0,0.009999999999999787
4.88999999999994,coast,2.0,1.2370677168368176,1.2410417493719201,-17.054128668288705,-8.20246608074142,0.14351487795208007,0.0,0.0,0.0,0.0,0.009999999999999787
4.89999999999994,coast,2.0,1.2310892864089136,1.2350702715941162,-17.041841408887425,-8.201658904854172,0.1435167108604884,0.0,0.0,0.0,0.0,0.009999999999999787
4.90999999999994,coast,2.0,1.225101281567094,1.229088877577903,-17.029613994202766,-8.200854648780638,0.14351938769547332,0.0,0.0,0.0,0.0,0.009999999999999787
4.9199999999999395,coast,2.0,1.2191503247684687,1.2231257458922424,-17.01744604415939,-8.200053216063154,0.14352220367491852,0.0,0.0,0.0,0.0,0.009999999999999787
4.929999999999939,coast,2.0,1.2132509524794315,1.2172008698445558,-17.00533695224363,-8.199255714250361,0.14352429490252186,0.0,0.0,0.0,0.0,0.009999999999999787
4.939999999999939,coast,2.0,1.2073309287855443,1.2112789052091488,-16.99328699882549,-8.19846110015983,0.14352582723044283,0.0,0.0,0.0,0.0,0.009999999999999787
4.949999999999939,coast,2.0,1.2013977069912198,1.2053501862783915,-16.981296348278548,-8.19766886886827,0.14352666823672858,0.0,0.0,0.0,0.0,0.009999999999999787
4.959999999999939,coast,2.0,1.1955104348372412,1.1994463354137013,-16.96936446874725,-8.19687986996574,0.14352595671304774,0.0,0.0,0.0,0.0,0.009999999999999787
4.9699999999999385,coast,2.0,1.189638929150835,1.1935618916559814,-16.957491164971493,-8.196094666581892,0.1435235458781599,0.0,0.0,0.0,0.0,0.009999999999999787
4.979999999999938,coast,2.0,1.1837104156632785,1.1876510060603596,-16.945677075157803,-8.19531255290015,0.1435203230337412,0.0,0.0,0.0,0.0,0.009999999999999787
4.989999999999938,coast,2.0,1.1777272041687163,1.1816967249253736,-16.933922773461237,-8.194533443207176,0.14351726333079057,0.0,0.0,0.0,0.0,0.009999999999999787
4.999999999999938,coast,2.0,1.17170213904399,1.1756999733965434,-16.922228717737774,-8.193756995433489,0.14351521734633807,0.0,0.0,0.0,0.0,0.009999999999999787
5.009999999999938,coast,2.0,1.1656779104885382,1.1696867356517404,-16.910594876021143,-8.192983537719623,0.1435142010320499,0.0,0.0,0.0,0.0,0.009999999999999787
5.019999999999937,coast,2.0,1.1597125458257374,1.1637022217561386,-16.899020621568877,-8.192213386180931,0.14351352527423256,0.0,0.0,0.0,0.0,0.009999999999999787
5.029999999999937,coast,2.0,1.1537487422775077,1.15773013406896,-16.887505938851653,-8.19144656792227,0.14351331967759323,0.0,0.0,0.0,0.0,0.009999999999999787
5.039999999999937,coast,2.0,1.147763862295593,1.15175037100494,-16.876051069727836,-8.190682714517813,0.14351392544385516,0.0,0.0,0.0,0.0,0.009999999999999787
5.049999999999937,coast,2.0,1.141791100530924,1.1457748087205304,-16.864655897812806,-8.189921657665204,0.14351507691485865,0.0,0.0,0.0,0.0,0.009999999999999787
5.0599999999999365,coast,2.0,1.1358808956321689,1.1398384608675136,-16.85331976015833,-8.189163640241901,0.14351579016350052,0.0,0.0,0.0,0.0,0.009999999999999787
5.069999999999936,coast,2.0,1.1299892990580578,1.1339289637818402,-16.842042411355752,-8.188409476100396,0.1435157448636264,0.0,0.0,0.0,0.0,0.009999999999999787
5.079999999999936,coast,2.0,1.124062828536641,1.1280092826347206,-16.830824258411337,-8.187658468054462,0.14351542265476064,0.0,0.0,0.0,0.0,0.009999999999999787
5.089999999999936,coast,2.0,1.1180995930223374,1.1220634688672906,-16.819665666882376,-8.186910843596555,0.14351540522641962,0.0,0.0,0.0,0.0,0.009999999999999787
5.099999999999936,coast,2.0,1.112112370677969,1.1160928099536975,-16.80856691011807,-8.186166170505668,0.14351593275601043,0.0,0.0,0.0,0.0,0.009999999999999787
5.1099999999999355,coast,2.0,1.1061652408318,1.110136268480559,-16.797527552638023,-8.185424739320545,0.14351633579374914,0.0,0.0,0.0,0.0,0.009999999999999787
5.119999999999935,coast,2.0,1.1002504107789046,1.1042047538595663,-16.786547206859893,-8.184687370851595,0.14351615174039983,0.0,0.0,0.0,0.0,0.009999999999999787
5.129999999999935,coast,2.0,1.0943040321630007,1.098264320841627,-16.775626234753993,-8.18395352985436,0.14351585780284387,0.0,0.0,0.0,0.0,0.009999999999999787
5.139999999999935,coast,2.0,1.0883263165159505,1.092301518246221,-16.76476495134026,-8.183223366146862,0.14351600740108034,0.0,0.0,0.0,0.0,0.009999999999999787
5.149999999999935,coast,2.0,1.0823267231451652,1.0863166411855876,-16.753963622076913,-8.182496289676354,0.14351700202323908,0.0,0.0,0.0,0.0,0.009999999999999787
5.159999999999934,coast,2.0,1.0763556873081466,1.080340068859123,-16.743221928418475,-8.181772625099216,0.1435183816823293,0.0,0.0,0.0,0.0,0.009999999999999787
5.169999999999934,coast,2.0,1.0704445865027263,1.0744027794452848,-16.732539219275477,-8.181052855045033,0.14351927254074667,0.0,0.0,0.0,0.0,0.009999999999999787
5.179999999999934,coast,2.0,1.0645336250365236,1.068481286800028,-16.721915477075495,-8.180337237857515,0.14351968404119853,0.0,0.0,0.0,0.0,0.009999999999999787
5.189999999999934,coast,2.0,1.0585943911147784,1.0625491493888781,-16.711351038445947,-8.179625117681045,0.14352004252165637,0.0,0.0,0.0,0.0,0.009999999999999787
5.199999999999934,coast,2.0,1.0526542726619805,1.0566122233527395,-16.700845928967038,-8.178916224856753,0.14352026237571963,0.0,0.0,0.0,0.0,0.009999999999999787
5.209999999999933,coast,2.0,1.046750336886688,1.0506950914731086,-16.69039971481233,-8.178211445151792,0.1435197198073985,0.0,0.0,0.0,0.0,0.009999999999999787
5.219999999999933,coast,2.0,1.04086279154466,1.0447957115160396,-16.680012229812114,-8.177510789517399,0.14351830002835353,0.0,0.0,0.0,0.0,0.009999999999999787
5.229999999999933,coast,2.0,1.0349341573867419,1.038878779038461,-16.669683913126477,-8.17681408300239,0.14351671848518932,0.0,0.0,0.0,0.0,0.009999999999999787
5.239999999999933,coast,2.0,1.0289645923740995,1.0329302670398441,-16.65941519278069,-8.176121271214972,0.14351567869977178,0.0,0.0,0.0,0.0,0.009999999999999787
5.2499999999999325,coast,2.0,1.0229614601928019,1.0269489829316187,-16.649206430348155,-8.175432149771684,0.14351580752391702,0.0,0.0,0.0,0.0,0.009999999999999787
5.259999999999932,coast,2.0,1.0169547056505943,1.0209524165630042,-16.639057674033403,-8.174746540342888,0.14351720367512985,0.0,0.0,0.0,0.0,0.009999999999999787
5.269999999999932,coast,2.0,1.0109939424303318,1.0149773320834008,-16.628968424979558,-8.174064781420627,0.14351921549255275,0.0,0.0,0.0,0.0,0.009999999999999787
5.279999999999932,coast,2.0,1.0050669963418173,1.0090311306384507,-16.618938324957043,-8.17338700518302,0.1435213740439889,0.0,0.0,0.0,0.0,0.009999999999999787
5.289999999999932,coast,2.0,0.9991294861717437,1.0030901439584265,-16.608967486765646,-8.172713111870586,0.1435236870942347,0.0,0.0,0.0,0.0,0.009999999999999787
5.299999999999931,coast,2.0,0.9931972265362967,0.9971543935051487,-16.599055883476513,-8.172042661361232,0.1435259564167431,0.0,0.0,0.0,0.0,0.009999999999999787
5.309999999999931,coast,2.0,0.9873028984221511,0.99124349645535,-16.589203115094737,-8.171375719629642,0.14352739492980454,0.0,0.0,0.0,0.0,0.009999999999999787
5.319999999999931,coast,2.0,0.9814486420831875,0.9853665838320526,-16.57940871663702,-8.170713063537537,0.1435273772013283,0.0,0.0,0.0,0.0,0.009999999999999787
5.329999999999931,coast,2.0,0.9755718059348814,0.9794897170937498,-16.56967295133854,-8.170054277344443,0.14352623366213949,0.0,0.0,0.0,0.0,0.009999999999999787
5.339999999999931,coast,2.0,0.9696520596316459,0.9735871226164874,-16.559996279028585,-8.16939915714843,0.14352467687295062,0.0,0.0,0.0,0.0,0.009999999999999787
5.34999999999993,coast,2.0,0.9636975593322185,0.967653384645926,-16.55037906217501,-8.16874763754554,0.14352316425608436,0.0,0.0,0.0,0.0,0.009999999999999787
5.35999999999993,coast,2.0,0.957750517509383,0.9617116643640002,-16.540821260897495,-8.16809915812685,0.14352157006803898,0.0,0.0,0.0,0.0,0.009999999999999787
5.36999999999993,coast,2.0,0.9518312060318542,0.9557833893647126,-16.53132252505288,-8.167454671326048,0.14351950556236218,0.0,0.0,0.0,0.0,0.009999999999999787
5.37999999999993,coast,2.0,0.945900624464073,0.9498537304243289,-16.521882997809943,-8.166813842302156,0.14351733063496966,0.0,0.0,0.0,0.0,0.009999999999999787
5.3899999999999295,coast,2.0,0.9399363096800019,0.9439032779777325,-16.51250301389831,-8.166176922791552,0.14351572437423835,0.0,0.0,0.0,0.0,0.009999999999999787
5.399999999999929,coast,2.0,0.9339455105332368,0.9379286175110351,-16.503182885501978,-8.165543382145604,0.1435152774718126,0.0,0.0,0.0,0.0,0.009999999999999787
5.409999999999929,coast,2.0,0.9279422180907521,0.9319367778588653,-16.493922776789045,-8.164912708564387,0.1435162885936341,0.0,0.0,0.0,0.0,0.009999999999999787
5.419999999999929,coast,2.0,0.9219745655853356,0.9259594504947475,-16.484722270374043,-8.164285581387132,0.143518141967876,0.0,0.0,0.0,0.0,0.009999999999999787
5.429999999999929,coast,2.0,0.9160690983124521,0.9200252391853703,-16.47558071019914,-8.16366219731039,0.1435199237976758,0.0,0.0,0.0,0.0,0.009999999999999787
5.4399999999999284,coast,2.0,0.9101679923765864,0.9141108911000999,-16.46649804725729,-8.163042594492385,0.14352147222266837,0.0,0.0,0.0,0.0,0.009999999999999787
5.449999999999928,coast,2.0,0.9042544284796538,0.9081970135278322,-16.457474439836197,-8.162426323905319,0.14352289836682758,0.0,0.0,0.0,0.0,0.009999999999999787
5.459999999999928,coast,2.0,0.8983283589355902,0.9022758207724869,-16.448509999090383,-8.161813637398538,0.14352431716029346,0.0,0.0,0.0,0.0,0.009999999999999787
5.469999999999928,coast,2.0,0.8924047257752804,0.8963531637741631,-16.439604711231606,-8.16120433929757,0.1435255884535322,0.0,0.0,0.0,0.0,0.009999999999999787
5.479999999999928,coast,2.0,0.88650591693382,0.8904448156699573,-16.430758290757744,-8.16059882029234,0.14352619629345967,0.0,0.0,0.0,0.0,0.009999999999999787
5.489999999999927,coast,2.0,0.8806068165548436,0.8845420162008891,-16.42197075917348,-8.159996803681016,0.14352609274877887,0.0,0.0,0.0,0.0,0.009999999999999787
5.499999999999927,coast,2.0,0.8746863118819294,0.8786285936095133,-16.413242312866586,-8.15939863341109,0.14352548705011073,0.0,0.0,0.0,0.0,0.009999999999999787
5.509999999999927,coast,2.0,0.8687708754634224,0.8727139627218587,-16.40457295860883,-8.158803435951723,0.14352427241588006,0.0,0.0,0.0,0.0,0.009999999999999787
5.519999999999927,coast,2.0,0.8628664372076679,0.8668054474133442,-16.395962476432775,-8.158212785582542,0.1435222830875124,0.0,0.0,0.0,0.0,0.009999999999999787
5.5299999999999265,coast,2.0,0.8569378289118851,0.8608848763124688,-16.38741119498402,-8.157625570235297,0.1435200181133561,0.0,0.0,0.0,0.0,0.009999999999999787
5.539999999999926,coast,2.0,0.8509841837506259,0.854944460775363,-16.378919347176634,-8.157042192207408,0.1435179294179108,0.0,0.0,0.0,0.0,0.009999999999999787
5.549999999999926,coast,2.0,0.845028073383907,0.8489946283404894,-16.370487000941573,-8.15646206096687,0.14351618925514034,0.0,0.0,0.0,0.0,0.009999999999999787
5.559999999999926,coast,2.0,0.839084961036638,0.8430488279581786,-16.36211399054976,-8.155885645915557,0.14351465301943994,0.0,0.0,0.0,0.0,0.009999999999999787
5.569999999999926,coast,2.0,0.8331489611825016,0.8371089078927725,-16.35380023402145,-8.155313123754604,0.1435134056369753,0.0,0.0,0.0,0.0,0.009999999999999787
5.5799999999999255,coast,2.0,0.82719694538404,0.8311617303875329,-16.345545894409078,-8.154744545925764,0.14351275786629258,0.0,0.0,0.0,0.0,0.009999999999999787
5.589999999999925,coast,2.0,0.8212433043764464,0.825210674780881,-16.33735101172429,-8.154179583885185,0.14351280400801453,0.0,0.0,0.0,0.0,0.009999999999999787
5.599999999999925,coast,2.0,0.8152995867550356,0.8192640219653737,-16.329215496436937,-8.153618005384581,0.14351328235565494,0.0,0.0,0.0,0.0,0.009999999999999787
5.609999999999925,coast,2.0,0.8093938762468144,0.8133419345342381,-16.32113890163633,-8.153060600161044,0.1435136177342593,0.0,0.0,0.0,0.0,0.009999999999999787
5.619999999999925,coast,2.0,0.8034898963101579,0.80743071159979,-16.313121232727333,-8.152507030180688,0.14351377786066855,0.0,0.0,0.0,0.0,0.009999999999999787
5.629999999999924,coast,2.0,0.7975686680630228,0.8015134854777297,-16.305162678659606,-8.151957144264575,0.14351402864942558,0.0,0.0,0.0,0.0,0.009999999999999787
5.639999999999924,coast,2.0,0.7916335060544112,0.7955854978237387,-16.297263376561887,-8.151411014981354,0.14351449051736342,0.0,0.0,0.0,0.0,0.009999999999999787
5.649999999999924,coast,2.0,0.7856982945989262,0.7896531758888512,-16.289423313559077,-8.150868824667816,0.14351513441020863,0.0,0.0,0.0,0.0,0.009999999999999787
5.659999999999924,coast,2.0,0.7797727039403604,0.7837248927197566,-16.281642398013265,-8.150330428128807,0.14351572216752634,0.0,0.0,0.0,0.0,0.009999999999999787
5.6699999999999235,coast,2.0,0.7738554175430948,0.7778032076137595,-16.27392053206481,-8.149796009106737,0.14351615756787645,0.0,0.0,0.0,0.0,0.009999999999999787
5.679999999999923,coast,2.0,0.7679259399206588,0.7718768469978992,-16.266257841133246,-8.149265585011289,0.1435166573456539,0.0,0.0,0.0,0.0,0.009999999999999787
5.689999999999923,coast,2.0,0.761981683663219,0.765939748997091,-16.25865447931971,-8.1487391480369,0.14351749918114476,0.0,0.0,0.0,0.0,0.009999999999999787
5.699999999999923,coast,2.0,0.7560302653632859,0.7599940588168079,-16.251110510706457,-8.148216864685631,0.14351889258675568,0.0,0.0,0.0,0.0,0.009999999999999787
5.709999999999923,coast,2.0,0.7500835968700257,0.7540477816487385,-16.24362591261912,-8.147698370863512,0.14352087574318154,0.0,0.0,0.0,0.0,0.009999999999999787
5.7199999999999225,coast,2.0,0.7441382867811722,0.7481020847281987,-16.236200638034866,-8.14718416275424,0.143523511891555,0.0,0.0,0.0,0.0,0.009999999999999787
5.729999999999922,coast,2.0,0.7381870867429867,0.7421530859370715,-16.22883476490312,-8.146673951400876,0.14352678335964178,0.0,0.0,0.0,0.0,0.009999999999999787
5.739999999999922,coast,2.0,0.7322571205935372,0.7362155067309509,-16.221528031130592,-8.146168374275318,0.1435304480934799,0.0,0.0,0.0,0.0,0.009999999999999787
5.749999999999922,coast,2.0,0.7263384995668557,0.7302893024324938,-16.214280302538263,-8.145667616285072,0.14353413493094433,0.0,0.0,0.0,0.0,0.009999999999999787
5.759999999999922,coast,2.0,0.7204807837613433,0.7244041912298035,-16.20709101782766,-8.145170662954708,0.14353685514587083,0.0,0.0,0.0,0.0,0.009999999999999787
5.769999999999921,coast,2.0,0.7146295004031168,0.7185393767337915,-16.199960071368775,-8.144678007927759,0.14353818861352513,0.0,0.0,0.0,0.0,0.009999999999999787
5.779999999999921,coast,2.0,0.7087761019840503,0.7126814118839467,-16.192887470627777,-8.144189932461932,0.14353832661813698,0.0,0.0,0.0,0.0,0.009999999999999787
5.789999999999921,coast,2.0,0.7028776182463284,0.7067991357013758,-16.18587366996563,-8.143706555598238,0.14353771132033993,0.0,0.0,0.0,0.0,0.009999999999999787
5.799999999999921,coast,2.0,0.6969695458178837,0.7009013817712806,-16.178918778470987,-8.143227827421995,0.14353677878547794,0.0,0.0,0.0,0.0,0.009999999999999787
5.809999999999921,coast,2.0,0.6910168637948526,0.6949706709854238,-16.17202324262983,-8.142753915897135,0.1435360423183985,0.0,0.0,0.0,0.0,0.009999999999999787
5.81999999999992,coast,2.0,0.6850613737790345,0.6890250926615902,-16.165187095197215,-8.142284833004712,0.1435357917837308,0.0,0.0,0.0,0.0,0.009999999999999787
5.82999999999992,coast,2.0,0.6791005978329966,0.6830703957644341,-16.158410371571534,-8.141820908380653,0.1435363071161811,0.0,0.0,0.0,0.0,0.009999999999999787
5.83999999999992,coast,2.0,0.6731548051982984,0.6771210414247526,-16.15169297024485,-8.14136131914791,0.14353726325632593,0.0,0.0,0.0,0.0,0.009999999999999787
5.84999999999992,coast,2.0,0.667230928898938,0.6711869739092639,-16.14503465131543,-8.140906249798793,0.1435383115058377,0.0,0.0,0.0,0.0,0.009999999999999787
5.8599999999999195,coast,2.0,0.6613105857561724,0.665261141017409,-16.138435388932873,-8.14045558996525,0.1435395473102067,0.0,0.0,0.0,0.0,0.009999999999999787
5.869999999999919,coast,2.0,0.6553952208212965,0.6593415888997416,-16.131895116862363,-8.140009563792043,0.14354092467933868,0.0,0.0,0.0,0.0,0.009999999999999787
5.879999999999919,coast,2.0,0.6494949436843402,0.6534336017705007,-16.125413645397916,-8.139568648089707,0.14354215952551694,0.0,0.0,0.0,0.0,0.009999999999999787
5.889999999999919,coast,2.0,0.6436182470141282,0.6475443889166772,-16.118990813163062,-8.139131627601298,0.1435428420088352,0.0,0.0,0.0,0.0,0.009999999999999787
5.899999999999919,coast,2.0,0.6377666607832292,0.6416777520366084,-16.11262633868587,-8.13869891597,0.14354287643228952,0.0,0.0,0.0,0.0,0.009999999999999787
5.909999999999918,coast,2.0,0.6318521202478066,0.6357823729633273,-16.106320873368627,-8.138270341615874,0.14354262417457808,0.0,0.0,0.0,0.0,0.009999999999999787
5.919999999999918,coast,2.0,0.6259270012197679,0.6298691499171916,-16.100074514552322,-8.137846115640222,0.14354234444387962,0.0,0.0,0.0,0.0,0.009999999999999787
5.929999999999918,coast,2.0,0.6199863485123556,0.6239394690742899,-16.09388742830385,-8.137426124825332,0.143542162992239,0.0,0.0,0.0,0.0,0.009999999999999787
5.939999999999918,coast,2.0,0.6140534960388815,0.6180078852530448,-16.087759486916873,-8.137011082256201,0.14354205886820778,0.0,0.0,0.0,0.0,0.009999999999999787
5.949999999999918,coast,2.0,0.6081631965737206,0.6121010720454503,-16.081690322945136,-8.136599829924974,0.1435410689025716,0.0,0.0,0.0,0.0,0.009999999999999787
5.959999999999917,coast,2.0,0.6023457109132048,0.606247855366103,-16.07567921960214,-8.136191822436057,0.1435379999017588,0.0,0.0,0.0,0.0,0.009999999999999787
5.969999999999917,coast,2.0,0.5965227954402837,0.6004128194106114,-16.06972618529098,-8.135787836540388,0.14353310492616478,0.0,0.0,0.0,0.0,0.009999999999999787
5.979999999999917,coast,2.0,0.5906515871108532,0.5945560800307566,-16.06383171481516,-8.135388004165502,0.1435272580914832,0.0,0.0,0.0,0.0,0.009999999999999787
5.989999999999917,coast,2.0,0.5847237291917713,0.5886566695273654,-16.05799640978319,-8.134992168674243,0.14352153877201057,0.0,0.0,0.0,0.0,0.009999999999999787
5.9999999999999165,coast,2.0,0.5787460840892218,0.5827103182644793,-16.052220784777848,-8.134600395767894,0.14351693402921664,0.0,0.0,0.0,0.0,0.009999999999999787
6.009999999999916,coast,2.0,0.5727425736786335,0.5767296715129718,-16.046505126553082,-8.134212486765644,0.14351418117589343,0.0,0.0,0.0,0.0,0.009999999999999787
6.019999999999916,coast,2.0,0.5667233856670114,0.5707259000053956,-16.04084957942729,-8.13382871686722,0.1435136556960845,0.0,0.0,0.0,0.0,0.009999999999999787
6.029999999999916,coast,2.0,0.5607096998014535,0.5647161798830302,-16.035254079394406,-8.133449214951188,0.1435154462116919,0.0,0.0,0.0,0.0,0.009999999999999787
6.039999999999916,coast,2.0,0.554727766220405,0.5587231316854551,-16.029718346720976,-8.133073308515533,0.14351927998821062,0.0,0.0,0.0,0.0,0.009999999999999787
6.0499999999999154,coast,2.0,0.54875540028783,0.55274249284688,-16.02424223921256,-8.132701490705946,0.1435246035907134,0.0,0.0,0.0,0.0,0.009999999999999787
6.059999999999915,coast,2.0,0.5428340364553671,0.5467974190119722,-16.01882525643024,-8.132333286805315,0.14353041207661105,0.0,0.0,0.0,0.0,0.009999999999999787
6.069999999999915,coast,2.0,0.5369968577950097,0.5409170822817947,-16.013466552418294,-8.131968314308,0.14353535987502805,0.0,0.0,0.0,0.0,0.009999999999999787
6.079999999999915,coast,2.0,0.531208704578796,0.5350920556599955,-16.008165578048146,-8.131607011036873,0.14353806821038168,0.0,0.0,0.0,0.0,0.009999999999999787
6.089999999999915,coast,2.0,0.5254244252918827,0.5292914774391279,-16.00292230693939,-8.131249158843048,0.1435383205525421,0.0,0.0,0.0,0.0,0.009999999999999787
6.099999999999914,coast,2.0,0.5196167509242289,0.5234866415301884,-15.997736945654477,-8.130895287505762,0.1435364160254892,0.0,0.0,0.0,0.0,0.009999999999999787
6.109999999999914,coast,2.0,0.5137550837370664,0.5176477068543152,-15.992610109220092,-8.130544543721186,0.14353301025503212,0.0,0.0,0.0,0.0,0.009999999999999787
6.119999999999914,coast,2.0,0.5078598082412077,0.5117749676864507,-15.987542096562938,-8.130197711290133,0.14352881581976903,0.0,0.0,0.0,0.0,0.009999999999999787
6.129999999999914,coast,2.0,0.5019136717436793,0.5058581901207878,-15.982533490163306,-8.129854011190659,0.14352475475229676,0.0,0.0,0.0,0.0,0.009999999999999787
6.1399999999999135,coast,2.0,0.4959183515624289,0.4998942869857725,-15.97758475217373,-8.129514073441175,0.14352144151961937,0.0,0.0,0.0,0.0,0.009999999999999787
6.149999999999913,coast,2.0,0.4899607838698736,0.49393418511623316,-15.972695503617288,-8.129177864651991,0.14351879371356838,0.0,0.0,0.0,0.0,0.009999999999999787
6.159999999999913,coast,2.0,0.4839961383766252,0.4879713570724684,-15.967865816884961,-8.128845415066772,0.14351701489782037,0.0,0.0,0.0,0.0,0.009999999999999787
6.169999999999913,coast,2.0,0.4780383509643921,0.4820115534076226,-15.963095673716072,-8.128516048376149,0.14351634118121212,0.0,0.0,0.0,0.0,0.009999999999999787
6.179999999999913,coast,2.0,0.4720913233022848,0.4760594153444199,-15.958384881872169,-8.128190915322724,0.14351653823382077,0.0,0.0,0.0,0.0,0.009999999999999787
6.1899999999999125,coast,2.0,0.4661784185416092,0.47013081726273354,-15.953733137036476,-8.127869353406615,0.1435172568739867,0.0,0.0,0.0,0.0,0.009999999999999787
6.199999999999912,coast,2.0,0.4602808516385383,0.46422083788821644,-15.949140300253209,-8.127551088081848,0.14351830627302323,0.0,0.0,0.0,0.0,0.009999999999999787
6.209999999999912,coast,2.0,0.45441141227337184,0.4583351825193097,-15.944606073526112,-8.12723615831646,0.14351903722115472,0.0,0.0,0.0,0.0,0.009999999999999787
6.219999999999912,coast,2.0,0.44858267718259437,0.4524836793172805,-15.9401299941824,-8.126925131944612,0.14351867318235562,0.0,0.0,0.0,0.0,0.009999999999999787
6.229999999999912,coast,2.0,0.4427433262523259,0.44663946747830774,-15.935712176139166,-8.126617929017108,0.1435172623210545,0.0,0.0,0.0,0.0,0.009999999999999787
6.239999999999911,coast,2.0,0.4368698241630202,0.44077768148913526,-15.931352981761165,-8.126314404946298,0.14351524842802318,0.0,0.0,0.0,0.0,0.009999999999999787
6.249999999999911,coast,2.0,0.4309588042562148,0.434886355149383,-15.927052799151387,-8.126014539606102,0.14351312388802456,0.0,0.0,0.0,0.0,0.009999999999999787
6.259999999999911,coast,2.0,0.4250255700513959,0.4289698840905908,-15.922811857576164,-8.125718335701805,0.14351121977789347,0.0,0.0,0.0,0.0,0.009999999999999787
6.269999999999911,coast,2.0,0.419083448032677,0.42303802245584254,-15.918630241324147,-8.125425877065108,0.1435096008375953,0.0,0.0,0.0,0.0,0.009999999999999787
6.2799999999999105,coast,2.0,0.41315041860699386,0.4171054601465333,-15.914507849148194,-8.125137291668738,0.14350822845341576,0.0,0.0,0.0,0.0,0.009999999999999787
6.28999999999991,coast,2.0,0.40721961937362955,0.411173955682791,-15.910444656051144,-8.124852642339055,0.1435072043872147,0.0,0.0,0.0,0.0,0.009999999999999787
6.29999999999991,coast,2.0,0.40128313653502795,0.40523946419413315,-15.906440722477218,-8.124571934133497,0.143506730954188,0.0,0.0,0.0,0.0,0.009999999999999787
6.30999999999991,coast,2.0,0.3953462499727497,0.39930353566130306,-15.902496053339064,-8.124295193664063,0.1435069577947835,0.0,0.0,0.0,0.0,0.009999999999999787
6.31999999999991,coast,2.0,0.38941744813541956,0.393371883145773,-15.89861056781864,-8.124022415225465,0.14350789604223207,0.0,0.0,0.0,0.0,0.009999999999999787
6.3299999999999095,coast,2.0,0.3835072152522047,0.38745308240963205,-15.894784071469218,-8.123753630214502,0.1435092647719443,0.0,0.0,0.0,0.0,0.009999999999999787
6.339999999999909,coast,2.0,0.3776247113116425,0.3815560597508383,-15.891016266278044,-8.12348898971027,0.14351060576142557,0.0,0.0,0.0,0.0,0.009999999999999787
6.349999999999909,coast,2.0,0.3717583477641201,0.37567743255880737,-15.88730698009976,-8.12322856650977,0.1435116547335782,0.0,0.0,0.0,0.0,0.009999999999999787
6.359999999999909,coast,2.0,0.365888350902073,0.36980398356476674,-15.883656250080723,-8.122972349778388,0.14351239410036015,0.0,0.0,0.0,0.0,0.009999999999999787
6.369999999999909,coast,2.0,0.36001004611163145,0.36392762109288557,-15.880064161720759,-8.122720340519432,0.14351291907184754,0.0,0.0,0.0,0.0,0.009999999999999787
6.379999999999908,coast,2.0,0.3541185610480227,0.35804218506596786,-15.876530847170187,-8.122472579937028,0.1435133576852107,0.0,0.0,0.0,0.0,0.009999999999999787
6.389999999999908,coast,2.0,0.3482176892244705,0.3521474875610694,-15.873056400678797,-8.122229105145182,0.1435138377560631,0.0,0.0,0.0,0.0,0.009999999999999787
6.399999999999908,coast,2.0,0.34230982444367913,0.3462448896906352,-15.869640892556145,-8.12198994715902,0.14351447564627623,0.0,0.0,0.0,0.0,0.009999999999999787
6.409999999999908,coast,2.0,0.33639935596236986,0.340337569453676,-15.866284348298214,-8.121755138055153,0.14351535675515492,0.0,0.0,0.0,0.0,0.009999999999999787
6.419999999999908,coast,2.0,0.33048733588585255,0.33442742931298197,-15.862986781773937,-8.121524710348002,0.14351651713846242,0.0,0.0,0.0,0.0,0.009999999999999787
6.429999999999907,coast,2.0,0.324580099459963,0.32851903140117056,-15.859748142886465,-8.121298685037655,0.14351793277024275,0.0,0.0,0.0,0.0,0.009999999999999787
6.439999999999907,coast,2.0,0.31868049544724575,0.3226159098288157,-15.856568353321709,-8.121077071246324,0.143519554375764,0.0,0.0,0.0,0.0,0.009999999999999787
6.449999999999907,coast,2.0,0.3127924807942071,0.3167218524080505,-15.853447295352675,-8.12085986981886,0.14352131513527147,0.0,0.0,0.0,0.0,0.009999999999999787
6.459999999999907,coast,2.0,0.3069140417069045,0.3108371659873629,-15.850384871705518,-8.120647073937885,0.14352313203996575,0.0,0.0,0.0,0.0,0.009999999999999787
6.4699999999999065,coast,2.0,0.30104542690559805,0.30496212253830396,-15.847380982405127,-8.120438677327938,0.14352491078808596,0.0,0.0,0.0,0.0,0.009999999999999787
6.479999999999906,coast,2.0,0.2951840482114769,0.2990952779422077,-15.844435554766275,-8.120234662059676,0.1435265797806923,0.0,0.0,0.0,0.0,0.009999999999999787
6.489999999999906,coast,2.0,0.2893279111684927,0.2932348578779787,-15.841548536694688,-8.120035010030945,0.14352809353015278,0.0,0.0,0.0,0.0,0.009999999999999787
6.499999999999906,coast,2.0,0.28347612109921355,0.2873796158107196,-15.838719886187656,-8.119839696254719,0.14352943711343064,0.0,0.0,0.0,0.0,0.009999999999999787
6.509999999999906,coast,2.0,0.2776260793658152,0.28152749394377696,-15.835949588079075,-8.119648692663574,0.14353062322160776,0.0,0.0,0.0,0.0,0.009999999999999787
6.519999999999905,coast,2.0,0.2717814496519091,0.27567986736865624,-15.833237592138454,-8.1194619543659,0.14353169066720745,0.0,0.0,0.0,0.0,0.009999999999999787
6.529999999999905,coast,2.0,0.2659354933376529,0.26983324295005423,-15.830583920179668,-8.11927936568266,0.1435326600976784,0.0,0.0,0.0,0.0,0.009999999999999787
6.539999999999905,coast,2.0,0.260105451889673,0.26399656831382545,-15.827988413826475,-8.119100813250977,0.14353321250481693,0.0,0.0,0.0,0.0,0.009999999999999787
6.549999999999905,coast,2.0,0.2543150211641467,0.25818764002401823,-15.825450659643948,-8.118926342177032,0.14353271176587462,0.0,0.0,0.0,0.0,0.009999999999999787
6.559999999999905,coast,2.0,0.24855488467218007,0.2524079868129153,-15.822970341261364,-8.118756059770586,0.14353088740904116,0.0,0.0,0.0,0.0,0.009999999999999787
6.569999999999904,coast,2.0,0.2427838150631289,0.24663348376304348,-15.820547590105908,-8.118589762840056,0.14352808206362885,0.0,0.0,0.0,0.0,0.009999999999999787
6.579999999999904,coast,2.0,0.23699620428215565,0.2408511160745108,-15.81818259146595,-8.118427345269044,0.14352485391372985,0.0,0.0,0.0,0.0,0.009999999999999787
6.589999999999904,coast,2.0,0.23119119131093452,0.23505516121636502,-15.815875535871843,-8.118268751588182,0.14352177964815968,0.0,0.0,0.0,0.0,0.009999999999999787
6.599999999999904,coast,2.0,0.2253772000675479,0.22924838452707474,-15.813626526217993,-8.118113945196948,0.14351935893256013,0.0,0.0,0.0,0.0,0.009999999999999787
6.6099999999999035,coast,2.0,0.2195650520750405,0.22343838505585423,-15.811435552144584,-8.1179629109003,0.1435179432057863,0.0,0.0,0.0,0.0,0.009999999999999787
6.619999999999903,coast,2.0,0.21377181581124363,0.21763844350908787,-15.8093024277604,-8.117815638748668,0.14351769476442663,0.0,0.0,0.0,0.0,0.009999999999999787
6.629999999999903,coast,2.0,0.2080055795717228,0.2118587251466688,-15.807226881524434,-8.117672128136046,0.1435185874679358,0.0,0.0,0.0,0.0,0.009999999999999787
6.639999999999903,coast,2.0,0.20227489252571726,0.20610842557409786,-15.805208552502558,-8.117532385590359,0.14352043840090362,0.0,0.0,0.0,0.0,0.009999999999999787
6.649999999999903,coast,2.0,0.19658694513901526,0.20039553731304832,-15.803247006208185,-8.117396406820795,0.14352295346177263,0.0,0.0,0.0,0.0,0.009999999999999787
6.659999999999902,coast,2.0,0.1909414286461802,0.19472307211292744,-15.801341810144715,-8.117264189598014,0.1435257863137222,0.0,0.0,0.0,0.0,0.009999999999999787
6.669999999999902,coast,2.0,0.18533813489823397,0.18909210978411137,-15.799492534079178,-8.117135732230352,0.14352859531318146,0.0,0.0,0.0,0.0,0.009999999999999787
6.679999999999902,coast,2.0,0.17977713864918912,0.18350312710315803,-15.797698748235613,-8.117011032401232,0.14353109012817014,0.0,0.0,0.0,0.0,0.009999999999999787
6.689999999999902,coast,2.0,0.1742563477912369,0.17795505951600535,-15.795960046489085,-8.116890076191776,0.1435330671289953,0.0,0.0,0.0,0.0,0.009999999999999787
6.699999999999902,coast,2.0,0.16877585520952498,0.17244753693211712,-15.794276041390578,-8.11677256315679,0.14353430984417379,0.0,0.0,0.0,0.0,0.009999999999999787
6.709999999999901,coast,2.0,0.16337131491104628,0.1670018037194746,-15.792645948482512,-8.116658608847512,0.1435340732326237,0.0,0.0,0.0,0.0,0.009999999999999787
6.719999999999901,coast,2.0,0.15803665667078076,0.1616227154902583,-15.791069034403538,-8.116548519134746,0.14353175936691237,0.0,0.0,0.0,0.0,0.009999999999999787
6.729999999999901,coast,2.0,0.1527243310081212,0.15628368480097604,-15.789545099412573,-8.116442062329693,0.143527720496635,0.0,0.0,0.0,0.0,0.009999999999999787
6.739999999999901,coast,2.0,0.14742437663648242,0.15096809990227988,-15.788074044456867,-8.116339104496356,0.14352269387247865,0.0,0.0,0.0,0.0,0.009999999999999787
6.7499999999999005,coast,2.0,0.14214102280183785,0.14567185364201468,-15.786655724106126,-8.116239592568695,0.14351752216930247,0.0,0.0,0.0,0.0,0.009999999999999787
6.7599999999999,coast,2.0,0.13688999446264213,0.14040273813439116,-15.785289831389713,-8.116143504366157,0.14351298924665987,0.0,0.0,0.0,0.0,0.009999999999999787
6.7699999999999,coast,2.0,0.13169222195306268,0.13517642842559408,-15.783975845051174,-8.116050821640489,0.1435096935624046,0.0,0.0,0.0,0.0,0.009999999999999787
6.7799999999999,coast,2.0,0.1265696044750834,0.13001233405528767,-15.782713018104534,-8.115961537128772,0.14350797549211997,0.0,0.0,0.0,0.0,0.009999999999999787
6.7899999999999,coast,2.0,0.12153657224474783,0.12492687696896376,-15.781500453378603,-8.115875645844117,0.1435079088042821,0.0,0.0,0.0,0.0,0.009999999999999787
6.7999999999998995,coast,2.0,0.11660899965570092,0.11993615058100605,-15.780337090812685,-8.115793129938297,0.14350932891935933,0.0,0.0,0.0,0.0,0.009999999999999787
6.809999999999899,coast,2.0,0.1117943629041187,0.11505107797487364,-15.779221792380696,-8.115713964372306,0.14351188335483356,0.0,0.0,0.0,0.0,0.009999999999999787
6.819999999999899,coast,2.0,0.10709730013162233,0.11027881126892286,-15.77815337274713,-8.115638108154206,0.14351510949938348,0.0,0.0,0.0,0.0,0.009999999999999787
6.829999999999899,coast,2.0,0.10251556360197603,0.10562086266875476,-15.777130669185189,-8.115565513383617,0.14351851018098238,0.0,0.0,0.0,0.0,0.009999999999999787
6.839999999999899,coast,2.0,0.09804853132670069,0.10107746386352232,-15.77615252670987,-8.115496127043428,0.14352163482956265,0.0,0.0,0.0,0.0,0.009999999999999787
6.849999999999898,coast,2.0,0.09369115592547297,0.09664567910069272,-15.775217843305445,-8.115429894619453,0.14352414016477347,0.0,0.0,0.0,0.0,0.009999999999999787
6.859999999999898,coast,2.0,0.08944086358455942,0.09232278979101274,-15.774325546828276,-8.115366743087108,0.14352582293313826,0.0,0.0,0.0,0.0,0.009999999999999787
6.869999999999898,coast,2.0,0.08529486795469164,0.08810603668922008,-15.77347459576506,-8.115306601180361,0.14352662824455856,0.0,0.0,0.0,0.0,0.009999999999999787
6.879999999999898,coast,2.0,0.08125456044081296,0.08399515094017582,-15.772663937156839,-8.115249396750833,0.14352663681787012,0.0,0.0,0.0,0.0,0.009999999999999787
6.8899999999998975,coast,2.0,0.07732511480174266,0.07999312925711592,-15.771892468573707,-8.1151950480559,0.14352603303763525,0.0,0.0,0.0,0.0,0.009999999999999787
6.899999999999897,coast,2.0,0.07350872171429018,0.07610248473142048,-15.771159066959878,-8.115143467277191,0.14352506414626598,0.0,0.0,0.0,0.0,0.009999999999999787
6.909999999999897,coast,2.0,0.06981316575838586,0.0723288933475997,-15.770462531107617,-8.11509456912216,0.14352399453722414,0.0,0.0,0.0,0.0,0.009999999999999787
6.919999999999897,coast,2.0,0.06624226514719157,0.06867691642735482,-15.769801621743696,-8.115048256333798,0.1435230656840381,0.0,0.0,0.0,0.0,0.009999999999999787
6.929999999999897,coast,2.0,0.06279737488639439,0.06514919150277856,-15.769175085017466,-8.115004430332208,0.14352246534242952,0.0,0.0,0.0,0.0,0.009999999999999787
6.9399999999998965,coast,2.0,0.059482349102280785,0.0617490860624799,-15.76858162693153,-8.11496299511685,0.14352230814706973,0.0,0.0,0.0,0.0,0.009999999999999787
6.949999999999896,coast,2.0,0.05630285883049303,0.05848134972328778,-15.768019895544686,-8.114923850992955,0.14352262894046408,0.0,0.0,0.0,0.0,0.009999999999999787
6.959999999999896,coast,2.0,0.05325208295163742,0.055343789660297564,-15.76748860612311,-8.114886899068384,0.14352339074126583,0.0,0.0,0.0,0.0,0.009999999999999787
6.969999999999896,coast,2.0,0.05033256226267777,0.05233705322172569,-15.766986447309568,-8.1148520452433,0.14352449909163548,0.0,0.0,0.0,0.0,0.009999999999999787
6.979999999999896,coast,2.0,0.04753901710556316,0.049458231552028165,-15.766512160356125,-8.114819194023418,0.14352582444978942,0.0,0.0,0.0,0.0,0.009999999999999787
6.989999999999895,coast,2.0,0.044872379247688526,0.046706720169424384,-15.76606447725529,-8.114788248237726,0.1435272257247175,0.0,0.0,0.0,0.0,0.009999999999999787
6.999999999999895,coast,2.0,0.04232656679304361,0.04407862814359592,-15.76564219093586,-8.114759115551589,0.14352857273253056,0.0,0.0,0.0,0.0,0.009999999999999787
7.009999999999895,coast,2.0,0.03990075624068022,0.0415719050018465,-15.765244102670504,-8.114731709656624,0.14352976196387732,0.0,0.0,0.0,0.0,0.009999999999999787
7.019999999999895,coast,2.0,0.037592130936151005,0.039184040562429204,-15.764869042836049,-8.114705940849898,0.14353072803645342,0.0,0.0,0.0,0.0,0.009999999999999787
7.0299999999998946,coast,2.0,0.035397535394176095,0.03691213746147734,-15.76451587397006,-8.114681721011824,0.1435314472402492,0.0,0.0,0.0,0.0,0.009999999999999787
7.039999999999894,coast,2.0,0.033312091203417805,0.03475210970664162,-15.764183507571428,-8.114658969191547,0.14353193453530663,0.0,0.0,0.0,0.0,0.009999999999999787
7.049999999999894,coast,2.0,0.031332649880154266,0.03270043381074921,-15.763870886808766,-8.114637608787143,0.14353223550056804,0.0,0.0,0.0,0.0,0.009999999999999787
