t,phase,target,v_raw,v_filtered,x,y,z,u,torque_L,torque_R,u_motor,dt
0.0,accelerate,1.0,0.0,0.0,-24.0,-8.45,0.14903219044208527,0.0,0.0,0.0,0.0,0.0
0.01,accelerate,1.0,-0.011289776350065095,-0.006773865810039056,-24.000109594454752,-8.449792254038034,0.14713729486335111,0.008975981791629107,0.15859361373847808,0.15859361373847808,0.6293397370574527,0.01
0.02,accelerate,1.0,-0.015084768831097838,-0.011760407622674326,-24.000249569640538,-8.449322182568622,0.14488969872917115,0.020441550294502252,0.16223416104951038,0.16223416104951038,0.6437863533710729,0.01
0.03,accelerate,1.0,-0.016058740508091907,-0.014339407353924874,-24.000390433533465,-8.449277983641805,0.14267210050202078,0.035151917387222995,0.16690499680879106,0.16690499680879106,0.6623214159079011,0.009999999999999998
0.04,accelerate,1.0,-0.01061336877791278,-0.012103784208317618,-24.0004721849515,-8.449398060773262,0.14082267015779268,0.05501589359282201,0.17321220653359284,0.17321220653359284,0.6873500259269557,0.010000000000000002
0.05,accelerate,1.0,-0.0012563429379567224,-0.005595319446101081,-24.0004630147163,-8.44946064253887,0.1395610691509947,0.08130437671562885,0.1815593256947465,0.1815593256947465,0.7204735146616925,0.010000000000000002
0.060000000000000005,accelerate,1.0,0.010115800913337823,0.0038313527695622612,-24.00034991973633,-8.449496774561355,0.13898599864381286,0.1035894238181262,0.18863527385073145,0.18863527385073145,0.7485526740108391,0.010000000000000002
0.07,accelerate,1.0,0.022021051478612087,0.014745171994992156,-24.000131871359876,-8.449522424861314,0.1390806665240753,0.12255174874513217,0.19465619126155437,0.19465619126155437,0.7724452034188666,0.010000000000000002
0.08,accelerate,1.0,0.03325810471703299,0.02585293162821666,-23.999815825991497,-8.449540146346948,0.13973349976564003,0.13867574107899688,0.19977588130740312,0.19977588130740312,0.7927614337595362,0.009999999999999995
0.09,accelerate,1.0,0.04308967294216862,0.03619497641658784,-23.999412451255807,-8.449539196714817,0.14076877010769026,0.15286097046291255,0.204279975341384,0.204279975341384,0.8106348227832698,0.009999999999999995
0.09999999999999999,accelerate,1.0,0.05132390354111879,0.04527233269130641,-23.99893211220152,-8.449537756699602,0.14198069105994596,0.16609940352815453,0.20848344260825966,0.20848344260825966,0.8273152484454748,0.009999999999999995
0.10999999999999999,accelerate,1.0,0.057943435981059804,0.05287499466515845,-23.99838495080007,-8.449537251740342,0.1431676274213079,0.17930581949549812,0.2126767438062106,0.2126767438062106,0.8439553325643278,0.009999999999999995
0.11999999999999998,accelerate,1.0,0.06309409469935037,0.0590064546856736,-23.99778069515091,-8.449535900915567,0.14415998354700307,0.19322049619574128,0.21709493195207177,0.21709493195207177,0.861487825206634,0.009999999999999995
0.12999999999999998,accelerate,1.0,0.06712541630936122,0.06387783165988617,-23.997127304107373,-8.449536461913466,0.14483734852329438,0.20833300569193236,0.22189345596730237,0.22189345596730237,0.8805295871718348,0.009999999999999995
0.13999999999999999,accelerate,1.0,0.06972876284447532,0.06738839037063966,-23.996438120980073,-8.449536114669996,0.14515332622928356,0.2250977195570129,0.22721658791374277,0.22721658791374277,0.9016531266418364,0.010000000000000009
0.15,accelerate,1.0,0.07169746781065063,0.06997383683464625,-23.995719883996486,-8.44953873737828,0.1451148546135296,0.24365455805823935,0.23310875527465216,0.23310875527465216,0.9250347431533816,0.010000000000000009
0.16,accelerate,1.0,0.07345529709323688,0.07206271298980063,-23.9949761484482,-8.449537480438911,0.14477913455350364,0.2638926632583704,0.2395347584377978,0.2395347584377978,0.9505347557055469,0.010000000000000009
0.17,accelerate,1.0,0.075307499704917,0.07400958501887045,-23.994208108055265,-8.449536389902738,0.14423805093316108,0.2855371318919943,0.24640731011834607,0.24640731011834607,0.977806786183913,0.010000000000000009
0.18000000000000002,accelerate,1.0,0.0776510993888392,0.07619449364085171,-23.99341341917498,-8.449540171844774,0.14359994604761933,0.30816571359100137,0.2535923373794148,0.2535923373794148,1.0063187991246618,0.010000000000000009
0.19000000000000003,accelerate,1.0,0.08064637838716786,0.0788656244886414,-23.99258832031574,-8.449539494356166,0.1429714133554953,0.3313061624911536,0.2609398927141911,0.2609398927141911,1.0354757647388535,0.010000000000000009
0.20000000000000004,accelerate,1.0,0.08445540865499289,0.0822194949884523,-23.991727314772067,-8.449536112007145,0.14244203015713044,0.35447214152245604,0.2682955543762102,0.2682955543762102,1.0646648983182945,0.010000000000000009
0.21000000000000005,accelerate,1.0,0.08906469873160462,0.08632661723434369,-23.99082457433675,-8.449536723970079,0.14207371203906088,0.377232077881027,0.27552228936878365,0.27552228936878365,1.093342418130094,0.010000000000000009
0.22000000000000006,accelerate,1.0,0.09440330572072944,0.09117263032617515,-23.989874197030954,-8.449539642301257,0.14189616630762378,0.3992431236431135,0.2825112366191614,0.2825112366191614,1.121076335790323,0.010000000000000009
0.23000000000000007,accelerate,1.0,0.10034450332404324,0.096675754124896,-23.988870522725566,-8.449533238762031,0.14190646500924126,0.4202695806081838,0.2891875572347105,0.2891875572347105,1.1475696715663115,0.010000000000000009
0.24000000000000007,accelerate,1.0,0.10660863560244051,0.1026354830114227,-23.98780968873087,-8.44953896802078,0.14207545056358795,0.44022556094707405,0.29552398011191494,0.29552398011191494,1.1727142067933132,0.010000000000000009
0.25000000000000006,accelerate,1.0,0.11298912179434001,0.1088476662811731,-23.98668904296468,-8.449533845064114,0.14235468084042077,0.45914837878778975,0.301532353232699,0.301532353232699,1.1965569572726151,0.009999999999999981
0.26000000000000006,accelerate,1.0,0.11931930112912988,0.11513064718994717,-23.985507132991295,-8.449538401287644,0.14268763443195476,0.4771633046102,0.3072524524798307,0.3072524524798307,1.219255763808852,0.010000000000000009
0.2700000000000001,accelerate,1.0,0.12546984113633156,0.1213341635577778,-23.984263685264974,-8.449534884022448,0.14301779041402057,0.4944504494810092,0.31274146671921005,0.31274146671921005,1.2410375663460715,0.010000000000000009
0.2800000000000001,accelerate,1.0,0.13138974405960085,0.12736751185887163,-23.982959193167538,-8.449542813456686,0.14329705452672287,0.5112029848916669,0.31806073176280214,0.31806073176280214,1.2621457609635005,0.010000000000000009
0.2900000000000001,accelerate,1.0,0.1370114973185031,0.13315390313465053,-23.981595375198623,-8.449539536871212,0.14349234867025823,0.5276177213046394,0.3232727388686491,0.3232727388686491,1.2828283288438456,0.010000000000000009
0.3000000000000001,accelerate,1.0,0.14236114622395546,0.1386782489882335,-23.98017429314068,-8.44954333385523,0.143586777378766,0.5438619080814078,0.3284305930540086,0.3284305930540086,1.3032960041825739,0.010000000000000009
0.3100000000000001,accelerate,1.0,0.14755681890841948,0.1440053909403451,-23.978697469756582,-8.449535890380876,0.14358087545902037,0.5600364888155253,0.33356634592870554,0.33356634592870554,1.3236759759075616,0.010000000000000009
0.3200000000000001,accelerate,1.0,0.15259210753113114,0.1491574208948167,-23.977167045742156,-8.449543541024717,0.1434902917621053,0.5762117796405944,0.33870232427148156,0.33870232427148156,1.344056842347149,0.010000000000000009
0.3300000000000001,accelerate,1.0,0.15781155203080935,0.1543498995764123,-23.97558202278115,-8.449540313640282,0.14333902461232934,0.5923299342597325,0.34382016072615024,0.34382016072615024,1.3643657171672627,0.010000000000000009
0.34000000000000014,accelerate,1.0,0.16302158683963516,0.159552911934346,-23.973943643443253,-8.449539413708504,0.14315869660900699,0.6083603970465135,0.34891015327020897,0.34891015327020897,1.384564100278607,0.010000000000000009
0.35000000000000014,accelerate,1.0,0.16858936127679058,0.16497478153981276,-23.972249415499398,-8.449544327176259,0.14297844233756482,0.6241671966534731,0.3539291282814108,0.3539291282814108,1.4044806677833763,0.010000000000000009
0.36000000000000015,accelerate,1.0,0.1743996860256247,0.17062972423129993,-23.970497959487723,-8.449532732865695,0.14282504480417343,0.6396324185283165,0.3588396455311111,0.3588396455311111,1.4239668473456788,0.010000000000000009
0.37000000000000016,accelerate,1.0,0.18082866320035734,0.1767490876127344,-23.968683774534085,-8.449573876516506,0.14271502738342295,0.6545363285495047,0.36357193504103874,0.36357193504103874,1.442745773972376,0.010000000000000009
0.38000000000000017,accelerate,1.0,0.1866304631314226,0.1826779129239473,-23.96681349086196,-8.449512491193866,0.1426558845044633,0.6690502914116673,0.3681804085290326,0.3681804085290326,1.4610333671787008,0.010000000000000009
0.3900000000000002,accelerate,1.0,0.19350192137820504,0.18917231799650194,-23.964876471633087,-8.449568814396198,0.14264763844707856,0.682908209597113,0.3725805747112753,0.3725805747112753,1.4784943440923624,0.010000000000000009
0.4000000000000002,accelerate,1.0,0.20115669709543757,0.1963629454558633,-23.962864666073607,-8.449536677714338,0.142684040602617,0.6958233522287357,0.37668139079966817,0.37668139079966817,1.494767423808207,0.010000000000000009
0.4100000000000002,accelerate,1.0,0.20769871023191117,0.20316440432149202,-23.960788737625425,-8.449553690815325,0.14275295407268757,0.7081421452227314,0.3805928539511217,0.3805928539511217,1.5102891029806416,0.010000000000000009
0.4200000000000002,accelerate,1.0,0.21500909960158912,0.21027122148955027,-23.95864028917698,-8.449540057274183,0.14283730151844123,0.7197728816027664,0.3842858453665104,0.3842858453665104,1.5249438308194856,0.010000000000000009
0.4300000000000002,accelerate,1.0,0.22249793660738215,0.21760725056024938,-23.95641701029877,-8.449579106828729,0.142924564447996,0.7306807966035436,0.38774932653755717,0.38774932653755717,1.538687803720465,0.010000000000000009
0.4400000000000002,accelerate,1.0,0.22905228893065224,0.2244742735824911,-23.954127656384475,-8.44950773846991,0.14300091829469333,0.7412100205333442,0.39109256571974743,0.39109256571974743,1.5519546258720136,0.010000000000000009
0.45000000000000023,accelerate,1.0,0.2362163249569922,0.23151950440719177,-23.9517658391359,-8.44952155595484,0.14305948459214418,0.7512928812708924,0.3942940756611338,0.3942940756611338,1.5646590304013246,0.010000000000000009
0.46000000000000024,accelerate,1.0,0.24305450486196226,0.23844050468005407,-23.949334587210693,-8.449531992432105,0.14309498720129854,0.7610357981840994,0.3973876466394153,0.3973876466394153,1.5769351057119654,0.010000000000000009
0.47000000000000025,accelerate,1.0,0.24979599004669953,0.24525379590004132,-23.946834863149967,-8.449554444467338,0.14310735854703338,0.7705159373792114,0.40039778043664725,0.40039778043664725,1.5888800810978065,0.010000000000000009
0.48000000000000026,accelerate,1.0,0.25661881226744626,0.2520728057204843,-23.944265942616866,-8.449524830923645,0.14309873355224872,0.7797351019100637,0.4033250495584834,0.4033250495584834,1.6004962284066802,0.010000000000000009
0.49000000000000027,accelerate,1.0,0.26328246671353944,0.2587986023163174,-23.941629570458165,-8.449506548777332,0.14307298300699206,0.7887476227159315,0.4061867051647626,0.4061867051647626,1.6118520046220737,0.010000000000000009
0.5000000000000002,accelerate,1.0,0.2700216789452141,0.2655324482936554,-23.93892524363032,-8.449526873939336,0.14303627327105092,0.7975434415465356,0.40897955355985594,0.40897955355985594,1.6229347363486346,0.009999999999999953
0.5100000000000002,accelerate,1.0,0.27640256167957894,0.27205451632520955,-23.9361567474977,-8.449587505371742,0.14299334996264534,0.8062320630760819,0.4117383646679176,0.4117383646679176,1.6338823994758633,0.010000000000000009
0.5200000000000002,accelerate,1.0,0.28415753863279514,0.27931632970976095,-23.933310628233823,-8.449573980812257,0.14295133883153646,0.8143935085247074,0.41432978682676513,0.41432978682676513,1.6441658207411314,0.010000000000000009
0.5300000000000002,accelerate,1.0,0.29139364612566254,0.2865627195593019,-23.93039240052768,-8.449529543511078,0.14291781579314944,0.8220906320061351,0.41677377747458794,0.41677377747458794,1.6538641963277299,0.010000000000000009
0.5400000000000003,accelerate,1.0,0.2986659875138061,0.2938246803320044,-23.927401981164188,-8.449492441090548,0.14289898769783407,0.8293572427409663,0.4190810717151116,0.4190810717151116,1.6630201258536175,0.010000000000000009
0.5500000000000003,accelerate,1.0,0.30612147285746205,0.30120275584727896,-23.924337522821794,-8.449529398082287,0.1428943852693216,0.8361664881658354,0.42124314332241614,0.42124314332241614,1.6715997750889529,0.010000000000000009
0.5600000000000003,accelerate,1.0,0.3137947575447642,0.3087579568657701,-23.921196827246412,-8.449561565830077,0.14290347997293457,0.8424634326699069,0.4232425491413488,0.4232425491413488,1.6795339251640824,0.010000000000000009
0.5700000000000003,accelerate,1.0,0.3216199690670434,0.3164751641865341,-23.91797833073926,-8.449551455641666,0.14292486087775708,0.848210976658495,0.4250675093086054,0.4250675093086054,1.6867758305897038,0.010000000000000009
0.5800000000000003,accelerate,1.0,0.32976235307680485,0.3244474775206966,-23.91467832655202,-8.44950937587669,0.14294667081748197,0.8533284980662827,0.4266924247060061,0.4266924247060061,1.6932239075635163,0.010000000000000009
0.5900000000000003,accelerate,1.0,0.3378780506105597,0.3325058213746145,-23.911297107428776,-8.449473379838885,0.1429692747782457,0.8578401688880221,0.4281249704253248,0.4281249704253248,1.698908612798908,0.010000000000000009
0.6000000000000003,accelerate,1.0,0.34578750016069043,0.34047482864626005,-23.90783669910597,-8.449482465475603,0.1429916277247138,0.8618585459054608,0.42940088549590194,0.42940088549590194,1.7039717678408808,0.010000000000000009
0.6100000000000003,accelerate,1.0,0.35359907354431275,0.34834937558509166,-23.90429781028931,-8.44952916163831,0.14300798849359875,0.8654770411066132,0.4305498300921718,0.4305498300921718,1.7085310717943325,0.010000000000000009
0.6200000000000003,accelerate,1.0,0.36141498317808846,0.35618874014088975,-23.900680489141433,-8.449571027592883,0.14302015034180696,0.8687393316010874,0.4315856725699773,0.4315856725699773,1.7126415578173704,0.010000000000000009
0.6300000000000003,accelerate,1.0,0.36918762942659955,0.3639880737123156,-23.89698511877707,-8.44956265802842,0.14302662903141064,0.8716831993549677,0.43252040945918935,0.43252040945918935,1.7163508311872593,0.010000000000000009
0.6400000000000003,accelerate,1.0,0.37694975258665914,0.37176508103692174,-23.893211587470354,-8.449513457136074,0.14302308405454303,0.8743296781234215,0.43336071939774884,0.43336071939774884,1.7196853944355113,0.010000000000000009
0.6500000000000004,accelerate,1.0,0.38467620386879575,0.37951175473604615,-23.889360534565203,-8.449470654508445,0.14301582735716617,0.8767000351418945,0.4341133551582544,0.4341133551582544,1.7226720442787873,0.010000000000000009
0.6600000000000004,accelerate,1.0,0.4220767771321615,0.4050507681737154,-23.885109722968693,-8.449535841617038,0.14235201678618253,0.8692763662843676,0.43175619182261243,0.43175619182261243,1.7133182215183034,0.010000000000000009
0.6700000000000004,accelerate,1.0,0.4195925259495737,0.4137758228392303,-23.880893726476735,-8.449460487131395,0.1418781793684414,0.8628341715750795,0.42971066615851927,0.42971066615851927,1.7052010561846003,0.010000000000000009
0.6800000000000004,accelerate,1.0,0.41538363946762497,0.4147405128162671,-23.876728413090625,-8.449506469883945,0.14162420562843409,0.8612678759100597,0.42921333595896216,0.42921333595896216,1.7032275236466752,0.010000000000000009
0.6900000000000004,accelerate,1.0,0.41204589391459323,0.41312374147526276,-23.87260448802661,-8.44955450870351,0.14160047320827812,0.8649766284557674,0.43039093906727527,0.43039093906727527,1.707900551854267,0.010000000000000009
0.7000000000000004,accelerate,1.0,0.4096917313721657,0.41106453541340454,-23.86851136565653,-8.449402511237418,0.1417755235194133,0.8731534395451008,0.4329872401243604,0.4329872401243604,1.718203333826827,0.010000000000000009
0.7100000000000004,accelerate,1.0,0.4121056101929509,0.4116891802811323,-23.864399206014134,-8.449365865307442,0.14207850730842034,0.8834832516644394,0.43626716206849286,0.43626716206849286,1.7312188970971938,0.010000000000000009
0.7200000000000004,accelerate,1.0,0.4225059150452912,0.41817922113962763,-23.860184126289084,-8.44934275040529,0.14240004135898435,0.8923931052386473,0.43909621877537536,0.43909621877537536,1.7424453126006958,0.010000000000000009
0.7300000000000004,accelerate,1.0,0.4335776539285237,0.4274182808129653,-23.8558575716346,-8.449370303788168,0.14270099060917057,0.8986508366248006,0.4410831736451067,0.4410831736451067,1.7503300541472488,0.010000000000000009
0.7400000000000004,accelerate,1.0,0.4639529678794417,0.44933909305285114,-23.85120713255546,-8.449574807092162,0.1425629040589415,0.8959374592196936,0.44022162205143706,0.44022162205143706,1.7469111986168138,0.010000000000000009
0.7500000000000004,accelerate,1.0,0.48785187418359044,0.47244676173129474,-23.846306994223713,-8.449584774429502,0.142129565180992,0.8852587809012706,0.43683092811177143,0.43683092811177143,1.733456063935601,0.010000000000000009
0.7600000000000005,accelerate,1.0,0.4858373164642714,0.4804810945710808,-23.841435896538822,-8.449292524552565,0.14187883061789813,0.8761103428451277,0.433926116060185,0.433926116060185,1.721929031984861,0.010000000000000009
0.7700000000000005,accelerate,1.0,0.48297406494414946,0.48197687679492196,-23.83660045090307,-8.449262581729624,0.1418150623280009,0.8716279812484607,0.4325028766060112,0.4325028766060112,1.7162812563730603,0.010000000000000009
0.7800000000000005,accelerate,1.0,0.4813291012140353,0.48158821144638997,-23.831787712163486,-8.449244536473387,0.14192030005708786,0.8718761897950273,0.43258168778371714,0.43258168778371714,1.7165939991417347,0.010000000000000009
0.7900000000000005,accelerate,1.0,0.48275828219330613,0.48229025389453967,-23.82696540045985,-8.449332848100772,0.1421508857501048,0.8753280464423958,0.4336777213063895,0.4336777213063895,1.7209433385174187,0.010000000000000009
0.8000000000000005,accelerate,1.0,0.4901043408452851,0.48697870606498694,-23.822070842941976,-8.449330311896496,0.14240853542509663,0.8792051780718395,0.43490878814137046,0.43490878814137046,1.7258285243705176,0.010000000000000009
0.8100000000000005,accelerate,1.0,0.5007928965886134,0.4952672203791628,-23.817067551623527,-8.449419737479309,0.1426263059666332,0.8814636772748555,0.43562590680831215,0.43562590680831215,1.728674233366318,0.010000000000000009
0.8200000000000005,accelerate,1.0,0.5111154936765685,0.5047761843576062,-23.81195966088253,-8.449402829184447,0.1428133568017048,0.881716310366147,0.43570612286745897,0.43570612286745897,1.728992551061345,0.010000000000000009
0.8300000000000005,accelerate,1.0,0.5186956259497795,0.5131278493129101,-23.80677492504047,-8.449437059443003,0.14298197813271582,0.8809168427975893,0.4354522759250906,0.4354522759250906,1.7279852219249627,0.010000000000000009
0.8400000000000005,accelerate,1.0,0.5647186241419645,0.5440823142103428,-23.801099156864034,-8.44959451504609,0.14241131686567682,0.8671247350774263,0.4310730058817844,0.4310730058817844,1.710607166197557,0.010000000000000009
0.8500000000000005,accelerate,1.0,0.5627883579103341,0.5553059404303375,-23.79545249596807,-8.449482267085859,0.1420198088035362,0.8532778326741263,0.42667633743068867,0.42667633743068867,1.6931600691693995,0.010000000000000009
0.8600000000000005,accelerate,1.0,0.5574866190935988,0.5566143476282943,-23.78986716900781,-8.449376058096401,0.1418294346892888,0.8446131713175671,0.42392513415675387,0.42392513415675387,1.6822425958601344,0.010000000000000009
0.8700000000000006,accelerate,1.0,0.5539894778096439,0.5550394257371041,-23.784324107670056,-8.449277726749601,0.14183996320621467,0.8416277250107085,0.4229771952454002,0.4229771952454002,1.6784809335134927,0.010000000000000009
0.8800000000000006,accelerate,1.0,0.5529460986976452,0.5537834295134287,-23.778797708309327,-8.449185530381007,0.1420221294773269,0.8430260499647282,0.42342119138480044,0.42342119138480044,1.6802428229555573,0.010000000000000009
0.8900000000000006,accelerate,1.0,0.556200663335839,0.5552337698068749,-23.77324287228867,-8.449105672501833,0.14230867206744685,0.8464922938643562,0.42452179314781036,0.42452179314781036,1.6846102902690887,0.010000000000000009
0.9000000000000006,accelerate,1.0,0.564205313163188,0.5606166958206628,-23.767608889833447,-8.449046749325431,0.14261534140988627,0.849498787178034,0.4254764149047694,0.4254764149047694,1.688398471844323,0.010000000000000009
0.9100000000000006,accelerate,1.0,0.5743635122611588,0.5688647856849604,-23.761872554550965,-8.448984784526802,0.14290453619242474,0.8505669368808324,0.4258155737984019,0.4258155737984019,1.689744340469849,0.010000000000000009
0.9200000000000006,accelerate,1.0,0.6060500704161443,0.5911759565236707,-23.755798479485076,-8.449055445058553,0.142730707108571,0.8425029267445664,0.4232550892999348,0.4232550892999348,1.6795836876981538,0.010000000000000009
0.9300000000000006,accelerate,1.0,0.6291129510015131,0.6139381532103761,-23.74948341373991,-8.449224186558926,0.14226016172563652,0.8267357117125005,0.41824868318295316,0.41824868318295316,1.6597169967577505,0.010000000000000009
0.9400000000000006,accelerate,1.0,0.6247104854576288,0.6204015525587276,-23.743221877177948,-8.449382691482652,0.14199573388444078,0.813366453963007,0.414003676462334,0.414003676462334,1.6428717319933888,0.010000000000000009
0.9500000000000006,accelerate,1.0,0.6197742398724816,0.62002516494698,-23.737017979292695,-8.449531105170806,0.14194651462856273,0.8055296042677862,0.41151531994710755,0.41151531994710755,1.6329973013774108,0.010000000000000009
0.9600000000000006,accelerate,1.0,0.6163427251702123,0.6178157010809193,-23.7308554484002,-8.449665975379917,0.14209053885000733,0.8031020115253231,0.4107445106995206,0.4107445106995206,1.6299385345219073,0.010000000000000009
0.9700000000000006,accelerate,1.0,0.6159130842858035,0.6166741310038498,-23.724703068362608,-8.44964478226846,0.14238199746069843,0.8044459674150184,0.41117124357361656,0.41117124357361656,1.631631918942923,0.010000000000000009
0.9800000000000006,accelerate,1.0,0.6210916219946738,0.6193246255983442,-23.71850091643339,-8.449611290787079,0.1427191656796692,0.8067863986016932,0.4119143772840096,0.4119143772840096,1.6345808622381333,0.010000000000000009
0.9900000000000007,accelerate,1.0,0.6300847657925277,0.6257807097148542,-23.712208022302967,-8.449574835308187,0.1430368528318114,0.8078694661695118,0.4122582728981433,0.4122582728981433,1.6359455273735846,0.010000000000000009
1.0000000000000007,accelerate,1.0,0.6401941065753467,0.6344287478311497,-23.705811960916595,-8.449546281331987,0.1433119798122187,0.8067287548635447,0.4118960742442727,0.4118960742442727,1.6345082311280663,0.010000000000000009
1.0100000000000007,accelerate,1.0,0.68836976630308,0.6667933589143078,-23.698898984415603,-8.449271360852034,0.14276037880329204,0.7910601176544633,0.4069209685576452,0.4069209685576452,1.6147657482446238,0.010000000000000009
1.0200000000000007,accelerate,1.0,0.6859883128824815,0.678310331295212,-23.692019136078805,-8.449027336664802,0.14237465451550854,0.7746960741510143,0.40172505746443005,0.40172505746443005,1.594147053430278,0.010000000000000009
1.0300000000000007,accelerate,1.0,0.681205545576128,0.6800474598637616,-23.685195637226823,-8.448792861314029,0.14218594861720305,0.7629273032450146,0.397988237326357,0.397988237326357,1.5793184020887183,0.010000000000000009
1.0400000000000007,accelerate,1.0,0.6768179131818184,0.6781097318545957,-23.67842327794156,-8.448573320546014,0.14219036976467317,0.7567886387860722,0.39603908858735365,0.39603908858735365,1.571583684870451,0.010000000000000009
1.0500000000000007,accelerate,1.0,0.6747239845846512,0.676078283492629,-23.671677527722025,-8.448517830562913,0.14235692034653014,0.7552177639695883,0.3955403044156237,0.3955403044156237,1.5696043826016814,0.010000000000000009
1.0600000000000007,accelerate,1.0,0.6762788782766391,0.6761986403630351,-23.664920163666718,-8.448470215494206,0.1426254616855301,0.7561641252062855,0.3958407930354998,0.3958407930354998,1.5707967977599198,0.010000000000000009
1.0700000000000007,accelerate,1.0,0.6821572052172685,0.6797737792755751,-23.65810509930876,-8.448429467708829,0.14292137367620686,0.7572751243948931,0.3961935574978665,0.3961935574978665,1.5721966567375654,0.010000000000000009
1.0800000000000007,accelerate,1.0,0.690239679887937,0.6860533196429923,-23.651208744966922,-8.44839788656863,0.14320993323817854,0.757045953194282,0.39612079105824843,0.39612079105824843,1.5719079010247954,0.010000000000000009
1.0900000000000007,accelerate,1.0,0.7396599984386176,0.7182173269203675,-23.643781973853756,-8.448613584921194,0.14264523846718452,0.7418524991028964,0.3912965655151517,0.3912965655151517,1.5527641488696495,0.010000000000000009
1.1000000000000008,accelerate,1.0,0.7372959170415887,0.7296644809931003,-23.636388353484655,-8.44881676843467,0.1422560994635415,0.7255459871124333,0.3861189218279399,0.3861189218279399,1.5322179437616663,0.010000000000000009
1.1100000000000008,accelerate,1.0,0.7322836728007919,0.7312359960777153,-23.629053390577027,-8.449006640684892,0.1420715305176891,0.7135523655828422,0.3823107071198641,0.3823107071198641,1.5171059806343814,0.010000000000000009
1.1200000000000008,accelerate,1.0,0.7275900333871309,0.7290484184633647,-23.621772735686193,-8.449180762502344,0.14208962391844282,0.7070091704103029,0.38023311178867936,0.38023311178867936,1.5088615547169815,0.010000000000000009
1.1300000000000008,accelerate,1.0,0.7249459526714881,0.7265869389882387,-23.61452504341046,-8.449261860307356,0.14228133742444352,0.7049881668622202,0.3795914027420922,0.3795914027420922,1.5063150902463975,0.010000000000000009
1.1400000000000008,accelerate,1.0,0.7251152820941679,0.7257039448517961,-23.60728096207901,-8.449132413924389,0.14259443699223423,0.7057576573138332,0.3798357313502883,0.3798357313502883,1.5072846482154298,0.010000000000000009
1.1500000000000008,accelerate,1.0,0.7314846691296523,0.7291723794185099,-23.5999734527283,-8.449008020047978,0.1429152690671957,0.7064377095679691,0.3800516615420216,0.3800516615420216,1.5081415140556411,0.010000000000000009
1.1600000000000008,accelerate,1.0,0.7425119302249287,0.7371761099023612,-23.5925522138719,-8.448885836481365,0.1431608500144151,0.7045955489064879,0.37946673868878805,0.37946673868878805,1.5058203916221748,0.010000000000000009
1.1700000000000008,accelerate,1.0,0.7525981158542715,0.7464293134735074,-23.585027108481782,-8.448775777120009,0.1433459373033406,0.7000111236974231,0.3780110919964058,0.3780110919964058,1.5000440158587531,0.010000000000000009
1.1800000000000008,accelerate,1.0,0.761177720873766,0.7552783579136626,-23.577414186343066,-8.448665698078347,0.143491913261571,0.6933843395603737,0.37590695549720987,0.37590695549720987,1.491694267846071,0.010000000000000009
1.1900000000000008,accelerate,1.0,0.7883342669443058,0.7751119033320485,-23.569511293261506,-8.448670953691547,0.14321430360956253,0.6791850169465021,0.3713983865808534,0.3713983865808534,1.4738031213525928,0.010000000000000009
1.2000000000000008,accelerate,1.0,0.8079005034267015,0.7947850633888403,-23.56140448648238,-8.448763516029922,0.14265347396522668,0.658874634901697,0.36494943407398683,0.36494943407398683,1.4482120399761382,0.010000000000000009
1.2100000000000009,accelerate,1.0,0.8018252130944177,0.7990091532121868,-23.553367789209013,-8.448848417132968,0.1422753326413212,0.6418029457666405,0.3595288313398237,0.3595288313398237,1.426701711665967,0.010000000000000009
1.2200000000000009,accelerate,1.0,0.7941976278950386,0.7961222380218979,-23.545415488027807,-8.448926111264818,0.14210867178513406,0.6310970300129146,0.3561294889697007,0.3561294889697007,1.4132122578162727,0.010000000000000009
1.2300000000000009,accelerate,1.0,0.7874383877012809,0.7909119278295278,-23.537537692740933,-8.4489954045976,0.14214859626043488,0.6267469576966986,0.35474825400785576,0.35474825400785576,1.4077311666978403,0.010000000000000009
1.2400000000000009,accelerate,1.0,0.7833573940041265,0.786379207534287,-23.529706545381693,-8.44905450281746,0.14236178858666415,0.6271555217068729,0.35487798125236636,0.35487798125236636,1.40824595735066,0.010000000000000009
1.2500000000000009,accelerate,1.0,0.7831061257508259,0.7844153584642104,-23.521882350698434,-8.449100923940907,0.14269398047657275,0.6300283777147634,0.3557901704919917,0.3557901704919917,1.4118657559206018,0.010000000000000009
1.260000000000001,accelerate,1.0,0.7892357063040069,0.7873075671680883,-23.51399729416748,-8.449124972151244,0.1430355116951315,0.6322884233552516,0.35650778018375956,0.35650778018375956,1.4147134134276174,0.010000000000000009
1.270000000000001,accelerate,1.0,0.7979832277943084,0.7937129635438204,-23.506023366794714,-8.44901439094538,0.14334065112792552,0.6321584198364489,0.3564665014664693,0.3564665014664693,1.4145496089939258,0.010000000000000009
1.280000000000001,accelerate,1.0,0.8083886438542284,0.8025183717300652,-23.497941754699863,-8.448920770935606,0.1435730130148593,0.628787532896959,0.3553961774454424,0.3553961774454424,1.4103022914501682,0.010000000000000009
1.290000000000001,accelerate,1.0,0.8547272133788729,0.8338436767193498,-23.489364275838554,-8.448600607157712,0.14300165503145262,0.6107141565739894,0.3496575189953731,0.3496575189953731,1.3875298372832265,0.010000000000000009
1.300000000000001,accelerate,1.0,0.8527162377913331,0.8451672133625399,-23.480815610313407,-8.448304914687,0.14256928449266212,0.5913604576744715,0.3435123325207982,0.3435123325207982,1.3631441766698342,0.010000000000000009
1.310000000000001,accelerate,1.0,0.8470801584059047,0.8463149803885587,-23.47233142733709,-8.448025273819898,0.14231807570960572,0.5763472727023994,0.3387453460284659,0.3387453460284659,1.3442275636050234,0.010000000000000009
1.320000000000001,accelerate,1.0,0.8407850661360886,0.8429970318370767,-23.463917171206795,-8.4477653249304,0.14225904194032285,0.5671876223370647,0.33583697384446476,0.33583697384446476,1.3326864041447015,0.010000000000000009
1.330000000000001,accelerate,1.0,0.8357618993540458,0.8386559523472581,-23.455558822387193,-8.44760132173737,0.14237415929521827,0.5632814003489903,0.3345966702388114,0.3345966702388114,1.3277645644397278,0.010000000000000009
1.340000000000001,accelerate,1.0,0.8331876466915732,0.8353749689538471,-23.447230044930773,-8.447641251509552,0.14261629429943629,0.5630411572075749,0.33452038823654917,0.33452038823654917,1.3274618580815443,0.010000000000000009
1.350000000000001,accelerate,1.0,0.8354838570141685,0.83544030179004,-23.438879909467698,-8.447687911290322,0.1429055960909334,0.5639663848444024,0.33481416651579465,0.33481416651579465,1.3286276449039471,0.010000000000000009
1.360000000000001,accelerate,1.0,0.8421386516947857,0.8394593117328875,-23.430462077781343,-8.447757916083381,0.1431735736165367,0.5637083145219108,0.33473222402699715,0.33473222402699715,1.3283024762976077,0.010000000000000009
1.370000000000001,accelerate,1.0,0.8492143760961486,0.8453123503508441,-23.421972128331486,-8.447832005134007,0.14341611750954716,0.5614942674211806,0.3340292197915733,0.3340292197915733,1.3255127769506876,0.010000000000000009
1.380000000000001,accelerate,1.0,0.8574641516930761,0.8526034311561833,-23.413397220025328,-8.44790235097132,0.14360901655090602,0.5569051150572839,0.3325720721329888,0.3325720721329888,1.3197304449721776,0.010000000000000009
1.390000000000001,accelerate,1.0,0.8997715928599724,0.8809043281784568,-23.40436897723474,-8.448163417827574,0.14304700442594753,0.539124589241157,0.3269263995758522,0.3269263995758522,1.2973269824438578,0.010000000000000009
1.400000000000001,accelerate,1.0,0.8973668852035899,0.8907818623935366,-23.395372765717156,-8.448413175591424,0.1426081841984721,0.5204493574859386,0.32099663998893524,0.32099663998893524,1.2737961904322828,0.010000000000000009
1.410000000000001,accelerate,1.0,0.8913870105661778,0.8911449512971212,-23.386443947477154,-8.448644204895277,0.142339275874856,0.5060794464815913,0.3164339058468349,0.3164339058468349,1.255690102566805,0.010000000000000009
1.420000000000001,accelerate,1.0,0.8846802139571281,0.8872661088931253,-23.377589179540344,-8.448778540464463,0.14225689822035364,0.49742068370517145,0.31368457549006606,0.31368457549006606,1.244780061468516,0.010000000000000009
1.430000000000001,accelerate,1.0,0.8789532863979204,0.8822784153960024,-23.368797837643974,-8.44875503629511,0.14234810585119612,0.49395122674274444,0.3125829535153562,0.3125829535153562,1.240408545695858,0.010000000000000009
1.440000000000001,accelerate,1.0,0.8758264005105892,0.8784072064647546,-23.3600420269675,-8.44867375479613,0.1425659738353246,0.4940708090432484,0.31262092328741226,0.31262092328741226,1.240559219394493,0.010000000000000009
1.450000000000001,accelerate,1.0,0.876640990357844,0.8773474768006083,-23.3512806299863,-8.448580441854103,0.14285782440934586,0.49558457980871656,0.31310157578086373,0.31310157578086373,1.242466570558983,0.010000000000000009
1.460000000000001,accelerate,1.0,0.8815888212942802,0.8798922834968115,-23.342469849111847,-8.448476018465845,0.1431552456118524,0.49629269250101815,0.3133264157229233,0.3133264157229233,1.243358792551283,0.010000000000000009
1.470000000000001,accelerate,1.0,0.8892150037992107,0.885485915678251,-23.333580644404602,-8.448358405439922,0.1434047758405998,0.4947073434533116,0.3128230356932955,0.3128230356932955,1.2413612527511726,0.010000000000000009
1.480000000000001,accelerate,1.0,0.8974063716273721,0.8926381892477236,-23.3246065264675,-8.448242561194517,0.143590461695744,0.4904141964457307,0.3114598756554484,0.3114598756554484,1.2359518875216207,0.010000000000000009
1.490000000000001,accelerate,1.0,0.905742038281294,0.9005004986678659,-23.315545821264013,-8.448123121125857,0.1437060815288789,0.48352487597515587,0.30927237861963147,0.30927237861963147,1.2272713437286964,0.010000000000000009
1.500000000000001,accelerate,1.0,0.9131433719626288,0.9080862226447237,-23.306408266064786,-8.44800365705257,0.14375725618910642,0.47465155378040197,0.3064549213563532,0.3064549213563532,1.2160909577633063,0.010000000000000009
1.5100000000000011,accelerate,1.0,0.9196645142241957,0.9150331975924069,-23.29720313000579,-8.447878036207017,0.14374862954716008,0.4644796608690753,0.3032251419191488,0.3032251419191488,1.2032743726950348,0.010000000000000009
1.5200000000000011,accelerate,1.0,0.9252019154344809,0.9211344282976514,-23.287940754083976,-8.447758122765523,0.1436867257252527,0.4536727557295613,0.2997937333992503,0.2997937333992503,1.1896576722192473,0.010000000000000009
1.5300000000000011,accelerate,1.0,0.9294259852974555,0.9261093624975338,-23.27863511462988,-8.447650054577004,0.14358784843324446,0.4429177008229294,0.2963787883652966,0.2963787883652966,1.1761063030368912,0.010000000000000009
1.5400000000000011,accelerate,1.0,0.9323326711972978,0.9298433477173922,-23.269300243124036,-8.447548022332928,0.1434713487827047,0.43283320926751695,0.293176760606622,0.293176760606622,1.1633998436770714,0.010000000000000009
1.5500000000000012,accelerate,1.0,0.9341309025174894,0.9324158805974505,-23.25994792474838,-8.447450596909473,0.14335692613492002,0.42388040749833406,0.29033406698887104,0.29033406698887104,1.1521193134479009,0.010000000000000009
1.5600000000000012,accelerate,1.0,0.935120126535211,0.9340384281601068,-23.250586741619053,-8.447360449189908,0.14326208143923885,0.41632319197278445,0.2879344999151985,0.2879344999151985,1.1425972218857083,0.010000000000000009
1.5700000000000012,accelerate,1.0,0.9357672153778629,0.9350757004907605,-23.241220352754716,-8.447279173971657,0.1431983662634008,0.4101842098583243,0.2859852503142152,0.2859852503142152,1.1348621044214888,0.010000000000000009
1.5800000000000012,accelerate,1.0,0.9365840288207963,0.935980697488782,-23.23184706812429,-8.447206815325579,0.14317013050911495,0.40524332086937936,0.2844164192424453,0.2844164192424453,1.128636584295418,0.010000000000000009
1.5900000000000012,accelerate,1.0,0.9379129615916941,0.9371400559505292,-23.222461623502763,-8.447142515835388,0.14317602607013455,0.4011184880187672,0.283106702315719,0.283106702315719,1.1234392949036467,0.010000000000000009
1.6000000000000012,accelerate,1.0,0.9398941843685634,0.9387925330013498,-23.213057248322983,-8.447087939190968,0.1432106782515045,0.3973745661244347,0.28191793223583056,0.28191793223583056,1.118721953316788,0.010000000000000009
1.6100000000000012,accelerate,1.0,0.9425821611783494,0.9410663099075496,-23.203626525659015,-8.447044960908677,0.14326502905170835,0.3935914102331424,0.2807167045772274,0.2807167045772274,1.1139551768937597,0.010000000000000009
1.6200000000000012,accelerate,1.0,0.9459565334942327,0.9440004440595595,-23.19416218004561,-8.447013226153533,0.14332766040307288,0.3894076595794304,0.27938828006966077,0.27938828006966077,1.1086836510700824,0.010000000000000009
1.6300000000000012,accelerate,1.0,0.9498099543052277,0.9474861502069605,-23.184659045249333,-8.446992631511224,0.14338775834697204,0.3845878031591844,0.2778578792591042,0.2778578792591042,1.1026106319805722,0.010000000000000009
1.6400000000000012,accelerate,1.0,0.9538643043651929,0.9513130427018999,-23.175114839359225,-8.446983254466419,0.14343682355140225,0.37905212748674627,0.2761001915195917,0.2761001915195917,1.0956356806333003,0.010000000000000009
1.6500000000000012,accelerate,1.0,0.9578585745951633,0.955240361837858,-23.16553002345668,-8.446985572964183,0.1434694684091657,0.37286327991214485,0.2741351086377043,0.2741351086377043,1.0878377326893027,0.010000000000000009
1.6600000000000013,accelerate,1.0,0.9615870643366626,0.9590483833371407,-23.155907236309574,-8.44699948823305,0.14348322862097748,0.36618822781748245,0.27201564609660706,0.27201564609660706,1.079427167050028,0.010000000000000009
1.6700000000000013,accelerate,1.0,0.9649000173211686,0.9625593637275575,-23.146250727575094,-8.447024615820629,0.14347873123753802,0.35925647294951957,0.2698146752909315,0.2698146752909315,1.0706931559163948,0.010000000000000009
1.6800000000000013,accelerate,1.0,0.967721273227612,0.9656565094275902,-23.136565588166803,-8.447060406917764,0.1434592253882509,0.3523161805595389,0.2676109936512648,0.2676109936512648,1.061948387505019,0.010000000000000009
1.6900000000000013,accelerate,1.0,0.9700389475382102,0.9682859722939623,-23.12685706630433,-8.44710624448067,0.14342978041708215,0.3455975884480521,0.2654777062840255,0.2654777062840255,1.0534829614445456,0.010000000000000009
1.7000000000000013,accelerate,1.0,0.971934844376303,0.9704752955433668,-23.117129583013178,-8.447161532452764,0.14339607829738843,0.3392734250143736,0.26346965791056387,0.26346965791056387,1.0455145155181107,0.010000000000000009
1.7100000000000013,accelerate,1.0,0.9735242358793051,0.9723046597449297,-23.1073863793362,-8.447225282052615,0.14336373008633974,0.33344205735079097,0.2616180820500232,0.2616180820500232,1.0381669922619967,0.010000000000000009
1.7200000000000013,accelerate,1.0,0.9749764058619965,0.9739077074151697,-23.09762895847461,-8.44729664800142,0.14333745854787297,0.328113200098132,0.2599260632951589,0.2599260632951589,1.0314526321236464,0.010000000000000009
1.7300000000000013,accelerate,1.0,0.9764138146822935,0.975411371775444,-23.087857537576816,-8.44737509205917,0.14332032995791477,0.3232282999113519,0.25837500978785244,0.25837500978785244,1.0252976578883033,0.010000000000000009
1.7400000000000013,accelerate,1.0,0.9779428915105777,0.9769302836165241,-23.078071208196384,-8.447459308524069,0.14331353546557365,0.3186798823245218,0.25693079623568216,0.25693079623568216,1.0195666517288975,0.010000000000000009
1.7500000000000013,accelerate,1.0,0.9796316781715028,0.9785511203495113,-23.06826833810688,-8.447548445881349,0.14331674475647888,0.31433548861759397,0.25555136434585846,0.25555136434585846,1.0140927156581685,0.010000000000000009
1.7600000000000013,hold,1.0,0.9815023990131573,0.9803218875476989,-23.058447035039382,-8.447641413492118,0.1433282376248593,0.31006275535857475,0.2541946860814547,0.2541946860814547,1.0087090717518044,0.010000000000000009
1.7700000000000014,hold,1.0,0.9835484796220714,0.9822578427923223,-23.04860545402095,-8.447736958880391,0.14334547995145297,0.30574657948265194,0.2528242139173317,0.2528242139173317,1.0032706901481416,0.010000000000000009
1.7800000000000014,hold,1.0,0.9857284786401092,0.9843402243009944,-23.0387421560298,-8.44783413040554,0.1433654906286828,0.30130375977522783,0.25141352980383036,0.25141352980383036,0.9976727373167872,0.010000000000000009
1.7900000000000014,hold,1.0,0.9879505090788144,0.9865063951676865,-23.028856639458304,-8.447931812381102,0.14338565508847384,0.29670022102550137,0.24995181418001722,0.24995181418001722,0.9918722784921318,0.010000000000000009
1.8000000000000014,hold,1.0,0.9901363101245524,0.9886843441418061,-23.01894920884155,-8.44802871320676,0.14340399503748358,0.2919466425583924,0.2484424579451408,0.2484424579451408,0.9858827696235746,0.010000000000000009
1.8100000000000014,hold,1.0,0.9922140000576478,0.9908021376913111,-23.009020928536458,-8.44812350825326,0.14341977034560094,0.2870899698267274,0.24690036721938252,0.24690036721938252,0.9797633619816767,0.010000000000000009
1.8200000000000014,hold,1.0,0.9940614223240116,0.9927577084709315,-22.999074145927292,-8.44821874923477,0.14343388188925016,0.28222278631045933,0.24535493910929707,0.24535493910929707,0.9736307107511788,0.010000000000000009
1.8300000000000014,hold,1.0,0.9958013119695843,0.9945838705701232,-22.989109870962338,-8.448316063732062,0.14344413881847837,0.27740273881508076,0.24382447762856443,0.24382447762856443,0.9675574509070017,0.010000000000000009
1.8400000000000014,hold,1.0,0.9976249401113663,0.996408512294869,-22.979127130636254,-8.448405155277166,0.14344717318842268,0.272608430402048,0.2423021888212583,0.2423021888212583,0.9615166223065806,0.010000000000000009
1.8500000000000014,hold,1.0,0.9992560528847941,0.9981170366488241,-22.96912793673432,-8.448489529339692,0.14344507692911004,0.26788406355619176,0.24080210786036202,0.24080210786036202,0.9555639200808017,0.010000000000000009
1.8600000000000014,hold,1.0,1.0006875952889196,0.9996593718328814,-22.959114363458504,-8.448572475242756,0.14343981271557119,0.26329260149949435,0.23934422682811948,0.23934422682811948,0.949778677889363,0.010000000000000009
1.8700000000000014,hold,1.0,1.0020873106197146,1.0011161351049813,-22.94908671832048,-8.448650759314901,0.1434313752825634,0.2588424479007328,0.2379312140574407,0.2379312140574407,0.9441714843549234,0.010000000000000009
1.8800000000000014,hold,1.0,1.003447031302369,1.002514672823414,-22.939045431682054,-8.448722758776027,0.1434209009368896,0.2545262943966272,0.23656074899681706,0.23656074899681706,0.9387331309397502,0.010000000000000009
1.8900000000000015,hold,1.0,1.0047184335248398,1.0038369292442695,-22.928991467850754,-8.448790234739942,0.14341075436771372,0.2503483616984212,0.2352341718064827,0.2352341718064827,0.9334689357400108,0.010000000000000009
1.9000000000000015,hold,1.0,1.005938726607047,1.0050980076619358,-22.918925385325853,-8.44885425448162,0.14340241454169117,0.24630448008169495,0.2339501585155398,0.2339501585155398,0.9283736449029357,0.010000000000000009
1.9100000000000015,hold,1.0,1.0071700927621376,1.006341258722057,-22.908847072802182,-8.448913616645275,0.14339617864816723,0.24236854941751557,0.23270042181104958,0.23270042181104958,0.9234143722660697,0.010000000000000009
1.9200000000000015,hold,1.0,1.0084085839473917,1.0075816538572577,-22.898756470205118,-8.44896847737214,0.14339251023921265,0.2385118046777853,0.2314758282212904,0.2314758282212904,0.9185548738940095,0.010000000000000009
1.9300000000000015,hold,1.0,1.0096194263039386,1.0088043173252663,-22.888653854973892,-8.449018711779535,0.1433915672123415,0.23471921235361567,0.23027160430652008,0.23027160430652008,0.9137762075655559,0.010000000000000009
1.9400000000000015,hold,1.0,1.0108541756576361,1.0100342323246883,-22.87853896021474,-8.449064978330135,0.1433925349504977,0.23096550374831237,0.22907972675016416,0.22907972675016416,0.9090465347228737,0.010000000000000009
1.9500000000000015,hold,1.0,1.0120831782707316,1.0112635998923143,-22.868411838470628,-8.449109713790717,0.1433949830176633,0.227234585589117,0.22789508561625643,0.22789508561625643,0.9043455778422874,0.010000000000000009
1.9600000000000015,hold,1.0,1.0132351944878089,1.012446556649611,-22.858273258458706,-8.449152739666264,0.14339888188443134,0.22353812399736073,0.226721385131642,0.226721385131642,0.8996880362366746,0.010000000000000009
1.9700000000000015,hold,1.0,1.0143460436229625,1.0135862488336218,-22.84812360226865,-8.44919365691242,0.14340343175781337,0.21988409350896268,0.22556115737096585,0.22556115737096585,0.895083957821293,0.010000000000000009
1.9800000000000015,hold,1.0,1.0154177255115753,1.0146851348403938,-22.83796324225125,-8.449232643166441,0.14340806914306695,0.21627786136278587,0.22441610653991179,0.22441610653991179,0.8905401053171103,0.010000000000000009
1.9900000000000015,hold,1.0,1.0164339532053235,1.0157344258593517,-22.827792728862697,-8.449271097987754,0.14341253127370618,0.21272870900681917,0.22328917968384523,0.22328917968384523,0.8860681733485922,0.010000000000000009
2.0000000000000013,hold,1.0,1.0173976069694668,1.0167323345254209,-22.817612578279434,-8.449309566567802,0.1434165197881075,0.2092453650046834,0.2221831482962871,0.2221831482962871,0.8816791599059012,0.009999999999999787
2.010000000000001,hold,1.0,1.0183223276934343,1.017686330426229,-22.807423163841047,-8.449348345059263,0.1434195778415223,0.20583117565436457,0.22109907489377387,0.22109907489377387,0.8773772813244994,0.009999999999999787
2.020000000000001,hold,1.0,1.0192272194205498,1.0186108638228215,-22.797224677026627,-8.449387954733222,0.14342147184232842,0.20248139449394884,0.22003545237971867,0.22003545237971867,0.8731565570623756,0.009999999999999787
2.0300000000000007,accelerate,1.0,1.0200956308671965,1.0195017240494464,-22.787017491122747,-8.449429047367868,0.14342237913025518,0.1991946832976122,0.2189918558406578,0.2189918558406578,0.8690153009549912,0.009999999999999787
2.0400000000000005,accelerate,1.0,1.0209313565323146,1.0203595035391673,-22.776801945827003,-8.449472685768312,0.1434225248860717,0.1959698902451961,0.2179679195506547,0.2179679195506547,0.8649520617089472,0.009999999999999787
2.0500000000000003,accelerate,1.0,1.021751130221342,1.0211944795484722,-22.766578205951227,-8.449519066049522,0.1434220268114878,0.1928008271135109,0.21696167862508198,0.21696167862508198,0.8609590421630238,0.009999999999999787
2.06,accelerate,1.0,1.0225567198968368,1.0220118237574911,-22.75634642732311,-8.449568877820507,0.14342115457424326,0.18967993609949832,0.21597073331031272,0.21597073331031272,0.8570267194853679,0.009999999999999787
2.07,accelerate,1.0,1.0233258162712355,1.0228002192657377,-22.74610698766759,-8.449622313621827,0.143420199509122,0.18660734892507388,0.21499512543068947,0.21499512543068947,0.8531552596455931,0.009999999999999787
2.0799999999999996,accelerate,1.0,1.0240661489314047,1.023559777065138,-22.7358601953541,-8.449680214949932,0.14341957948190062,0.1835833142279951,0.214034933933673,0.214034933933673,0.8493449759272739,0.009999999999999787
2.0899999999999994,accelerate,1.0,1.0247750277485412,1.0242889274751799,-22.725606371800325,-8.449742690369426,0.14341942820870987,0.18060907256150363,0.21309055271972865,0.21309055271972865,0.8455974314274947,0.009999999999999787
2.099999999999999,accelerate,1.0,1.0254583136407824,1.0249905591745414,-22.715345781505505,-8.449810290776531,0.14341984324383666,0.1776842837768258,0.21216187378481774,0.21216187378481774,0.8419121975588005,0.009999999999999787
2.109999999999999,accelerate,1.0,1.0261063527163627,1.0256600352996341,-22.705078778889494,-8.44988280814545,0.14342087275320642,0.17481134910793714,0.21124965956875222,0.21124965956875222,0.8382922998760008,0.009999999999999787
2.1199999999999988,accelerate,1.0,1.0267207370249,1.0262964563347938,-22.694805708998068,-8.449961238263743,0.1434225276678172,0.17199289587191832,0.2103547442972515,0.2103547442972515,0.8347410487986171,0.009999999999999787
2.1299999999999986,accelerate,1.0,1.027309008649953,1.0269039877238892,-22.684526820233312,-8.450045083075398,0.1434244875286185,0.16922902879559368,0.20947716122317692,0.20947716122317692,0.831258576282448,0.009999999999999787
2.1399999999999983,accelerate,1.0,1.0278712809799768,1.0274843636775417,-22.6742423710409,-8.450134403199261,0.1434266584482728,0.16651910608526266,0.20861670656419262,0.20861670656419262,0.8278440736674311,0.009999999999999787
2.149999999999998,accelerate,1.0,1.0283946868579372,1.028030557585779,-22.66395274931733,-8.450229528342712,0.14342890982531697,0.16386656363034804,0.2077744712839081,0.2077744712839081,0.8245018701742385,0.009999999999999787
2.159999999999998,accelerate,1.0,1.028901975400242,1.0285534082744567,-22.653658107702096,-8.450330533345621,0.14343093341508845,0.16126859064487337,0.2069495629015602,0.2069495629015602,0.8212284242125404,0.009999999999999787
2.1699999999999977,accelerate,1.0,1.029380110561616,1.0290494296467525,-22.643358724777777,-8.450436526207053,0.1434324970239192,0.1587249669643942,0.20614191151053446,0.20614191151053446,0.8180234583751368,0.009999999999999787
2.1799999999999975,accelerate,1.0,1.0298265062264704,1.0295156755945833,-22.63305492220421,-8.450547759121196,0.1434336222298001,0.1562372804303941,0.20535202128225874,0.20535202128225874,0.8148889733422966,0.009999999999999787
2.1899999999999973,accelerate,1.0,1.0302706486925317,1.0299686594533524,-22.62274669751431,-8.450663230575172,0.1434337456725984,0.1537981751095905,0.20457755656079718,0.20457755656079718,0.8118157006380841,0.009999999999999787
2.199999999999997,accelerate,1.0,1.0307075224342466,1.030411977241889,-22.612434135985453,-8.450784315916238,0.1434328302240123,0.1513999352199071,0.20381606743102493,0.20381606743102493,0.808793918377083,0.009999999999999787
2.209999999999997,accelerate,1.0,1.031088823011576,1.0308180847037012,-22.602117807307696,-8.45091019651365,0.1434314127213223,0.14905119197539762,0.20307029447602826,0.20307029447602826,0.805834501889001,0.009999999999999787
2.2199999999999966,accelerate,1.0,1.0314461885294115,1.0311949469991273,-22.59179795345364,-8.451040096652745,0.14342971954344313,0.14675484945881118,0.20234115980016176,0.20234115980016176,0.8029411103181022,0.009999999999999787
2.2299999999999964,accelerate,1.0,1.0317688588302212,1.0315392940977837,-22.581474924931058,-8.451173256857867,0.14342802263132937,0.14451518511876696,0.2016300215789109,0.2016300215789109,0.8001191332496465,0.009999999999999787
2.239999999999996,accelerate,1.0,1.0320594539020984,1.0318513899803725,-22.571149053905366,-8.451309758380482,0.14342663164616082,0.14233570729086206,0.20093799377899454,0.20093799377899454,0.7973729911864863,0.009999999999999787
2.249999999999996,accelerate,1.0,1.032327454522157,1.0321370287054432,-22.560820561332463,-8.45144897205713,0.14342556132096201,0.1402163485807627,0.2002650550013638,0.2002650550013638,0.7947025992117611,0.009999999999999787
2.259999999999996,accelerate,1.0,1.0325744189168429,1.032399462832283,-22.5504896598273,-8.451590849105886,0.1434248918771635,0.13815550015388584,0.19961069440886187,0.19961069440886187,0.7921059301938963,0.009999999999999787
2.2699999999999956,accelerate,1.0,1.0328075522878064,1.0326443165055972,-22.54015647449139,-8.451734482949764,0.14342447775031705,0.13614902845733529,0.19897359951577312,0.19897359951577312,0.7895777758562426,0.009999999999999787
2.2799999999999954,accelerate,1.0,1.03302190082618,1.032870867097947,-22.52982119384841,-8.45187977438291,0.143424370552863,0.13419413631764854,0.19835288216357977,0.19835288216357977,0.7871146117602372,0.009999999999999787
2.289999999999995,accelerate,1.0,1.0332223135841534,1.0330817349896708,-22.519483948563163,-8.45202650152277,0.14342437038513076,0.13228731221414125,0.19774742737423415,0.19774742737423415,0.784712013389818,0.009999999999999787
2.299999999999995,accelerate,1.0,1.0334095272632573,1.0332784103538226,-22.50914485784491,-8.452174057466737,0.14342426291809626,0.1304250594665865,0.19715612488183057,0.19715612488183057,0.782365574927899,0.009999999999999787
2.3099999999999947,accelerate,1.0,1.033579237247707,1.0334589064901534,-22.498804096677578,-8.45232246157539,0.14342403910241064,0.12860574296312902,0.19657845550565275,0.19657845550565275,0.7800732361335426,0.009999999999999787
2.3199999999999945,accelerate,1.0,1.0337264159946296,1.033619412192839,-22.488461884119637,-8.452471184365624,0.14342367313188326,0.12683020686399513,0.19601468728345575,0.19601468728345575,0.777836060648634,0.009999999999999787
2.3299999999999943,accelerate,1.0,1.0338534914030424,1.033759859718961,-22.478118417853313,-8.45262017147441,0.14342308501925602,0.12509930267286287,0.19546509058468742,0.19546509058468742,0.7756551213678072,0.009999999999999787
2.339999999999994,accelerate,1.0,1.0339635748885496,1.033882088820714,-22.467773863972102,-8.452769085404721,0.1434222793288755,0.12341286773248646,0.19492961376241913,0.19492961376241913,0.773530213342933,0.009999999999999787
2.349999999999994,accelerate,1.0,1.0340488663376188,1.033982155330857,-22.457428476282974,-8.452917894413982,0.14342147298632477,0.12177300957551386,0.19440892600041718,0.19440892600041718,0.7714639920651475,0.009999999999999787
2.3599999999999937,accelerate,1.0,1.0341098641567308,1.0340587806263812,-22.447082498112092,-8.4530662502772,0.14342083559768737,0.12018225342951433,0.1939038291089394,0.1939038291089394,0.7694596393211881,0.009999999999999787
2.3699999999999934,accelerate,1.0,1.0341466908090877,1.0341115267360053,-22.43673617783728,-8.453214516537347,0.14342049879751523,0.11864301787968119,0.19341509103715637,0.19341509103715637,0.7675202025283983,0.009999999999999787
2.3799999999999932,accelerate,1.0,1.0341779037612715,1.034151352951165,-22.426389562124445,-8.453362049675821,0.14342045102838946,0.11715154172755218,0.1929415175293324,0.1929415175293324,0.7656409425767158,0.009999999999999787
2.389999999999993,accelerate,1.0,1.0341881795172116,1.034173448890793,-22.4160428647654,-8.453509130745193,0.1434207838125012,0.11570748000748986,0.19248299905197822,0.19248299905197822,0.7638214248094374,0.009999999999999787
2.399999999999993,accelerate,1.0,1.0341938994527085,1.0341857192279422,-22.40569612562754,-8.453655529946491,0.1434214599619311,0.11430645185882961,0.1920381445942156,0.1920381445942156,0.7620561293421253,0.009999999999999787
2.4099999999999926,accelerate,1.0,1.0341827001844555,1.0341839078018502,-22.39534951610796,-8.453801247431077,0.1434225997532656,0.11294729841826504,0.19160658619376753,0.19160658619376753,0.760343596007014,0.009999999999999787
2.4199999999999924,accelerate,1.0,1.0341483626021524,1.0341625806820316,-22.385003261421435,-8.453945922160852,0.14342419560779499,0.1116320983203034,0.19118898385866273,0.19118898385866273,0.7586864438835823,0.009999999999999787
2.429999999999992,accelerate,1.0,1.0341391604280892,1.034148528529666,-22.374657095620016,-8.454089828157867,0.14342574251842405,0.1103483180786754,0.19078135795634105,0.19078135795634105,0.7570688807791311,0.009999999999999787
2.439999999999992,accelerate,1.0,1.034127617537996,1.034135981934664,-22.364311053421975,-8.454233786092171,0.14342730268303355,0.10908896661399145,0.1903814886792746,0.1903814886792746,0.7554820979336293,0.009999999999999787
2.4499999999999917,accelerate,1.0,1.034063604119267,1.0340925552454259,-22.353965672170496,-8.454377267983348,0.14342949864814045,0.10786576684744406,0.18999309828940047,0.18999309828940047,0.7539408662277797,0.009999999999999787
2.4599999999999915,accelerate,1.0,1.0339613329603161,1.03401382187436,-22.343621351902204,-8.454520645084019,0.1434328076582993,0.10669068150100844,0.1896199851902002,0.1896199851902002,0.7524602586912706,0.009999999999999787
2.4699999999999913,accelerate,1.0,1.033828783905266,1.0339027990929037,-22.333278394829392,-8.454664114029839,0.14343721850281746,0.10557191365881852,0.18926475402494808,0.18926475402494808,0.7510506112101114,0.009999999999999787
2.479999999999991,accelerate,1.0,1.0337157821575607,1.0337905889316978,-22.32293651944233,-8.454804172060085,0.1434414776087783,0.1044996122276614,0.18892427687452706,0.18892427687452706,0.7496995114068534,0.009999999999999787
2.489999999999991,accelerate,1.0,1.0337533421821066,1.033768240881943,-22.31259419134991,-8.454944740412872,0.14344310324586665,0.10341719316683262,0.18858058717433274,0.18858058717433274,0.7483356633902093,0.009999999999999787
2.4999999999999907,accelerate,1.0,1.0338115302552122,1.0337942145059045,-22.302251236347463,-8.455085788592184,0.14344298416749984,0.10230098434317665,0.1882261685486455,0.1882261685486455,0.7469292402724027,0.009999999999999787
2.5099999999999905,accelerate,1.0,1.0337011372113285,1.0337383681291588,-22.291909433898347,-8.455227977562735,0.14344372699196747,0.10120133559426951,0.18787700807789248,0.18787700807789248,0.7455436828487797,0.009999999999999787
2.5199999999999902,accelerate,1.0,1.033524697091313,1.0336101655064514,-22.281569466811018,-8.45537267218796,0.14344552695349866,0.10015403642138815,0.18754446964451918,0.18754446964451918,0.7442240858909491,0.009999999999999787
2.52999999999999,accelerate,1.0,1.0334742952531657,1.03352864335448,-22.27122990855257,-8.455512810681086,0.1434460524026113,0.09912454027584262,0.18721758402838556,0.18721758402838556,0.7429269207475617,0.009999999999999787
2.53999999999999,accelerate,1.0,1.0334315078103304,1.0334703620279901,-22.260890747181264,-8.455652347316036,0.1434456549181688,0.09809742336559688,0.18689145386704434,0.18689145386704434,0.7416327534406522,0.009999999999999787
2.5499999999999896,accelerate,1.0,1.0332288477748917,1.0333254534761311,-22.250553670405303,-8.455792178886165,0.14344673194843421,0.09711896337844891,0.18658077325192512,0.18658077325192512,0.7403998938568457,0.009999999999999787
2.5599999999999894,accelerate,1.0,1.032996883443743,1.0331283114566983,-22.24021895405223,-8.455933562605336,0.1434482728472623,0.09620838819479423,0.18629164741961107,0.18629164741961107,0.7392525691254408,0.009999999999999787
2.569999999999989,accelerate,1.0,1.0329743462408172,1.0330359323271696,-22.22988436260753,-8.456072825378588,0.1434473260914401,0.09529745270197142,0.18600240718192998,0.18600240718192998,0.7381047904044841,0.009999999999999787
2.579999999999989,accelerate,1.0,1.0328664197874042,1.0329342248033104,-22.219550831791327,-8.45621145444,0.1434457168209505,0.09439186630668765,0.18571486538969947,0.18571486538969947,0.7369637515464265,0.009999999999999787
2.5899999999999888,accelerate,1.0,1.0325811716311186,1.0327223928999953,-22.209220178431615,-8.456346793473697,0.1434459101695142,0.09355018768511103,0.18544761559377648,0.18544761559377648,0.73590323648324,0.009999999999999787
2.5999999999999885,accelerate,1.0,1.0322919065483787,1.0324641010890252,-22.19889244575752,-8.456481463308261,0.14344705698031188,0.0927859741564188,0.18520496251414612,0.18520496251414612,0.7349403274370877,0.009999999999999787
2.6099999999999883,accelerate,1.0,1.032065566934647,1.0322249805963983,-22.188567007232134,-8.456617666845586,0.14344844648802338,0.09207528408939722,0.18497930420406541,0.18497930420406541,0.7340448579526405,0.009999999999999787
2.619999999999988,accelerate,1.0,1.031805374199103,1.0319732167580211,-22.178244200233596,-8.456753306870183,0.143450964604588,0.09141585082513698,0.18476992095399752,0.18476992095399752,0.7332139720396728,0.009999999999999787
2.629999999999988,accelerate,1.0,1.031548461069406,1.0317183633448521,-22.16792392572108,-8.456886694054546,0.14345323495926376,0.09080083827246806,0.18457464216827407,0.18457464216827407,0.7324390562233098,0.009999999999999787
2.6399999999999877,accelerate,1.0,1.031456329756153,1.0315611431916327,-22.157604479823885,-8.457018994594565,0.1434529709626526,0.09017091246889133,0.18437462812712238,0.18437462812712238,0.7316453497108031,0.009999999999999787
2.6499999999999875,accelerate,1.0,1.031322098609295,1.0314177164422302,-22.147286316497507,-8.45714960146822,0.1434512770633089,0.08952277713461886,0.1841688321957842,0.1841688321957842,0.7308286991896198,0.009999999999999787
2.6599999999999873,accelerate,1.0,1.0310822325670241,1.0312164261171066,-22.136970500796988,-8.45727608615399,0.1434492439951677,0.08889203517604641,0.18396855900909828,0.18396855900909828,0.7300339643218186,0.009999999999999787
2.669999999999987,accelerate,1.0,1.0308610489176653,1.0310031997974418,-22.126656861085998,-8.457400925846262,0.14344632263717172,0.08828300270738937,0.1837751790196503,0.1837751790196503,0.7292665834113107,0.009999999999999787
2.679999999999987,accelerate,1.0,1.0306320855950226,1.0307805312759903,-22.116345489632018,-8.45752411825424,0.14344291173515772,0.08769788199285819,0.18358939149037234,0.18358939149037234,0.7285293313110014,0.009999999999999787
2.6899999999999866,accelerate,1.0,1.0303460006368832,1.0305198128925261,-22.106036968627873,-8.457643819819353,0.14344003573968087,0.08715380603745466,0.18341663649301262,0.18341663649301262,0.7278437956071929,0.009999999999999787
2.6999999999999864,accelerate,1.0,1.0300181423925812,1.0302188105925592,-22.095731714467526,-8.457759078483045,0.1434380300255483,0.08666594281336651,0.18326173016210015,0.18326173016210015,0.7272290879448419,0.009999999999999787
2.709999999999986,accelerate,1.0,1.0297210886033108,1.02992017739901,-22.085429423778464,-8.457871546814392,0.14343648850689117,0.08622388931849681,0.18312136933640913,0.18312136933640913,0.726672100541306,0.009999999999999787
2.719999999999986,accelerate,1.0,1.029417264859218,1.0296184298751347,-22.075130164931416,-8.45798078996463,0.14343562811160854,0.0858222402060813,0.18299383771023495,0.18299383771023495,0.7261660226596625,0.009999999999999787
2.7299999999999858,accelerate,1.0,1.0290875844978544,1.0292999226487667,-22.064834188616423,-8.458085184186269,0.14343581394067356,0.08546399327312985,0.1828800871440842,0.1828800871440842,0.7257146315241437,0.009999999999999787
2.7399999999999856,accelerate,1.0,1.0287672792188804,1.028980336590835,-22.05454139571175,-8.458185406105875,0.14343667104698415,0.08514327480922079,0.1827782526174238,0.1827782526174238,0.7253105262596183,0.009999999999999787
2.7499999999999853,accelerate,1.0,1.02846902127157,1.028673547399276,-22.04425155648457,-8.458281955213026,0.1434377403244179,0.08484796989944172,0.18268448740247076,0.18268448740247076,0.7249384420732966,0.009999999999999787
2.759999999999985,accelerate,1.0,1.0281828759916545,1.028379144554703,-22.033964540850075,-8.45837423615653,0.14343892151301782,0.08456851666167012,0.1825957554104135,0.1825957554104135,0.7245863309937044,0.009999999999999787
2.769999999999985,accelerate,1.0,1.0278926702223263,1.028087259955277,-22.02368038407972,-8.458461745513729,0.14344017637434386,0.08430245832026281,0.18251127656584987,0.18251127656584987,0.7242510974835312,0.009999999999999787
2.7799999999999847,accelerate,1.0,1.0276100860769226,1.0278009556282643,-22.013399006454186,-8.458545250578798,0.1434410895994745,0.08404617364240183,0.18242990105493545,0.18242990105493545,0.7239281787894264,0.009999999999999787
2.7899999999999845,accelerate,1.0,1.0273416970488118,1.027525400480593,-22.003120262815603,-8.45862476667595,0.14344149586474148,0.0837939612147194,0.1823498185648977,0.1823498185648977,0.7236103911305465,0.009999999999999787
2.7999999999999843,accelerate,1.0,1.0270562963294376,1.0272439379898997,-21.992844329114956,-8.45870023060103,0.14344153036167664,0.08355009590173021,0.1822723864507174,0.1822723864507174,0.7233031208361801,0.009999999999999787
2.809999999999984,accelerate,1.0,1.026754338868302,1.026950178516941,-21.982571373573688,-8.458771654187313,0.14344120635274948,0.08332145740344242,0.18219978915474105,0.18219978915474105,0.7230150363283375,0.009999999999999787
2.819999999999984,accelerate,1.0,1.026459966415468,1.0266560512560572,-21.972301323731173,-8.458839444937983,0.14344045773820618,0.08310725343976647,0.18213177511219467,0.18213177511219467,0.7227451393341058,0.009999999999999787
2.8299999999999836,accelerate,1.0,1.0261537591012229,1.0263546759631565,-21.962034307303924,-8.458903953140794,0.14343943196062814,0.08291053369173515,0.18206931265779977,0.18206931265779977,0.7224972724515863,0.009999999999999787
2.8399999999999834,accelerate,1.0,1.025832558634463,1.0260414055659404,-21.951770477009553,-8.458964868101264,0.1434382753324306,0.08273627482407866,0.18201398198214147,0.18201398198214147,0.7222777062783392,0.009999999999999787
2.849999999999983,accelerate,1.0,1.0255111620248087,1.0257232594412613,-21.941509842546665,-8.459022757532898,0.14343705004047105,0.08258478606769519,0.18196588127221458,0.18196588127221458,0.722086830445296,0.009999999999999787
2.859999999999983,accelerate,1.0,1.0251870281088973,1.025401520641843,-21.93125243252578,-8.4590777110862,0.14343575371801862,0.08245566250418838,0.18192488195832993,0.18192488195832993,0.7219241347552775,0.009999999999999787
2.869999999999983,accelerate,1.0,1.024858241107875,1.0250755529214621,-21.920998302183968,-8.459130154687,0.1434345332636766,0.0823489457392938,0.1818909972511406,0.1818909972511406,0.7217896716315103,0.009999999999999787
2.8799999999999826,accelerate,1.0,1.0245275135147094,1.0247467292774104,-21.910747475879752,-8.459180247124218,0.14343350313187647,0.08226396410649557,0.1818640138830945,0.1818640138830945,0.7216825947741845,0.009999999999999787
2.8899999999999824,accelerate,1.0,1.024196629355817,1.0244166693244543,-21.90049995747836,-8.45922832325287,0.14343264878205345,0.08219933377014663,0.18184349245869696,0.18184349245869696,0.7216011605503848,0.009999999999999787
2.899999999999982,accelerate,1.0,1.023875217959222,1.024091798505315,-21.89025565025398,-8.45927460076307,0.14343185700839875,0.0821505187040358,0.18182799269890546,0.18182799269890546,0.7215396535670852,0.009999999999999787
2.909999999999982,accelerate,1.0,1.0235493911065365,1.023766354066048,-21.880014602844152,-8.459319239365628,0.14343122620839455,0.0821169368366178,0.1818173297843629,0.1818173297843629,0.7214973404141385,0.009999999999999787
2.9199999999999817,accelerate,1.0,1.0232255244731068,1.0234418563102832,-21.869776795385935,-8.459362290539847,0.14343073496399394,0.08209731316355526,0.18181109887569208,0.18181109887569208,0.7214726145860797,0.009999999999999787
2.9299999999999815,accelerate,1.0,1.0229033296090106,1.0231187402895197,-21.859542212910114,-8.45940412840233,0.1434303496088963,0.08209038830204173,0.18180890009366432,0.18180890009366432,0.7214638892605727,0.009999999999999787
2.9399999999999813,accelerate,1.0,1.0225855269794244,1.0227988123034626,-21.849310810672318,-8.459444971430207,0.14342999675955181,0.08209417870334479,0.18181010362188604,0.18181010362188604,0.7214686651662144,0.009999999999999787
2.949999999999981,accelerate,1.0,1.022263792107807,1.0224778001860693,-21.839082628071225,-8.459484649326093,0.14342972094953008,0.08210936082106843,0.18181492424790566,0.18181492424790566,0.7214877946345463,0.009999999999999787
2.959999999999981,accelerate,1.0,1.021941336227878,1.0221559218111544,-21.828857676826466,-8.45952382042808,0.14342953011393578,0.08213636684452429,0.1818234992004734,0.1818234992004734,0.7215218222241008,0.009999999999999787
2.9699999999999807,accelerate,1.0,1.021619664057229,1.0218341671587992,-21.818635949056713,-8.459562530769317,0.14342943077873166,0.08217501894962097,0.18183577201688367,0.18183577201688367,0.7215705238765225,0.009999999999999787
2.9799999999999804,accelerate,1.0,1.0212938568948116,1.0215099810004067,-21.808417482378765,-8.45960058410831,0.143429356794662,0.08222654105832669,0.18185213131683992,0.18185213131683992,0.7216354417334917,0.009999999999999787
2.9899999999999802,accelerate,1.0,1.02098259810357,1.0211935512623047,-21.79820213280041,-8.459638328733647,0.1434292994607393,0.08228647878817298,0.1818711627448207,0.1818711627448207,0.721710963273098,0.009999999999999787
2.99999999999998,accelerate,1.0,1.020662656850018,1.0208750146149326,-21.787989987699138,-8.45967577687639,0.14342928137552052,0.08235649121955797,0.18189339309203406,0.18189339309203406,0.7217991789366431,0.009999999999999787
3.00999999999998,accelerate,1.0,1.020346724639692,1.0205580406297883,-21.77778100565947,-8.459712837968935,0.14342929093991583,0.08243595714441364,0.18191862511249424,0.18191862511249424,0.7218993060019613,0.009999999999999787
3.0199999999999796,accelerate,1.0,1.0200329863843254,1.0202430080825104,-21.767575162473527,-8.459749417765682,0.14342928133273516,0.0825241660126833,0.18194663319234722,0.18194663319234722,0.722010449175981,0.009999999999999787
3.0299999999999794,hold,1.0,1.0197267755722614,1.0199332685763611,-21.757372382058193,-8.459785870661399,0.14342917083940226,0.08261874268651133,0.18197666317782107,0.18197666317782107,0.7221296157850042,0.009999999999999787
3.039999999999979,hold,1.0,1.0194248686716922,1.0196282286335598,-21.747172622955592,-8.459821900967357,0.1434290677351318,0.08271806751493792,0.18200820079734312,0.18200820079734312,0.7222547650688219,0.009999999999999787
3.049999999999979,hold,1.0,1.0191124297709808,1.0193187493160125,-21.736975993747144,-8.459857464368657,0.14342908889420677,0.08282570121213209,0.1820423766488762,0.1820423766488762,0.7223903835272866,0.009999999999999787
3.0599999999999787,hold,1.0,1.018803184642911,1.0190094105121517,-21.72678246193322,-8.459892744535258,0.14342919817544317,0.08294207318474091,0.18207932707761895,0.18207932707761895,0.7225370122127737,0.009999999999999787
3.0699999999999785,hold,1.0,1.0184905816599727,1.0186981132008444,-21.716592055339877,-8.45992717962481,0.14342931537692255,0.0830686489507923,0.1821195174148556,0.1821195174148556,0.7226964976779984,0.009999999999999787
3.0799999999999783,hold,1.0,1.0181896068354064,1.0183930093815814,-21.70640465629996,-8.459961138410959,0.14342933441278757,0.0832022533145332,0.18216193947243062,0.18216193947243062,0.722864839176312,0.009999999999999787
3.089999999999978,hold,1.0,1.0178915288676424,1.0180921210732181,-21.696220237117746,-8.45999414201305,0.14342937106091547,0.0833413609848292,0.182206108939903,0.182206108939903,0.7230401148408849,0.009999999999999787
3.099999999999978,hold,1.0,1.017588095195807,1.0177897055467715,-21.686038850589213,-8.460026155326052,0.14342940425778522,0.0834877945802024,0.1822526045351059,0.1822526045351059,0.7232246211710551,0.009999999999999787
3.1099999999999777,hold,1.0,1.0172969988000402,1.0174940814987328,-21.675860370727605,-8.46005695002362,0.14342938434957236,0.0836385723833743,0.18230047950316902,0.18230047950316902,0.7234146012030517,0.009999999999999787
3.1199999999999775,hold,1.0,1.0170005891313867,1.0171979860783251,-21.665684851652806,-8.460086700072846,0.1434293109669195,0.08379514710533878,0.1823501951088872,0.1823501951088872,0.723611885352727,0.009999999999999787
3.1299999999999772,hold,1.0,1.0167007166814508,1.0168996244402004,-21.6555123273426,-8.460114907234614,0.14342922356016582,0.0839596444567588,0.1824024263079101,0.1824024263079101,0.7238191520155163,0.009999999999999787
3.139999999999977,hold,1.0,1.016408957206203,1.016605224099802,-21.645342716935723,-8.460141893139438,0.14342907671894098,0.08413044914892655,0.1824566602137672,0.1824566602137672,0.7240343659276476,0.009999999999999787
3.149999999999977,hold,1.0,1.0161146492195703,1.016310879171663,-21.63517604196695,-8.460167081500195,0.14342881161617982,0.08430833087051648,0.1825131412180064,0.1825131412180064,0.7242584968968508,0.009999999999999787
3.1599999999999766,hold,1.0,1.0158275140413053,1.0160208600934484,-21.625012232126778,-8.460190449334725,0.1434284575120368,0.08449162030043164,0.18257133927779307,0.18257133927779307,0.7244894415785439,0.009999999999999787
3.1699999999999764,hold,1.0,1.0155466504555286,1.0157363343106964,-21.61485122531759,-8.46021185807574,0.1434280395753002,0.08467832711748192,0.18263062242634287,0.18263062242634287,0.7247246921680273,0.009999999999999787
3.179999999999976,hold,1.0,1.0152525156355245,1.0154460431055932,-21.604693155706435,-8.460231240209728,0.14342758912351622,0.08487284402567753,0.18269238543503316,0.18269238543503316,0.7249697834723539,0.009999999999999787
3.189999999999976,hold,1.0,1.0149678715377566,1.0151591401648912,-21.594537926606982,-8.46024836031027,0.1434270668108252,0.08507382832377043,0.1827562019693636,0.1827562019693636,0.7252230236879508,0.009999999999999787
3.1999999999999758,hold,1.0,1.0146847590616748,1.0148745115029614,-21.584385526565917,-8.460263434914287,0.14342655185093586,0.08528077811522296,0.18282191266714562,0.18282191266714562,0.725483780425181,0.009999999999999787
3.2099999999999755,hold,1.0,1.0143983834107508,1.014588834647635,-21.574235988723583,-8.460276007614691,0.1434260793130973,0.08549505348546382,0.1828899493827045,0.1828899493827045,0.7257537673916845,0.009999999999999787
3.2199999999999753,hold,1.0,1.0141252565924381,1.014310687814517,-21.564089180596905,-8.460286140374558,0.14342562996329228,0.08571316049484126,0.182959202720322,0.182959202720322,0.7260285822235001,0.009999999999999787
3.229999999999975,hold,1.0,1.0138405125449814,1.0140285826527955,-21.553945221409833,-8.460293630482628,0.14342528994916043,0.08593839754916258,0.1830307199898101,0.1830307199898101,0.7263123809119448,0.009999999999999787
3.239999999999975,hold,1.0,1.0135598438224087,1.0137473393545635,-21.54380406961929,-8.460298749869246,0.14342500082422152,0.08617085227860416,0.18310452901550242,0.18310452901550242,0.7266052738710413,0.009999999999999787
3.2499999999999747,hold,1.0,1.0132719935151013,1.0134621318508863,-21.533665794167447,-8.460301310380428,0.14342467316233773,0.0864131707011428,0.18318146996102688,0.18318146996102688,0.72691059508344,0.009999999999999787
3.2599999999999745,hold,1.0,1.0129937915480585,1.0131811276691896,-21.52353029900739,-8.460301548109326,0.14342429866202983,0.08666312775342526,0.1832608363242676,0.1832608363242676,0.7272255409693158,0.009999999999999787
3.2699999999999743,hold,1.0,1.0127109657932745,1.0128990305436405,-21.513397631009255,-8.460299107765561,0.1434239110647903,0.08692174746373564,0.18334295325468536,0.18334295325468536,0.727551401804307,0.009999999999999787
3.279999999999974,hold,1.0,1.0124398544094881,1.012623524863149,-21.503267669203645,-8.46029389790857,0.14342338452243833,0.08718574555724143,0.18342677792933532,0.18342677792933532,0.7278840394021243,0.009999999999999787
3.289999999999974,hold,1.0,1.012181311030002,1.0123581965632606,-21.493140288548027,-8.460286467875317,0.14342269314093503,0.08745052999844427,0.18351085228510605,0.18351085228510605,0.7282176677980399,0.009999999999999787
3.2999999999999736,hold,1.0,1.0119109164628215,1.0120898285029971,-21.483015612923328,-8.460276483138184,0.14342199565825625,0.08771942708770472,0.183596232488888,0.183596232488888,0.728556478130508,0.009999999999999787
3.3099999999999734,hold,1.0,1.0116510923711506,1.0118265868238892,-21.472893537798324,-8.460263954905454,0.14342131513317438,0.08799075025791486,0.18368238302189313,0.18368238302189313,0.7288983453249728,0.009999999999999787
3.319999999999973,hold,1.0,1.0113868717625067,1.0115627577870596,-21.4627741072357,-8.460249264509278,0.14342062943134395,0.08826617122101955,0.18376983468609814,0.18376983468609814,0.7292453757384847,0.009999999999999787
3.329999999999973,hold,1.0,1.0111290636003105,1.01130254127501,-21.452657257418142,-8.460232079762196,0.1434199484019422,0.08854478452094039,0.18385829998108902,0.18385829998108902,0.729596428496385,0.009999999999999787
3.3399999999999728,hold,1.0,1.0108768822748018,1.011047145874885,-21.442542937588392,-8.460213149318145,0.1434194142767028,0.08882519391101885,0.18394733557062673,0.18394733557062673,0.7299497443278838,0.009999999999999787
3.3499999999999726,hold,1.0,1.0106141266368096,1.01078733433204,-21.432431254515386,-8.4601917704592,0.1434190767741738,0.0891111905773796,0.18403814523212958,0.18403814523212958,0.7303101001274983,0.009999999999999787
3.3599999999999723,hold,1.0,1.0103578311730754,1.0105296324366613,-21.42232214017316,-8.460168260467757,0.1434188181082857,0.08940234708417148,0.18413059324616615,0.18413059324616615,0.7306769573260562,0.009999999999999787
3.369999999999972,hold,1.0,1.0101188420530773,1.0102831582065108,-21.412215418855006,-8.460143198890659,0.1434185525734625,0.08969342857567886,0.18422301744134958,0.18422301744134958,0.7310437200053554,0.009999999999999787
3.379999999999972,hold,1.0,1.0098782632715295,1.010040221245522,-21.402111107684746,-8.460116182430726,0.14341832534207322,0.08998428293556823,0.18431536951770164,0.18431536951770164,0.731410196498816,0.009999999999999787
3.3899999999999717,hold,1.0,1.009640352824574,1.0098003001929532,-21.392009184954382,-8.460087366099101,0.14341828902508227,0.09027504263788536,0.18440769153838138,0.18440769153838138,0.7317765537237356,0.009999999999999787
3.3999999999999715,hold,1.0,1.0094041181095452,1.0095625909429085,-21.38190963356004,-8.460056720183633,0.1434184329959593,0.09056622274716232,0.184500147046679,0.184500147046679,0.7321434406614246,0.009999999999999787
3.4099999999999713,hold,1.0,1.0091742753561812,1.009329601590872,-21.371812385630385,-8.46002468463363,0.14341863300898566,0.09085687800132307,0.1845924359029801,0.1845924359029801,0.7325096662816671,0.009999999999999787
3.419999999999971,hold,1.0,1.008945905210631,1.0090993837627273,-21.36171742823613,-8.459991186406942,0.1434189383499241,0.09114726153157292,0.18468463848150507,0.18468463848150507,0.7328755495297821,0.009999999999999787
3.429999999999971,hold,1.0,1.0087204605782591,1.0088720298520464,-21.35162473343992,-8.45995626109676,0.1434193922053757,0.09143750701164802,0.1847767972263385,0.1847767972263385,0.7332412588346766,0.009999999999999787
3.4399999999999706,hold,1.0,1.0084932499932033,1.0086447619367407,-21.341534318749204,-8.459919943046566,0.1434199911953832,0.09172918752143232,0.1848694116218052,0.1848694116218052,0.7336087762770047,0.009999999999999787
3.4499999999999704,hold,1.0,1.0082698345417016,1.0084198054997173,-21.331446143591993,-8.459882327581393,0.14342065766534434,0.09202237028951007,0.18496250301432526,0.18496250301432526,0.7339781865647828,0.009999999999999787
3.45999999999997,hold,1.0,1.008061270491336,1.0082046844946886,-21.321360058967873,-8.459843477445746,0.14342138705939442,0.09231306760316463,0.18505480522535686,0.18505480522535686,0.7343444651799875,0.009999999999999787
3.46999999999997,hold,1.0,1.0078413987617558,1.007986713054929,-21.311276178701647,-8.459803527741483,0.14342220746308776,0.09260480738289688,0.18514743844021742,0.18514743844021742,0.73471205730245,0.009999999999999787
3.47999999999997,hold,1.0,1.0076317564876098,1.0077737391145374,-21.301194400887546,-8.459762077315528,0.14342312046686898,0.09289623327340765,0.1852399719889724,0.1852399719889724,0.7350792539244937,0.009999999999999787
3.4899999999999696,hold,1.0,1.00742375539489,1.007563748882749,-21.291114706053428,-8.459719529879337,0.1434240517245265,0.09318730258602134,0.18533239231711351,0.18533239231711351,0.735446001258387,0.009999999999999787
3.4999999999999694,hold,1.0,1.0072234875126171,1.00735959206067,-21.28103701585375,-8.459676313927377,0.14342500170862546,0.0934764356937453,0.185424197861478,0.185424197861478,0.7358103089741191,0.009999999999999787
3.509999999999969,hold,1.0,1.0070222170209613,1.0071571670368447,-21.270961345175458,-8.459631769955543,0.1434260907325004,0.09376452242324629,0.18551567115982917,0.18551567115982917,0.7361732982532904,0.009999999999999787
3.519999999999969,hold,1.0,1.006817023301999,1.0069530807959373,-21.260887733248655,-8.459586046622835,0.1434273335010972,0.09405407777647463,0.18560761077558627,0.18560761077558627,0.7365381379983582,0.009999999999999787
3.5299999999999687,hold,1.0,1.0066167009624025,1.0067512528958165,-21.250816129358306,-8.459539477658634,0.14342869786216017,0.09434502842005038,0.18569999342393442,0.18569999342393442,0.7369047358092636,0.009999999999999787
3.5399999999999685,hold,1.0,1.006419425277859,1.0065521563250421,-21.240746503316615,-8.459491697016526,0.14343016764094804,0.09463704683000453,0.18579271510946307,0.18579271510946307,0.7372726790058058,0.009999999999999787
3.5499999999999683,hold,1.0,1.0062358770360766,1.0063623887516628,-21.230678715235705,-8.459443031328115,0.14343169628775593,0.09492632211545046,0.18588456579809784,0.18588456579809784,0.7376371658654676,0.009999999999999787
3.559999999999968,hold,1.0,1.0060495297406769,1.0061746733450714,-21.220612800375285,-8.459393095506213,0.1434334902617101,0.095213633365072,0.18597579286607768,0.18597579286607768,0.7379991780399908,0.009999999999999787
3.569999999999968,hold,1.0,1.005849883180102,1.0059797992460897,-21.210548896048262,-8.45934235990049,0.14343574892208744,0.09550451729430894,0.186068154331289,0.186068154331289,0.7383656917908294,0.009999999999999787
3.5799999999999677,hold,1.0,1.0056424359527318,1.005777381270075,-21.200487087628744,-8.459290744929792,0.14343874490078415,0.09580365946014373,0.18616313795178485,0.18616313795178485,0.7387426109197811,0.009999999999999787
3.5899999999999674,hold,1.0,1.00543818110482,1.005573861170922,-21.190427354087586,-8.459238524001986,0.14344293829981383,0.09611141477696791,0.18626085641998286,0.18626085641998286,0.7391303826189796,0.009999999999999787
3.5999999999999672,hold,1.0,1.0051972356800862,1.0053478858764207,-21.180370094084203,-8.459185512307144,0.14344944873785767,0.096439498784789,0.18636502965414622,0.18636502965414622,0.7395437684688342,0.009999999999999787
3.609999999999967,hold,1.0,1.0049342665182408,1.0050997142615128,-21.170315526804057,-8.459127072752272,0.14345784127348796,0.09679730260388662,0.1864786395227861,0.1864786395227861,0.7399946012808972,0.009999999999999787
3.619999999999967,hold,1.0,1.0049706086602088,1.0050222509007303,-21.16026045183595,-8.459071942912235,0.14346262253482148,0.09708929055735278,0.18657135153777066,0.18657135153777066,0.7403625061022645,0.009999999999999787
3.6299999999999666,hold,1.0,1.0050581220884132,1.00504377361334,-21.150204380961654,-8.4590162623762,0.1434638258590871,0.09727621051257442,0.18663070236195264,0.18663070236195264,0.7405980252458438,0.009999999999999787
3.6399999999999664,hold,1.0,1.004986863721664,1.0050096276783345,-21.140148989762537,-8.45895618126152,0.14346342599931275,0.09740870813668628,0.18667277300756063,0.18667277300756063,0.7407649722522247,0.009999999999999787
3.649999999999966,hold,1.0,1.0049373940701305,1.004966287513412,-21.130093982881682,-8.458898878756026,0.14345963100767234,0.09750282583046095,0.18670265725768798,0.18670265725768798,0.7408835605463808,0.009999999999999787
3.659999999999966,hold,1.0,1.004995558402834,1.0049838500470651,-21.120038270617293,-8.458841474496623,0.143451399616129,0.09753396001738238,0.18671254298471926,0.18671254298471926,0.7409227896219018,0.009999999999999787
3.6699999999999657,hold,1.0,1.0049046639292658,1.0049363383763856,-21.10998344936793,-8.458783450170731,0.14344172519027223,0.09754939916040359,0.18671744522141137,0.18671744522141137,0.7409422429421086,0.009999999999999787
3.6799999999999655,hold,1.0,1.0046019850691874,1.0047357263920667,-21.099931757094623,-8.458721442377342,0.14343392193090684,0.09763452351779651,0.18674447390737078,0.18674447390737078,0.7410494996324237,0.009999999999999787
3.6899999999999653,hold,1.0,1.0043065884023794,1.0044782435982542,-21.089883083085546,-8.458659603910736,0.14342751500481515,0.09780722621365603,0.1867993104673601,0.1867993104673601,0.7412671050292067,0.009999999999999787
3.699999999999965,hold,1.0,1.004042906797358,1.0042170415177165,-21.07983710030343,-8.458599918789686,0.14342266930121875,0.09805378377824354,0.1868775974252679,0.1868775974252679,0.7415777675605869,0.009999999999999787
3.709999999999965,hold,1.0,1.0037405571708702,1.0039311509096087,-21.0697942434548,-8.458539205061147,0.14342067047765447,0.09837446201462721,0.18697941917888447,0.18697941917888447,0.7419818221384304,0.009999999999999787
3.7199999999999647,hold,1.0,1.0034260843214713,1.0036281109567264,-21.059754632737725,-8.458475495204231,0.14342139878479893,0.0987656129221589,0.18710361741504392,0.18710361741504392,0.7424746722819203,0.009999999999999787
3.7299999999999645,hold,1.0,1.0032353407971064,1.0033924488609545,-21.049716943042252,-8.458413290608702,0.1434229239218585,0.09917921609272516,0.18723494469376212,0.18723494469376212,0.7429958122768338,0.009999999999999787
3.7399999999999642,hold,1.0,1.0031136920172379,1.0032251947547246,-21.039680477120882,-8.458350866354264,0.14342484620096665,0.09957583243398448,0.18736087831443876,0.18736087831443876,0.7434955488668205,0.009999999999999787
3.749999999999964,hold,1.0,1.0029846388127674,1.0030808611895503,-21.02964531939173,-8.458286535806977,0.14342720507922252,0.0999477676010771,0.18747897516869402,0.18747897516869402,0.7439641871773572,0.009999999999999787
3.759999999999964,hold,1.0,1.0028870600618531,1.002964580512932,-21.01961113386558,-8.45822009672723,0.14342924491203202,0.10028595986841518,0.1875863579774192,0.1875863579774192,0.7443903094342033,0.009999999999999787
3.7699999999999636,hold,1.0,1.0028466865852943,1.0028938441563493,-21.00957731268771,-8.458153156426928,0.14343002733568277,0.10057360556946682,0.18767769124041714,0.18767769124041714,0.7447527430175284,0.009999999999999787
3.7799999999999634,hold,1.0,1.0028004229438474,1.0028377914288482,-20.999543927937886,-8.458084657957542,0.14342965031433014,0.10081345343042676,0.18775384773322912,0.18775384773322912,0.7450549513223378,0.009999999999999787
3.789999999999963,hold,1.0,1.0027211303122232,1.0027677947588733,-20.98951132783573,-8.45801372460541,0.14342839362322124,0.10102291539762934,0.18782035609705527,0.18782035609705527,0.745318873401013,0.009999999999999787
3.799999999999963,hold,1.0,1.0026339635956374,1.0026874960609318,-20.979479594549158,-8.457940518271572,0.14342630957600472,0.10121407021147802,0.1878810515735485,0.1878810515735485,0.7455597284664623,0.009999999999999787
3.8099999999999627,hold,1.0,1.002531803463803,1.0025940805026545,-20.969448887071035,-8.457865251033583,0.1434236720443096,0.10139815891380877,0.1879395034183126,0.1879395034183126,0.7457916802313992,0.009999999999999787
3.8199999999999625,hold,1.0,1.002393853866803,1.0024739445211437,-20.959419584112656,-8.457787466388709,0.14342102700008078,0.10159154406226309,0.1880009070706498,0.1880009070706498,0.7460353455184515,0.009999999999999787
3.8299999999999623,hold,1.0,1.0022313752879717,1.0023284029812405,-20.949391943703382,-8.457706911150016,0.14341874476204872,0.10180679929322675,0.18806925491158538,0.18806925491158538,0.7463065671094657,0.009999999999999787
3.839999999999962,hold,1.0,1.0020704790946116,1.0021736486492632,-20.93936595499722,-8.457623556138362,0.14341702984258986,0.10204549822473685,0.18814504659631848,0.18814504659631848,0.7466073277631685,0.009999999999999787
3.849999999999962,hold,1.0,1.0019085833416517,1.0020146094646964,-20.92934163139389,-8.457537488512397,0.1434160707389771,0.10230632779314329,0.18822786520087886,0.18822786520087886,0.7469359730193605,0.009999999999999787
3.8599999999999617,hold,1.0,1.0017550271687647,1.0018588600871374,-20.919318893949818,-8.457448327174394,0.14341598932053534,0.10258421509860964,0.18831609997811055,0.18831609997811055,0.7472861110242482,0.009999999999999787
3.8699999999999615,hold,1.0,1.0016079886701026,1.0017083372369164,-20.909297673507375,-8.457356213498956,0.14341674245255676,0.10287404264724098,0.18840812602135196,0.18840812602135196,0.7476512937355236,0.009999999999999787
3.8799999999999613,hold,1.0,1.001487137323238,1.0015756172887094,-20.899277698131804,-8.45726116350516,0.1434180486149866,0.10316495149777842,0.1885004953995746,0.1885004953995746,0.7480178388872009,0.009999999999999787
3.889999999999961,hold,1.0,1.001390949638867,1.001464816698804,-20.889258713867232,-8.45716335773275,0.14341972582697826,0.10344592757278676,0.18858971092291127,0.18858971092291127,0.7483718687417114,0.009999999999999787
3.899999999999961,hold,1.0,1.0013041975194938,1.001368445191218,-20.87924062330475,-8.457062508347402,0.14342158456891543,0.10371201347246037,0.18867419851777564,0.18867419851777564,0.7487071369753001,0.009999999999999787
3.9099999999999606,hold,1.0,1.0012387617598237,1.0012906351323814,-20.869223205547904,-8.456958488981295,0.14342330598845965,0.1039569314573383,0.18875196487633408,0.18875196487633408,0.7490157336362464,0.009999999999999787
3.9199999999999604,hold,1.0,1.0011794280546593,1.0012239108857481,-20.85920638788931,-8.456851929778086,0.14342461578637689,0.10417952887126274,0.18882264400720336,0.18882264400720336,0.7492962063777912,0.009999999999999787
3.92999999999996,hold,1.0,1.0011282252192666,1.0011664994858593,-20.849190092098436,-8.45674259663614,0.14342548330629118,0.10437975452514256,0.18888621965682328,0.18888621965682328,0.7495484907016797,0.009999999999999787
3.93999999999996,hold,1.0,1.0010615962710205,1.001103557556956,-20.839174478672025,-8.456630274783246,0.14342597746645858,0.10456544348380868,0.18894517961497895,0.18894517961497895,0.749782458789599,0.009999999999999787
3.9499999999999598,hold,1.0,1.000994146729896,1.00103791106072,-20.829159548425466,-8.456515590577393,0.1434259775306703,0.10474139062332918,0.1890010463507195,0.1890010463507195,0.7500041521853947,0.009999999999999787
3.9599999999999596,hold,1.0,1.0009250096777564,1.000970170230942,-20.819145318852655,-8.456398568721394,0.14342546171089862,0.10491112430145179,0.189054940188197,0.189054940188197,0.7502180166198293,0.009999999999999787
3.9699999999999593,hold,1.0,1.0008508122069741,1.0008985554165613,-20.80913184742189,-8.456279120502328,0.14342458232066074,0.10507843397802694,0.18910806435670313,0.18910806435670313,0.750428826812314,0.009999999999999787
3.979999999999959,hold,1.0,1.000768016102972,1.0008202318284076,-20.79911922495617,-8.456157382272572,0.14342350748141863,0.10524789495103332,0.1891618716048521,0.1891618716048521,0.750642347638302,0.009999999999999787
3.989999999999959,hold,1.0,1.000679468692647,1.0007357739469511,-20.789107512062884,-8.456033483319988,0.14342236457069646,0.10542290707321879,0.18921744145388844,0.18921744145388844,0.7508628629122557,0.009999999999999787
3.9999999999999587,hold,1.0,1.0005879601534315,1.0006470856708394,-20.779096739611592,-8.455907765388968,0.1434212949377766,0.10560521458105829,0.18927532773377767,0.18927532773377767,0.7510925703721336,0.009999999999999787
4.009999999999959,hold,1.0,1.0004967922120676,1.0005569095955762,-20.76908690958626,-8.455780091116388,0.14342043798575405,0.10579477518789983,0.189335517017662,0.189335517017662,0.751331416736754,0.010000000000000231
4.019999999999959,hold,1.0,1.0004033882736698,1.0004647968024325,-20.75907804489364,-8.455650512894916,0.14341983205308634,0.1059918056505359,0.18939807813015816,0.18939807813015816,0.7515796751196753,0.009999999999999787
4.0299999999999585,hold,1.0,1.0003273271034119,1.0003823149830202,-20.749069963850634,-8.455519591588013,0.14341940478390186,0.10619030421641329,0.18946110539479558,0.18946110539479558,0.7518297833126808,0.009999999999999787
4.039999999999958,coast,1.0,1.0002524957800125,1.0003044234612155,-20.739062661095566,-8.455386897880903,0.14341923814001337,0.0,0.0,0.0,0.0,0.009999999999999787
4.049999999999958,coast,1.0,1.0063418837525997,1.003926899636046,-20.728995159337302,-8.455253269263018,0.14342701463028903,0.0,0.0,0.0,0.0,0.009999999999999787
4.059999999999958,coast,1.0,1.0099111339266598,1.0075174402104143,-20.718893079327547,-8.455119249297029,0.1434436438550176,0.0,0.0,0.0,0.0,0.009999999999999787
4.069999999999958,coast,1.0,1.0081751913912333,1.0079120909189057,-20.70880948528465,-8.454984576502,0.14346626745384672,0.0,0.0,0.0,0.0,0.009999999999999787
4.079999999999957,coast,1.0,1.0016691844894465,1.00416634706123,-20.698791821247116,-8.454850715354231,0.14349084628855693,0.0,0.0,0.0,0.0,0.009999999999999787
4.089999999999957,coast,1.0,0.9913567746695608,0.9964806036262286,-20.68887782776713,-8.454717774429003,0.14351309865338574,0.0,0.0,0.0,0.0,0.009999999999999787
4.099999999999957,coast,1.0,0.9785446551955412,0.9857190345678162,-20.67909222641398,-8.454584556563706,0.14352939730745246,0.0,0.0,0.0,0.0,0.009999999999999787
4.109999999999957,coast,1.0,0.9647616241200638,0.9731445882991648,-20.669444488265718,-8.45445368158024,0.14353829807133225,0.0,0.0,0.0,0.0,0.009999999999999787
4.119999999999957,coast,1.0,0.9513999768283771,0.9600978214166922,-20.659930225131586,-8.454325676246826,0.14353958903618821,0.0,0.0,0.0,0.0,0.009999999999999787
4.129999999999956,coast,1.0,0.9395706733953313,0.9477815326038757,-20.650533975316485,-8.454200287350002,0.14353436457560384,0.0,0.0,0.0,0.0,0.009999999999999787
4.139999999999956,coast,1.0,0.9299798914247318,0.9371005478963894,-20.641233245945003,-8.454077601940858,0.1435247100714079,0.0,0.0,0.0,0.0,0.009999999999999787
4.149999999999956,coast,1.0,0.9228637373632549,0.9285584615765087,-20.632003245569905,-8.453957355569768,0.14351323562961363,0.0,0.0,0.0,0.0,0.009999999999999787
4.159999999999956,coast,1.0,0.9180312512030873,0.9222421353524559,-20.62282117051659,-8.4538391135714,0.14350242527047344,0.0,0.0,0.0,0.0,0.009999999999999787
4.1699999999999555,coast,1.0,0.9149829118453315,0.9178866012481813,-20.613669263457826,-8.453723514494822,0.1434937119018886,0.0,0.0,0.0,0.0,0.009999999999999787
4.179999999999955,coast,1.0,0.9129965719658203,0.9149525836787646,-20.604537040503438,-8.45361103362371,0.14348786469740535,0.0,0.0,0.0,0.0,0.009999999999999787
4.189999999999955,coast,1.0,0.9112229077571149,0.9127147781257748,-20.59542254795879,-8.453501941641521,0.14348586592360604,0.0,0.0,0.0,0.0,0.009999999999999787
4.199999999999955,coast,1.0,0.9089249846329813,0.9104409020300988,-20.586331196943398,-8.453394935193732,0.14348826318050983,0.0,0.0,0.0,0.0,0.009999999999999787
4.209999999999955,coast,1.0,0.9056116385075021,0.9075433439165408,-20.57727322925037,-8.453289378652489,0.14349429480216752,0.0,0.0,0.0,0.0,0.009999999999999787
4.2199999999999545,coast,1.0,0.9010575426634801,0.9036518631647045,-20.568261032536476,-8.453186966100336,0.14350188949406123,0.0,0.0,0.0,0.0,0.009999999999999787
4.229999999999954,coast,1.0,0.8952170651285073,0.8985909843429861,-20.55930742760484,-8.453088297690375,0.14350933893501794,0.0,0.0,0.0,0.0,0.009999999999999787
4.239999999999954,coast,1.0,0.8882138076748671,0.8923646783421147,-20.550424011818027,-8.452991726947776,0.14351585112897497,0.0,0.0,0.0,0.0,0.009999999999999787
4.249999999999954,coast,1.0,0.8803982084060117,0.8851847963804529,-20.541618843182025,-8.452897190483458,0.14352077448530787,0.0,0.0,0.0,0.0,0.009999999999999787
4.259999999999954,coast,1.0,0.8721988294225775,0.8773932162057276,-20.53289568765569,-8.452805053334007,0.14352378061833512,0.0,0.0,0.0,0.0,0.009999999999999787
4.269999999999953,coast,1.0,0.86402817249848,0.869374189981379,-20.52425420855006,-8.452714594013958,0.14352501807599272,0.0,0.0,0.0,0.0,0.009999999999999787
4.279999999999953,coast,1.0,0.8562646375237154,0.8615084585067809,-20.515690289711436,-8.452624944770992,0.14352438131024167,0.0,0.0,0.0,0.0,0.009999999999999787
4.289999999999953,coast,1.0,0.849179238459248,0.8541109264782611,-20.507197087425613,-8.452537473561028,0.143521476481645,0.0,0.0,0.0,0.0,0.009999999999999787
4.299999999999953,coast,1.0,0.8427963845913727,0.8473222013461281,-20.49876758291136,-8.452451420255631,0.14351725690077316,0.0,0.0,0.0,0.0,0.009999999999999787
4.3099999999999525,coast,1.0,0.8370609224896612,0.841165434032248,-20.490395334034726,-8.452366266830229,0.14351303822207606,0.0,0.0,0.0,0.0,0.009999999999999787
4.319999999999952,coast,1.0,0.8318401963109238,0.8355702913994534,-20.482075243655363,-8.452281246964096,0.1435099762001123,0.0,0.0,0.0,0.0,0.009999999999999787
4.329999999999952,coast,1.0,0.826934592856341,0.8303888722735859,-20.47380419687096,-8.452197157596661,0.14350879747009251,0.0,0.0,0.0,0.0,0.009999999999999787
4.339999999999952,coast,1.0,0.8221650536189357,0.8254545810807958,-20.465580858762856,-8.452114000422984,0.14350905129382147,0.0,0.0,0.0,0.0,0.009999999999999787
4.349999999999952,coast,1.0,0.8173563566617746,0.8205956464293831,-20.457405658459507,-8.452029473347991,0.14350968224657018,0.0,0.0,0.0,0.0,0.009999999999999787
4.3599999999999515,coast,1.0,0.8122636562941564,0.8155964523482471,-20.449281452140326,-8.4519447094855,0.14351077290301434,0.0,0.0,0.0,0.0,0.009999999999999787
4.369999999999951,coast,1.0,0.8067648237629035,0.8102974751970409,-20.441212318112918,-8.4518601232206,0.14351259154910506,0.0,0.0,0.0,0.0,0.009999999999999787
4.379999999999951,coast,1.0,0.8008722969914399,0.8046423682736803,-20.43320219671892,-8.451775315991734,0.14351491422281387,0.0,0.0,0.0,0.0,0.009999999999999787
4.389999999999951,coast,1.0,0.7946295873785431,0.798634699736598,-20.425254574168072,-8.451690837348767,0.1435176052437231,0.0,0.0,0.0,0.0,0.009999999999999787
4.399999999999951,coast,1.0,0.7881231927736977,0.7923277955588578,-20.41737206985166,-8.45160688611043,0.14352058441082996,0.0,0.0,0.0,0.0,0.009999999999999787
4.40999999999995,coast,1.0,0.7815194829270652,0.7858428079797822,-20.40955562953679,-8.451523008492115,0.14352309012729597,0.0,0.0,0.0,0.0,0.009999999999999787
4.41999999999995,coast,1.0,0.7749533524159213,0.7793091346414658,-20.401804855400684,-8.451438359943625,0.14352439621784954,0.0,0.0,0.0,0.0,0.009999999999999787
4.42999999999995,coast,1.0,0.7684685552039986,0.7728047869789855,-20.39411891903035,-8.451353515853814,0.1435247862396942,0.0,0.0,0.0,0.0,0.009999999999999787
4.43999999999995,coast,1.0,0.7621387287600554,0.7664051520476274,-20.386496264565167,-8.451268894385079,0.14352471695550512,0.0,0.0,0.0,0.0,0.009999999999999787
4.4499999999999496,coast,1.0,0.7560079123836843,0.7601668082492614,-20.378934885690192,-8.451185639448045,0.14352430851652798,0.0,0.0,0.0,0.0,0.009999999999999787
4.459999999999949,coast,1.0,0.750124829417421,0.7541416209501571,-20.37143231489754,-8.451101632219942,0.1435228952553158,0.0,0.0,0.0,0.0,0.009999999999999787
4.469999999999949,coast,1.0,0.7444216290721926,0.7483096258233783,-20.363986756958575,-8.451017056610018,0.143520516617569,0.0,0.0,0.0,0.0,0.009999999999999787
4.479999999999949,coast,1.0,0.7387861790846929,0.7425955577801671,-20.35659755030904,-8.450932836484911,0.14351803364413643,0.0,0.0,0.0,0.0,0.009999999999999787
4.489999999999949,coast,1.0,0.7331694295491247,0.7369398808415417,-20.34926452442967,-8.45084920502352,0.14351591785397494,0.0,0.0,0.0,0.0,0.009999999999999787
4.4999999999999485,coast,1.0,0.7275021858941354,0.731277263873098,-20.341988210160686,-8.450765748943201,0.14351477872083632,0.0,0.0,0.0,0.0,0.009999999999999787
4.509999999999948,coast,1.0,0.7217679901332931,0.725571699629215,-20.334769273987295,-8.450683292379857,0.143514624316929,0.0,0.0,0.0,0.0,0.009999999999999787
4.519999999999948,coast,1.0,0.7159196203967818,0.719780452089755,-20.32760887006266,-8.450601335309553,0.14351561224933182,0.0,0.0,0.0,0.0,0.009999999999999787
4.529999999999948,coast,1.0,0.7099621877383413,0.7138894934789068,-20.3205080930367,-8.450519355536096,0.1435176314892899,0.0,0.0,0.0,0.0,0.009999999999999787
4.539999999999948,coast,1.0,0.7039139708326557,0.7079041798911562,-20.313467826113303,-8.450438968737917,0.14352045611645714,0.0,0.0,0.0,0.0,0.009999999999999787
4.549999999999947,coast,1.0,0.6978114896633274,0.7018485657544589,-20.306488615522404,-8.45035870472612,0.14352364633370399,0.0,0.0,0.0,0.0,0.009999999999999787
4.559999999999947,coast,1.0,0.6916864830046074,0.695751316104548,-20.299570665257725,-8.450279541639265,0.1435269108387272,0.0,0.0,0.0,0.0,0.009999999999999787
4.569999999999947,coast,1.0,0.6855585726216074,0.6896356700147837,-20.29271399792356,-8.450201189792372,0.1435299926300898,0.0,0.0,0.0,0.0,0.009999999999999787
4.579999999999947,coast,1.0,0.6794472966139679,0.6835226459742941,-20.285918429256782,-8.450124689724127,0.1435327564822016,0.0,0.0,0.0,0.0,0.009999999999999787
4.589999999999947,coast,1.0,0.6734254375290206,0.67746432090713,-20.27918305340037,-8.450049616516372,0.1435345418290101,0.0,0.0,0.0,0.0,0.009999999999999787
4.599999999999946,coast,1.0,0.6675056865922923,0.6714891403182274,-20.27250685362582,-8.449973789724949,0.14353443173583155,0.0,0.0,0.0,0.0,0.009999999999999787
4.609999999999946,coast,1.0,0.6616603660552196,0.6655918757604227,-20.265889059199687,-8.449899428562663,0.1435322720983777,0.0,0.0,0.0,0.0,0.009999999999999787
4.619999999999946,coast,1.0,0.655813832560446,0.6597250498404367,-20.2593297059019,-8.44982589912075,0.1435287220755332,0.0,0.0,0.0,0.0,0.009999999999999787
4.629999999999946,coast,1.0,0.6499529496660427,0.6538617897358003,-20.252828953377044,-8.449753419576982,0.14352452211108696,0.0,0.0,0.0,0.0,0.009999999999999787
4.6399999999999455,coast,1.0,0.644076305981638,0.647990499483303,-20.24638698077192,-8.449681944333513,0.1435205633543636,0.0,0.0,0.0,0.0,0.009999999999999787
4.649999999999945,coast,1.0,0.638155994472499,0.6420897964768206,-20.240004233892755,-8.449611998149596,0.14351748004070286,0.0,0.0,0.0,0.0,0.009999999999999787
4.659999999999945,coast,1.0,0.6321923015116085,0.6361512994976933,-20.233681168603987,-8.449542352512152,0.14351564062167313,0.0,0.0,0.0,0.0,0.009999999999999787
4.669999999999945,coast,1.0,0.626208802240921,0.6301858011436299,-20.227417975946913,-8.449473900692805,0.14351519423248912,0.0,0.0,0.0,0.0,0.009999999999999787
4.679999999999945,coast,1.0,0.6202414454341769,0.6242191877179581,-20.221214490241074,-8.449406599650112,0.14351597141657832,0.0,0.0,0.0,0.0,0.009999999999999787
4.689999999999944,coast,1.0,0.614223951312557,0.6182220458747174,-20.215071217778124,-8.449339450909303,0.14351771915900763,0.0,0.0,0.0,0.0,0.009999999999999787
4.699999999999944,coast,1.0,0.6082391013856044,0.6122322791812496,-20.20898781294751,-8.449273361242666,0.14352007215671464,0.0,0.0,0.0,0.0,0.009999999999999787
4.709999999999944,coast,1.0,0.6022527425011394,0.6062445571731834,-20.202964285582503,-8.449207902399824,0.143522604246816,0.0,0.0,0.0,0.0,0.009999999999999787
4.719999999999944,coast,1.0,0.5962675851846766,0.6002583739800793,-20.197000620125387,-8.449143095399837,0.14352519912624323,0.0,0.0,0.0,0.0,0.009999999999999787
4.729999999999944,coast,1.0,0.5902704821983009,0.5942656389110123,-20.191096932808733,-8.449078993592147,0.14352775815374544,0.0,0.0,0.0,0.0,0.009999999999999787
4.739999999999943,coast,1.0,0.5843139530355296,0.5882946273857227,-20.18525280355716,-8.449016272293033,0.14352998329091285,0.0,0.0,0.0,0.0,0.009999999999999787
4.749999999999943,coast,1.0,0.5783905703276543,0.5823521931508817,-20.179467901400766,-8.448954343450367,0.14353159743049884,0.0,0.0,0.0,0.0,0.009999999999999787
4.759999999999943,coast,1.0,0.5724746169796606,0.5764256474481491,-20.173742150734938,-8.448892860478429,0.1435323299373618,0.0,0.0,0.0,0.0,0.009999999999999787
4.769999999999943,coast,1.0,0.5665753102932307,0.5705154451551981,-20.168075380522026,-8.448832175796955,0.14353210998049987,0.0,0.0,0.0,0.0,0.009999999999999787
4.7799999999999425,coast,1.0,0.560696286253579,0.5646239498142267,-20.162467382942587,-8.448772398113324,0.14353070900249804,0.0,0.0,0.0,0.0,0.009999999999999787
4.789999999999942,coast,1.0,0.5548153685365286,0.5587388010476079,-20.156918183511483,-8.448712891866524,0.1435280380540955,0.0,0.0,0.0,0.0,0.009999999999999787
4.799999999999942,coast,1.0,0.5489088622869149,0.5528408377911921,-20.151428044955487,-8.448654400961765,0.1435247488989934,0.0,0.0,0.0,0.0,0.009999999999999787
4.809999999999942,coast,1.0,0.5429709469564858,0.5469189032903683,-20.145997299451157,-8.448596418617543,0.14352140498370555,0.0,0.0,0.0,0.0,0.009999999999999787
4.819999999999942,coast,1.0,0.5369937335417082,0.5409638014411722,-20.140626354254636,-8.448538779627352,0.14351859544632758,0.0,0.0,0.0,0.0,0.009999999999999787
4.8299999999999415,coast,1.0,0.5309991945023689,0.5349850372778902,-20.135315386560098,-8.448481997882595,0.14351680920713797,0.0,0.0,0.0,0.0,0.009999999999999787
4.839999999999941,coast,1.0,0.5249760961169302,0.5289796725813142,-20.130064682670493,-8.44842664094855,0.1435164210718643,0.0,0.0,0.0,0.0,0.009999999999999787
4.849999999999941,coast,1.0,0.5189576807413963,0.5229664774773635,-20.12487420612332,-8.44837162553725,0.14351741774230237,0.0,0.0,0.0,0.0,0.009999999999999787
4.859999999999941,coast,1.0,0.5129658059595419,0.5169660745666704,-20.119743673702764,-8.448317850928364,0.1435194755353735,0.0,0.0,0.0,0.0,0.009999999999999787
4.869999999999941,coast,1.0,0.5070356232351795,0.5110078037677759,-20.114672449316434,-8.44826475595988,0.14352142475008403,0.0,0.0,0.0,0.0,0.009999999999999787
4.87999999999994,coast,1.0,0.5011436088072657,0.5050892867914698,-20.1096601432656,-8.448211872085743,0.14352263234781906,0.0,0.0,0.0,0.0,0.009999999999999787
4.88999999999994,coast,1.0,0.4952481600069106,0.4991846107207343,-20.104706783576685,-8.448159944900981,0.1435231527471118,0.0,0.0,0.0,0.0,0.009999999999999787
4.89999999999994,coast,1.0,0.4893217119747431,0.4932668714731396,-20.09981268682378,-8.448108700588078,0.1435231195339772,0.0,0.0,0.0,0.0,0.009999999999999787
4.90999999999994,coast,1.0,0.4834287414009661,0.4873639934298355,-20.094977518079823,-8.448057642083574,0.14352225430678459,0.0,0.0,0.0,0.0,0.009999999999999787
4.9199999999999395,coast,1.0,0.4774781699118277,0.48143249931903076,-20.09020185358405,-8.448007534114165,0.1435209214701177,0.0,0.0,0.0,0.0,0.009999999999999787
4.929999999999939,coast,1.0,0.4715459384739901,0.47550056281200637,-20.08548551817265,-8.447958164482555,0.1435194028316796,0.0,0.0,0.0,0.0,0.009999999999999787
4.939999999999939,coast,1.0,0.4655805686820934,0.4695485663340586,-20.080828850079573,-8.447909541915946,0.14351802783784476,0.0,0.0,0.0,0.0,0.009999999999999787
4.949999999999939,coast,1.0,0.4595997022645238,0.46357924789233773,-20.076231989848957,-8.447863267088326,0.14351693795897486,0.0,0.0,0.0,0.0,0.009999999999999787
4.959999999999939,coast,1.0,0.4537074342367312,0.4576561596989738,-20.071694038840672,-8.447817527126563,0.14351461485383732,0.0,0.0,0.0,0.0,0.009999999999999787
4.9699999999999385,coast,1.0,0.4478559742523328,0.4517760484309892,-20.067214585169335,-8.447771559730139,0.14351045090344733,0.0,0.0,0.0,0.0,0.009999999999999787
4.979999999999938,coast,1.0,0.4419623513723226,0.4458878301957892,-20.06279405677574,-8.447726509978942,0.14350526930235374,0.0,0.0,0.0,0.0,0.009999999999999787
4.989999999999938,coast,1.0,0.4360186299681071,0.43996631005917997,-20.058432973023994,-8.447682557755096,0.14350000901540483,0.0,0.0,0.0,0.0,0.009999999999999787
4.999999999999938,coast,1.0,0.4300285009236984,0.434003624577891,-20.05413181653159,-8.447639710736727,0.143495565888068,0.0,0.0,0.0,0.0,0.009999999999999787
5.009999999999938,coast,1.0,0.42401270961739623,0.4280090756015942,-20.04989085789373,-8.447597932632219,0.14349262935286705,0.0,0.0,0.0,0.0,0.009999999999999787
5.019999999999937,coast,1.0,0.4179828092251776,0.4219933157757442,-20.045710245658633,-8.447557145195223,0.14349157204481905,0.0,0.0,0.0,0.0,0.009999999999999787
5.029999999999937,coast,1.0,0.4119572244147158,0.4159716609591272,-20.041589937131047,-8.44751728226314,0.1434924408302691,0.0,0.0,0.0,0.0,0.009999999999999787
5.039999999999937,coast,1.0,0.4059465429411617,0.4099565901483479,-20.037529779177152,-8.447478218862516,0.14349502712906242,0.0,0.0,0.0,0.0,0.009999999999999787
5.049999999999937,coast,1.0,0.3999724724091446,0.40396611950482586,-20.03352939605989,-8.447439726078047,0.1434987972521939,0.0,0.0,0.0,0.0,0.009999999999999787
5.0599999999999365,coast,1.0,0.3940407321312557,0.3980108870806838,-20.029588345645116,-8.447401744873464,0.1435028440244384,0.0,0.0,0.0,0.0,0.009999999999999787
5.069999999999936,coast,1.0,0.3881483190131747,0.39209334624017833,-20.025706215356003,-8.447364631312109,0.1435064248231631,0.0,0.0,0.0,0.0,0.009999999999999787
5.079999999999936,coast,1.0,0.3822575138871519,0.3861918468283625,-20.021882991169072,-8.447327640154414,0.1435092382310536,0.0,0.0,0.0,0.0,0.009999999999999787
5.089999999999936,coast,1.0,0.37639668381412894,0.3803147490198224,-20.018118362248167,-8.4472903662846,0.14351052714715956,0.0,0.0,0.0,0.0,0.009999999999999787
5.099999999999936,coast,1.0,0.3705762314010252,0.3744716384485441,-20.01441189441828,-8.447253953027186,0.14350938121824447,0.0,0.0,0.0,0.0,0.009999999999999787
5.1099999999999355,coast,1.0,0.3647261759257847,0.3686243609348885,-20.010763897656414,-8.447217958402337,0.1435061688232002,0.0,0.0,0.0,0.0,0.009999999999999787
5.119999999999935,coast,1.0,0.3588219121101273,0.36274289164003176,-20.007174937811126,-8.447181969168529,0.14350175392412692,0.0,0.0,0.0,0.0,0.009999999999999787
5.129999999999935,coast,1.0,0.352870902679659,0.3568196982638081,-20.003645504176653,-8.44714583778479,0.1434970783354595,0.0,0.0,0.0,0.0,0.009999999999999787
5.139999999999935,coast,1.0,0.3468772045490948,0.35085420203498013,-20.000176040779376,-8.447109517996786,0.1434929431863563,0.0,0.0,0.0,0.0,0.009999999999999787
5.149999999999935,coast,1.0,0.34086664756581114,0.34486166935347873,-19.99676672713994,-8.447072842646174,0.14348981446744613,0.0,0.0,0.0,0.0,0.009999999999999787
5.159999999999934,coast,1.0,0.33487185866794134,0.3388677829421563,-19.99341740225241,-8.4470360103307,0.14348767486353953,0.0,0.0,0.0,0.0,0.009999999999999787
5.169999999999934,coast,1.0,0.32889406536636795,0.3328835523966833,-19.99012788957277,-8.446999475685951,0.14348647627384992,0.0,0.0,0.0,0.0,0.009999999999999787
5.179999999999934,coast,1.0,0.32292444311130597,0.3269080868254569,-19.986898113282255,-8.446962914923963,0.1434863554420404,0.0,0.0,0.0,0.0,0.009999999999999787
5.189999999999934,coast,1.0,0.3169658957122096,0.32094277215750855,-19.983727961438824,-8.446926339373203,0.14348728013541096,0.0,0.0,0.0,0.0,0.009999999999999787
5.199999999999934,coast,1.0,0.3110231873401182,0.31499102126707434,-19.98061727169536,-8.44688981182872,0.14348910805832207,0.0,0.0,0.0,0.0,0.009999999999999787
5.209999999999933,coast,1.0,0.30509839950420325,0.3090554482093517,-19.97756585895395,-8.44685340871072,0.1434916064190121,0.0,0.0,0.0,0.0,0.009999999999999787
5.219999999999933,coast,1.0,0.29919081976274803,0.30313667114138954,-19.974573543765153,-8.446817222534602,0.14349447531702716,0.0,0.0,0.0,0.0,0.009999999999999787
5.229999999999933,coast,1.0,0.293295266812083,0.29723182854380564,-19.971640198796457,-8.446781336128776,0.14349741877739416,0.0,0.0,0.0,0.0,0.009999999999999787
5.239999999999933,coast,1.0,0.2874078870078063,0.291337463622206,-19.968765736161536,-8.446745834043508,0.1435001811914809,0.0,0.0,0.0,0.0,0.009999999999999787
5.2499999999999325,coast,1.0,0.28153027113053053,0.2854531481272007,-19.965950053639762,-8.4467107529847,0.14350255584953686,0.0,0.0,0.0,0.0,0.009999999999999787
5.259999999999932,coast,1.0,0.2756623814088045,0.279578688096163,-19.963193047415267,-8.446676124017387,0.1435042365926147,0.0,0.0,0.0,0.0,0.009999999999999787
5.269999999999932,coast,1.0,0.2698094580170759,0.2737171500487108,-19.96049455889738,-8.446642087675995,0.14350485782586156,0.0,0.0,0.0,0.0,0.009999999999999787
5.279999999999932,coast,1.0,0.2639619661251586,0.2678640396945795,-19.957854531136668,-8.446608848291525,0.1435043817968698,0.0,0.0,0.0,0.0,0.009999999999999787
5.289999999999932,coast,1.0,0.25810282074907587,0.2620073083272773,-19.95527308833784,-8.44657631876314,0.14350310910061548,0.0,0.0,0.0,0.0,0.009999999999999787
5.299999999999931,coast,1.0,0.2522322521267798,0.2561422746069788,-19.952750352966135,-8.446544519089397,0.14350143089317205,0.0,0.0,0.0,0.0,0.009999999999999787
5.309999999999931,coast,1.0,0.24635116003295565,0.2502676058625649,-19.950286438410817,-8.446513487389781,0.14349975218293715,0.0,0.0,0.0,0.0,0.009999999999999787
5.319999999999931,coast,1.0,0.24047109288356422,0.24438969807516447,-19.947881341787262,-8.446483244254386,0.1434984400834118,0.0,0.0,0.0,0.0,0.009999999999999787
5.329999999999931,coast,1.0,0.2346010379844698,0.23851650202074767,-19.94553496680044,-8.446453747158298,0.14349766380736734,0.0,0.0,0.0,0.0,0.009999999999999787
5.339999999999931,coast,1.0,0.22876404451783197,0.23266502751899826,-19.943246978555038,-8.446424985863548,0.14349722378362156,0.0,0.0,0.0,0.0,0.009999999999999787
5.34999999999993,coast,1.0,0.22296719495383888,0.22684632797990265,-19.941016966070812,-8.446397297265962,0.1434968465131467,0.0,0.0,0.0,0.0,0.009999999999999787
5.35999999999993,coast,1.0,0.21718346283021517,0.22104860889009018,-19.938844800606322,-8.446370528135573,0.143496562863856,0.0,0.0,0.0,0.0,0.009999999999999787
5.36999999999993,coast,1.0,0.21141384319538292,0.21526774947326582,-19.936730343217018,-8.44634463163435,0.14349644796031308,0.0,0.0,0.0,0.0,0.009999999999999787
5.37999999999993,coast,1.0,0.2056662414007834,0.20950684462977637,-19.934673375055755,-8.446319596152613,0.14349655867706568,0.0,0.0,0.0,0.0,0.009999999999999787
5.3899999999999295,coast,1.0,0.1999321487156035,0.20376202708127267,-19.93267376200771,-8.446295414421893,0.14349693715292514,0.0,0.0,0.0,0.0,0.009999999999999787
5.399999999999929,coast,1.0,0.19421893266120993,0.19803617042923502,-19.930731295385254,-8.446272088721475,0.14349759026288467,0.0,0.0,0.0,0.0,0.009999999999999787
5.409999999999929,coast,1.0,0.18853512460185265,0.19233554293280558,-19.92884568052774,-8.44624957114087,0.14349846879559977,0.0,0.0,0.0,0.0,0.009999999999999787
5.419999999999929,coast,1.0,0.1828869189352814,0.18666636853429108,-19.927016556452962,-8.446227835902947,0.14349932323651526,0.0,0.0,0.0,0.0,0.009999999999999787
5.429999999999929,coast,1.0,0.17728929566523502,0.18104012481285744,-19.92524340877988,-8.446206959484545,0.1434997822075615,0.0,0.0,0.0,0.0,0.009999999999999787
5.4399999999999284,coast,1.0,0.17173673752673335,0.175458092441183,-19.92352578354012,-8.446186956629996,0.14349968850025943,0.0,0.0,0.0,0.0,0.009999999999999787
5.449999999999928,coast,1.0,0.16621611383217447,0.16991290527577788,-19.921863364432223,-8.446167742534604,0.14349913643347806,0.0,0.0,0.0,0.0,0.009999999999999787
5.459999999999928,coast,1.0,0.16073504147114842,0.1644061869930002,-19.920255760087247,-8.446149270974967,0.14349829939214856,0.0,0.0,0.0,0.0,0.009999999999999787
5.469999999999928,coast,1.0,0.155289090810982,0.15893592928378927,-19.91870262392027,-8.44613150961268,0.14349738537780438,0.0,0.0,0.0,0.0,0.009999999999999787
5.479999999999928,coast,1.0,0.14988868826216578,0.15350758467081516,-19.91720350473767,-8.446114434184064,0.1434965963246265,0.0,0.0,0.0,0.0,0.009999999999999787
5.489999999999927,coast,1.0,0.14454312868171076,0.14812891107735252,-19.915757857344747,-8.44609802567984,0.14349609119739765,0.0,0.0,0.0,0.0,0.009999999999999787
5.499999999999927,coast,1.0,0.1392585858523602,0.1428067159423571,-19.914365073410686,-8.446082271395783,0.14349596726466943,0.0,0.0,0.0,0.0,0.009999999999999787
5.509999999999927,coast,1.0,0.13405064143760856,0.137553071239508,-19.913024387308244,-8.446067158125688,0.14349625252175063,0.0,0.0,0.0,0.0,0.009999999999999787
5.519999999999927,coast,1.0,0.12891581720799333,0.1323707188205992,-19.91173506683365,-8.446052681488032,0.14349691137464438,0.0,0.0,0.0,0.0,0.009999999999999787
5.5299999999999265,coast,1.0,0.12386266015027832,0.12726588361840668,-19.91049629348451,-8.446038823604493,0.14349785926138653,0.0,0.0,0.0,0.0,0.009999999999999787
5.539999999999926,coast,1.0,0.11889983779819517,0.12224625612627978,-19.909307161366552,-8.446025572990257,0.14349897877712534,0.0,0.0,0.0,0.0,0.009999999999999787
5.549999999999926,coast,1.0,0.114030568171744,0.11731684335355831,-19.908166732290077,-8.446012915621846,0.14350014362806066,0.0,0.0,0.0,0.0,0.009999999999999787
5.559999999999926,coast,1.0,0.10925471150034452,0.11247956424163004,-19.90707406971569,-8.446000837804636,0.14350123834703526,0.0,0.0,0.0,0.0,0.009999999999999787
5.569999999999926,coast,1.0,0.10457612621896159,0.10773750142802896,-19.90602819912926,-8.44598931727219,0.14350217283285177,0.0,0.0,0.0,0.0,0.009999999999999787
5.5799999999999255,coast,1.0,0.09999979463426151,0.10309487735176849,-19.90502809676706,-8.44597834059196,0.14350289189820367,0.0,0.0,0.0,0.0,0.009999999999999787
5.589999999999925,coast,1.0,0.09552556555608105,0.09855329027435603,-19.904072741148283,-8.445967891293867,0.14350337930019672,0.0,0.0,0.0,0.0,0.009999999999999787
5.599999999999925,coast,1.0,0.09115947966989431,0.094117003911679,-19.903161051065048,-8.445957947351612,0.14350365408217597,0.0,0.0,0.0,0.0,0.009999999999999787
5.609999999999925,coast,1.0,0.08690681949502611,0.08979089326168727,-19.902291892883763,-8.445948491005996,0.14350376279834623,0.0,0.0,0.0,0.0,0.009999999999999787
5.619999999999925,coast,1.0,0.08276912696542157,0.08557783348392785,-19.901464117811578,-8.445939505094987,0.14350377019100038,0.0,0.0,0.0,0.0,0.009999999999999787
5.629999999999924,coast,1.0,0.07874594466142132,0.08147870019042393,-19.900676581666485,-8.445930972800893,0.14350374686291972,0.0,0.0,0.0,0.0,0.009999999999999787
5.639999999999924,coast,1.0,0.07484855055295514,0.07750061040794265,-19.899928027275116,-8.445922879286806,0.14350375822254902,0.0,0.0,0.0,0.0,0.009999999999999787
5.649999999999924,coast,1.0,0.07107482571255241,0.07364513959070851,-19.89921721843716,-8.44591520467693,0.1435038570756531,0.0,0.0,0.0,0.0,0.009999999999999787
5.659999999999924,coast,1.0,0.06742888274794077,0.06991538548504787,-19.898542877356423,-8.445907936525481,0.14350407664719766,0.0,0.0,0.0,0.0,0.009999999999999787
5.6699999999999235,coast,1.0,0.06391298125547616,0.06631394294730485,-19.897903703351844,-8.445901055462617,0.14350443000776944,0.0,0.0,0.0,0.0,0.009999999999999787
5.679999999999923,coast,1.0,0.06052533081846799,0.06284077567000274,-19.89729841325116,-8.445894549741295,0.1435049111195043,0.0,0.0,0.0,0.0,0.009999999999999787
5.689999999999923,coast,1.0,0.057267121608559755,0.059496583233136946,-19.896725711768962,-8.445888404704919,0.14350549781267177,0.0,0.0,0.0,0.0,0.009999999999999787
5.699999999999923,coast,1.0,0.0541415243981942,0.0562835479321713,-19.896184271780392,-8.44588260458156,0.14350615706129483,0.0,0.0,0.0,0.0,0.009999999999999787
5.709999999999923,coast,1.0,0.05114223733852718,0.053198761575984826,-19.895672829192744,-8.445877133585283,0.143506852807177,0.0,0.0,0.0,0.0,0.009999999999999787
5.7199999999999225,coast,1.0,0.04827040966307947,0.05024175042824161,-19.895190108436406,-8.445871980320096,0.14350754999466306,0.0,0.0,0.0,0.0,0.009999999999999787
5.729999999999922,coast,1.0,0.04552799128454176,0.0474134949420217,-19.894734814586375,-8.445867132440423,0.1435082194019235,0.0,0.0,0.0,0.0,0.009999999999999787
5.739999999999922,coast,1.0,0.042907757477262214,0.044710052463166006,-19.89430572521422,-8.4458625733755,0.1435088415589188,0.0,0.0,0.0,0.0,0.009999999999999787
5.749999999999922,coast,1.0,0.04040895145650829,0.042129391859171375,-19.89390162562086,-8.44585828923866,0.14350940757077457,0.0,0.0,0.0,0.0,0.009999999999999787
5.759999999999922,coast,1.0,0.03802960828095958,0.0396695217122443,-19.893521320905315,-8.44585426773094,0.14350991802488497,0.0,0.0,0.0,0.0,0.009999999999999787
5.769999999999921,coast,1.0,0.03576807802973694,0.03732865550273988,-19.893163632800988,-8.44585049630909,0.1435103813410052,0.0,0.0,0.0,0.0,0.009999999999999787
5.779999999999921,coast,1.0,0.033619631376844816,0.035103241027202844,-19.892827430424017,-8.445846963006076,0.14351081126529644,0.0,0.0,0.0,0.0,0.009999999999999787
5.789999999999921,coast,1.0,0.03158211390942711,0.0329905647565374,-19.89251160452478,-8.44584365179718,0.1435112237854039,0.0,0.0,0.0,0.0,0.009999999999999787
