t,phase,target,v_raw,v_filtered,x,y,z,u,torque_L,torque_R,u_motor,dt
0.0,accelerate,1.5,0.0,0.0,-24.0,-8.45,0.14903219044208527,0.0,0.0,0.0,0.0,0.0
0.01,accelerate,1.5,-0.011289350577522674,-0.0067736103465136045,-24.000109590145787,-8.449792255543873,0.14713729443278656,0.015276118464615225,0.16059403313488463,0.16059403313488463,0.6372779092654152,0.01
0.02,accelerate,1.5,-0.015141851303695846,-0.011794554920822948,-24.000250099460555,-8.449322179107316,0.14488963301067198,0.03526339261662631,0.1669403924236312,0.1669403924236312,0.6624618746969493,0.01
0.03,accelerate,1.5,-0.01618677564975534,-0.014429887358182384,-24.000392084165544,-8.449277949103266,0.14267180952909797,0.060260747199802116,0.17487755245088119,0.17487755245088119,0.6939585414717507,0.009999999999999998
0.04,accelerate,1.5,-0.010874403630798375,-0.01229659712175198,-24.000476117397863,-8.449398199900386,0.14082189035914477,0.09179893193132577,0.1848915568668346,0.1848915568668346,0.7336966542334706,0.010000000000000002
0.05,accelerate,1.5,-0.0015258984773131032,-0.005834177935088654,-24.000469200787172,-8.449460616195452,0.13955941824817558,0.1309007978015573,0.1973071813179505,0.1973071813179505,0.7829650052299623,0.010000000000000002
0.060000000000000005,accelerate,1.5,0.009990763884265334,0.0036607871565237384,-24.000357001529345,-8.449497092349628,0.138983031258465,0.16706024202690511,0.20878852804838294,0.20878852804838294,0.8285259049539005,0.010000000000000002
0.07,accelerate,1.5,0.022226407799629613,0.014800159542387262,-24.000136931537398,-8.449523385633002,0.1390758935163184,0.2005026076706507,0.219407147987585,0.219407147987585,0.8706632856650198,0.010000000000000002
0.08,accelerate,1.5,0.03400321298284138,0.026321991606659736,-23.999814145794055,-8.44954170072449,0.13972647147437173,0.23148871891446465,0.22924585802972083,0.22924585802972083,0.9097057858322255,0.009999999999999995
0.09,accelerate,1.5,0.04458969347328154,0.037282612726632816,-23.99939732087658,-8.449539218317216,0.14075920044575974,0.2607294216690836,0.23853036596836744,0.23853036596836744,0.9465490713030453,0.009999999999999995
0.09999999999999999,accelerate,1.5,0.05377591779662885,0.04717859576863044,-23.998894779183615,-8.449536682265945,0.14196841776969443,0.2890666546562236,0.24752800418644413,0.24752800418644413,0.9822539848668418,0.009999999999999995
0.10999999999999999,accelerate,1.5,0.06194261727731198,0.056037008673839366,-23.998310082760522,-8.449537694930275,0.14314475098318308,0.31716693997126844,0.2564504067796772,0.2564504067796772,1.0176603443637984,0.009999999999999995
0.11999999999999998,accelerate,1.5,0.07125180995881786,0.06516588944482646,-23.997624343648926,-8.44954412920053,0.14406567655866237,0.3448709579501093,0.2652469865683187,0.2652469865683187,1.0525674070171376,0.009999999999999995
0.12999999999999998,accelerate,1.5,0.07603483658399707,0.07168725772832882,-23.996881214708022,-8.449544435894037,0.1446712030008943,0.37358907907539446,0.2743655643880193,0.2743655643880193,1.0887522396349971,0.009999999999999995
0.13999999999999999,accelerate,1.5,0.07810538997818586,0.07553813707824304,-23.99610782083004,-8.44954148052208,0.14494767659956825,0.4045015447193202,0.2841808904792786,0.2841808904792786,1.1277019463463436,0.010000000000000009
0.15,accelerate,1.5,0.08011608808619923,0.07828490768301676,-23.995304995826913,-8.449540603029643,0.14490253582538096,0.43773322800135916,0.29473261455499156,0.29473261455499156,1.1695738672817124,0.010000000000000009
0.16,accelerate,1.5,0.08255911373862966,0.0808494313163845,-23.99446958936685,-8.449539943236948,0.14458906977952468,0.4728985601293575,0.3058983108122736,0.3058983108122736,1.2138821857629905,0.010000000000000009
0.17,accelerate,1.5,0.0857702376678169,0.08380191512724394,-23.99359584910004,-8.449538673312409,0.14409146461829778,0.5093853009737317,0.3174835807651793,0.3174835807651793,1.2598554792269019,0.010000000000000009
0.18000000000000002,accelerate,1.5,0.0899962981105185,0.08751854491720867,-23.992676181488143,-8.449538464581446,0.1435083668634631,0.5464996833057092,0.3292681394432288,0.3292681394432288,1.3066196009651936,0.010000000000000009
0.19000000000000003,accelerate,1.5,0.0954443964997128,0.09227405586671114,-23.991701315371618,-8.449537236769594,0.1429366633522508,0.5835343609988869,0.3410273903043666,0.3410273903043666,1.3532832948585976,0.010000000000000009
0.20000000000000004,accelerate,1.5,0.10205177933202375,0.0981406899458987,-23.990662562428493,-8.449534684795369,0.1424562726643524,0.6198775355299968,0.3525670750814846,0.3525670750814846,1.399075694767796,0.010000000000000009
0.21000000000000005,accelerate,1.5,0.10967382869533938,0.10506057319556311,-23.989552283170227,-8.449538494164042,0.1421237275766429,0.655062952786693,0.3637391487688308,0.3637391487688308,1.4434093205112333,0.010000000000000009
0.22000000000000006,accelerate,1.5,0.11811418903765625,0.11289274270081899,-23.988363887157867,-8.449536842232906,0.14196544983356352,0.6887856518943691,0.3744467801895001,0.3744467801895001,1.4858999213869053,0.010000000000000009
0.23000000000000007,accelerate,1.5,0.12714965403765927,0.12144688950292315,-23.987091844751543,-8.449538214282928,0.14197842995181448,0.7208970934424785,0.38464280510985577,0.38464280510985577,1.5263603377375228,0.010000000000000009
0.24000000000000007,accelerate,1.5,0.13649384506253462,0.13047506283869004,-23.985732339147766,-8.449536133894043,0.14213566114027537,0.7514060457198104,0.39433000763695425,0.39433000763695425,1.5648016176069612,0.010000000000000009
0.25000000000000006,accelerate,1.5,0.14593714068838995,0.13975230954850998,-23.984282677178147,-8.449534971121007,0.14239224389203645,0.7804365551120512,0.40354777497917854,0.40354777497917854,1.6013800594411847,0.009999999999999981
0.26000000000000006,accelerate,1.5,0.15605395459223537,0.1495332965747452,-23.98273319891164,-8.449542268283281,0.14268016852576357,0.8079498683999686,0.41228380221435806,0.41228380221435806,1.6360468341839605,0.010000000000000009
0.2700000000000001,accelerate,1.5,0.16582363986929427,0.15930750255147463,-23.981085110916577,-8.449537584123146,0.14294875447055055,0.834184585756729,0.4206138496694766,0.4206138496694766,1.6691025780534787,0.010000000000000009
0.2800000000000001,accelerate,1.5,0.17406438754546835,0.16816163354787086,-23.97935276993899,-8.449539851603948,0.14317669382155368,0.8598202470412051,0.42875368484052345,0.42875368484052345,1.7014035112719184,0.010000000000000009
0.2900000000000001,accelerate,1.5,0.1999140550402689,0.1872130864433097,-23.977343206536048,-8.449613127666115,0.14296200180784346,0.879459117334891,0.43498941893617465,0.43498941893617465,1.7261484878419628,0.010000000000000009
0.3000000000000001,accelerate,1.5,0.2156858001406793,0.20429671466173147,-23.97516629567757,-8.449580902692324,0.14244941017636475,0.895219980867881,0.43999380832516954,0.43999380832516954,1.7460071758935298,0.010000000000000009
0.3100000000000001,accelerate,1.5,0.20936638173492536,0.2073385149056478,-23.973059001588503,-8.449502457245343,0.14208475268366139,0.9152712315611456,0.44636048144529494,0.44636048144529494,1.7712717517670433,0.010000000000000009
0.3200000000000001,accelerate,1.5,0.20483955689491962,0.2058391400992109,-23.971002960385434,-8.449517143750805,0.14189660592091985,0.9411630280328616,0.4545816446609942,0.4545816446609942,1.8038954153214055,0.010000000000000009
0.3300000000000001,accelerate,1.5,0.20123697840255375,0.20307784308121662,-23.968988852369403,-8.449497329994273,0.14188535111820447,0.9724128851341668,0.4645040992878006,0.4645040992878006,1.84327023526905,0.010000000000000009
0.34000000000000014,accelerate,1.5,0.2024029578144284,0.20267291192114367,-23.966968857211505,-8.449512954431178,0.14202673299595256,1.0,0.47326356,0.47326356,1.87803,0.010000000000000009
0.35000000000000014,accelerate,1.5,0.21196495439874571,0.20824813740770493,-23.964855388480153,-8.449494646930649,0.1422138372372676,1.0,0.47326356,0.47326356,1.87803,0.010000000000000009
0.36000000000000015,accelerate,1.5,0.22512586170599216,0.21837477198667726,-23.9626113744059,-8.44951215484048,0.14241998881130907,1.0,0.47326356,0.47326356,1.87803,0.010000000000000009
0.37000000000000016,accelerate,1.5,0.2604424809856839,0.24361539738608126,-23.959994589930805,-8.449613154546231,0.14221771747648518,1.0,0.47326356,0.47326356,1.87803,0.010000000000000009
0.38000000000000017,accelerate,1.5,0.28603556945519976,0.26906750062755236,-23.957111579931517,-8.449531604380587,0.1417556965293699,1.0,0.47326356,0.47326356,1.87803,0.010000000000000009
0.3900000000000002,accelerate,1.5,0.2836089456478622,0.27779236763973825,-23.954264228402934,-8.449508692074371,0.1415387326524922,1.0,0.47326356,0.47326356,1.87803,0.010000000000000009
0.4000000000000002,accelerate,1.5,0.28300558874034165,0.2809203003001003,-23.95143286404136,-8.449419079365029,0.14156203244302434,1.0,0.47326356,0.47326356,1.87803,0.010000000000000009
0.4100000000000002,accelerate,1.5,0.283522184269123,0.28248143068151393,-23.94860423545065,-8.449388721900814,0.1417805221430388,1.0,0.47326356,0.47326356,1.87803,0.010000000000000009
0.4200000000000002,accelerate,1.5,0.2879454414448084,0.2857598371394906,-23.945737206308785,-8.44942345783061,0.142132969432651,1.0,0.47326356,0.47326356,1.87803,0.010000000000000009
0.4300000000000002,accelerate,1.5,0.2977788918195167,0.2929712699475063,-23.94277189551922,-8.449450029446094,0.14247939025940876,1.0,0.47326356,0.47326356,1.87803,0.010000000000000009
0.4400000000000002,accelerate,1.5,0.30765745847707526,0.30178298306524765,-23.939707308662705,-8.44947033903687,0.14280926428448484,1.0,0.47326356,0.47326356,1.87803,0.010000000000000009
0.45000000000000023,accelerate,1.5,0.3378287571732353,0.3234104475300402,-23.93632043656663,-8.449617731980453,0.14269429665826705,1.0,0.47326356,0.47326356,1.87803,0.010000000000000009
0.46000000000000024,accelerate,1.5,0.361665419580416,0.34636343076026566,-23.932683211859768,-8.44968526178215,0.14226667275920019,1.0,0.47326356,0.47326356,1.87803,0.010000000000000009
0.47000000000000025,accelerate,1.5,0.3585431948804424,0.3536712892323717,-23.929085488815414,-8.449559773313686,0.14201968964508074,1.0,0.47326356,0.47326356,1.87803,0.010000000000000009
0.48000000000000026,accelerate,1.5,0.35367114328338706,0.35367120166298094,-23.925543781024807,-8.449412491842658,0.14195732941677958,1.0,0.47326356,0.47326356,1.87803,0.010000000000000009
0.49000000000000027,accelerate,1.5,0.35209056458120874,0.3527228194139176,-23.922024485697495,-8.449279160249032,0.14206562074423545,1.0,0.47326356,0.47326356,1.87803,0.010000000000000009
0.5000000000000002,accelerate,1.5,0.3551566984035984,0.3541831468077261,-23.91847922843879,-8.44927247302584,0.14228840249856795,1.0,0.47326356,0.47326356,1.87803,0.009999999999999953
0.5100000000000002,accelerate,1.5,0.3638442254770889,0.35997979400934377,-23.91484880282834,-8.44927122011742,0.1425463885565834,1.0,0.47326356,0.47326356,1.87803,0.010000000000000009
0.5200000000000002,accelerate,1.5,0.3753035442123694,0.3691740441311591,-23.91110408225591,-8.449257799191368,0.14280828827599634,1.0,0.47326356,0.47326356,1.87803,0.010000000000000009
0.5300000000000002,accelerate,1.5,0.42730100586198444,0.4040502211696543,-23.906801861464135,-8.449498330641742,0.142249364692728,1.0,0.47326356,0.47326356,1.87803,0.010000000000000009
0.5400000000000003,accelerate,1.5,0.4264820722879342,0.4175093318406222,-23.902519394505738,-8.449635647548298,0.1419156939189959,1.0,0.47326356,0.47326356,1.87803,0.010000000000000009
0.5500000000000003,accelerate,1.5,0.42323837969970307,0.4209467605560707,-23.898279429088262,-8.449557317231914,0.14181454366784438,1.0,0.47326356,0.47326356,1.87803,0.010000000000000009
0.5600000000000003,accelerate,1.5,0.42102022048552495,0.42099083651374325,-23.89407017803652,-8.449497746411426,0.14192464676381947,1.0,0.47326356,0.47326356,1.87803,0.010000000000000009
0.5700000000000003,accelerate,1.5,0.4220456505025945,0.421623724907054,-23.889857750114682,-8.449503537822277,0.14220147911421632,1.0,0.47326356,0.47326356,1.87803,0.010000000000000009
0.5800000000000003,accelerate,1.5,0.42973577884981456,0.42649095727271036,-23.885570339233645,-8.449553496347646,0.1425177438282677,1.0,0.47326356,0.47326356,1.87803,0.010000000000000009
0.5900000000000003,accelerate,1.5,0.44059995115674366,0.43495635360313034,-23.881173677276237,-8.449598839900341,0.14281878341473975,1.0,0.47326356,0.47326356,1.87803,0.010000000000000009
0.6000000000000003,accelerate,1.5,0.4501037912671776,0.44404481620155867,-23.876682539278452,-8.449572292840148,0.14312923588431212,1.0,0.47326356,0.47326356,1.87803,0.010000000000000009
0.6100000000000003,accelerate,1.5,0.5000424119644395,0.47764337365928716,-23.87165365021384,-8.449245642888128,0.14261015567049584,1.0,0.47326356,0.47326356,1.87803,0.010000000000000009
0.6200000000000003,accelerate,1.5,0.49916944447281064,0.4905590161474013,-23.866643233332255,-8.449031850184781,0.14226839525118634,1.0,0.47326356,0.47326356,1.87803,0.010000000000000009
0.6300000000000003,accelerate,1.5,0.49578668366809325,0.4936956166598165,-23.86167514351609,-8.449043695032874,0.1421214411558073,1.0,0.47326356,0.47326356,1.87803,0.010000000000000009
0.6400000000000003,accelerate,1.5,0.4930803418495299,0.49332645177364454,-23.856741735274632,-8.449034002677028,0.1421607615185868,1.0,0.47326356,0.47326356,1.87803,0.010000000000000009
0.6500000000000004,accelerate,1.5,0.49395766494085674,0.4937051796739719,-23.85180562536619,-8.449034300014766,0.14234799136437995,1.0,0.47326356,0.47326356,1.87803,0.010000000000000009
0.6600000000000004,accelerate,1.5,0.49986978779784264,0.49740394454829434,-23.84681348651787,-8.449048116805226,0.1426064739078053,1.0,0.47326356,0.47326356,1.87803,0.010000000000000009
0.6700000000000004,accelerate,1.5,0.509812727539743,0.5048492143431635,-23.841722262055622,-8.449051341783147,0.1428728431341301,1.0,0.47326356,0.47326356,1.87803,0.010000000000000009
0.6800000000000004,accelerate,1.5,0.5415583468844097,0.5268746938679113,-23.836292730220297,-8.449175624291094,0.14270765247625541,1.0,0.47326356,0.47326356,1.87803,0.010000000000000009
0.6900000000000004,accelerate,1.5,0.5655107221492247,0.5500563108366994,-23.830612610543575,-8.449403090826179,0.14226075566927013,1.0,0.47326356,0.47326356,1.87803,0.010000000000000009
0.7000000000000004,accelerate,1.5,0.5626650722790244,0.5576215677020944,-23.824971471139488,-8.44953627364313,0.1420307010794006,1.0,0.47326356,0.47326356,1.87803,0.010000000000000009
0.7100000000000004,accelerate,1.5,0.5593056387381874,0.5586320103237502,-23.819373100297298,-8.449587330010754,0.14201804793796713,1.0,0.47326356,0.47326356,1.87803,0.010000000000000009
0.7200000000000004,accelerate,1.5,0.55844180845773,0.558517889204138,-23.813791205565998,-8.449567887343168,0.1421958456115969,1.0,0.47326356,0.47326356,1.87803,0.010000000000000009
0.7300000000000004,accelerate,1.5,0.5613285128469324,0.5602042633898147,-23.80818562708171,-8.449484955930972,0.14249204901639248,1.0,0.47326356,0.47326356,1.87803,0.010000000000000009
0.7400000000000004,accelerate,1.5,0.5718026821698821,0.5671633146578551,-23.802474949580155,-8.449409316445983,0.1427814223360248,1.0,0.47326356,0.47326356,1.87803,0.010000000000000009
0.7500000000000004,accelerate,1.5,0.5817053081743593,0.5758885107677576,-23.796665375247734,-8.449340013030481,0.14307526138559729,1.0,0.47326356,0.47326356,1.87803,0.010000000000000009
0.7600000000000005,accelerate,1.5,0.6131183602813456,0.5982264204759105,-23.790520276110968,-8.449140234282565,0.1429296241315736,1.0,0.47326356,0.47326356,1.87803,0.010000000000000009
0.7700000000000005,accelerate,1.5,0.637105854518032,0.6215540809011835,-23.78412285391347,-8.448852836609714,0.14246213958818862,0.9991515761075158,0.4729941684456585,0.4729941684456585,1.8769609858954703,0.010000000000000009
0.7800000000000005,accelerate,1.5,0.6358252703385636,0.6301167945636116,-23.777747894385968,-8.448658089544226,0.1421846617141769,1.0,0.47326356,0.47326356,1.87803,0.010000000000000009
0.7900000000000005,accelerate,1.5,0.6327754937297709,0.6317120140633072,-23.771411791702846,-8.448616139916464,0.14210921409966876,1.0,0.47326356,0.47326356,1.87803,0.010000000000000009
0.8000000000000005,accelerate,1.5,0.6309719056051031,0.6312679489883848,-23.765100655986977,-8.44861746615784,0.14220926896783445,1.0,0.47326356,0.47326356,1.87803,0.010000000000000009
0.8100000000000005,accelerate,1.5,0.6340855749007862,0.6329585245358256,-23.75876309348374,-8.448640417141048,0.14242642948330714,1.0,0.47326356,0.47326356,1.87803,0.010000000000000009
0.8200000000000005,accelerate,1.5,0.6414825365263311,0.6380729317301289,-23.752353801091125,-8.448667664102377,0.1426974199765735,1.0,0.47326356,0.47326356,1.87803,0.010000000000000009
0.8300000000000005,accelerate,1.5,0.6520367084882664,0.6464511977850114,-23.745838821635694,-8.44868210870779,0.14296889086417688,1.0,0.47326356,0.47326356,1.87803,0.010000000000000009
0.8400000000000005,accelerate,1.5,0.7024928804972609,0.6800762074123611,-23.738781935852654,-8.448939464063928,0.14243121120062968,0.998545627079218,0.4728017675101933,0.4728017675101933,1.8761974901198146,0.010000000000000009
0.8500000000000005,accelerate,1.5,0.7008319731787618,0.6925296668722014,-23.731752867599734,-8.449171700664504,0.14210176101069488,0.9964589944796913,0.4721392199271916,0.4721392199271916,1.873568333044411,0.010000000000000009
0.8600000000000005,accelerate,1.5,0.6977595319038519,0.6956675858911916,-23.724764633965616,-8.449311968783956,0.14199531222340148,0.9987631940568048,0.4728708493769167,0.4728708493769167,1.8764716245115742,0.010000000000000009
0.8700000000000006,accelerate,1.5,0.6953352775454948,0.6954682008837736,-23.717809186747424,-8.449373817980446,0.1420941402606079,1.0,0.47326356,0.47326356,1.87803,0.010000000000000009
0.8800000000000006,accelerate,1.5,0.6969736558009312,0.696371473834068,-23.71084373150236,-8.449355970634794,0.14234401467801167,1.0,0.47326356,0.47326356,1.87803,0.010000000000000009
0.8900000000000006,accelerate,1.5,0.7039082324571164,0.700893529007897,-23.70381069703391,-8.449278893709812,0.14263530353123105,1.0,0.47326356,0.47326356,1.87803,0.010000000000000009
0.9000000000000006,accelerate,1.5,0.7143090204814911,0.7089428238920534,-23.696673146587795,-8.449206299122677,0.14292097693277356,1.0,0.47326356,0.47326356,1.87803,0.010000000000000009
0.9100000000000006,accelerate,1.5,0.7450166459694506,0.7305871171384918,-23.689208520296923,-8.449008039821091,0.14278510939598416,1.0,0.47326356,0.47326356,1.87803,0.010000000000000009
0.9200000000000006,accelerate,1.5,0.7687891927677847,0.7535083625160675,-23.681494947199145,-8.448713787379148,0.14235203465357643,0.9953473737977372,0.47178625812825753,0.47178625812825753,1.872167690985149,0.010000000000000009
0.9300000000000006,accelerate,1.5,0.766409083577596,0.7612487951529845,-23.67381500814829,-8.448441970867608,0.14211889318552479,0.9927095828375639,0.47094870674258327,0.47094870674258327,1.8688440743753305,0.010000000000000009
0.9400000000000006,accelerate,1.5,0.7636922732613136,0.7627148820179819,-23.66617076879795,-8.448263921841866,0.1420913390023585,0.9949862520305808,0.47167159474475007,0.47167159474475007,1.871712677558532,0.010000000000000009
0.9500000000000006,accelerate,1.5,0.7622432003832993,0.7624318730371723,-23.65854785602994,-8.448226279858336,0.14224024485134654,1.0,0.47326356,0.47326356,1.87803,0.010000000000000009
0.9600000000000006,accelerate,1.5,0.7662664284504755,0.7647326062851543,-23.65088740745781,-8.448264569276027,0.14246429867685037,1.0,0.47326356,0.47326356,1.87803,0.010000000000000009
0.9700000000000006,accelerate,1.5,0.7749606922592727,0.7708694578696254,-23.643140553457037,-8.44830271034675,0.14270851617455965,1.0,0.47326356,0.47326356,1.87803,0.010000000000000009
0.9800000000000006,accelerate,1.5,0.8061053083859641,0.7920109681794285,-23.635062380730346,-8.44845771897525,0.1425304717602529,1.0,0.47326356,0.47326356,1.87803,0.010000000000000009
0.9900000000000007,accelerate,1.5,0.8294940762550483,0.8145008330248004,-23.62674029565097,-8.448710163716488,0.14208485615117242,0.9940863577183361,0.47138586030272606,0.47138586030272606,1.8705788107251033,0.010000000000000009
1.0000000000000007,accelerate,1.5,0.8266306902396734,0.8217787473537241,-23.618457264653614,-8.448944107989398,0.1418622196086558,0.9902602538958571,0.47017099581701255,0.47017099581701255,1.86575791990878,0.010000000000000009
1.0100000000000007,accelerate,1.5,0.8247426844244983,0.8235571095961887,-23.61020305111883,-8.448979429781591,0.14186588799616512,0.9909954958066794,0.4704044498285368,0.4704044498285368,1.8666843247164158,0.010000000000000009
1.0200000000000007,accelerate,1.5,0.8228797507588073,0.8231506942937599,-23.601975958589673,-8.448792628005538,0.14206197135023044,0.9965362217549634,0.4721637411316359,0.4721637411316359,1.8736656394112536,0.010000000000000009
1.0300000000000007,accelerate,1.5,0.8256803021049359,0.8246684589804656,-23.593725901384456,-8.44862009728772,0.14238287619483528,1.0,0.47326356,0.47326356,1.87803,0.010000000000000009
1.0400000000000007,accelerate,1.5,0.835645244719442,0.8312545304238514,-23.58537582214418,-8.44846340139846,0.1427031775882536,1.0,0.47326356,0.47326356,1.87803,0.010000000000000009
1.0500000000000007,accelerate,1.5,0.8457097588492335,0.8399276674790808,-23.57692506505291,-8.448303330747091,0.14302952552364928,1.0,0.47326356,0.47326356,1.87803,0.010000000000000009
1.0600000000000007,accelerate,1.5,0.9003274476913733,0.8761675356064562,-23.56788642987241,-8.448412532405225,0.14244389726033108,0.9903150264481269,0.47018838719780925,0.47018838719780925,1.8658269333246398,0.010000000000000009
1.0700000000000007,accelerate,1.5,0.8986456244261575,0.889654388898277,-23.558876450721442,-8.448496605304172,0.14206468539723205,0.9797184083462591,0.4668237490181042,0.4668237490181042,1.8524751945162865,0.010000000000000009
1.0800000000000007,accelerate,1.5,0.8945401030551825,0.8925858173924204,-23.54991772178938,-8.44857408570599,0.14191431955193984,0.9739452188981103,0.464990645904528,0.464990645904528,1.845200975811619,0.010000000000000009
1.0900000000000007,accelerate,1.5,0.8910624778600735,0.8916718136730122,-23.5410024267064,-8.44864285556999,0.14198407550041203,0.9740675586077275,0.4650294912091256,0.4650294912091256,1.8453551238457366,0.010000000000000009
1.1000000000000008,accelerate,1.5,0.8900837701631672,0.8907189875671052,-23.532104026100367,-8.44870526388192,0.14223571020981227,0.9789334896463705,0.4665745216325156,0.4665745216325156,1.851486196954427,0.010000000000000009
1.1100000000000008,accelerate,1.5,0.8952823277753047,0.893456991692025,-23.52315616137763,-8.448753858149507,0.14255115857155834,0.9856263693574832,0.46869964479838805,0.46869964479838805,1.8599192253904286,0.010000000000000009
1.1200000000000008,accelerate,1.5,0.9052108835120298,0.9005093267840278,-23.51410824939098,-8.448794867963755,0.14285721915854083,0.9914534749103076,0.47054986735352095,0.47054986735352095,1.8672613783869878,0.010000000000000009
1.1300000000000008,accelerate,1.5,0.9370069917145448,0.9224079257423381,-23.50472152167622,-8.448694456880236,0.1427081967326673,0.9885958436223828,0.46964251226697895,0.46964251226697895,1.8636607629642021,0.010000000000000009
1.1400000000000008,accelerate,1.5,0.9613112612262223,0.9457499270326687,-23.495080327730165,-8.448467530746935,0.1422363396041755,0.9778649124215198,0.466235226992081,0.466235226992081,1.850139789651115,0.010000000000000009
1.1500000000000008,accelerate,1.5,0.9592973040418834,0.9538783532381976,-23.485469334742024,-8.448257039693889,0.1419706117865574,0.9688112099516428,0.46336049538384566,0.46336049538384566,1.83873212453907,0.010000000000000009
1.1600000000000008,accelerate,1.5,0.9563150911218935,0.9553403959684152,-23.475897065343382,-8.448055317338852,0.14192417647545477,0.9646089066424074,0.4620261800370972,0.4620261800370972,1.8334372223694335,0.010000000000000009
1.1700000000000008,accelerate,1.5,0.9549359075673631,0.955097702927784,-23.46634610197622,-8.447865748799119,0.1420751935705106,0.9651895219999779,0.462210537025433,0.462210537025433,1.8341687977199723,0.010000000000000009
1.1800000000000008,accelerate,1.5,0.9582027297161012,0.9569607190007743,-23.456767049426034,-8.44769994192774,0.14234699701939396,0.96847161676649,0.46325266775569585,0.46325266775569585,1.8383042371257772,0.010000000000000009
1.1900000000000008,accelerate,1.5,0.9640049792480688,0.961187275149151,-23.44713298154554,-8.447562759923793,0.14269611072672206,0.9726373600073126,0.4645753745495219,0.4645753745495219,1.8435530736092138,0.010000000000000009
1.2000000000000008,accelerate,1.5,0.9971800999480223,0.9827829700284738,-23.437145196467686,-8.44759384997114,0.14257043064945113,0.968187946913489,0.463162596903971,0.463162596903971,1.837946813110996,0.010000000000000009
1.2100000000000009,accelerate,1.5,1.0213148860003904,1.0059021196116238,-23.42690378714891,-8.447773427003124,0.1420991930873784,0.9558801906212455,0.4592546381260579,0.4592546381260579,1.8224390401827693,0.010000000000000009
1.2200000000000009,accelerate,1.5,1.018291298083602,1.0133356266948108,-23.416703581208953,-8.447934380710745,0.14185944809823386,0.9455157444606643,0.4559637191811501,0.4559637191811501,1.809379838020437,0.010000000000000009
1.2300000000000009,accelerate,1.5,1.0141068111838534,1.0137983373882364,-23.40655473450283,-8.448103135455236,0.1418596977829421,0.940383287924353,0.45433406158174056,0.45433406158174056,1.8029129427846848,0.010000000000000009
1.2400000000000009,accelerate,1.5,1.0119120701556714,1.0126665770486976,-23.39643549506146,-8.448280649953407,0.14206153248069725,0.9402862261152396,0.4543032425161109,0.4543032425161109,1.8027906449052018,0.010000000000000009
1.2500000000000009,accelerate,1.5,1.014762810576595,1.013924317165436,-23.386292343721788,-8.448454992022473,0.14238195494763342,0.942947019666153,0.4551480976843969,0.4551480976843969,1.8061432447793528,0.010000000000000009
1.260000000000001,accelerate,1.5,1.0256929677346684,1.0209855075069756,-23.376038434445103,-8.448620972435737,0.14267876798483328,0.944700447454002,0.4557048460755947,0.4557048460755947,1.8083525637920423,0.010000000000000009
1.270000000000001,accelerate,1.5,1.0358304613659273,1.0298924798223466,-23.36568215178399,-8.448773383048362,0.14296459047537197,0.9446910609430088,0.45570186567062415,0.45570186567062415,1.808340736788191,0.010000000000000009
1.280000000000001,accelerate,1.5,1.0660974276428299,1.0516154485146365,-23.355003743327906,-8.449048203307969,0.14282488658173448,0.9363525161250827,0.4530542109200363,0.4530542109200363,1.7978341703176042,0.010000000000000009
1.290000000000001,accelerate,1.5,1.089775103851042,1.0745112417164797,-23.34407837446315,-8.449400622396498,0.14238876658373917,0.9205711227681533,0.44804330290134414,0.44804330290134414,1.7779496146878735,0.010000000000000009
1.300000000000001,accelerate,1.5,1.0868466262445389,1.0819124724333151,-23.333192063106473,-8.449731068136403,0.14214454810947172,0.9069647709570875,0.44372301407429443,0.44372301407429443,1.7608056114059303,0.010000000000000009
1.310000000000001,accelerate,1.5,1.0833476503071626,1.0827735791576236,-23.32234913400486,-8.45003743420985,0.1421024874063474,0.8985456101036966,0.44104976212012575,0.44104976212012575,1.7501974687306578,0.010000000000000009
1.320000000000001,accelerate,1.5,1.0823743610570404,1.0825340482972736,-23.311522160262864,-8.449995992814372,0.14224802234480083,0.8948590153771677,0.4398791945625583,0.4398791945625583,1.7455523593752313,0.010000000000000009
1.330000000000001,accelerate,1.5,1.0824289113814365,1.0824709661477714,-23.300698825512427,-8.449900938624085,0.1425114132544653,0.8948657502078474,0.4398813330059957,0.4398813330059957,1.7455608452618876,0.010000000000000009
1.340000000000001,accelerate,1.5,1.0889672246212494,1.0863687212318582,-23.28981106658673,-8.4497871093723,0.14281107666212284,0.8957085423393704,0.44014893636359687,0.44014893636359687,1.7466227633476066,0.010000000000000009
1.350000000000001,accelerate,1.5,1.098799191646691,1.093827003480758,-23.27882350549927,-8.449676633913283,0.14309148178802555,0.8952880139928043,0.44001541020299517,0.44001541020299517,1.7460928976309331,0.010000000000000009
1.360000000000001,accelerate,1.5,1.1482248459496351,1.1264657089620842,-23.267305572471763,-8.449324558797324,0.1425362375778332,0.8803330948586767,0.43526692427952707,0.43526692427952707,1.7272496995219329,0.010000000000000009
1.370000000000001,accelerate,1.5,1.1461208244970187,1.138258778283045,-23.255819774798002,-8.449006734328709,0.14217615480082385,0.864674607501926,0.43029504137401153,0.43029504137401153,1.7075200054524267,0.010000000000000009
1.380000000000001,accelerate,1.5,1.1415722618879318,1.1402468684459772,-23.244389131010287,-8.448687990115472,0.1420356633453366,0.8536163779313753,0.4267838323207704,0.4267838323207704,1.6935866361935332,0.010000000000000009
1.390000000000001,accelerate,1.5,1.1384071650252208,1.1391430463935233,-23.232997864312853,-8.448393467657386,0.14209301675286864,0.8478786109938758,0.42496197656277546,0.42496197656277546,1.6863570498522835,0.010000000000000009
1.400000000000001,accelerate,1.5,1.1388566828837867,1.1389712282876814,-23.221607455287717,-8.448133994704687,0.14229287509280003,0.845906318805747,0.42433573434720073,0.42433573434720073,1.683871961695241,0.010000000000000009
1.410000000000001,accelerate,1.5,1.1429785784431328,1.1413756383809521,-23.21017876099154,-8.447911937497844,0.14257250917893763,0.8455693270573302,0.42422873272724354,0.42422873272724354,1.6834473520922362,0.010000000000000009
1.420000000000001,accelerate,1.5,1.171592884409223,1.1595059859979147,-23.198446681513936,-8.447926948911332,0.14242984555456037,0.8381103682148553,0.4218603641155809,0.4218603641155809,1.674049063950718,0.010000000000000009
1.430000000000001,accelerate,1.5,1.1936711817792203,1.180005103466698,-23.186484277629226,-8.448154302760189,0.1419791064080902,0.8235596313930909,0.41724021415993423,0.41724021415993423,1.6557151355552946,0.010000000000000009
1.440000000000001,accelerate,1.5,1.1882963348339757,1.1849798422870648,-23.174585889462442,-8.448375260721063,0.1417704744791489,0.8114975209425161,0.41341025284966776,0.41341025284966776,1.6405168763875704,0.010000000000000009
1.450000000000001,accelerate,1.5,1.182855652422149,1.1837053283681154,-23.162750622165994,-8.448593010139021,0.14180524457336746,0.8047348386326849,0.4112629659626501,0.4112629659626501,1.631995896677183,0.010000000000000009
1.460000000000001,accelerate,1.5,1.1799401208260363,1.181446203842868,-23.150951707499953,-8.448805132535787,0.14204764891967772,0.8027473871072505,0.4106319103542942,0.4106319103542942,1.6294917077551356,0.010000000000000009
1.470000000000001,accelerate,1.5,1.1814927148673828,1.181474110457577,-23.139141976967995,-8.44899779257304,0.14242094904444041,0.8033723724211335,0.4108303556911583,0.4108303556911583,1.630279189250628,0.010000000000000009
1.480000000000001,accelerate,1.5,1.1895153809445813,1.1862988727497796,-23.12725210819811,-8.449164690766786,0.14280714743312534,0.8035207940727085,0.41087748253396633,0.41087748253396633,1.6304662005316124,0.010000000000000009
1.490000000000001,accelerate,1.5,1.1990917766521831,1.1939746150912218,-23.11526507208106,-8.449328924089041,0.14317467728420225,0.8017289171320484,0.410308525767768,0.410308525767768,1.6282084355863808,0.010000000000000009
1.500000000000001,accelerate,1.5,1.2325732619601462,1.2171338032125765,-23.102920038110415,-8.449353105653397,0.1430248596477357,0.7900474276289571,0.40659941922074644,0.40659941922074644,1.613489758812486,0.010000000000000009
1.5100000000000011,accelerate,1.5,1.2551090540461052,1.2399189537126938,-23.09033840242892,-8.44923269562439,0.14251368993296393,0.7704922438864332,0.4003902572788203,0.4003902572788203,1.588850227296906,0.010000000000000009
1.5200000000000011,accelerate,1.5,1.251763968608921,1.24702596265043,-23.07780022920519,-8.449130108909092,0.14218945044606673,0.7528664144347363,0.3947937039113175,0.3947937039113175,1.566641682187768,0.010000000000000009
1.5300000000000011,accelerate,1.5,1.2457137543422638,1.2462386376655303,-23.065331240973684,-8.449006908798982,0.14207855984093887,0.7409577880017473,0.3910124768463148,0.3910124768463148,1.5516368128822016,0.010000000000000009
1.5400000000000011,accelerate,1.5,1.2409938528729918,1.2430917667900072,-23.05291616830751,-8.448883054855642,0.14215892926448387,0.7348907923101021,0.38908608437430364,0.38908608437430364,1.5439923983107287,0.010000000000000009
1.5500000000000012,accelerate,1.5,1.239127873482035,1.240713430805224,-23.040524866135932,-8.448763230241136,0.1423909951171798,0.733107963141115,0.38852000045656687,0.38852000045656687,1.541746033557805,0.010000000000000009
1.5600000000000012,accelerate,1.5,1.2408110027213253,1.2407719739548848,-23.028120086299374,-8.448640759279362,0.14272171283153168,0.7334653852052202,0.3886334891103615,0.3886334891103615,1.5421963853585774,0.010000000000000009
1.5700000000000012,accelerate,1.5,1.249503532422398,1.2460109090353928,-23.015626683546156,-8.448510714191578,0.14302643809139243,0.7327630887707484,0.3884104959464881,0.3884104959464881,1.5413114918511432,0.010000000000000009
1.5800000000000012,accelerate,1.5,1.2597494333064287,1.2542540235980144,-23.0030275609343,-8.44839470570589,0.14327415392585438,0.7295691089689206,0.38739634347981167,0.38739634347981167,1.53728707730084,0.010000000000000009
1.5900000000000012,accelerate,1.5,1.2692234556762547,1.2632356828449587,-22.990331295608804,-8.448277961393085,0.14348341949011592,0.7239289592651571,0.3856054831458727,0.3856054831458727,1.530180488674098,0.010000000000000009
1.6000000000000012,accelerate,1.5,1.3156726390174842,1.2946978565484741,-22.977139385593645,-8.447933637410529,0.14290081201155913,0.7042419267908508,0.379354456594631,0.379354456594631,1.5053748277564722,0.010000000000000009
1.6100000000000012,accelerate,1.5,1.3136056714716398,1.3060425455023736,-22.963978252470095,-8.44762402279429,0.14247037730114517,0.6838600072252303,0.37288278949415515,0.37288278949415515,1.4796936091037902,0.010000000000000009
1.6200000000000012,accelerate,1.5,1.3080780017907123,1.3072638192753767,-22.950881505273305,-8.447315506180539,0.14223050736417464,0.6682587922856607,0.367929091726543,0.367929091726543,1.4600360782799324,0.010000000000000009
1.6300000000000012,accelerate,1.5,1.3025960231430171,1.3044631415959609,-22.937846799536874,-8.447028098753645,0.14218122853829415,0.6586253361575647,0.36487027673674993,0.36487027673674993,1.4478979235585314,0.010000000000000009
1.6400000000000012,accelerate,1.5,1.2987338623125644,1.301025574025923,-22.924856386511184,-8.446764994916474,0.14230119148922607,0.6541264279138865,0.36344178339121724,0.36344178339121724,1.442229299171497,0.010000000000000009
1.6500000000000012,accelerate,1.5,1.2985122303394476,1.2995175678140378,-22.911871701873306,-8.446525969098419,0.14253257763193686,0.6527269056241211,0.36299740707377093,0.36299740707377093,1.4404659010863925,0.010000000000000009
1.6600000000000013,accelerate,1.5,1.3026933982846225,1.3014230660963886,-22.89884577133496,-8.44631994980259,0.14279733061847708,0.6519912232365528,0.36276381320207024,0.36276381320207024,1.4395389412780566,0.010000000000000009
1.6700000000000013,accelerate,1.5,1.3074973707269861,1.305067648874747,-22.885772240158545,-8.446138303346,0.14309113997330264,0.6508428640774017,0.3623991862018566,0.3623991862018566,1.4380920087375262,0.010000000000000009
1.6800000000000013,accelerate,1.5,1.3561396922660331,1.3357108749095188,-22.87217811687957,-8.446238896895654,0.142519006177196,0.6348945772793546,0.3573352861777407,0.3573352861777407,1.4179971673719869,0.010000000000000009
1.6900000000000013,accelerate,1.5,1.3515884684903716,1.3452374310580306,-22.858639641208395,-8.44633656150027,0.14213926781567213,0.6181892641770965,0.35203101516151175,0.35203101516151175,1.3969484728631418,0.010000000000000009
1.7000000000000013,accelerate,1.5,1.3447599219506032,1.344950925593574,-22.845178064062207,-8.446436026197075,0.14198120851223744,0.6060616321013681,0.3481802494248264,0.3481802494248264,1.3816676564477237,0.010000000000000009
1.7100000000000013,accelerate,1.5,1.3385657656298582,1.3411198296153444,-22.83178556164882,-8.446534404898367,0.14203902374036056,0.5994945063099832,0.3460950556435459,0.3460950556435459,1.373393077950579,0.010000000000000009
1.7200000000000013,accelerate,1.5,1.3347788576448638,1.337315246433056,-22.818436691328948,-8.446628971847419,0.14227737776469754,0.5973884188720923,0.34542633076026674,0.34542633076026674,1.3707394077788362,0.010000000000000009
1.7300000000000013,accelerate,1.5,1.334256007239923,1.335479702917176,-22.805097125792066,-8.446726774432156,0.1426397739768587,0.5978243579777438,0.3455647501450932,0.3455647501450932,1.371288691051957,0.010000000000000009
1.7400000000000013,accelerate,1.5,1.3403505007390892,1.338402181610324,-22.79169627826208,-8.446803372696317,0.14300219730055252,0.5977612252410107,0.3455447042385258,0.3455447042385258,1.3712091438036738,0.010000000000000009
1.7500000000000013,accelerate,1.5,1.3493238828346168,1.3449552023448996,-22.778202872838467,-8.446851318295206,0.14330648511294236,0.595336037687354,0.34477465868648866,0.34477465868648866,1.3681534074860662,0.010000000000000009
1.7600000000000013,accelerate,1.5,1.3583075103718716,1.3529665871610828,-22.764616433500496,-8.446889758032354,0.14354899663197443,0.5901951103513563,0.34314231143876267,0.34314231143876267,1.361675839042709,0.010000000000000009
1.7700000000000014,accelerate,1.5,1.3871617092993078,1.3734836604440177,-22.75072258090087,-8.446796597118869,0.1433114655400698,0.5761349681660604,0.33867793509208755,0.33867793509208755,1.3439600598892363,0.010000000000000009
1.7800000000000014,accelerate,1.5,1.4089904207889514,1.3947877166509781,-22.736602233974946,-8.446595790639659,0.14272885988941594,0.5543747987239916,0.33176864609084183,0.33176864609084183,1.3165422463922294,0.010000000000000009
1.7900000000000014,accelerate,1.5,1.402684045619839,1.3995255140322946,-22.722554579290275,-8.44639821310977,0.14231524590464337,0.5351684275547756,0.32567023911719234,0.32567023911719234,1.2923422187190172,0.010000000000000009
1.8000000000000014,accelerate,1.5,1.3941182193047146,1.3962811371957464,-22.70860071850937,-8.446205149874991,0.14210996927882752,0.5222423936287299,0.32156596482499433,0.32156596482499433,1.2760554159721997,0.010000000000000009
1.8100000000000014,accelerate,1.5,1.3858739293263131,1.3900368124740865,-22.694735914731545,-8.44601857577687,0.1421160010219618,0.5159683122536113,0.31957381850676664,0.31957381850676664,1.26815007343955,0.010000000000000009
1.8200000000000014,accelerate,1.5,1.379969654888715,1.3839965179228637,-22.680935455469633,-8.445844860429242,0.14230495576028765,0.5149503470511019,0.3192505941956659,0.3192505941956659,1.2668674372843887,0.010000000000000009
1.8300000000000014,accelerate,1.5,1.3781281659993325,1.380475506768745,-22.667157073506083,-8.445673000117127,0.1426172440587184,0.5168317402310878,0.319847974158175,0.319847974158175,1.2692379926911705,0.010000000000000009
1.8400000000000014,accelerate,1.5,1.382875167168045,1.381915303008325,-22.653331029261476,-8.445525580251164,0.14294442455520595,0.51840323523952,0.3203469552532524,0.3203469552532524,1.2712180764017953,0.010000000000000009
1.8500000000000014,accelerate,1.5,1.3898940234232728,1.3867025352572937,-22.639432878723245,-8.445408939820238,0.14324521416965486,0.5179258548720094,0.3201953774389604,0.3201953774389604,1.2706165771387319,0.010000000000000009
1.8600000000000014,accelerate,1.5,1.3974906723357874,1.39317541750439,-22.625456485546962,-8.44530273673995,0.14351027217313392,0.5148740408290032,0.31922636544402516,0.31922636544402516,1.2667712914445444,0.010000000000000009
1.8700000000000014,accelerate,1.5,1.4463033506313414,1.425052177380561,-22.610958347706227,-8.445441414565678,0.14290056757055147,0.4961262951383162,0.3132735812323182,0.3132735812323182,1.2431491318742784,0.010000000000000009
1.8800000000000014,accelerate,1.5,1.4425496929850141,1.4355506867432328,-22.59650776770926,-8.445571284214054,0.1424434250550421,0.4760360308350731,0.30689452051075244,0.30689452051075244,1.2178353988521922,0.010000000000000009
1.8900000000000015,accelerate,1.5,1.4349506345589962,1.4351906554326908,-22.58214187500073,-8.44569684582794,0.14218307171923691,0.46060758133641605,0.30199567922593884,0.30199567922593884,1.1983955524838843,0.010000000000000009
1.9000000000000015,accelerate,1.5,1.426670216983749,1.4300783923633258,-22.567865896766087,-8.445814926676507,0.1421315250201463,0.4514535478915718,0.29908909052653193,0.29908909052653193,1.1868614703433806,0.010000000000000009
1.9100000000000015,accelerate,1.5,1.419666147074984,1.4238310451903207,-22.553665627939388,-8.445931823998697,0.14226867638637072,0.4479621031267109,0.29798048698479324,0.29798048698479324,1.1824622499396558,0.010000000000000009
1.9200000000000015,accelerate,1.5,1.415837758753929,1.4190350733284856,-22.53950772497878,-8.446035615122735,0.14254231069277107,0.4482679749445717,0.2980776074044004,0.2980776074044004,1.1828476484301604,0.010000000000000009
1.9300000000000015,accelerate,1.5,1.4159176436492258,1.4171646155209299,-22.52535128676116,-8.446121672009015,0.1428916109198661,0.45008012181260326,0.2986530002779378,0.2986530002779378,1.18513095348388,0.010000000000000009
1.9400000000000015,accelerate,1.5,1.4215344138816333,1.419786494537352,-22.511137150458772,-8.446177032464815,0.1432118567869817,0.45070698172459617,0.2988520408371938,0.2988520408371938,1.1859207969729912,0.010000000000000009
1.9500000000000015,accelerate,1.5,1.4282462815212624,1.4248623667276983,-22.49685339882792,-8.446211537755042,0.14348348344577933,0.4490543725705937,0.29832730437861493,0.29832730437861493,1.183838509438948,0.010000000000000009
1.9600000000000015,accelerate,1.5,1.435384254282921,1.4311754992608319,-22.482495290395587,-8.446231267112784,0.1436967779404518,0.4448807227750714,0.2970020870955407,0.2970020870955407,1.17857971069659,0.010000000000000009
1.9700000000000015,hold,1.5,1.481482668676693,1.4613598009103486,-22.467646828434994,-8.446005564847331,0.14305649732557998,0.4258749730613363,0.2909673814464356,0.2909673814464356,1.154632466057284,0.010000000000000009
1.9800000000000015,hold,1.5,1.4771383519562014,1.4708269315378604,-22.45285130701733,-8.445783853734623,0.14255040597406446,0.405875939798257,0.2846172884047426,0.2846172884047426,1.129433684145804,0.010000000000000009
1.9900000000000015,accelerate,1.5,1.4685557288003248,1.4694642098953392,-22.438150049695466,-8.44556315076753,0.14223522696038735,0.39080998074577733,0.2798335450863992,0.2798335450863992,1.1104505757396792,0.010000000000000009
2.0000000000000013,accelerate,1.5,1.4591182162402931,1.4632566137023115,-22.42355005791119,-8.44534745423757,0.14213177986414932,0.38229202799779627,0.2771289247298603,0.2771289247298603,1.0997179552772234,0.009999999999999787
2.010000000000001,accelerate,1.5,1.450913716645962,1.4558508754685018,-22.40903771105234,-8.445134731297715,0.14222725348923107,0.37969693945858346,0.27630493221688945,0.27630493221688945,1.0964481437178153,0.009999999999999787
2.020000000000001,accelerate,1.5,1.4457586193684189,1.449795521808452,-22.3945811657736,-8.44492999893755,0.14247680074038482,0.38116952670706034,0.2767725081200258,0.2767725081200258,1.098303603650896,0.009999999999999787
2.0300000000000007,accelerate,1.5,1.4445682923351046,1.4466591841244436,-22.3801391328978,-8.444740454803966,0.1428206028461097,0.3843769685141271,0.27779093504260566,0.27779093504260566,1.1023449803278003,0.009999999999999787
2.0400000000000005,accelerate,1.5,1.44995214179472,1.4486349587266094,-22.365641720358543,-8.444580311939115,0.1431406825541369,0.38625926825875073,0.27838860285751854,0.27838860285751854,1.104716678006026,0.009999999999999787
2.0500000000000003,accelerate,1.5,1.4570060818365962,1.4536576325926016,-22.35107096152158,-8.444443574654176,0.14340693126995557,0.38543753282505755,0.2781276854226123,0.2781276854226123,1.1036812913595726,0.009999999999999787
2.06,accelerate,1.5,1.463608630235816,1.4596282311785302,-22.336431534514695,-8.444323211335712,0.14362387275154936,0.381910270806483,0.2770077091864745,0.2770077091864745,1.0992369412161687,0.009999999999999787
2.07,hold,1.5,1.470535764242046,1.4661727510166398,-22.321719703607666,-8.44421027659289,0.14377580798831313,0.37586974545998497,0.27508972157845446,0.27508972157845446,1.0916258792795812,0.009999999999999787
2.0799999999999996,hold,1.5,1.5127900730563828,1.4941431442404856,-22.30655778069518,-8.44432340900391,0.1431433728751293,0.35630995555091266,0.2688790970865258,0.2688790970865258,1.06698054399415,0.009999999999999787
2.0899999999999994,hold,1.5,1.507645048432196,1.502244286755512,-22.291456769418776,-8.444431112514556,0.14264153738150592,0.3363690103684323,0.26254744817218467,0.26254744817218467,1.041854953064225,0.009999999999999787
2.099999999999999,hold,1.5,1.4983784260929045,1.4999247703579475,-22.276456627552555,-8.44453754266533,0.1423235431111522,0.3216414854878564,0.25787116447210423,0.25787116447210423,1.0232982717146992,0.009999999999999787
2.109999999999999,hold,1.5,1.4880940069490003,1.4928263123125791,-22.261565959222313,-8.444639697616942,0.14221109191454445,0.31365766724516214,0.2553361425036839,0.2553361425036839,1.0132386607289043,0.009999999999999787
2.1199999999999988,hold,1.5,1.4789609617685002,1.4845071019861318,-22.246771898015748,-8.444741500700253,0.14229203050146358,0.31177160598946796,0.2547372803337759,0.2547372803337759,1.0108622235467297,0.009999999999999787
2.1299999999999986,hold,1.5,1.4731669155936071,1.477702990150617,-22.232039673767847,-8.44483248764605,0.1425193253448923,0.3140114071030102,0.2554484619833478,0.2554484619833478,1.0136843729497929,0.009999999999999787
2.1399999999999983,hold,1.5,1.4711242213224107,1.473755728853693,-22.217330383888164,-8.444910133750996,0.14283919630202696,0.31807111185664383,0.2567374994367216,0.2567374994367216,1.0187996009393714,0.009999999999999787
2.149999999999998,hold,1.5,1.4734846662881431,1.4735930913143631,-22.202597697227805,-8.44497449617671,0.14317942202517703,0.32158959664111647,0.2578546887254873,0.2578546887254873,1.0232328917678066,0.009999999999999787
2.159999999999998,hold,1.5,1.4806993758487115,1.4778568620349721,-22.187789549648688,-8.445005510162868,0.14344524230807937,0.3223081154939682,0.2580828328316448,0.2580828328316448,1.0241382255223999,0.009999999999999787
2.1699999999999977,hold,1.5,1.4879143901839833,1.4838913789243788,-22.172905796986782,-8.445016195592249,0.14363608926274143,0.3198094660061722,0.2572894616462798,0.2572894616462798,1.020989927167777,0.009999999999999787
2.1799999999999975,hold,1.5,1.4947367779643699,1.4903986183483733,-22.157950651641894,-8.445015419760688,0.1437561107799437,0.31444193367162776,0.25558516277941523,0.25558516277941523,1.014226836426251,0.009999999999999787
2.1899999999999973,hold,1.5,1.5010172120776235,1.4967697745859234,-22.14292987454692,-8.444999950338076,0.14380569771617085,0.30680654888846426,0.2531607754030652,0.2531607754030652,1.0046062515994651,0.009999999999999787
2.199999999999997,hold,1.5,1.5062473270778822,1.5024563060810987,-22.127854598687918,-8.444961649774278,0.14378987134062166,0.2976785582899132,0.25026245582821327,0.25026245582821327,0.9931049834452907,0.009999999999999787
2.209999999999997,hold,1.5,1.5104589564148505,1.5072578962813497,-22.11273567982198,-8.444915363062064,0.14371710075456343,0.2877901209113704,0.24712267919177838,0.24712267919177838,0.980645552348327,0.009999999999999787
2.2199999999999966,hold,1.5,1.5131125637835374,1.5107706967826624,-22.097589755204186,-8.444857313582675,0.143608135851315,0.2779492174663644,0.24399799552992002,0.24399799552992002,0.9682460140076191,0.009999999999999787
2.2299999999999964,hold,1.5,1.5141774239220727,1.5128147330663086,-22.082433614160106,-8.444782765406226,0.14348577809879093,0.26890754042113024,0.2411270822345173,0.2411270822345173,0.9568535009306242,0.009999999999999787
2.239999999999996,hold,1.5,1.514313174172467,1.5137137977300037,-22.06727734028941,-8.444645768631982,0.14337008391377468,0.2611034960584019,0.23864914206846377,0.23864914206846377,0.9470204050335864,0.009999999999999787
2.249999999999996,hold,1.5,1.5135904239378701,1.5136397734547236,-22.052129583812906,-8.444473928304713,0.14327186635011946,0.2548038669713841,0.23664888384075392,0.23664888384075392,0.9390828723839441,0.009999999999999787
2.259999999999996,hold,1.5,1.5121254390751835,1.5127311728269994,-22.036997971055754,-8.444280357101807,0.14320587291148507,0.25015478662341917,0.2351727078486681,0.2351727078486681,0.9332250311455083,0.009999999999999787
2.2699999999999956,hold,1.5,1.5113467096932967,1.5119004949467778,-22.021875276918085,-8.444084809880367,0.14317119485841406,0.24679081680117682,0.23410458015070967,0.23410458015070967,0.9289864291694828,0.009999999999999787
2.2799999999999954,hold,1.5,1.510997915312596,1.5113589471662687,-22.006757131555233,-8.44388480041209,0.14317020006455142,0.24430606554132786,0.23331562193068245,0.23331562193068245,0.9258556425820732,0.009999999999999787
2.289999999999995,hold,1.5,1.5111936707994356,1.511259781346169,-21.99163794089646,-8.443672750876557,0.14319959244551653,0.24229180561703817,0.232676054119522,0.232676054119522,0.9233176750774682,0.009999999999999787
2.299999999999995,hold,1.5,1.512184836388145,1.5118148143713546,-21.976509335712475,-8.443456055803512,0.1432493691536113,0.24030463653970896,0.2320450881940884,0.2320450881940884,0.9208138420400334,0.009999999999999787
2.3099999999999947,hold,1.5,1.513849574072487,1.5130356701920342,-21.96136424509602,-8.44323579444266,0.1433095340655577,0.2379790397131825,0.23130666468972974,0.23130666468972974,0.9178835900386101,0.009999999999999787
2.3199999999999945,hold,1.5,1.5159907347638426,1.5148087089351194,-21.946197613674315,-8.443011930391318,0.1433702415960621,0.2350787368330665,0.2303857605192353,0.2303857605192353,0.9142292084096638,0.009999999999999787
2.3299999999999943,hold,1.5,1.51840721712283,1.5169678138477458,-21.931006445571107,-8.442785663122823,0.14342263769271288,0.23149971243817274,0.2292493486933686,0.2292493486933686,0.9097196376720976,0.009999999999999787
2.339999999999994,hold,1.5,1.520836374776898,1.5192889504052371,-21.91579047180222,-8.442558924494564,0.14346044481968864,0.22727591016706566,0.2279082069962467,0.2279082069962467,0.9043976468105027,0.009999999999999787
2.349999999999994,hold,1.5,1.52306497381174,1.521554564449139,-21.900551679148954,-8.442332413327595,0.14348051544441634,0.22254974218385584,0.22640755413821795,0.22640755413821795,0.8984426751516585,0.009999999999999787
2.3599999999999937,hold,1.5,1.5249141223926928,1.523570299215271,-21.885293939588248,-8.442107052620246,0.14348284487506507,0.21753950774626338,0.22481670449959357,0.22481670449959357,0.892129779760292,0.009999999999999787
2.3699999999999934,hold,1.5,1.5262998873572637,1.5252080521004667,-21.87002202665629,-8.441883536596029,0.14346998676479178,0.21249013030810285,0.22321342617542883,0.22321342617542883,0.8857675641882097,0.009999999999999787
2.3799999999999932,hold,1.5,1.5272157886048432,1.5264126940030927,-21.854740802516744,-8.441662791425278,0.14344638316843822,0.2076296885749663,0.22167013871632332,0.22167013871632332,0.8796434076044576,0.009999999999999787
2.389999999999993,hold,1.5,1.5277039051213404,1.5271874206740415,-21.839454707792903,-8.441445531179422,0.1434175877910994,0.20314196756147782,0.22024519754012045,0.22024519754012045,0.8739888791274621,0.009999999999999787
2.399999999999993,hold,1.5,1.527898169174625,1.5276138697743915,-21.824166817369992,-8.44123210117464,0.14338926669556912,0.19913332853728144,0.21897237447715762,0.21897237447715762,0.8689379939569747,0.009999999999999787
2.4099999999999926,hold,1.5,1.5279186633532995,1.5277967459217363,-21.808878967775318,-8.441022736500319,0.14336650740138882,0.19563528149067413,0.21786167457891886,0.21786167457891886,0.8645304546782494,0.009999999999999787
2.4199999999999924,hold,1.5,1.5279026274801335,1.5278602748567747,-21.79359157466036,-8.440818029007747,0.14335318923556417,0.19260827865169064,0.21690054063748485,0.21690054063748485,0.8607164311011304,0.009999999999999787
2.429999999999992,hold,1.5,1.5279589571403696,1.5279194842269317,-21.77830389289287,-8.440620852081313,0.14335152061854198,0.1899599774434724,0.21605965203785138,0.21605965203785138,0.8573795715787753,0.009999999999999787
2.439999999999992,hold,1.5,1.5282846973909843,1.528138612125363,-21.7630131911828,-8.440426297014007,0.14336019993414206,0.18752866666164852,0.21528766223840667,0.21528766223840667,0.8543161199936773,0.009999999999999787
2.4499999999999917,hold,1.5,1.5289965678008524,1.5286533855306565,-21.747715495512494,-8.440228233732698,0.14337422296016206,0.18511124397947987,0.21452008218836446,0.21452008218836446,0.8512701674141447,0.009999999999999787
2.4599999999999915,accelerate,1.5,1.530125508629177,1.5295366593897688,-21.732406345744092,-8.440039458238385,0.14338862123527296,0.1825041806204053,0.21369228743059107,0.21369228743059107,0.8479852675817106,0.009999999999999787
2.4699999999999913,accelerate,1.5,1.531274498890334,1.530579363090108,-21.7170856242495,-8.439855531725627,0.14340362752212354,0.17965392683773584,0.21278727484951793,0.21278727484951793,0.8443939478155473,0.009999999999999787
2.479999999999991,accelerate,1.5,1.5323030720540989,1.5316135884685025,-21.701754599712,-8.439671569931326,0.1434185974984957,0.17660635769252844,0.21181961069453165,0.21181961069453165,0.8405540106925858,0.009999999999999787
2.489999999999991,accelerate,1.5,1.5333348585502118,1.532646350517528,-21.68641311809483,-8.439492387845156,0.14343048300013578,0.17339447956085433,0.21079977515016246,0.21079977515016246,0.8365070442466764,0.009999999999999787
2.4999999999999907,accelerate,1.5,1.5342890124331205,1.5336319476668834,-21.671061952056483,-8.439318096573789,0.14343832983307703,0.17006915812698725,0.209743919088481,0.209743919088481,0.832317139240004,0.009999999999999787
2.5099999999999905,accelerate,1.5,1.5350318417885709,1.5344718841398959,-21.655703272994746,-8.43914666568431,0.1434425528386421,0.16672411133316373,0.20868179983050616,0.20868179983050616,0.8281023802797863,0.009999999999999787
2.5199999999999902,accelerate,1.5,1.5356057968151138,1.5351522317450268,-21.64033874629166,-8.438978494609183,0.14344218085063154,0.1634427847403806,0.20763991301076565,0.20763991301076565,0.8239679087728795,0.009999999999999787
2.52999999999999,accelerate,1.5,1.5361257934644919,1.5357363687767058,-21.62496893917804,-8.438810945461976,0.14343696995203062,0.16025914453199064,0.20662904357179768,0.20662904357179768,0.8199565221103082,0.009999999999999787
2.53999999999999,accelerate,1.5,1.5364592473104701,1.5361700958969644,-21.609595809784807,-8.438641780492144,0.14342905742090228,0.1572300337745034,0.20566724032408035,0.20566724032408035,0.8161398425558744,0.009999999999999787
2.5499999999999896,accelerate,1.5,1.5366430152089017,1.5364538474841267,-21.594220889763175,-8.43847181122054,0.14342026022747376,0.15440174739810303,0.2047692028338457,0.2047692028338457,0.8125762017216099,0.009999999999999787
2.5599999999999894,accelerate,1.5,1.5367569078578183,1.5366356837083417,-21.57884490097533,-8.438301577800944,0.14341214596041366,0.15178665898463883,0.20393885996080252,0.20393885996080252,0.8092811903206449,0.009999999999999787
2.569999999999989,accelerate,1.5,1.5368210044580914,1.5367468761581915,-21.56346839654455,-8.438129518472596,0.1434065379202571,0.14937865050723945,0.2031742691090587,0.2031742691090587,0.8062470996391218,0.009999999999999787
2.579999999999989,accelerate,1.5,1.5368830649987775,1.536828589462543,-21.54809143068791,-8.437954017879424,0.1434045295677468,0.1471512989743845,0.20246704045034658,0.20246704045034658,0.8034406367077245,0.009999999999999787
2.5899999999999888,accelerate,1.5,1.5370018012984423,1.5369325165640828,-21.532713430410986,-8.437774797575507,0.14340634213533282,0.145056016622539,0.2018017463979886,0.2018017463979886,0.8008005809443992,0.009999999999999787
2.5999999999999885,accelerate,1.5,1.5371934134235836,1.5370890546797833,-21.51733365681355,-8.437591214606016,0.14341170331583256,0.14303751523321426,0.2011608318368502,0.2011608318368502,0.7982572691938501,0.009999999999999787
2.6099999999999883,accelerate,1.5,1.5374501341971216,1.5373057023901864,-21.501951451754138,-8.437402120797215,0.14341999265676678,0.14104718421393034,0.20052886193160718,0.20052886193160718,0.7957494521095523,0.009999999999999787
2.619999999999988,accelerate,1.5,1.5377411235081433,1.5375669550609605,-21.486566396054265,-8.437210574993212,0.1434299484580508,0.13905400930290773,0.19989598903385927,0.19989598903385927,0.7932380517216637,0.009999999999999787
2.629999999999988,accelerate,1.5,1.538184043170341,1.5379372079265887,-21.47117690928568,-8.437013051575862,0.14343770325794733,0.13699841540555185,0.19924329685957085,0.19924329685957085,0.7906480034109954,0.009999999999999787
2.6399999999999877,accelerate,1.5,1.5386949738827518,1.5383918675002866,-21.45578235428723,-8.436805461142336,0.14344212315049742,0.1348451369602527,0.19855958788761946,0.19855958788761946,0.7879348725699185,0.009999999999999787
2.6499999999999875,accelerate,1.5,1.5391075375002095,1.5388212695002403,-21.440383725704105,-8.43658903838394,0.1434433836833444,0.13262404106153608,0.19785434551785896,0.19785434551785896,0.7851362917375355,0.009999999999999787
2.6599999999999873,accelerate,1.5,1.5394009963413002,1.5391691056048762,-21.424982190546892,-8.436366909552655,0.14344169904997264,0.13038932314008095,0.1971447778834385,0.1971447778834385,0.782320547156502,0.009999999999999787
2.669999999999987,accelerate,1.5,1.5395273343726537,1.5393840428655428,-21.40957953910058,-8.436137036415243,0.14343962438987526,0.1282123736292261,0.19645355287475189,0.19645355287475189,0.779577590772825,0.009999999999999787
2.679999999999987,accelerate,1.5,1.5395116556592638,1.5394606105417754,-21.394177141357005,-8.43590341831899,0.1434373532170836,0.12615416201369897,0.1958000295225897,0.1958000295225897,0.7769842441372607,0.009999999999999787
2.6899999999999866,accelerate,1.5,1.5396225421187886,1.5395577694879834,-21.37877372194953,-8.435661672125836,0.14343261098680143,0.12417938841126357,0.19517299940834443,0.19517299940834443,0.7744960293981922,0.009999999999999787
2.6999999999999864,accelerate,1.5,1.5396517985601237,1.5396141869312676,-21.363370181472227,-8.435409984364703,0.14342718145227362,0.12229248181074232,0.19457386882454694,0.19457386882454694,0.7721185270815355,0.009999999999999787
2.709999999999986,accelerate,1.5,1.539595568722945,1.5396030160062741,-21.34796734452344,-8.435150919546647,0.1434214787213282,0.12051163366667796,0.19400841392184362,0.19400841392184362,0.7698746584200143,0.009999999999999787
2.719999999999986,accelerate,1.5,1.5395281877588423,1.5395581190578151,-21.332565313296236,-8.43488737009827,0.1434168199270146,0.11883375390680812,0.19347565354048973,0.19347565354048973,0.7677605299225783,0.009999999999999787
2.7299999999999858,accelerate,1.5,1.5393926226636148,1.539458821221295,-21.317164851733914,-8.434617204020146,0.1434150754264516,0.11726766760804584,0.19297838981890675,0.19297838981890675,0.7657872611861379,0.009999999999999787
2.7399999999999856,accelerate,1.5,1.539232555262688,1.5393230616461309,-21.301766173296606,-8.434341996316949,0.1434163098822377,0.11581121819319976,0.19251593800070482,0.19251593800070482,0.7639521349234318,0.009999999999999787
2.7499999999999853,accelerate,1.5,1.5391782286550557,1.5392361618514858,-21.2863681051016,-8.434064348320067,0.1434183301671977,0.11441728861993508,0.1920733374826018,0.1920733374826018,0.7621957836611183,0.009999999999999787
2.759999999999985,accelerate,1.5,1.539234184116716,1.539234975210624,-21.270969571349283,-8.433780627368488,0.14342014657150778,0.11302812668122401,0.19163225078382226,0.19163225078382226,0.7604454396183423,0.009999999999999787
2.769999999999985,accelerate,1.5,1.5392622096288344,1.5392513158615504,-21.255570891863492,-8.43348925943663,0.14342200141271627,0.11163341005553519,0.19118940036083354,0.19118940036083354,0.7586880966699744,0.009999999999999787
2.7799999999999847,accelerate,1.5,1.5393120490333263,1.539287755764616,-21.240171754379727,-8.433194814488626,0.1434229762075377,0.11022338219581314,0.1907416883148146,0.1907416883148146,0.7569114615667246,0.009999999999999787
2.7899999999999845,accelerate,1.5,1.5393366761192036,1.5393171079773684,-21.224772414123574,-8.4328978274287,0.1434232039064185,0.10880464218386068,0.19029120998621948,0.19029120998621948,0.7551238491516646,0.009999999999999787
2.7999999999999843,accelerate,1.5,1.5392990415232322,1.5393062681048866,-21.209373537641632,-8.432596974922038,0.1434231937931803,0.10740022975023494,0.18984528095029463,0.18984528095029463,0.7533542894852961,0.009999999999999787
2.809999999999984,accelerate,1.5,1.5392212285060378,1.5392552443455774,-21.19397553042041,-8.43229222909038,0.14342292151390662,0.10602885363783057,0.189409841607084,0.189409841607084,0.7516263555836666,0.009999999999999787
2.819999999999984,accelerate,1.5,1.5391242141822894,1.5391766262476048,-21.178578555081124,-8.43198497970381,0.143422131899604,0.10469902671990339,0.18898759496410375,0.18898759496410375,0.7499507736670784,0.009999999999999787
2.8299999999999836,accelerate,1.5,1.5389964091907427,1.5390684960134875,-21.163182927265755,-8.431674988355772,0.14342092045564014,0.10341877847708116,0.18858109054204283,0.18858109054204283,0.7483376608811223,0.009999999999999787
2.8399999999999834,accelerate,1.5,1.5388396533797453,1.5389311904332421,-21.1477889394467,-8.431362305228635,0.14341942644588973,0.10219455889616025,0.18819237634070882,0.18819237634070882,0.7467951442091619,0.009999999999999787
2.849999999999983,accelerate,1.5,1.5386562997137114,1.5387662560015238,-21.132396859462002,-8.431046809339108,0.14341767288080787,0.10103090481936011,0.18782289289824325,0.18782289289824325,0.7453289400723938,0.009999999999999787
2.859999999999983,accelerate,1.5,1.5384669082712148,1.5385866473633385,-21.117006735484452,-8.430728999847462,0.14341560169633555,0.0999247083873385,0.18747165340714775,0.18747165340714775,0.7439351325680467,0.009999999999999787
2.869999999999983,accelerate,1.5,1.538270644336463,1.5383970455472133,-21.101618644918023,-8.430408693314213,0.1434134346346138,0.09887108168180479,0.1871371058556067,0.1871371058556067,0.7426075629190741,0.009999999999999787
2.8799999999999826,accelerate,1.5,1.5380574258886286,1.5381932737520625,-21.086232765678172,-8.43008559985297,0.1434112998638807,0.09786841890895305,0.1868187403719708,0.1868187403719708,0.741344207825281,0.009999999999999787
2.8899999999999824,accelerate,1.5,1.5378504262960349,1.537987565278446,-21.070849037750033,-8.4297597081156,0.14340929933129118,0.09690898980779203,0.18651410244377015,0.18651410244377015,0.740135327157818,0.009999999999999787
2.899999999999982,accelerate,1.5,1.5376429091670523,1.5377807716116099,-21.05546745866931,-8.429431625268103,0.14340758790102565,0.09598616818167145,0.18622108812104432,0.18622108812104432,0.738972571908906,0.009999999999999787
2.909999999999982,accelerate,1.5,1.537426719620382,1.5375683404168732,-21.040088110034084,-8.429101582690183,0.1434062248625536,0.09509709616867786,0.1859387899754786,0.1859387899754786,0.7378523411725342,0.009999999999999787
2.9199999999999817,accelerate,1.5,1.5371594356147156,1.5373229975355787,-21.024711552735262,-8.428767237754155,0.14340542309395127,0.09425411861685744,0.18567112774322458,0.18567112774322458,0.7367901894572404,0.009999999999999787
2.9299999999999815,accelerate,1.5,1.5369068205197651,1.5370732913260905,-21.009337631141662,-8.428429670465894,0.14340553199787315,0.09345206841472824,0.18541646076304452,0.18541646076304452,0.7357796062025577,0.009999999999999787
2.9399999999999813,accelerate,1.5,1.5366849525379809,1.5368402880532246,-20.99396599900058,-8.42809001771807,0.14340600822922017,0.0926755719647255,0.18516990761023966,0.18516990761023966,0.7348012206755542,0.009999999999999787
2.949999999999981,accelerate,1.5,1.536471994983714,1.5366193122115184,-20.978596561568203,-8.427748163975435,0.1434065705513085,0.09191471486366358,0.18492832026351047,0.18492832026351047,0.7338425407282162,0.009999999999999787
2.959999999999981,accelerate,1.5,1.5362281593669191,1.5363846205047589,-20.963229649617688,-8.427402919978515,0.14340713029452054,0.09117525406044975,0.18469352666927402,0.18469352666927402,0.7329108201161667,0.009999999999999787
2.9699999999999807,accelerate,1.5,1.5359754936841779,1.5361391444124104,-20.947865365853826,-8.427053664060418,0.1434077001387941,0.09046032278375182,0.1844665216902969,0.1844665216902969,0.7320100067075274,0.009999999999999787
2.9799999999999804,accelerate,1.5,1.5357300016378939,1.5358936587477006,-20.932503622440546,-8.426701280362824,0.1434083045519733,0.08976673858212637,0.18424629483459679,0.18424629483459679,0.7311360906134793,0.009999999999999787
2.9899999999999802,accelerate,1.5,1.535480354928035,1.5356456764559012,-20.917144462574676,-8.426345623954548,0.14340886140632597,0.08909328613570476,0.184032460213809,0.184032460213809,0.7302875405309881,0.009999999999999787
2.99999999999998,accelerate,1.5,1.5352223684952382,1.5353916916795034,-20.901787983610237,-8.4259861320046,0.1434094117791148,0.08844088629874901,0.1838253102175788,0.1838253102175788,0.7294655167364238,0.009999999999999787
3.00999999999998,accelerate,1.5,1.5349329130136504,1.5351164244799915,-20.886434501949072,-8.425622827474182,0.1434100209342316,0.08781849253916674,0.18362768775103624,0.18362768775103624,0.7286813005993502,0.009999999999999787
3.0199999999999796,accelerate,1.5,1.534634145371826,1.5348270570150921,-20.87108410213184,-8.425255990099863,0.14341065407630166,0.08722957415386216,0.18344069438533434,0.18344069438533434,0.7279392634338664,0.009999999999999787
3.0299999999999794,accelerate,1.5,1.5343003467654,1.5345110308652767,-20.855737146802223,-8.424884766345745,0.1434111959800474,0.0866837240366641,0.1832673760561216,0.1832673760561216,0.7272514922861968,0.009999999999999787
3.039999999999979,accelerate,1.5,1.5339689077917118,1.5341857570211377,-20.84039364192605,-8.424508318516711,0.1434120145405621,0.08617948823346312,0.18310727110388922,0.18310727110388922,0.7266161551741636,0.009999999999999787
3.049999999999979,accelerate,1.5,1.5336534421039836,1.533866368070845,-20.825053410259013,-8.424127407280308,0.1434131062751954,0.08570767238016092,0.1829574601341487,0.1829574601341487,0.7260216671990029,0.009999999999999787
3.0599999999999787,accelerate,1.5,1.533358404058303,1.53356158966332,-20.809716237073694,-8.42374221386858,0.14341424524034485,0.08525621156904921,0.18281411229740452,0.18281411229740452,0.725452826577002,0.009999999999999787
3.0699999999999785,accelerate,1.5,1.5330717561192513,1.5332676895368786,-20.79438204911529,-8.423352339601468,0.14341541228526208,0.08481734836016269,0.1826747644513189,0.1826747644513189,0.7248998589338052,0.009999999999999787
3.0799999999999783,accelerate,1.5,1.532777422616526,1.5329735293846671,-20.779050929316973,-8.422957600766932,0.14341657875442915,0.08439075964772849,0.18253931400334678,0.18253931400334678,0.724362357156138,0.009999999999999787
3.089999999999978,accelerate,1.5,1.5324874963645856,1.5326819095726183,-20.76372283322015,-8.422557928779643,0.1434175935464997,0.08397469057153459,0.1824072037502737,0.1824072037502737,0.7238381101201337,0.009999999999999787
3.099999999999978,accelerate,1.5,1.532190925837519,1.532387319331559,-20.7483978204387,-8.422153546106475,0.143418307374604,0.08357066772253792,0.18227891841526025,0.18227891841526025,0.7233290413303979,0.009999999999999787
3.1099999999999777,accelerate,1.5,1.531880882158171,1.5320834570275261,-20.733076034988365,-8.421744283328767,0.14341880392773768,0.08318330454067721,0.18215592285775584,0.18215592285775584,0.7228409637212533,0.009999999999999787
3.1199999999999775,accelerate,1.5,1.5315447953903236,1.5317602600452047,-20.717757757926194,-8.421329296524108,0.143419016748678,0.08282174018153793,0.18204111894244193,0.18204111894244193,0.7223853926287378,0.009999999999999787
3.1299999999999772,accelerate,1.5,1.531216215337283,1.5314338332204516,-20.702442900201113,-8.420909385601414,0.1434190511582303,0.08248480522515302,0.1819341353550906,0.1819341353550906,0.7219608545836929,0.009999999999999787
3.139999999999977,accelerate,1.5,1.530883217761135,1.5311034639448615,-20.68713149989018,-8.420484800286674,0.14341882994072158,0.0821719679899426,0.18183480327616658,0.18183480327616658,0.7215666796673277,0.009999999999999787
3.149999999999977,accelerate,1.5,1.5305368643004198,1.5307635041581964,-20.6718236795365,-8.420055921941048,0.14341825992655166,0.08188585244002608,0.1817439558667571,0.1817439558667571,0.7212061740744329,0.009999999999999787
3.1599999999999766,accelerate,1.5,1.530179114672105,1.5304128704665416,-20.656519593574735,-8.4196213117397,0.143417409295365,0.0816292044960208,0.18166246501157654,0.18166246501157654,0.7208827976649863,0.009999999999999787
3.1699999999999764,hold,1.5,1.5298300523873636,1.530063179619035,-20.64121914290374,-8.419181843183663,0.14341653404533053,0.08139808065096688,0.181589078568295,0.181589078568295,0.7205915816202183,0.009999999999999787
3.179999999999976,hold,1.5,1.529483738228481,1.5297155147847026,-20.62592229179796,-8.418737826075276,0.14341555987155258,0.0811887400039583,0.18152260872605686,0.18152260872605686,0.7203278124049876,0.009999999999999787
3.189999999999976,hold,1.5,1.5291432416413813,1.52937215089871,-20.610628981684123,-8.418289308686871,0.14341445453451102,0.0809969585618646,0.18146171428256327,0.18146171428256327,0.7200861677879495,0.009999999999999787
3.1999999999999758,hold,1.5,1.5287832166429918,1.5290187903452792,-20.59533941152477,-8.417836384851912,0.143413348864619,0.08082697624798411,0.18140774149825992,0.18140774149825992,0.7198719900724599,0.009999999999999787
3.2099999999999755,hold,1.5,1.5284192875179992,1.528659088648911,-20.580053629393767,-8.417378824563215,0.1434122901119222,0.08068029927201971,0.18136116862485172,0.18136116862485172,0.7196871770827449,0.009999999999999787
3.2199999999999753,hold,1.5,1.5280461551174065,1.5282913285300084,-20.564771722993846,-8.416916856789374,0.14341131147872588,0.08055909573431877,0.18132268407756091,0.18132268407756091,0.7195344606252417,0.009999999999999787
3.229999999999975,hold,1.5,1.5276712705536875,1.5279192937442159,-20.549493706532562,-8.416450633989514,0.14341043995787234,0.08046313221484695,0.18129221374085822,0.18129221374085822,0.7194135465907072,0.009999999999999787
3.239999999999975,hold,1.5,1.5272923955938225,1.52754315485398,-20.534219604562644,-8.415980772113867,0.14340975324855493,0.08039216064933621,0.18126967884937725,0.18126967884937725,0.7193241224181637,0.009999999999999787
3.2499999999999747,hold,1.5,1.52689680584776,1.527155345450248,-20.518949601352467,-8.415506564159577,0.14340919958595272,0.08035005934394636,0.18125631084288987,0.18125631084288987,0.7192710747733725,0.009999999999999787
3.2599999999999745,hold,1.5,1.5265124566499488,1.5267696121700687,-20.503683584231446,-8.415028213266847,0.1434089581471191,0.08033265818637868,0.18125078562733898,0.18125078562733898,0.7192491493148372,0.009999999999999787
3.2699999999999743,hold,1.5,1.5261443305937858,1.5263944432242988,-20.48842136926853,-8.414546278643444,0.14340885350544122,0.08033206536112092,0.18125059739346314,0.18125059739346314,0.7192484023550124,0.009999999999999787
3.279999999999974,hold,1.5,1.525784436817434,1.52602843938018,-20.473162868588123,-8.414060907890184,0.14340883568289578,0.08034264205494823,0.18125395570528718,0.18125395570528718,0.7192617289892349,0.009999999999999787
3.289999999999974,hold,1.5,1.5254228955207492,1.5256651130645213,-20.457908104759426,-8.413571916880695,0.1434088973771947,0.08036328391322618,0.18126050990812761,0.18126050990812761,0.7192877377306651,0.009999999999999787
3.2999999999999736,hold,1.5,1.5250759156745626,1.525311594630546,-20.44265692733017,-8.413079448939685,0.14340900272914875,0.08038927397057372,0.18126876227113659,0.18126876227113659,0.7193204852029229,0.009999999999999787
3.3099999999999734,hold,1.5,1.524718356877144,1.5249556519785048,-20.427409433424152,-8.412583806599436,0.14340913172641015,0.08042331417287997,0.18127957071617287,0.18127957071617287,0.7193633758578288,0.009999999999999787
3.319999999999973,hold,1.5,1.5243641494639315,1.524600750469761,-20.41216559096913,-8.412084694940777,0.14340905641078283,0.0804657290780534,0.18129303829686352,0.18129303829686352,0.7194168186383473,0.009999999999999787
3.329999999999973,hold,1.5,1.5240102529398583,1.5242464519518193,-20.39692540219552,-8.411582229461406,0.14340902237201583,0.08051700545600261,0.18130931957238997,0.18130931957238997,0.7194814268745634,0.009999999999999787
3.3399999999999728,hold,1.5,1.523658553580348,1.5238937129289365,-20.381688836240453,-8.41107667174953,0.14340896004591025,0.08057701677194155,0.1813283743654269,0.1813283743654269,0.7195570411326464,0.009999999999999787
3.3499999999999726,hold,1.5,1.5233240715030514,1.5235519280734053,-20.366455722745158,-8.410567977863677,0.1434088628259124,0.08064062473189933,0.18134857116487269,0.18134857116487269,0.7196371871621932,0.009999999999999787
3.3599999999999723,hold,1.5,1.5229818339454715,1.5232098715966451,-20.35122614538916,-8.410056066268975,0.1434088158677743,0.08070964781841843,0.18137048737530423,0.18137048737530423,0.7197241562512072,0.009999999999999787
3.369999999999972,hold,1.5,1.5226322957632692,1.5228633260966196,-20.336000174329904,-8.409541094153784,0.1434088643409237,0.08078779902897086,0.18139530194767883,0.18139530194767883,0.7198226267765033,0.009999999999999787
3.379999999999972,hold,1.5,1.522284290913091,1.5225159049865025,-20.32077780545782,-8.409022794021874,0.143409092790253,0.08087614700864913,0.18142335419818628,0.18142335419818628,0.7199339452308979,0.009999999999999787
3.3899999999999717,hold,1.5,1.5219236841794879,1.5221605725022935,-20.305559148255387,-8.408501632175668,0.1434094358583647,0.08097931693653801,0.18145611271368955,0.18145611271368955,0.7200639393400379,0.009999999999999787
3.3999999999999715,hold,1.5,1.521569661208528,1.5218060257260342,-20.290344137056856,-8.407977380940627,0.14340969027879796,0.08109641139663182,0.18149329254665855,0.18149329254665855,0.7202114783597562,0.009999999999999787
3.4099999999999713,hold,1.5,1.5212178837348183,1.5214531405313045,-20.275132768513178,-8.407449575949709,0.1434099601382614,0.08122623836380499,0.18153451520527536,0.18153451520527536,0.7203750603383943,0.009999999999999787
3.419999999999971,hold,1.5,1.5208762117983825,1.5211069832915514,-20.259924928831197,-8.40691857329581,0.14341017880932108,0.08136512207709234,0.18157861356191837,0.18157861356191837,0.7205500538171364,0.009999999999999787
3.429999999999971,hold,1.5,1.520537581210338,1.5207653420428233,-20.244720594809646,-8.406384123757404,0.14341026601738058,0.08151125823275088,0.1816250147140631,0.1816250147140631,0.7207341853732662,0.009999999999999787
3.4399999999999706,hold,1.5,1.520211545158221,1.520433063912062,-20.229519634834027,-8.40584637304202,0.1434101525254725,0.08166057856293525,0.18167242690530322,0.18167242690530322,0.7209223289892985,0.009999999999999787
3.4499999999999704,hold,1.5,1.5198834059384922,1.5201032691279202,-20.214322073088425,-8.405305305292577,0.14340986666987635,0.0818134435892142,0.1817209646084473,0.1817209646084473,0.72111493892241,0.009999999999999787
3.45999999999997,hold,1.5,1.5195434405971118,1.5197673720094351,-20.199128031222486,-8.404760856896685,0.14340939753901524,0.08197471768473143,0.18177217235925594,0.18177217235925594,0.7213181442827616,0.009999999999999787
3.46999999999997,hold,1.5,1.5192035697588788,1.5194290906591013,-20.183937530701865,-8.404212469636892,0.14340881516479992,0.08214634587950778,0.18182666774366132,0.18182666774366132,0.7215343958081799,0.009999999999999787
3.47999999999997,hold,1.5,1.5188585288720189,1.5190867535868517,-20.168750622981165,-8.403660265546176,0.14340818867312807,0.08233079513436865,0.18188523407106477,0.18188523407106477,0.7217668018693046,0.009999999999999787
3.4899999999999696,hold,1.5,1.518524165590113,1.5187492007888084,-20.153567185845144,-8.403104605381056,0.14340737796012024,0.08252533801010259,0.1819470053249678,0.1819470053249678,0.7220119258927293,0.009999999999999787
3.4999999999999694,hold,1.5,1.5181930002861164,1.5184154804871932,-20.13838720262629,-8.402545122607423,0.14340642219377853,0.08272826826653219,0.18201143973998932,0.18201143973998932,0.7222676180158306,0.009999999999999787
3.509999999999969,hold,1.5,1.517858691352972,1.5180814070066604,-20.12321070527134,-8.40198199851545,0.1434055101911548,0.0829404334203506,0.18207880641962976,0.18207880641962976,0.7225349461096419,0.009999999999999787
3.519999999999969,hold,1.5,1.5175095051792977,1.5177382659102427,-20.108037860203382,-8.401414861667508,0.14340476711736938,0.08316717618094213,0.18215080178097276,0.18215080178097276,0.7228206419879871,0.009999999999999787
3.5299999999999687,hold,1.5,1.517167703447224,1.5173959284324314,-20.092868599265877,-8.400843536729147,0.14340416623905686,0.08340755307867272,0.18222712625354018,0.18222712625354018,0.7231235168791277,0.009999999999999787
3.5399999999999685,hold,1.5,1.5168331706654525,1.517058273772244,-20.077702827464122,-8.400268521204648,0.14340355008680689,0.08365872834103044,0.18230687942284401,0.18230687942284401,0.7234399977096985,0.009999999999999787
3.5499999999999683,hold,1.5,1.516500959749376,1.5167238853585232,-20.06254053913703,-8.399689437777177,0.14340303277317437,0.08391915843585154,0.1823895711865516,0.1823895711865516,0.7237681396291731,0.009999999999999787
3.559999999999968,hold,1.5,1.5161735227589683,1.5163936677987904,-20.047381691929115,-8.399106179232804,0.143402652935457,0.08418710170865584,0.1824746485345324,0.1824746485345324,0.7241057481529064,0.009999999999999787
3.569999999999968,hold,1.5,1.5158434361812139,1.5160635288282445,-20.032226302368905,-8.39851902045383,0.1434024182371564,0.08446332500154981,0.1825623549544921,0.1825623549544921,0.7244537895019528,0.009999999999999787
3.5799999999999677,hold,1.5,1.5155206018668197,1.5157377726513896,-20.01707431782841,-8.397927411494894,0.1434023370204639,0.0847461384886846,0.18265215389292713,0.18265215389292713,0.7248101344957426,0.009999999999999787
3.5899999999999674,hold,1.5,1.5152012404597757,1.5154158533364213,-20.0019256988195,-8.39733155155326,0.14340246241263666,0.0850344517033408,0.18274369910484478,0.18274369910484478,0.7251734091462094,0.009999999999999787
3.5999999999999672,hold,1.5,1.514902254196413,1.5151076938524164,-19.98678023528138,-8.39673158397533,0.14340274901219124,0.08532205662565341,0.1828350194197775,0.1828350194197775,0.7255357913483235,0.009999999999999787
3.609999999999967,hold,1.5,1.5146060933129182,1.5148067335287174,-19.971637899452062,-8.396127473823894,0.14340313515247405,0.08560740047971555,0.1829256218003193,0.1829256218003193,0.7258953246044416,0.009999999999999787
3.619999999999967,hold,1.5,1.5143141230141943,1.5145111672200036,-19.9564986391225,-8.395519460290737,0.143403541064906,0.08589015640342615,0.1830154024612159,0.1830154024612159,0.726251597068317,0.009999999999999787
3.6299999999999666,hold,1.5,1.51402345954852,1.5142185426171135,-19.94136245909785,-8.39490710491648,0.14340395401893166,0.08617133713440078,0.18310468296691496,0.18310468296691496,0.7266058847893451,0.009999999999999787
3.6399999999999664,hold,1.5,1.5137356839802056,1.513928827434969,-19.926229327540646,-8.394290563255252,0.14340442657209068,0.08645174954330806,0.1831937195149912,0.1831937195149912,0.7269592044245682,0.009999999999999787
3.649999999999966,hold,1.5,1.5134476809695339,1.513640139555708,-19.9110992484519,-8.393669836506119,0.14340499360129805,0.08673302569379371,0.1832830303182934,0.1832830303182934,0.7273136123741801,0.009999999999999787
3.659999999999966,hold,1.5,1.5131556145616631,1.5133494245592811,-19.89597226817585,-8.393044738771282,0.14340556838513221,0.08701809816038064,0.1833735465278841,0.1833735465278841,0.7276728036820798,0.009999999999999787
3.6699999999999657,hold,1.5,1.5128809087322066,1.5130683150630364,-19.880848195401587,-8.392415620627835,0.14340598984003358,0.08730310374222615,0.18346404150023166,0.18346404150023166,0.728031910715205,0.009999999999999787
3.6799999999999655,hold,1.5,1.5126148330178952,1.5127962258359515,-19.865726945532792,-8.391782437003878,0.14340621570414172,0.08758519773875172,0.18355361198600845,0.18355361198600845,0.7283873491508271,0.009999999999999787
3.6899999999999653,hold,1.5,1.5123433585052952,1.5125245054375578,-19.85060857189918,-8.391145265574158,0.14340626399608883,0.08786666976826116,0.1836429849848183,0.1836429849848183,0.7287420039080091,0.009999999999999787
3.699999999999965,hold,1.5,1.5120757348080038,1.5122552430598255,-19.83549304643343,-8.39050396965401,0.14340625006993551,0.08814823122589258,0.18373238637884542,0.18373238637884542,0.7290967713446247,0.009999999999999787
3.709999999999965,hold,1.5,1.5118033038304566,1.5119840795222041,-19.820380424568288,-8.389858402401924,0.14340616885228705,0.08843276618320636,0.18382273191849172,0.18382273191849172,0.7294552853908401,0.009999999999999787
3.7199999999999647,hold,1.5,1.5115349758745815,1.5117146173336304,-19.80527064955472,-8.389208966702375,0.14340599330531312,0.0887206678632889,0.18391414645995152,0.18391414645995152,0.7298180415077441,0.009999999999999787
3.7299999999999645,hold,1.5,1.5112692514711195,1.5114473978161238,-19.790163698895153,-8.388555602861274,0.1434057162713946,0.08901194932788557,0.18400663415059026,0.18400663415059026,0.730185056153136,0.009999999999999787
3.7399999999999642,hold,1.5,1.5110096297950162,1.5111847370034592,-19.775059520037825,-8.387898107681057,0.14340529821585218,0.0893053662496256,0.18409979989158112,0.18409979989158112,0.7305547614745282,0.009999999999999787
3.749999999999964,hold,1.5,1.5107570370539032,1.5109281170337256,-19.759958034640498,-8.387236747198171,0.1434047955520436,0.08959909831180086,0.18419306569596303,0.18419306569596303,0.7309248638728691,0.009999999999999787
3.759999999999964,hold,1.5,1.5104886617534838,1.5106644438655805,-19.744859405357964,-8.38657144527281,0.143404198289609,0.08989865228726265,0.18428818007425166,0.18428818007425166,0.731302301881951,0.009999999999999787
3.7699999999999636,hold,1.5,1.5102324691430906,1.5104052590320864,-19.72976350724439,-8.38590231429669,0.14340351818467562,0.09020230824649235,0.18438459691442627,0.18438459691442627,0.7316849083905804,0.009999999999999787
3.7799999999999634,hold,1.5,1.5099759204607814,1.5101476558893034,-19.714670351351323,-8.385229238127726,0.14340279843827583,0.0905102138820404,0.18448236311182548,0.18448236311182548,0.732072869491371,0.009999999999999787
3.789999999999963,hold,1.5,1.5097129248398256,1.5098868172596167,-19.699580000792114,-8.384552279040381,0.1434020262014694,0.09082505346613613,0.18458233097656757,0.18458233097656757,0.7324695673673316,0.009999999999999787
3.799999999999963,hold,1.5,1.509469880836252,1.509636655405598,-19.684492253041647,-8.383871512775825,0.14340118835010957,0.09114155400449542,0.1846828262275074,0.1846828262275074,0.7328683580456643,0.009999999999999787
3.8099999999999627,hold,1.5,1.5092190524922733,1.5093860936576031,-19.66940718149595,-8.383187092816279,0.14340031131601122,0.09146134838252092,0.18478436733841808,0.18478436733841808,0.7332712989619765,0.009999999999999787
3.8199999999999625,hold,1.5,1.508971688365879,1.5091374504825685,-19.654324750726495,-8.382499104341205,0.14339945970310009,0.0917845053279816,0.18488697613174074,0.18488697613174074,0.7336784767132569,0.009999999999999787
3.8299999999999623,hold,1.5,1.50872471225911,1.5088898075484933,-19.639244978116864,-8.381807147440153,0.1433987411131083,0.09211155770070241,0.18499082180112705,0.18499082180112705,0.7340905627028851,0.009999999999999787
3.839999999999962,hold,1.5,1.5084782343456,1.5086428636267573,-19.624167828627975,-8.38111187063043,0.14339808134553672,0.0924430859441684,0.18509608864899238,0.18509608864899238,0.7345082882896523,0.009999999999999787
3.849999999999962,hold,1.5,1.5082359843482642,1.5083987360596613,-19.60909326753345,-8.380413121984443,0.1433974950405708,0.09277841674195021,0.18520256288390408,0.18520256288390408,0.7349308050948574,0.009999999999999787
3.8599999999999617,hold,1.5,1.5080074019115866,1.5081639355708165,-19.594021160325394,-8.37971095212675,0.1433971252607272,0.09311350848929002,0.18530896121551937,0.18530896121551937,0.7353530206965054,0.009999999999999787
3.8699999999999615,hold,1.5,1.5077673832117022,1.507926004155348,-19.578951635576946,-8.379005153574312,0.1433971144858813,0.09345172764544184,0.18541635256198072,0.18541635256198072,0.7357791768332568,0.009999999999999787
3.8799999999999613,hold,1.5,1.5075336999563096,1.507690621635925,-19.563884628352998,-8.378295684867163,0.14339734796523876,0.09379275058916717,0.1855246341670724,0.1855246341670724,0.7362088657423508,0.009999999999999787
3.889999999999961,hold,1.5,1.5073193112485823,1.5074678354035194,-19.54881990742748,-8.377583224494838,0.14339756655166086,0.09413092522703294,0.18563201137808752,0.18563201137808752,0.7366349657860616,0.009999999999999787
3.899999999999961,hold,1.5,1.5071077619379294,1.5072517913241654,-19.533757442818036,-8.376867832163999,0.14339778304529985,0.09446477367195528,0.18573801493631925,0.18573801493631925,0.7370556148266637,0.009999999999999787
3.9099999999999606,hold,1.5,1.5068968869475095,1.5070388486981718,-19.51869723619007,-8.37614937177008,0.14339805008058146,0.09479501419353058,0.18584287290672985,0.18584287290672985,0.7374717178838486,0.009999999999999787
3.9199999999999604,hold,1.5,1.5066804614442384,1.5068238163458116,-19.50363936409711,-8.375427224696812,0.14339816486358611,0.0951249769784163,0.18594764269018677,0.18594764269018677,0.7378874709928046,0.009999999999999787
3.92999999999996,hold,1.5,1.506479357154108,1.5066171408307896,-19.48858367410055,-8.374701563953222,0.1433983794799117,0.09545175189244103,0.1860514002608879,0.1860514002608879,0.7382992073844757,0.009999999999999787
3.93999999999996,hold,1.5,1.5062850457642551,1.5064178837908688,-19.47353007815271,-8.373972768459039,0.14339857022464933,0.09577345435420287,0.18615354722654653,0.18615354722654653,0.7387045524862957,0.009999999999999787
3.9499999999999598,hold,1.5,1.5061082999283322,1.5062321334733468,-19.458478388465462,-8.373241026961741,0.14339859255724785,0.09608526755695053,0.18625255415468295,0.18625255415468295,0.7390974371217577,0.009999999999999787
3.9599999999999596,hold,1.5,1.5059464647379004,1.506060732232079,-19.44342848673076,-8.372505712639121,0.14339846064533204,0.09638279284891357,0.18634702438538706,0.18634702438538706,0.7394723189896312,0.009999999999999787
3.9699999999999593,hold,1.5,1.5057707280176855,1.5058867297034428,-19.42838050475209,-8.371767139023998,0.14339835940200088,0.09667147930967976,0.18643868811040953,0.18643868811040953,0.7398360639301965,0.009999999999999787
3.979999999999959,hold,1.5,1.5055818070630536,1.5057037761192094,-19.4133346088615,-8.371024722483316,0.14339847671344538,0.09695910153793352,0.18653001392032467,0.18653001392032467,0.7401984679377963,0.009999999999999787
3.989999999999959,hold,1.5,1.5053910525793024,1.5055161419952652,-19.398290812696814,-8.370278562757207,0.1433987993446436,0.09724965714401221,0.18662227113636679,0.18662227113636679,0.7405645680014555,0.009999999999999787
3.9999999999999587,hold,1.5,1.5052068266671288,1.5053305527983833,-19.383249042898367,-8.369528734719138,0.14339917302921545,0.09754277885524008,0.18671534314211585,0.18671534314211585,0.7409339013576026,0.009999999999999787
4.009999999999959,hold,1.5,1.5050303885679743,1.505150454260138,-19.368209218347424,-8.368775246614659,0.14339949404746466,0.097836315072595,0.18680854676185038,0.18680854676185038,0.7413037569914698,0.010000000000000231
4.019999999999959,hold,1.5,1.504866166587058,1.5049798816562898,-19.35317123677354,-8.368017680477823,0.14339974089818042,0.0981263472097167,0.18690063776602925,0.18690063776602925,0.7416691974842431,0.009999999999999787
4.0299999999999585,hold,1.5,1.5046927140003894,1.5048075810627495,-19.33813517959323,-8.367256325322224,0.14339997369656246,0.09841569456536413,0.18699251133839445,0.18699251133839445,0.7420337751523589,0.009999999999999787
4.039999999999958,hold,1.5,1.5045250936134382,1.5046380885931627,-19.32310100769706,-8.366490860223106,0.14340028577230618,0.09870419785367174,0.18708411690249788,0.18708411690249788,0.7423972892956265,0.009999999999999787
4.049999999999958,hold,1.5,1.5043535429589734,1.5044673612126491,-19.308068769063723,-8.365721116283265,0.14340064848105885,0.09899387301274046,0.18717609455900536,0.18717609455900536,0.742762279996053,0.009999999999999787
4.059999999999958,hold,1.5,1.5041951034636656,1.504304006563259,-19.293038321383623,-8.364947211186905,0.1434008402112994,0.09928173634893066,0.18726749692551248,0.18726749692551248,0.7431249877996526,0.009999999999999787
4.069999999999958,hold,1.5,1.5040487208013176,1.5041508351060942,-19.278009538962777,-8.364169191130014,0.14340070032370694,0.09956384570152316,0.18735707228714765,0.18735707228714765,0.7434804455839192,0.009999999999999787
4.079999999999957,hold,1.5,1.5039152017685575,1.504009455103572,-19.26298230401381,-8.363386863522184,0.14340019357779768,0.0998361156392038,0.18744352343776,0.18744352343776,0.7438235057053968,0.009999999999999787
4.089999999999957,hold,1.5,1.5037671836575892,1.5038640922359823,-19.24795677708288,-8.36260003114787,0.14339939664785767,0.10010363453778387,0.18752846603843715,0.18752846603843715,0.7441605795176077,0.009999999999999787
4.099999999999957,hold,1.5,1.5036281192057575,1.5037225084178474,-19.232932851586682,-8.361809107920724,0.14339836363521194,0.10036634835369822,0.18761188292926628,0.18761188292926628,0.7444915989256599,0.009999999999999787
4.109999999999957,hold,1.5,1.5034740958404738,1.503573460871423,-19.217910698091565,-8.36101385131831,0.14339730054751773,0.10063020228484176,0.187695661829483,0.187695661829483,0.7448240548789008,0.009999999999999787
4.119999999999957,hold,1.5,1.5033234458122984,1.5034234518359484,-19.202890305113286,-8.3602139084546,0.1433963018481482,0.1008965260376356,0.18778022494747007,0.18778022494747007,0.7451596228074209,0.009999999999999787
4.129999999999956,hold,1.5,1.5031627037362165,1.5032670029761093,-19.187871753253688,-8.359409662715203,0.14339529273775475,0.10116932101703296,0.1878668428093283,0.1878668428093283,0.7455033444814615,0.009999999999999787
4.139999999999956,hold,1.5,1.503018104052232,1.503117663621783,-19.172854881714493,-8.358601098931404,0.14339424413951904,0.1014445845342827,0.18795424448132547,0.18795424448132547,0.7458501765131963,0.009999999999999787
4.149999999999956,hold,1.5,1.502869169104425,1.5029685669113682,-19.157839750744532,-8.357787993022882,0.14339330036742265,0.1017227384428019,0.18804256391035848,0.18804256391035848,0.7462006504379305,0.009999999999999787
4.159999999999956,hold,1.5,1.5027138869611074,1.5028157589412117,-19.14282641401692,-8.356970562323552,0.14339248936904053,0.1020062338652714,0.18813257937690098,0.18813257937690098,0.7465578546702419,0.009999999999999787
4.1699999999999555,hold,1.5,1.5025660825794824,1.5026659531241742,-19.12781479977172,-8.356148739999968,0.1433917913614649,0.10229346600277359,0.18822378132520068,0.18822378132520068,0.7469197671634947,0.009999999999999787
4.179999999999955,coast,1.5,1.5024291851625933,1.5025238923472255,-19.11280477759648,-8.355322972327539,0.14339127662885628,0.0,0.0,0.0,0.0,0.009999999999999787
4.189999999999955,coast,1.5,1.508433638065583,1.50606973977824,-19.097735839338778,-8.354491817178754,0.143399041819858,0.0,0.0,0.0,0.0,0.009999999999999787
4.199999999999955,coast,1.5,1.511926332418327,1.5095836953622923,-19.08263370480681,-8.35365688126292,0.14341693391567384,0.0,0.0,0.0,0.0,0.009999999999999787
4.209999999999955,coast,1.5,1.510139271236867,1.509917040887037,-19.06755123237129,-8.352819734566248,0.143442522558117,0.0,0.0,0.0,0.0,0.009999999999999787
4.2199999999999545,coast,1.5,1.5036049533216604,1.506129788347811,-19.05253556160658,-8.351981728744239,0.14347102028545602,0.0,0.0,0.0,0.0,0.009999999999999787
4.229999999999954,coast,1.5,1.4933158919931846,1.4984414505350352,-19.037623647740332,-8.351146633472661,0.14349817164607517,0.0,0.0,0.0,0.0,0.009999999999999787
4.239999999999954,coast,1.5,1.480588712988382,1.4877298080070434,-19.022839365865742,-8.350316734472944,0.14352027609499346,0.0,0.0,0.0,0.0,0.009999999999999787
4.249999999999954,coast,1.5,1.4668898733692277,1.4752258472243538,-19.00819204002234,-8.349493430114675,0.14353505077411116,0.0,0.0,0.0,0.0,0.009999999999999787
4.259999999999954,coast,1.5,1.4535946200924805,1.4622471109452297,-18.99367741254616,-8.348675768029784,0.14354155089013332,0.0,0.0,0.0,0.0,0.009999999999999787
4.269999999999953,coast,1.5,1.4418224640438435,1.449992322804398,-18.979279977183648,-8.347864260782663,0.1435403084638222,0.0,0.0,0.0,0.0,0.009999999999999787
4.279999999999953,coast,1.5,1.4322665976184736,1.4393568876928433,-18.96497741045567,-8.347058098191134,0.1435333886679216,0.0,0.0,0.0,0.0,0.009999999999999787
4.289999999999953,coast,1.5,1.4251614660114296,1.430839634683995,-18.950745188932522,-8.34625510038899,0.14352304596901827,0.0,0.0,0.0,0.0,0.009999999999999787
4.299999999999953,coast,1.5,1.4203934016878537,1.4245718948863102,-18.936559819178132,-8.34545674650129,0.14351051707638735,0.0,0.0,0.0,0.0,0.009999999999999787
4.3099999999999525,coast,1.5,1.4173931176177648,1.420264628525183,-18.92240374766732,-8.344662708368286,0.14349786195231257,0.0,0.0,0.0,0.0,0.009999999999999787
4.319999999999952,coast,1.5,1.4153240842477524,1.4173003019587247,-18.908267967375526,-8.343871834723059,0.14348806127002592,0.0,0.0,0.0,0.0,0.009999999999999787
4.329999999999952,coast,1.5,1.413409836042333,1.4149660224088896,-18.89415122258422,-8.343083926925784,0.14348325120852873,0.0,0.0,0.0,0.0,0.009999999999999787
4.339999999999952,coast,1.5,1.4109884694712134,1.4125794906462839,-18.88005890285294,-8.34229740948786,0.1434838669581293,0.0,0.0,0.0,0.0,0.009999999999999787
4.349999999999952,coast,1.5,1.407656346744427,1.4096256043051696,-18.86600003348223,-8.341515990810853,0.14348793729943563,0.0,0.0,0.0,0.0,0.009999999999999787
4.3599999999999515,coast,1.5,1.4031030232027626,1.4057120556437255,-18.85198684683577,-8.340740335452614,0.14349389565821952,0.0,0.0,0.0,0.0,0.009999999999999787
4.369999999999951,coast,1.5,1.3972016120694268,1.4006057894991462,-18.838032832981657,-8.339970379123399,0.14350111756420064,0.0,0.0,0.0,0.0,0.009999999999999787
4.379999999999951,coast,1.5,1.3901441751764616,1.3943288209055353,-18.82414951664725,-8.339205720643525,0.14350875876034597,0.0,0.0,0.0,0.0,0.009999999999999787
4.389999999999951,coast,1.5,1.382301583068405,1.3871124782032571,-18.81034458830669,-8.338447525657825,0.14351577989534245,0.0,0.0,0.0,0.0,0.009999999999999787
4.399999999999951,coast,1.5,1.3740868681745972,1.379297112186061,-18.79662168548217,-8.337695431803512,0.1435216748599329,0.0,0.0,0.0,0.0,0.009999999999999787
4.40999999999995,coast,1.5,1.3659145866729767,1.3712675968782104,-18.782980265446557,-8.33694974466662,0.14352618208629467,0.0,0.0,0.0,0.0,0.009999999999999787
4.41999999999995,coast,1.5,1.3581325292019806,1.3633865562724725,-18.769416370107507,-8.336209841182724,0.14352919341756856,0.0,0.0,0.0,0.0,0.009999999999999787
4.42999999999995,coast,1.5,1.3510274570830696,1.3559710967588308,-18.755923200758286,-8.335474702055809,0.14352993959466845,0.0,0.0,0.0,0.0,0.009999999999999787
4.43999999999995,coast,1.5,1.3447141448715862,1.349216925626484,-18.742492770608102,-8.334744563598447,0.14352773555774667,0.0,0.0,0.0,0.0,0.009999999999999787
4.4499999999999496,coast,1.5,1.3390305745292619,1.3431051149681508,-18.7291188379072,-8.33401873963924,0.1435238981527957,0.0,0.0,0.0,0.0,0.009999999999999787
4.459999999999949,coast,1.5,1.3338259621402508,1.3375376232714107,-18.71579668078985,-8.33329695816126,0.14351992891330806,0.0,0.0,0.0,0.0,0.009999999999999787
4.469999999999949,coast,1.5,1.3288985055768838,1.3323541526546945,-18.70252359139337,-8.332579405494137,0.14351723072324174,0.0,0.0,0.0,0.0,0.009999999999999787
4.479999999999949,coast,1.5,1.3240837402233727,1.3273919051959013,-18.689298464652428,-8.331866662318813,0.14351572487151998,0.0,0.0,0.0,0.0,0.009999999999999787
4.489999999999949,coast,1.5,1.319255757914078,1.3225102168268073,-18.67612159559952,-8.331156244104204,0.1435141058214596,0.0,0.0,0.0,0.0,0.009999999999999787
4.4999999999999485,coast,1.5,1.3141534135418118,1.31749613485581,-18.662995735099507,-8.330448965364836,0.14351251468298548,0.0,0.0,0.0,0.0,0.009999999999999787
4.509999999999948,coast,1.5,1.3086322100763148,1.312177779988113,-18.649925089556312,-8.329745369784767,0.14351167822023184,0.0,0.0,0.0,0.0,0.009999999999999787
4.519999999999948,coast,1.5,1.3026862220862083,1.3064828452469701,-18.636913872038008,-8.32904646253728,0.1435120152472996,0.0,0.0,0.0,0.0,0.009999999999999787
4.529999999999948,coast,1.5,1.2964214510696233,1.300446008740562,-18.6239652316499,-8.328352562330522,0.14351282032119145,0.0,0.0,0.0,0.0,0.009999999999999787
4.539999999999948,coast,1.5,1.289983232684643,1.2941683431070106,-18.61108096295768,-8.327661730080195,0.14351279966323055,0.0,0.0,0.0,0.0,0.009999999999999787
4.549999999999947,coast,1.5,1.283400205599322,1.2877074606023975,-18.598262442362955,-8.326974925625981,0.1435121860575784,0.0,0.0,0.0,0.0,0.009999999999999787
4.559999999999947,coast,1.5,1.2767585090653912,1.2811380896801938,-18.58551024961295,-8.326292052780477,0.14351174161322827,0.0,0.0,0.0,0.0,0.009999999999999787
4.569999999999947,coast,1.5,1.270200167256218,1.2745753362258083,-18.572823532707318,-8.32561302722291,0.14351167361489245,0.0,0.0,0.0,0.0,0.009999999999999787
4.579999999999947,coast,1.5,1.2638367612163302,1.2681321912201216,-18.560200253996836,-8.324938989740385,0.14351175854610707,0.0,0.0,0.0,0.0,0.009999999999999787
4.589999999999947,coast,1.5,1.2577060095515373,1.261876482218971,-18.547638135549786,-8.324268674614792,0.14351166738958665,0.0,0.0,0.0,0.0,0.009999999999999787
4.599999999999946,coast,1.5,1.251795731592575,1.2558280318431332,-18.535135013501613,-8.323601196932742,0.1435112413258303,0.0,0.0,0.0,0.0,0.009999999999999787
4.609999999999946,coast,1.5,1.2460169252864823,1.2499413679091427,-18.522689570140255,-8.322936978600442,0.14351119522264702,0.0,0.0,0.0,0.0,0.009999999999999787
4.619999999999946,coast,1.5,1.2403121842725764,1.244163857727203,-18.51030111975762,-8.322275437280705,0.14351215663527778,0.0,0.0,0.0,0.0,0.009999999999999787
4.629999999999946,coast,1.5,1.234647848730145,1.2384542523289683,-18.497969230351323,-8.321617348648605,0.143514186530644,0.0,0.0,0.0,0.0,0.009999999999999787
4.6399999999999455,coast,1.5,1.2289979755631995,1.232780486269507,-18.485693770307886,-8.320962431155385,0.14351653732070202,0.0,0.0,0.0,0.0,0.009999999999999787
4.649999999999945,coast,1.5,1.2233637263042363,1.2271304302903445,-18.473474605404792,-8.32030994365579,0.14351775042893083,0.0,0.0,0.0,0.0,0.009999999999999787
4.659999999999945,coast,1.5,1.2176126287535058,1.2214197493682413,-18.46131290575561,-8.319660156829885,0.14351803776324293,0.0,0.0,0.0,0.0,0.009999999999999787
4.669999999999945,coast,1.5,1.2116987122392677,1.2155871270908571,-18.449210341745236,-8.31901268537107,0.14351810148021588,0.0,0.0,0.0,0.0,0.009999999999999787
4.679999999999945,coast,1.5,1.205662849208847,1.2096325603616511,-18.437168125722415,-8.31836774026672,0.14351813235565866,0.0,0.0,0.0,0.0,0.009999999999999787
4.689999999999944,coast,1.5,1.1995412930289309,1.203577799962019,-18.4251870570043,-8.317726400092004,0.1435183773901528,0.0,0.0,0.0,0.0,0.009999999999999787
4.699999999999944,coast,1.5,1.1933453514335488,1.1974383308449368,-18.413267967051937,-8.317087037218046,0.14351915231518242,0.0,0.0,0.0,0.0,0.009999999999999787
4.709999999999944,coast,1.5,1.1872145736614292,1.1913040765348324,-18.401410159445554,-8.316449860005624,0.1435192755268877,0.0,0.0,0.0,0.0,0.009999999999999787
4.719999999999944,coast,1.5,1.1811338841378376,1.1852019610966356,-18.389613070464037,-8.315815801575189,0.14351846792092227,0.0,0.0,0.0,0.0,0.009999999999999787
4.729999999999944,coast,1.5,1.1750522966008767,1.1791121623991803,-18.37787679391053,-8.315183501846777,0.14351747404254858,0.0,0.0,0.0,0.0,0.009999999999999787
4.739999999999943,coast,1.5,1.1690277710105113,1.1730615275659788,-18.36620075431564,-8.314552973227045,0.1435162533039544,0.0,0.0,0.0,0.0,0.009999999999999787
4.749999999999943,coast,1.5,1.1630910422391347,1.1670792363698723,-18.354584010523205,-8.313925248819285,0.14351451439106666,0.0,0.0,0.0,0.0,0.009999999999999787
4.759999999999943,coast,1.5,1.1571673112852598,1.1611320813191048,-18.343026483403307,-8.31329971492973,0.14351301500944452,0.0,0.0,0.0,0.0,0.009999999999999787
4.769999999999943,coast,1.5,1.1512490763864158,1.1552022783594915,-18.331528206203824,-8.312674917152425,0.14351206964495106,0.0,0.0,0.0,0.0,0.009999999999999787
4.7799999999999425,coast,1.5,1.1454007578671304,1.1493213660640749,-18.320088385431045,-8.312052287452618,0.14351073943375042,0.0,0.0,0.0,0.0,0.009999999999999787
4.789999999999942,coast,1.5,1.1395700295767297,1.1434705641716678,-18.308706805304805,-8.311432593877491,0.14350889591472069,0.0,0.0,0.0,0.0,0.009999999999999787
4.799999999999942,coast,1.5,1.1336706744805456,1.1375906303569945,-18.297384233664197,-8.310814737438344,0.1435073538376634,0.0,0.0,0.0,0.0,0.009999999999999787
4.809999999999942,coast,1.5,1.1277079905693674,1.1316610464844183,-18.286121339869588,-8.310198341321941,0.14350675436860366,0.0,0.0,0.0,0.0,0.009999999999999787
4.819999999999942,coast,1.5,1.1216888475899818,1.1256777271477563,-18.27491868139496,-8.309583707948878,0.14350756176150997,0.0,0.0,0.0,0.0,0.009999999999999787
4.8299999999999415,coast,1.5,1.1156251616648902,1.1196461878580366,-18.263776790128624,-8.308969296202836,0.1435099934342916,0.0,0.0,0.0,0.0,0.009999999999999787
4.839999999999941,coast,1.5,1.1096221966850086,1.11363179315422,-18.2526949550518,-8.308356284076549,0.1435122993792403,0.0,0.0,0.0,0.0,0.009999999999999787
4.849999999999941,coast,1.5,1.1037203351870157,1.1076849183738973,-18.24167202564909,-8.307746518775001,0.14351270542865696,0.0,0.0,0.0,0.0,0.009999999999999787
4.859999999999941,coast,1.5,1.0978002389988541,1.1017541107488715,-18.230708234305887,-8.307139203021087,0.1435114469972259,0.0,0.0,0.0,0.0,0.009999999999999787
4.869999999999941,coast,1.5,1.0918269771633766,1.0957978305975744,-18.21980418718729,-8.306533326536847,0.14350938247374395,0.0,0.0,0.0,0.0,0.009999999999999787
4.87999999999994,coast,1.5,1.0858203931651822,1.0898113681381392,-18.208960230724447,-8.30592890235221,0.14350718145830216,0.0,0.0,0.0,0.0,0.009999999999999787
4.88999999999994,coast,1.5,1.0798168184352184,1.0838146383163867,-18.198176306907023,-8.30532649268514,0.14350502992305827,0.0,0.0,0.0,0.0,0.009999999999999787
4.89999999999994,coast,1.5,1.073828019454498,1.0778226669992534,-18.187452243458107,-8.30472660390874,0.14350314380712806,0.0,0.0,0.0,0.0,0.009999999999999787
4.90999999999994,coast,1.5,1.0678261099534414,1.0718247327717663,-18.176788189152212,-8.304129145172476,0.14350217920657138,0.0,0.0,0.0,0.0,0.009999999999999787
4.9199999999999395,coast,1.5,1.0618158461091336,1.0658194007741866,-18.16618430896376,-8.303532775066778,0.1435025626522611,0.0,0.0,0.0,0.0,0.009999999999999787
4.929999999999939,coast,1.5,1.0558637237272404,1.059845994546019,-18.155639921513064,-8.302938907975912,0.14350329182278426,0.0,0.0,0.0,0.0,0.009999999999999787
4.939999999999939,coast,1.5,1.0499746962748875,1.05392321558334,-18.14515432160901,-8.302348595248983,0.14350358273764666,0.0,0.0,0.0,0.0,0.009999999999999787
4.949999999999939,coast,1.5,1.0440559253812238,1.0480028414620701,-18.134727858806166,-8.301761098257645,0.1435038931549844,0.0,0.0,0.0,0.0,0.009999999999999787
4.959999999999939,coast,1.5,1.0381057763242483,1.042064602379377,-18.12436085667282,-8.301176417861118,0.1435046454596479,0.0,0.0,0.0,0.0,0.009999999999999787
4.9699999999999385,coast,1.5,1.032126248448859,1.0361015900210662,-18.11405362125021,-8.300594468918087,0.14350620199821426,0.0,0.0,0.0,0.0,0.009999999999999787
4.979999999999938,coast,1.5,1.0261236309937702,1.0301148146046888,-18.10380640633227,-8.300014923306193,0.14350883603047765,0.0,0.0,0.0,0.0,0.009999999999999787
4.989999999999938,coast,1.5,1.0201490764107375,1.024135371688318,-18.09361891267183,-8.299437757305718,0.14351164852920303,0.0,0.0,0.0,0.0,0.009999999999999787
4.999999999999938,coast,1.5,1.0142625517099806,1.0182116797013154,-18.083490122753226,-8.298864864600969,0.14351312645145145,0.0,0.0,0.0,0.0,0.009999999999999787
5.009999999999938,coast,1.5,1.008367331170608,1.012305070582891,-18.07342014248169,-8.298295971619742,0.14351337563454794,0.0,0.0,0.0,0.0,0.009999999999999787
5.019999999999937,coast,1.5,1.002423863776313,1.0063763464989441,-18.063409516440114,-8.2977302507308,0.14351309530844875,0.0,0.0,0.0,0.0,0.009999999999999787
5.029999999999937,coast,1.5,0.9964503887254254,1.000420771834833,-18.053458529644907,-8.297168192612983,0.14351285609171505,0.0,0.0,0.0,0.0,0.009999999999999787
5.039999999999937,coast,1.5,0.9904447753267775,0.9944351739299997,-18.043567555676177,-8.29660907200319,0.1435132580481361,0.0,0.0,0.0,0.0,0.009999999999999787
5.049999999999937,coast,1.5,0.984454517837673,0.9884467802746036,-18.03373645067014,-8.296052527541178,0.14351385081335727,0.0,0.0,0.0,0.0,0.009999999999999787
5.0599999999999365,coast,1.5,0.9785435807859268,0.9825048605813975,-18.02396429431542,-8.295500396523554,0.14351348175097572,0.0,0.0,0.0,0.0,0.009999999999999787
5.069999999999936,coast,1.5,0.9726547586332032,0.9765947994124808,-18.014250854547516,-8.29495287168356,0.14351210147246235,0.0,0.0,0.0,0.0,0.009999999999999787
5.079999999999936,coast,1.5,0.9667190520479948,0.9706693509937891,-18.004596696138538,-8.294408596437576,0.1435106078243824,0.0,0.0,0.0,0.0,0.009999999999999787
5.089999999999936,coast,1.5,0.9607519603427144,0.9647189166031442,-17.995002118055012,-8.29386809041264,0.14350966087826839,0.0,0.0,0.0,0.0,0.009999999999999787
5.099999999999936,coast,1.5,0.9547537418656112,0.9587398117606245,-17.985467472843283,-8.293330813724186,0.14350982098429957,0.0,0.0,0.0,0.0,0.009999999999999787
5.1099999999999355,coast,1.5,0.9487639736882761,0.9527543089172155,-17.97599270599107,-8.292796112087313,0.14351083381105884,0.0,0.0,0.0,0.0,0.009999999999999787
5.119999999999935,coast,1.5,0.942830695373758,0.9468001407911409,-17.966577164476654,-8.292265162972349,0.14351168127885497,0.0,0.0,0.0,0.0,0.009999999999999787
5.129999999999935,coast,1.5,0.936932195386587,0.9408793735484087,-17.957220444112888,-8.29173882271049,0.14351195291389143,0.0,0.0,0.0,0.0,0.009999999999999787
5.139999999999935,coast,1.5,0.9310000833035235,0.9349517994014775,-17.947922953047062,-8.29121602329847,0.1435121838882661,0.0,0.0,0.0,0.0,0.009999999999999787
5.149999999999935,coast,1.5,0.9250393364330505,0.9290043216204213,-17.93868500264603,-8.290696478797031,0.14351278945595353,0.0,0.0,0.0,0.0,0.009999999999999787
5.159999999999934,coast,1.5,0.9190579144276589,0.9230364773047639,-17.92950686782903,-8.290179054371572,0.143514004301918,0.0,0.0,0.0,0.0,0.009999999999999787
5.169999999999934,coast,1.5,0.9131125640340517,0.9170821293423366,-17.92038810219425,-8.289664998698369,0.1435151251368753,0.0,0.0,0.0,0.0,0.009999999999999787
5.179999999999934,coast,1.5,0.9072072974834943,0.9111572302270312,-17.911328246392475,-8.28915511410893,0.14351551920302769,0.0,0.0,0.0,0.0,0.009999999999999787
5.189999999999934,coast,1.5,0.9012752016977907,0.905228013109487,-17.902327607623047,-8.288648877263407,0.14351558973156536,0.0,0.0,0.0,0.0,0.009999999999999787
5.199999999999934,coast,1.5,0.8953201043051645,0.8992832678268935,-17.893386533431357,-8.288144291955293,0.14351556226118217,0.0,0.0,0.0,0.0,0.009999999999999787
5.209999999999933,coast,1.5,0.8894032201534893,0.893355239222851,-17.8845045265713,-8.287643147767024,0.14351474406407672,0.0,0.0,0.0,0.0,0.009999999999999787
5.219999999999933,coast,1.5,0.883497935505952,0.8874408569927116,-17.875681462131052,-8.287145608273121,0.14351311400108013,0.0,0.0,0.0,0.0,0.009999999999999787
5.229999999999933,coast,1.5,0.8775498824083292,0.8815062722420822,-17.866917811329614,-8.286651204028086,0.14351143173946979,0.0,0.0,0.0,0.0,0.009999999999999787
5.239999999999933,coast,1.5,0.87156976712699,0.8755443691730269,-17.858213928004567,-8.286159587636494,0.1435103489537908,0.0,0.0,0.0,0.0,0.009999999999999787
5.2499999999999325,coast,1.5,0.8655654869601426,0.8695570398452963,-17.849570060125394,-8.285670805808639,0.14351033353030843,0.0,0.0,0.0,0.0,0.009999999999999787
5.259999999999932,coast,1.5,0.8595552759796276,0.8635559815258951,-17.840986322351245,-8.285183926474849,0.14351159176575862,0.0,0.0,0.0,0.0,0.009999999999999787
5.269999999999932,coast,1.5,0.8535990629754001,0.8575818303955982,-17.832462084381152,-8.284700180364522,0.14351321858641314,0.0,0.0,0.0,0.0,0.009999999999999787
5.279999999999932,coast,1.5,0.8476859912831375,0.8516443269281218,-17.823996891120863,-8.284219736884292,0.14351457125690995,0.0,0.0,0.0,0.0,0.009999999999999787
5.289999999999932,coast,1.5,0.8417550328796124,0.8457107504990161,-17.815590965196186,-8.28374192317383,0.14351588558246253,0.0,0.0,0.0,0.0,0.009999999999999787
5.299999999999931,coast,1.5,0.8358314694073733,0.8397831818440304,-17.807244282260903,-8.283265747131006,0.14351682654522194,0.0,0.0,0.0,0.0,0.009999999999999787
5.309999999999931,coast,1.5,0.8299594780145956,0.8338889595463694,-17.79895620866071,-8.282792950810665,0.14351644245300157,0.0,0.0,0.0,0.0,0.009999999999999787
5.319999999999931,coast,1.5,0.8240885423276492,0.8280087092151373,-17.790726732934207,-8.282323572492764,0.14351470491883325,0.0,0.0,0.0,0.0,0.009999999999999787
5.329999999999931,coast,1.5,0.8181660856389149,0.8221031350694038,-17.782556404149734,-8.281857353752567,0.14351242948704626,0.0,0.0,0.0,0.0,0.009999999999999787
5.339999999999931,coast,1.5,0.8121948773556653,0.8161581804411607,-17.774445816580794,-8.281392710428976,0.14351038403868713,0.0,0.0,0.0,0.0,0.009999999999999787
5.34999999999993,coast,1.5,0.8062336327442314,0.8102034518230031,-17.766394823805,-8.280930373744075,0.14350833925448597,0.0,0.0,0.0,0.0,0.009999999999999787
5.35999999999993,coast,1.5,0.8003118106354442,0.8042684671104678,-17.75840294883856,-8.280471574457419,0.14350571030668527,0.0,0.0,0.0,0.0,0.009999999999999787
5.36999999999993,coast,1.5,0.7943649425917454,0.7983263523992343,-17.750470474443883,-8.28001595906174,0.14350306065025303,0.0,0.0,0.0,0.0,0.009999999999999787
5.37999999999993,coast,1.5,0.7883792309994379,0.7923580795593564,-17.742597844586207,-8.279562837727372,0.14350117428937634,0.0,0.0,0.0,0.0,0.009999999999999787
5.3899999999999295,coast,1.5,0.7823774670809841,0.7863697120723331,-17.73478522087516,-8.27911231051454,0.14350042512906733,0.0,0.0,0.0,0.0,0.009999999999999787
5.399999999999929,coast,1.5,0.7763801988770775,0.7803760041551797,-17.72703256469082,-8.278664258377116,0.14350086643638693,0.0,0.0,0.0,0.0,0.009999999999999787
5.409999999999929,coast,1.5,0.7703982800481535,0.7743893696909641,-17.719339688759185,-8.278219180787762,0.14350231204098912,0.0,0.0,0.0,0.0,0.009999999999999787
5.419999999999929,coast,1.5,0.7644389408720299,0.7684191123996036,-17.711706352800178,-8.277777192465791,0.1435044372039933,0.0,0.0,0.0,0.0,0.009999999999999787
5.429999999999929,coast,1.5,0.7584967667265544,0.7624657049957742,-17.704132356755988,-8.277338698934654,0.14350702282557776,0.0,0.0,0.0,0.0,0.009999999999999787
5.4399999999999284,coast,1.5,0.7525530667832073,0.756518122068234,-17.69661777053092,-8.27690275432043,0.14351011587100798,0.0,0.0,0.0,0.0,0.009999999999999787
5.449999999999928,coast,1.5,0.7466420760049538,0.7505924944302659,-17.68916225675043,-8.276469228048148,0.14351288103137866,0.0,0.0,0.0,0.0,0.009999999999999787
5.459999999999928,coast,1.5,0.7408013267847847,0.7447177938429772,-17.68176500316878,-8.27603959600381,0.14351409529277614,0.0,0.0,0.0,0.0,0.009999999999999787
5.469999999999928,coast,1.5,0.7349381828249304,0.7388500272321491,-17.674426228500305,-8.275614031994358,0.14351387052914277,0.0,0.0,0.0,0.0,0.009999999999999787
5.479999999999928,coast,1.5,0.7290393035406327,0.7329635930172393,-17.667146338475774,-8.27519193496834,0.1435127841818493,0.0,0.0,0.0,0.0,0.009999999999999787
5.489999999999927,coast,1.5,0.7231027025389956,0.7270470587302931,-17.659925789135457,-8.274772174435798,0.14351146209994275,0.0,0.0,0.0,0.0,0.009999999999999787
5.499999999999927,coast,1.5,0.7171273322017898,0.721095222813191,-17.65276490893198,-8.274356015404766,0.14351051251836416,0.0,0.0,0.0,0.0,0.009999999999999787
5.509999999999927,coast,1.5,0.7111338740164599,0.7151184135351523,-17.645663871811387,-8.273943747304827,0.1435104389295227,0.0,0.0,0.0,0.0,0.009999999999999787
5.519999999999927,coast,1.5,0.7051196605033212,0.7091191617160536,-17.638622925820655,-8.273534762143749,0.14351156510175825,0.0,0.0,0.0,0.0,0.009999999999999787
5.5299999999999265,coast,1.5,0.6991167661313648,0.7031177243652402,-17.631641968614343,-8.273128881722958,0.14351401171216002,0.0,0.0,0.0,0.0,0.009999999999999787
5.539999999999926,coast,1.5,0.6931492226397236,0.6971366233299302,-17.624720587568085,-8.272726910654859,0.14351724713039946,0.0,0.0,0.0,0.0,0.009999999999999787
5.549999999999926,coast,1.5,0.6871951339987017,0.691171729731193,-17.617858650032723,-8.272328723710434,0.14352105652446723,0.0,0.0,0.0,0.0,0.009999999999999787
5.559999999999926,coast,1.5,0.681262723612689,0.6852263260600906,-17.611055934771677,-8.271934317709071,0.1435252507149333,0.0,0.0,0.0,0.0,0.009999999999999787
5.569999999999926,coast,1.5,0.675332013702798,0.6792897386457151,-17.60431243393892,-8.271543453095566,0.14352960446477508,0.0,0.0,0.0,0.0,0.009999999999999787
5.5799999999999255,coast,1.5,0.6694467579774369,0.6733839502447482,-17.597627656631776,-8.271156686296615,0.14353394163214625,0.0,0.0,0.0,0.0,0.009999999999999787
5.589999999999925,coast,1.5,0.6635301580105698,0.6674716749042411,-17.591002008314994,-8.270772372342687,0.14353810380768456,0.0,0.0,0.0,0.0,0.009999999999999787
5.599999999999925,coast,1.5,0.657642522473328,0.6615741834456932,-17.58443501058339,-8.270393415754828,0.14354100112848936,0.0,0.0,0.0,0.0,0.009999999999999787
5.609999999999925,coast,1.5,0.6517862803747289,0.6557014416031146,-17.577926429526972,-8.270018310999491,0.14354229633852167,0.0,0.0,0.0,0.0,0.009999999999999787
5.619999999999925,coast,1.5,0.6459722249317833,0.6498639116003159,-17.57147588235533,-8.269646092360098,0.14354116906128794,0.0,0.0,0.0,0.0,0.009999999999999787
5.629999999999924,coast,1.5,0.6401440337614076,0.6440319848969709,-17.565083402852146,-8.269278637971398,0.14353749392870663,0.0,0.0,0.0,0.0,0.009999999999999787
5.639999999999924,coast,1.5,0.6342587155237442,0.6381680232730349,-17.558749727198922,-8.268913528271385,0.14353237454290022,0.0,0.0,0.0,0.0,0.009999999999999787
5.649999999999924,coast,1.5,0.6283579931877316,0.632282005221853,-17.552474867319685,-8.268553461270425,0.14352636189196616,0.0,0.0,0.0,0.0,0.009999999999999787
5.659999999999924,coast,1.5,0.6223586275503887,0.6263279786189744,-17.546259960611515,-8.268196320259516,0.14352077686006218,0.0,0.0,0.0,0.0,0.009999999999999787
5.6699999999999235,coast,1.5,0.6163513855273745,0.6203420227640144,-17.540105006137246,-8.267843678344569,0.14351617456632684,0.0,0.0,0.0,0.0,0.009999999999999787
5.679999999999923,coast,1.5,0.6103058567800651,0.6143203231736448,-17.534010471240016,-8.267494344536852,0.1435133736157061,0.0,0.0,0.0,0.0,0.009999999999999787
5.689999999999923,coast,1.5,0.6042978157023287,0.6083068186908551,-17.527975976394675,-8.267148327203188,0.1435123056277075,0.0,0.0,0.0,0.0,0.009999999999999787
5.699999999999923,coast,1.5,0.598309561120523,0.6023084641486559,-17.522001266946585,-8.266806592428072,0.14351300599417033,0.0,0.0,0.0,0.0,0.009999999999999787
5.709999999999923,coast,1.5,0.592305481004241,0.5963066742620069,-17.51608653447487,-8.266468549983903,0.1435154861021585,0.0,0.0,0.0,0.0,0.009999999999999787
5.7199999999999225,coast,1.5,0.586335570025969,0.5903240117203842,-17.51023150052159,-8.266132975294152,0.14351948045434854,0.0,0.0,0.0,0.0,0.009999999999999787
5.729999999999922,coast,1.5,0.5804215997491917,0.5843825645376688,-17.504435581015443,-8.265799984447455,0.1435242106642065,0.0,0.0,0.0,0.0,0.009999999999999787
5.739999999999922,coast,1.5,0.5745247084202075,0.5784678508671921,-17.49869852319243,-8.265470677522,0.1435287887442035,0.0,0.0,0.0,0.0,0.009999999999999787
5.749999999999922,coast,1.5,0.5686912283094785,0.572601877332564,-17.493019697029396,-8.265144652778314,0.143532336498083,0.0,0.0,0.0,0.0,0.009999999999999787
5.759999999999922,coast,1.5,0.56284371670379,0.5667469809552995,-17.487399276432463,-8.264821249430248,0.14353456918744817,0.0,0.0,0.0,0.0,0.009999999999999787
5.769999999999921,coast,1.5,0.556982802564572,0.560888473920863,-17.481837300941347,-8.264502061275936,0.1435352783613862,0.0,0.0,0.0,0.0,0.009999999999999787
5.779999999999921,coast,1.5,0.5510858883992018,0.5550069226078662,-17.47633428025057,-8.264184590576585,0.14353464645234343,0.0,0.0,0.0,0.0,0.009999999999999787
5.789999999999921,coast,1.5,0.5451978712197093,0.549121491774972,-17.470890027485368,-8.263870549440913,0.14353267791159144,0.0,0.0,0.0,0.0,0.009999999999999787
5.799999999999921,coast,1.5,0.5392748893737837,0.543213530334259,-17.465504895995423,-8.263560130057241,0.1435300228081492,0.0,0.0,0.0,0.0,0.009999999999999787
5.809999999999921,coast,1.5,0.533303511570453,0.5372675190759754,-17.460179480514785,-8.263251666491687,0.14352733769303824,0.0,0.0,0.0,0.0,0.009999999999999787
5.81999999999992,coast,1.5,0.5273325506579255,0.5313065380251454,-17.454913755270823,-8.262945625206495,0.1435249018909717,0.0,0.0,0.0,0.0,0.009999999999999787
5.82999999999992,coast,1.5,0.5213944048811832,0.525359258138768,-17.44970733411936,-8.26264284265108,0.14352230737187083,0.0,0.0,0.0,0.0,0.009999999999999787
5.83999999999992,coast,1.5,0.5154809114747115,0.5194322501403341,-17.444559965292985,-8.262343390487368,0.143519528544434,0.0,0.0,0.0,0.0,0.009999999999999787
5.84999999999992,coast,1.5,0.5095417045676257,0.513497922796709,-17.439471981928943,-8.262046188552244,0.1435171881847582,0.0,0.0,0.0,0.0,0.009999999999999787
5.8599999999999195,coast,1.5,0.5035905517337577,0.5075535001589382,-17.43444346239522,-8.26175210254447,0.14351571672940486,0.0,0.0,0.0,0.0,0.009999999999999787
5.869999999999919,coast,1.5,0.4976227341420303,0.5015950405487934,-17.429474562710247,-8.2614614155951,0.1435153942827155,0.0,0.0,0.0,0.0,0.009999999999999787
5.879999999999919,coast,1.5,0.4916558923104397,0.4956315516057812,-17.424565329730353,-8.261173208054007,0.14351641109628555,0.0,0.0,0.0,0.0,0.009999999999999787
5.889999999999919,coast,1.5,0.48570439502277024,0.48967525765597464,-17.419715583866616,-8.26088787008812,0.1435186436447083,0.0,0.0,0.0,0.0,0.009999999999999787
5.899999999999919,coast,1.5,0.4797618438428687,0.4837272093681111,-17.414925162964344,-8.26060653501913,0.14352178715222194,0.0,0.0,0.0,0.0,0.009999999999999787
5.909999999999918,coast,1.5,0.47381135155069437,0.47777769467766107,-17.41019421635532,-8.260327897193624,0.14352557674322294,0.0,0.0,0.0,0.0,0.009999999999999787
5.919999999999918,coast,1.5,0.4678909542066195,0.4718456503950361,-17.405522449026172,-8.260051697826716,0.1435296216381354,0.0,0.0,0.0,0.0,0.009999999999999787
5.929999999999918,coast,1.5,0.46196445134948255,0.4659169309677039,-17.40090983412931,-8.259779316687892,0.14353353408823968,0.0,0.0,0.0,0.0,0.009999999999999787
5.939999999999918,coast,1.5,0.456056819811254,0.460000864273834,-17.39635629226425,-8.259508732815933,0.1435369573079957,0.0,0.0,0.0,0.0,0.009999999999999787
5.949999999999918,coast,1.5,0.4502482041706808,0.45414926821194207,-17.39186075562405,-8.25924046643341,0.14353769091713037,0.0,0.0,0.0,0.0,0.009999999999999787
5.959999999999917,coast,1.5,0.44455730350047656,0.44839408938506276,-17.387421827682466,-8.258977540296902,0.14353365045624802,0.0,0.0,0.0,0.0,0.009999999999999787
5.969999999999917,coast,1.5,0.43882034940949294,0.44264984539972085,-17.38304008013786,-8.258718372206767,0.14352555149926832,0.0,0.0,0.0,0.0,0.009999999999999787
5.979999999999917,coast,1.5,0.4329812425255476,0.4368486836752169,-17.378716616370344,-8.258462244461809,0.14351507924419543,0.0,0.0,0.0,0.0,0.009999999999999787
5.989999999999917,coast,1.5,0.4270432234847008,0.43096540756090723,-17.37445246756563,-8.258209151120937,0.14350408049799046,0.0,0.0,0.0,0.0,0.009999999999999787
5.9999999999999165,coast,1.5,0.4210226025708979,0.4249997245669016,-17.37024849420088,-8.257959141860892,0.1434942968872715,0.0,0.0,0.0,0.0,0.009999999999999787
6.009999999999916,coast,1.5,0.4149476101885073,0.418968455939865,-17.366105266794627,-8.257712216953264,0.14348705551479093,0.0,0.0,0.0,0.0,0.009999999999999787
6.019999999999916,coast,1.5,0.408860769982413,0.4129038443653938,-17.362022926060405,-8.257468169870526,0.14348294973887138,0.0,0.0,0.0,0.0,0.009999999999999787
6.029999999999916,coast,1.5,0.40280666287546324,0.4068455354714354,-17.358001102335713,-8.25722759988309,0.14348175947924321,0.0,0.0,0.0,0.0,0.009999999999999787
6.039999999999916,coast,1.5,0.3967951043421162,0.4008152767938439,-17.354039344317567,-8.256990789770448,0.14348315489492666,0.0,0.0,0.0,0.0,0.009999999999999787
6.0499999999999154,coast,1.5,0.390814623567728,0.39481488485817434,-17.35013735130675,-8.25675739786277,0.14348674243268905,0.0,0.0,0.0,0.0,0.009999999999999787
6.059999999999915,coast,1.5,0.38487720345494786,0.38885227601623845,-17.34629467487549,-8.256527462424593,0.1434918454846959,0.0,0.0,0.0,0.0,0.009999999999999787
6.069999999999915,coast,1.5,0.3789733526151884,0.38292492197560846,-17.342510959379787,-8.256301037543066,0.14349770117586866,0.0,0.0,0.0,0.0,0.009999999999999787
6.079999999999915,coast,1.5,0.3731035689930277,0.37703211018606,-17.338785843778624,-8.256078194671641,0.14350356287851557,0.0,0.0,0.0,0.0,0.009999999999999787
6.089999999999915,coast,1.5,0.36725010360742205,0.3711629062388772,-17.335119148648083,-8.25585898447233,0.14350879475851375,0.0,0.0,0.0,0.0,0.009999999999999787
6.099999999999914,coast,1.5,0.36140643443548554,0.3653090231568422,-17.331510771583982,-8.255643290077483,0.1435128429040677,0.0,0.0,0.0,0.0,0.009999999999999787
6.109999999999914,coast,1.5,0.3555779231320071,0.35947036314194114,-17.327960548296282,-8.255431109443787,0.14351507745721576,0.0,0.0,0.0,0.0,0.009999999999999787
6.119999999999914,coast,1.5,0.34975022197728695,0.35363827844314866,-17.324468422565594,-8.255223174004119,0.1435151999260958,0.0,0.0,0.0,0.0,0.009999999999999787
6.129999999999914,coast,1.5,0.34388847285442203,0.34778839508991266,-17.321034771602914,-8.255019042098116,0.14351365669211147,0.0,0.0,0.0,0.0,0.009999999999999787
6.1399999999999135,coast,1.5,0.3379902344422048,0.34190949870128795,-17.31765997637089,-8.254818680265249,0.14351106083975013,0.0,0.0,0.0,0.0,0.009999999999999787
6.149999999999913,coast,1.5,0.3320604151113529,0.3360000485473269,-17.31434436656366,-8.254622107904549,0.1435080931720492,0.0,0.0,0.0,0.0,0.009999999999999787
6.159999999999913,coast,1.5,0.32610834838577707,0.330065028450397,-17.311088180017556,-8.254429293984051,0.14350539039155938,0.0,0.0,0.0,0.0,0.009999999999999787
6.169999999999913,coast,1.5,0.3201508599190374,0.32411652733158125,-17.30789149261484,-8.254239991362958,0.14350331235756203,0.0,0.0,0.0,0.0,0.009999999999999787
6.179999999999913,coast,1.5,0.31422144166131566,0.31817947592942186,-17.304754007885034,-8.254054401949876,0.14350171654155755,0.0,0.0,0.0,0.0,0.009999999999999787
6.1899999999999125,coast,1.5,0.30831559560773164,0.31226114773640773,-17.301675463468854,-8.253872951066306,0.14350055120060742,0.0,0.0,0.0,0.0,0.009999999999999787
6.199999999999912,coast,1.5,0.3024080802672944,0.3063493072549397,-17.29865590674917,-8.253695196510664,0.14350004733637506,0.0,0.0,0.0,0.0,0.009999999999999787
6.209999999999912,coast,1.5,0.2965108300498243,0.30044622093187046,-17.29569524174874,-8.253521050149782,0.14350029065517414,0.0,0.0,0.0,0.0,0.009999999999999787
6.219999999999912,coast,1.5,0.29061847903354465,0.294549575792875,-17.29279342345345,-8.253350406896452,0.14350118371651774,0.0,0.0,0.0,0.0,0.009999999999999787
6.229999999999912,coast,1.5,0.2847544692748958,0.2886725118820875,-17.289950173676502,-8.253183023505162,0.14350232368482074,0.0,0.0,0.0,0.0,0.009999999999999787
6.239999999999911,coast,1.5,0.27891670146285424,0.2828190256305475,-17.287165184284603,-8.25301947647505,0.14350315866925306,0.0,0.0,0.0,0.0,0.009999999999999787
6.249999999999911,coast,1.5,0.2730805440175206,0.27697593666273135,-17.284438450546226,-8.252859551981043,0.1435036216291904,0.0,0.0,0.0,0.0,0.009999999999999787
6.259999999999911,coast,1.5,0.2672359892589965,0.27113196822049046,-17.281770069392195,-8.25270306713249,0.14350380069176866,0.0,0.0,0.0,0.0,0.009999999999999787
6.269999999999911,coast,1.5,0.2613825909907745,0.26528234188266087,-17.279160134348466,-8.252549982815655,0.14350381569426046,0.0,0.0,0.0,0.0,0.009999999999999787
6.2799999999999105,coast,1.5,0.2555239991019436,0.25942733621423053,-17.276608702093117,-8.252400253504266,0.14350376040052812,0.0,0.0,0.0,0.0,0.009999999999999787
6.28999999999991,coast,1.5,0.24967022974181144,0.2535730723307791,-17.274115724725764,-8.252253863733158,0.14350361403869044,0.0,0.0,0.0,0.0,0.009999999999999787
6.29999999999991,coast,1.5,0.2438352111029035,0.2477303555940537,-17.27168101133814,-8.252110830841078,0.14350328289566966,0.0,0.0,0.0,0.0,0.009999999999999787
6.30999999999991,coast,1.5,0.23801212324564808,0.24189941618501032,-17.269304438310442,-8.251971229814433,0.14350278156716773,0.0,0.0,0.0,0.0,0.009999999999999787
6.31999999999991,coast,1.5,0.23219685464730677,0.23607787926238818,-17.266985936533555,-8.251834960828953,0.14350226972514102,0.0,0.0,0.0,0.0,0.009999999999999787
6.3299999999999095,coast,1.5,0.22639447958728753,0.2302678394573278,-17.264725381697872,-8.251701996056042,0.14350190182373687,0.0,0.0,0.0,0.0,0.009999999999999787
6.339999999999909,coast,1.5,0.22060488610031423,0.22447006744311965,-17.262522649375683,-8.251572320030466,0.1435018078975646,0.0,0.0,0.0,0.0,0.009999999999999787
6.349999999999909,coast,1.5,0.21483540785134173,0.21868927168805288,-17.260377540275083,-8.251445924923377,0.14350207383215458,0.0,0.0,0.0,0.0,0.009999999999999787
6.359999999999909,coast,1.5,0.20908530090093072,0.21292688921577957,-17.258289860979822,-8.251322809160085,0.14350272689114857,0.0,0.0,0.0,0.0,0.009999999999999787
6.369999999999909,coast,1.5,0.2033627907222927,0.20718843011968746,-17.256259334387597,-8.251202968333839,0.14350372508675868,0.0,0.0,0.0,0.0,0.009999999999999787
6.379999999999908,coast,1.5,0.19766998871780253,0.2014773652785565,-17.25428566128699,-8.25108640017012,0.14350498558579888,0.0,0.0,0.0,0.0,0.009999999999999787
6.389999999999908,coast,1.5,0.19200559018039084,0.1957943002196571,-17.252368554328655,-8.250973114341594,0.14350639944188082,0.0,0.0,0.0,0.0,0.009999999999999787
6.399999999999908,coast,1.5,0.18637282948676756,0.19014141777992338,-17.250507693924735,-8.250863111594889,0.14350783907712036,0.0,0.0,0.0,0.0,0.009999999999999787
6.409999999999908,coast,1.5,0.18077335784216378,0.1845205818172676,-17.248702744786716,-8.250756383340004,0.14350918980781455,0.0,0.0,0.0,0.0,0.009999999999999787
6.419999999999908,coast,1.5,0.17520636367690276,0.1789320509330487,-17.246953380706305,-8.250652916882292,0.14351036992205932,0.0,0.0,0.0,0.0,0.009999999999999787
6.429999999999907,coast,1.5,0.16968235891163266,0.17338223572019906,-17.24525917097441,-8.250552697278057,0.14351133146233647,0.0,0.0,0.0,0.0,0.009999999999999787
6.439999999999907,coast,1.5,0.1641968452866782,0.16787100146008654,-17.243619730646785,-8.250455708211327,0.1435120558563708,0.0,0.0,0.0,0.0,0.009999999999999787
6.449999999999907,coast,1.5,0.15875470521595028,0.16240122371360477,-17.242034626523132,-8.250361932625456,0.14351255485615438,0.0,0.0,0.0,0.0,0.009999999999999787
6.459999999999907,coast,1.5,0.15335811398063073,0.15697535787382033,-17.24050340436781,-8.25027135000219,0.1435128677693185,0.0,0.0,0.0,0.0,0.009999999999999787
6.4699999999999065,coast,1.5,0.14801691974647546,0.1516002949974134,-17.2390255118627,-8.250183935297185,0.1435130512961985,0.0,0.0,0.0,0.0,0.009999999999999787
6.479999999999906,coast,1.5,0.14273525030738596,0.14628126818339693,-17.237600355480758,-8.250099662974915,0.14351316968314617,0.0,0.0,0.0,0.0,0.009999999999999787
6.489999999999906,coast,1.5,0.13751212393456552,0.14101978163409806,-17.236227351822386,-8.250018501306212,0.1435132848183182,0.0,0.0,0.0,0.0,0.009999999999999787
6.499999999999906,coast,1.5,0.13236368261503853,0.13582612222266233,-17.23490575584764,-8.249940412070748,0.14351344669172725,0.0,0.0,0.0,0.0,0.009999999999999787
6.509999999999906,coast,1.5,0.12728480677867682,0.130701332956271,-17.233634873749196,-8.24986535198048,0.14351368865605893,0.0,0.0,0.0,0.0,0.009999999999999787
6.519999999999905,coast,1.5,0.12228886137716227,0.12565385000880577,-17.23241387770228,-8.249793272415927,0.1435140247905491,0.0,0.0,0.0,0.0,0.009999999999999787
6.529999999999905,coast,1.5,0.11737725876978543,0.12068789526539357,-17.231241925241253,-8.249724126885619,0.14351445199039126,0.0,0.0,0.0,0.0,0.009999999999999787
6.539999999999905,coast,1.5,0.11255577502783573,0.11580862312285886,-17.23011811609684,-8.249657862186611,0.14351495167568518,0.0,0.0,0.0,0.0,0.009999999999999787
6.549999999999905,coast,1.5,0.10782745311362626,0.11101992111731931,-17.229041519637065,-8.249594419964414,0.1435154969015651,0.0,0.0,0.0,0.0,0.009999999999999787
6.559999999999905,coast,1.5,0.1031989475870361,0.1063273369991494,-17.22801113827564,-8.249533744969973,0.14351605631758407,0.0,0.0,0.0,0.0,0.009999999999999787
6.569999999999904,coast,1.5,0.09867329595666258,0.10173491237365731,-17.2270259445171,-8.24947577337856,0.1435166001213013,0.0,0.0,0.0,0.0,0.009999999999999787
6.579999999999904,coast,1.5,0.09425199105064772,0.09724515957985155,-17.22608489630531,-8.249420436654903,0.14351710519944816,0.0,0.0,0.0,0.0,0.009999999999999787
6.589999999999904,coast,1.5,0.08994210132129292,0.09286332462471637,-17.225186880676592,-8.249367670210926,0.14351755680781725,0.0,0.0,0.0,0.0,0.009999999999999787
6.599999999999904,coast,1.5,0.08574722738982389,0.08859366628378088,-17.224330749037808,-8.249317404896527,0.1435179506809185,0.0,0.0,0.0,0.0,0.009999999999999787
6.6099999999999035,coast,1.5,0.08166495337326568,0.08443643853747176,-17.223515377162006,-8.24926957153164,0.14351829213156997,0.0,0.0,0.0,0.0,0.009999999999999787
6.619999999999903,coast,1.5,0.07770541491306573,0.08039782436282814,-17.2227395397937,-8.249224093881942,0.14351859379550996,0.0,0.0,0.0,0.0,0.009999999999999787
6.629999999999903,coast,1.5,0.07387008409112548,0.07648118019980654,-17.222001997108368,-8.249180893835803,0.14351887363749202,0.0,0.0,0.0,0.0,0.009999999999999787
6.639999999999903,coast,1.5,0.07015632829571763,0.0726862690573532,-17.22130153542115,-8.249139897665483,0.14351915199090667,0.0,0.0,0.0,0.0,0.009999999999999787
6.649999999999903,coast,1.5,0.06656754262886684,0.0690150332002614,-17.22063690747481,-8.249101023536609,0.14351944836297795,0.0,0.0,0.0,0.0,0.009999999999999787
6.659999999999902,coast,1.5,0.06310710056524965,0.06547027361925435,-17.220006831408895,-8.249064201936674,0.1435197782484509,0.0,0.0,0.0,0.0,0.009999999999999787
6.669999999999902,coast,1.5,0.05977739693631814,0.062054547609492625,-17.219410002133923,-8.249029348510254,0.14352015107594668,0.0,0.0,0.0,0.0,0.009999999999999787
6.679999999999902,coast,1.5,0.056575402726031114,0.05876706067941572,-17.218845144228194,-8.248996389172692,0.1435205713188838,0.0,0.0,0.0,0.0,0.009999999999999787
6.689999999999902,coast,1.5,0.053497552455704846,0.0556053557451892,-17.218311017871503,-8.248965250632901,0.14352103799570973,0.0,0.0,0.0,0.0,0.009999999999999787
6.699999999999902,coast,1.5,0.050550063550782474,0.05257218042854517,-17.217806321574834,-8.24893584785806,0.14352154455426386,0.0,0.0,0.0,0.0,0.009999999999999787
6.709999999999901,coast,1.5,0.04772964038889935,0.049666656404757675,-17.217329786160814,-8.248908107420728,0.1435220810981368,0.0,0.0,0.0,0.0,0.009999999999999787
6.719999999999901,coast,1.5,0.04503506980760937,0.0468877044464687,-17.216880154678865,-8.248881954702258,0.1435226358189817,0.0,0.0,0.0,0.0,0.009999999999999787
6.729999999999901,coast,1.5,0.04246153307953527,0.04423200162630864,-17.21645621851122,-8.248857314894,0.1435231976877624,0.0,0.0,0.0,0.0,0.009999999999999787
6.739999999999901,coast,1.5,0.040010132916341055,0.041698880400328084,-17.21605675761121,-8.248834120391198,0.14352375626404762,0.0,0.0,0.0,0.0,0.009999999999999787
6.7499999999999005,coast,1.5,0.03767995257149751,0.039287523703029736,-17.215680561442497,-8.248812298912082,0.14352430250029352,0.0,0.0,0.0,0.0,0.009999999999999787
6.7599999999999,coast,1.5,0.035460350458979405,0.03699121975659954,-17.21532652623493,-8.248791777129401,0.14352483188908766,0.0,0.0,0.0,0.0,0.009999999999999787
6.7699999999999,coast,1.5,0.033357605890164045,0.034811051436738245,-17.21499348515278,-8.248772485114156,0.1435253410787679,0.0,0.0,0.0,0.0,0.009999999999999787
6.7799999999999,coast,1.5,0.03136090091835389,0.03274096112570763,-17.214680378938716,-8.248754367718119,0.1435258300530974,0.0,0.0,0.0,0.0,0.009999999999999787
