t,phase,target,v_raw,v_filtered,x,y,z,u,torque_L,torque_R,u_motor,dt
0.0,accelerate,2.0,0.0,0.0,-24.0,-8.45,0.14903219044208527,0.0,0.0,0.0,0.0,0.0
0.01,accelerate,2.0,-0.011280343344086362,-0.006768206006451817,-24.000109499744056,-8.44979225843547,0.1471372969049995,0.02157900978654828,0.16259532718742484,0.16259532718742484,0.6452195523310509,0.01
0.02,accelerate,2.0,-0.01517867729089424,-0.011814488777117271,-24.000250337197876,-8.449322170043988,0.14488956661083474,0.050095078891435725,0.17164974944960867,0.17164974944960867,0.681149799403209,0.01
0.03,accelerate,2.0,-0.016398866696120454,-0.01456511552851918,-24.000394291917253,-8.449278069353745,0.1426715003381705,0.08535364744190584,0.18284505013575397,0.18284505013575397,0.7255755957768014,0.009999999999999998
0.04,accelerate,2.0,-0.011114035252700038,-0.012494467363027693,-24.000480393674827,-8.449397735771987,0.1408210461196376,0.12856634324212024,0.19656594530623803,0.19656594530623803,0.7800235924850716,0.010000000000000002
0.05,accelerate,2.0,-0.001765563119499487,-0.00605712481691077,-24.000475429085824,-8.449460327566177,0.13955770719247315,0.18049301687292313,0.21305370271749055,0.21305370271749055,0.8454512012598832,0.010000000000000002
0.060000000000000005,accelerate,2.0,0.009898257774026047,0.00351610473765132,-24.000363796618736,-8.449497152072407,0.1389800054827403,0.2305122720303085,0.22893581661506357,0.22893581661506357,0.9084754627581888,0.010000000000000002
0.07,accelerate,2.0,0.022482740513764247,0.014896086203319076,-24.00014119166075,-8.449524065619705,0.13907104646627394,0.27841477333892095,0.2441458188305742,0.2441458188305742,0.9688326144070405,0.010000000000000002
0.08,accelerate,2.0,0.03480501640014203,0.026841444321412847,-23.99981109397317,-8.449543110329866,0.13971933272331022,0.3242417351892075,0.2586967957572772,0.2586967957572772,1.0265745863384017,0.009999999999999995
0.09,accelerate,2.0,0.04614882242846294,0.038425871185642904,-23.999380219161296,-8.449539150627636,0.1407494918218018,0.3685177461868238,0.2727553147692403,0.2727553147692403,1.082362360195398,0.009999999999999995
0.09999999999999999,accelerate,2.0,0.05632061738201467,0.04916271890346596,-23.998854531895198,-8.449535997440647,0.14195589362280944,0.411925360357582,0.28653810042073946,0.28653810042073946,1.1370559540505534,0.009999999999999995
0.10999999999999999,accelerate,2.0,0.06761875771558103,0.060236342190735,-23.99821415304965,-8.449542492852597,0.1430895636970246,0.45438292420317533,0.30001922609299225,0.30001922609299225,1.190552484496001,0.009999999999999995
0.11999999999999998,accelerate,2.0,0.07743441070751993,0.07055518330080596,-23.997467530067134,-8.449549965414922,0.14397473430843297,0.49640674089042686,0.3133626283675283,0.3133626283675283,1.2435024935219379,0.009999999999999995
0.12999999999999998,accelerate,2.0,0.08309798407844422,0.07808086376738892,-23.996654340902673,-8.449548721026009,0.1445513575569789,0.5395056689075005,0.3270473999915096,0.3270473999915096,1.2978071428234508,0.009999999999999995
0.13999999999999999,accelerate,2.0,0.08650815307609423,0.08313723735261211,-23.995796814790022,-8.449545946828628,0.14480299460652318,0.5847330854066934,0.34140800927833337,0.34140800927833337,1.354793687612434,0.010000000000000009
0.15,accelerate,2.0,0.0893058627978705,0.08683841261976716,-23.994901635307897,-8.449542530121683,0.144752304617513,0.6323529291766515,0.3565282620721704,0.3565282620721704,1.414794690762581,0.010000000000000009
0.16,accelerate,2.0,0.09275764920082508,0.0903899545684019,-23.99396338595819,-8.449541634737631,0.14445287519915873,0.68194086036176,0.37227342198206603,0.37227342198206603,1.4772754840558175,0.010000000000000009
0.17,accelerate,2.0,0.09745876741473125,0.09463124227619951,-23.99297143380032,-8.449536101634887,0.14398368170257309,0.7327093867041964,0.38839344446631646,0.38839344446631646,1.5412438272472875,0.010000000000000009
0.18000000000000002,accelerate,2.0,0.10365250185847523,0.10004399802556493,-23.991913472916718,-8.449536339736692,0.14343670613267095,0.7837659647563016,0.40460492912942086,0.40460492912942086,1.6055751155929399,0.010000000000000009
0.19000000000000003,accelerate,2.0,0.11138722638202193,0.10684993503943914,-23.990777262555532,-8.449542456917253,0.14290248262284505,0.834269742909384,0.42064088876858763,0.42064088876858763,1.6692098760658238,0.010000000000000009
0.20000000000000004,accelerate,2.0,0.1206781941792906,0.11514689052335002,-23.989550449520348,-8.44953120620928,0.1424558924407489,0.8834859447026817,0.43626801716199554,0.43626801716199554,1.731222290325379,0.010000000000000009
0.21000000000000005,accelerate,2.0,0.1312401377734977,0.12480283887343863,-23.988223039643305,-8.449537482412346,0.14214823589007905,0.930886945536359,0.45131878294670474,0.45131878294670474,1.7909475513758124,0.010000000000000009
0.22000000000000006,accelerate,2.0,0.1427345287695859,0.13556185281112698,-23.98678745770414,-8.449538508269688,0.14200386508053406,0.9761780538745235,0.4656996156662387,0.4656996156662387,1.8480143478818996,0.010000000000000009
0.23000000000000007,accelerate,2.0,0.15490931766004476,0.14717033172047764,-23.98523733503207,-8.449538085477808,0.14201948812897214,1.0,0.47326356,0.47326356,1.87803,0.010000000000000009
0.24000000000000007,accelerate,2.0,0.16821869304014864,0.15979934851228023,-23.98355985591669,-8.449539746806122,0.14215682135390803,1.0,0.47326356,0.47326356,1.87803,0.010000000000000009
0.25000000000000006,accelerate,2.0,0.181855702767195,0.1730331610652291,-23.981749746761462,-8.449538244452132,0.1423728390147902,1.0,0.47326356,0.47326356,1.87803,0.009999999999999981
0.26000000000000006,accelerate,2.0,0.22855097683504294,0.2063438505271174,-23.979442083017993,-8.449632799375909,0.14191389149365638,1.0,0.47326356,0.47326356,1.87803,0.010000000000000009
0.2700000000000001,accelerate,2.0,0.22582245263092435,0.21803101178940157,-23.977173078021217,-8.449545699940668,0.14168339636855257,1.0,0.47326356,0.47326356,1.87803,0.010000000000000009
0.2800000000000001,accelerate,2.0,0.2236601964522926,0.2214085225871362,-23.974934359922592,-8.449531460514699,0.14166795699137932,1.0,0.47326356,0.47326356,1.87803,0.010000000000000009
0.2900000000000001,accelerate,2.0,0.2196160731893301,0.22033305294845254,-23.97274304071892,-8.449508010169108,0.1418389193063536,1.0,0.47326356,0.47326356,1.87803,0.010000000000000009
0.3000000000000001,accelerate,2.0,0.21846642763947544,0.21921307776306628,-23.970568488756875,-8.449518119517853,0.1421414459137556,1.0,0.47326356,0.47326356,1.87803,0.010000000000000009
0.3100000000000001,accelerate,2.0,0.22342790813277608,0.22174197598489218,-23.96834591657472,-8.44950407500929,0.14246951913106165,1.0,0.47326356,0.47326356,1.87803,0.010000000000000009
0.3200000000000001,accelerate,2.0,0.233957685456531,0.22907140166787548,-23.96601657460482,-8.449548160344115,0.1427521873444818,1.0,0.47326356,0.47326356,1.87803,0.010000000000000009
0.3300000000000001,accelerate,2.0,0.24211988343580138,0.236900490728631,-23.963604848097063,-8.449489266234448,0.14300975173662253,1.0,0.47326356,0.47326356,1.87803,0.010000000000000009
0.34000000000000014,accelerate,2.0,0.2923652136328836,0.27017932447118254,-23.960651832931976,-8.449763089184874,0.1423939518849723,1.0,0.47326356,0.47326356,1.87803,0.010000000000000009
0.35000000000000014,accelerate,2.0,0.29335148718883863,0.28408262210177615,-23.95769836282596,-8.449568619494727,0.14196152125675332,1.0,0.47326356,0.47326356,1.87803,0.010000000000000009
0.36000000000000015,accelerate,2.0,0.2908393776470895,0.28813667542896415,-23.954778486896817,-8.44942265924345,0.14172840422085736,1.0,0.47326356,0.47326356,1.87803,0.010000000000000009
0.37000000000000016,accelerate,2.0,0.2903580643522535,0.28946950878293776,-23.95187140278523,-8.449527700942754,0.14170049205779406,1.0,0.47326356,0.47326356,1.87803,0.010000000000000009
0.38000000000000017,accelerate,2.0,0.29337704378547974,0.2918140297844629,-23.9489415832722,-8.449490263950846,0.14185559320918917,1.0,0.47326356,0.47326356,1.87803,0.010000000000000009
0.3900000000000002,accelerate,2.0,0.2993628737377183,0.29634333615641617,-23.9459568746584,-8.44948578888344,0.14212319692327924,1.0,0.47326356,0.47326356,1.87803,0.010000000000000009
0.4000000000000002,accelerate,2.0,0.31095101617679044,0.30510794416864073,-23.942856860241896,-8.449432655006019,0.14239975745302916,1.0,0.47326356,0.47326356,1.87803,0.010000000000000009
0.4100000000000002,accelerate,2.0,0.3225624800836208,0.31558066571762877,-23.93964169779484,-8.449472210797257,0.14269506324959338,1.0,0.47326356,0.47326356,1.87803,0.010000000000000009
0.4200000000000002,accelerate,2.0,0.3729962515033469,0.3500300171890597,-23.935886998654624,-8.449635821185366,0.14220769803501374,1.0,0.47326356,0.47326356,1.87803,0.010000000000000009
0.4300000000000002,accelerate,2.0,0.3709264815708903,0.36256789581815807,-23.93216299125181,-8.449610911558675,0.1419161822436616,1.0,0.47326356,0.47326356,1.87803,0.010000000000000009
0.4400000000000002,accelerate,2.0,0.3670003223382167,0.3652273517301933,-23.928486773255056,-8.449459023805748,0.1418265811681217,1.0,0.47326356,0.47326356,1.87803,0.010000000000000009
0.45000000000000023,accelerate,2.0,0.36445731920438745,0.36476533221470975,-23.924843120659112,-8.449380761256874,0.1419205725104338,1.0,0.47326356,0.47326356,1.87803,0.010000000000000009
0.46000000000000024,accelerate,2.0,0.3649525623935118,0.36487767032199103,-23.921200289909134,-8.449365620074758,0.14215755932994556,1.0,0.47326356,0.47326356,1.87803,0.010000000000000009
0.47000000000000025,accelerate,2.0,0.37142952604030627,0.36880878375298015,-23.917495087677896,-8.449362782226538,0.14244597992719843,1.0,0.47326356,0.47326356,1.87803,0.010000000000000009
0.48000000000000026,accelerate,2.0,0.3813276019464414,0.37632007466905687,-23.91369099857875,-8.449353450635922,0.14273191515166578,1.0,0.47326356,0.47326356,1.87803,0.010000000000000009
0.49000000000000027,accelerate,2.0,0.41317362939604074,0.3984322075052472,-23.90954772825722,-8.449476212346928,0.14257386493801227,1.0,0.47326356,0.47326356,1.87803,0.010000000000000009
0.5000000000000002,accelerate,2.0,0.4376156260708556,0.4219422586446122,-23.9051486625547,-8.44969242364605,0.14212236912414267,1.0,0.47326356,0.47326356,1.87803,0.009999999999999953
0.5100000000000002,accelerate,2.0,0.4349989922741314,0.42977629882232377,-23.900785791157283,-8.44967468215665,0.14188938121319528,1.0,0.47326356,0.47326356,1.87803,0.010000000000000009
0.5200000000000002,accelerate,2.0,0.43133065258396897,0.43070891107931086,-23.896468153791513,-8.449602919357288,0.14186923821572708,1.0,0.47326356,0.47326356,1.87803,0.010000000000000009
0.5300000000000002,accelerate,2.0,0.43075423152324704,0.4307361033456726,-23.892163938572203,-8.449541884662096,0.14203945113852895,1.0,0.47326356,0.47326356,1.87803,0.010000000000000009
0.5400000000000003,accelerate,2.0,0.4344260761024839,0.4329500869997594,-23.88782834020294,-8.449554518266707,0.1423309923275001,1.0,0.47326356,0.47326356,1.87803,0.010000000000000009
0.5500000000000003,accelerate,2.0,0.4453792518443475,0.4404075859065123,-23.88338265877015,-8.449617803174913,0.14260869304971274,1.0,0.47326356,0.47326356,1.87803,0.010000000000000009
0.5600000000000003,accelerate,2.0,0.4556137175875375,0.4495312649151274,-23.87883526733905,-8.449671760191915,0.14289908211914354,1.0,0.47326356,0.47326356,1.87803,0.010000000000000009
0.5700000000000003,accelerate,2.0,0.49269194456530213,0.47542767270523223,-23.873891450504054,-8.44960722280853,0.14265130986747485,1.0,0.47326356,0.47326356,1.87803,0.010000000000000009
0.5800000000000003,accelerate,2.0,0.5202910201179688,0.5023456811528741,-23.868658441889618,-8.449559906218955,0.1420288532492909,1.0,0.47326356,0.47326356,1.87803,0.010000000000000009
0.5900000000000003,accelerate,2.0,0.5136620754825046,0.5091355177506525,-23.86350452499193,-8.44951609454734,0.14167265625969602,1.0,0.47326356,0.47326356,1.87803,0.010000000000000009
0.6000000000000003,accelerate,2.0,0.5062717392096158,0.5074172506260304,-23.85843537750175,-8.44947606759639,0.14159537521360055,1.0,0.47326356,0.47326356,1.87803,0.010000000000000009
0.6100000000000003,accelerate,2.0,0.5011973936351286,0.5036853364314893,-23.853426348216484,-8.449439835090182,0.1417686206930015,1.0,0.47326356,0.47326356,1.87803,0.010000000000000009
0.6200000000000003,accelerate,2.0,0.5007927879496349,0.5019498073423767,-23.848429137494406,-8.449407640991339,0.14212849550582454,1.0,0.47326356,0.47326356,1.87803,0.010000000000000009
0.6300000000000003,accelerate,2.0,0.5085843312105384,0.5059305216632737,-23.843356611294702,-8.449387525237317,0.14253603376682802,1.0,0.47326356,0.47326356,1.87803,0.010000000000000009
0.6400000000000003,accelerate,2.0,0.5198038989367786,0.5142545480273766,-23.838172062748562,-8.44935941001665,0.14293835079262213,1.0,0.47326356,0.47326356,1.87803,0.010000000000000009
0.6500000000000004,accelerate,2.0,0.5545789004287259,0.5384491594681862,-23.83261563143305,-8.4494713204727,0.14285133882829587,1.0,0.47326356,0.47326356,1.87803,0.010000000000000009
0.6600000000000004,accelerate,2.0,0.5796377704276622,0.5631623260438718,-23.82679373019431,-8.449710439795954,0.14239954830943174,1.0,0.47326356,0.47326356,1.87803,0.010000000000000009
0.6700000000000004,accelerate,2.0,0.5800330358149998,0.5732847519065486,-23.820977278884477,-8.44992177336091,0.14213223729288627,1.0,0.47326356,0.47326356,1.87803,0.010000000000000009
0.6800000000000004,accelerate,2.0,0.5781133377643203,0.5761819034212116,-23.81518869796206,-8.449971528758809,0.14206868697208244,1.0,0.47326356,0.47326356,1.87803,0.010000000000000009
0.6900000000000004,accelerate,2.0,0.5769452897548695,0.5766399352214063,-23.809419178230133,-8.449949222548037,0.14218886120219829,1.0,0.47326356,0.47326356,1.87803,0.010000000000000009
0.7000000000000004,accelerate,2.0,0.5783048602866884,0.5776388902605756,-23.803641806837994,-8.449872794450219,0.14244701718644173,1.0,0.47326356,0.47326356,1.87803,0.010000000000000009
0.7100000000000004,accelerate,2.0,0.5866689161573355,0.5830569057986315,-23.79778195335439,-8.449798881601073,0.14273201025207305,1.0,0.47326356,0.47326356,1.87803,0.010000000000000009
0.7200000000000004,accelerate,2.0,0.596811296299029,0.5913095400988699,-23.791820505695522,-8.449733315284044,0.1430154602714812,1.0,0.47326356,0.47326356,1.87803,0.010000000000000009
0.7300000000000004,accelerate,2.0,0.627345471573367,0.6129310989835681,-23.785533308995674,-8.449549362664936,0.14288156684622216,1.0,0.47326356,0.47326356,1.87803,0.010000000000000009
0.7400000000000004,accelerate,2.0,0.6513039946275732,0.6359548363699712,-23.77899448713238,-8.449272366665427,0.14244533278023291,1.0,0.47326356,0.47326356,1.87803,0.010000000000000009
0.7500000000000004,accelerate,2.0,0.6496103135614916,0.6441481226848834,-23.77248218062132,-8.44909205589377,0.1421975077883993,1.0,0.47326356,0.47326356,1.87803,0.010000000000000009
0.7600000000000005,accelerate,2.0,0.6471844448811616,0.6459699160026503,-23.766002439794615,-8.449133850736613,0.14214395139881558,1.0,0.47326356,0.47326356,1.87803,0.010000000000000009
0.7700000000000005,accelerate,2.0,0.6462121408567094,0.6461152509150858,-23.75953954061726,-8.449153667496985,0.1422649355497298,1.0,0.47326356,0.47326356,1.87803,0.010000000000000009
0.7800000000000005,accelerate,2.0,0.6498873911566722,0.6483785350600376,-23.75304467298074,-8.449187758213467,0.14250112296414336,1.0,0.47326356,0.47326356,1.87803,0.010000000000000009
0.7900000000000005,accelerate,2.0,0.6577011953060483,0.6539721312076441,-23.746473606309614,-8.449224624658926,0.14278336448663037,1.0,0.47326356,0.47326356,1.87803,0.010000000000000009
0.8000000000000005,accelerate,2.0,0.6894308233885568,0.6752473465161917,-23.739564570839832,-8.449376315606353,0.14262761778407557,1.0,0.47326356,0.47326356,1.87803,0.010000000000000009
0.8100000000000005,accelerate,2.0,0.7119355352553173,0.697260259759667,-23.732420214112977,-8.449635980386923,0.14219852857677498,1.0,0.47326356,0.47326356,1.87803,0.010000000000000009
0.8200000000000005,accelerate,2.0,0.7091428882454385,0.7043898368511299,-23.72531425267603,-8.449872834631158,0.14199247106451635,1.0,0.47326356,0.47326356,1.87803,0.010000000000000009
0.8300000000000005,accelerate,2.0,0.7062712794361755,0.7055187024021572,-23.718246231417584,-8.450018856674621,0.14200931771521136,1.0,0.47326356,0.47326356,1.87803,0.010000000000000009
0.8400000000000005,accelerate,2.0,0.7049964663525623,0.7052053607724003,-23.711198457706644,-8.449953540548266,0.14221233700464347,1.0,0.47326356,0.47326356,1.87803,0.010000000000000009
0.8500000000000005,accelerate,2.0,0.7090400987124731,0.7075062035364439,-23.70411387982475,-8.449900589478052,0.14250271628107608,1.0,0.47326356,0.47326356,1.87803,0.010000000000000009
0.8600000000000005,accelerate,2.0,0.7199193381095653,0.7149540842803168,-23.696919473670896,-8.449854004901368,0.14277594248359698,1.0,0.47326356,0.47326356,1.87803,0.010000000000000009
0.8700000000000006,accelerate,2.0,0.7297558640648831,0.7238351521510566,-23.689627153957847,-8.449804733187507,0.1430643818801716,1.0,0.47326356,0.47326356,1.87803,0.010000000000000009
0.8800000000000006,accelerate,2.0,0.7795295258302515,0.7572517763585735,-23.68179977754668,-8.449529296163325,0.14254136502369746,1.0,0.47326356,0.47326356,1.87803,0.010000000000000009
0.8900000000000006,accelerate,2.0,0.7794811353410223,0.7705893917480428,-23.67398306794735,-8.449276916629058,0.14219732960871975,1.0,0.47326356,0.47326356,1.87803,0.010000000000000009
0.9000000000000006,accelerate,2.0,0.7771214889504439,0.7745086500694833,-23.66619930482054,-8.449121198325646,0.14205599715009432,1.0,0.47326356,0.47326356,1.87803,0.010000000000000009
0.9100000000000006,accelerate,2.0,0.7750356011907613,0.7748248207422501,-23.65844439496663,-8.449185999035778,0.14210586043143783,1.0,0.47326356,0.47326356,1.87803,0.010000000000000009
0.9200000000000006,accelerate,2.0,0.77607340887419,0.775573973621414,-23.650684790389107,-8.449246091956702,0.1422992546603439,1.0,0.47326356,0.47326356,1.87803,0.010000000000000009
0.9300000000000006,accelerate,2.0,0.7817649494332242,0.7792885591085001,-23.642871416859776,-8.449323761430787,0.1425707838718954,1.0,0.47326356,0.47326356,1.87803,0.010000000000000009
0.9400000000000006,accelerate,2.0,0.7914800461296432,0.7866034513211859,-23.634961162612484,-8.449387783199015,0.1428552795642591,1.0,0.47326356,0.47326356,1.87803,0.010000000000000009
0.9500000000000006,accelerate,2.0,0.8409544679697627,0.819214061310332,-23.626520664093228,-8.449696567860569,0.14233283639957756,1.0,0.47326356,0.47326356,1.87803,0.010000000000000009
0.9600000000000006,accelerate,2.0,0.8392723956553053,0.8312490619173161,-23.61810808894108,-8.449983340059765,0.1420242222776806,1.0,0.47326356,0.47326356,1.87803,0.010000000000000009
0.9700000000000006,accelerate,2.0,0.8360552786422165,0.8341327919522563,-23.609737365995212,-8.45025320880968,0.14194149468171474,1.0,0.47326356,0.47326356,1.87803,0.010000000000000009
0.9800000000000006,accelerate,2.0,0.8342775766936821,0.8342196627971117,-23.601392689642005,-8.450427967618321,0.14206713783796224,1.0,0.47326356,0.47326356,1.87803,0.010000000000000009
0.9900000000000007,accelerate,2.0,0.8357270039105068,0.8351240674651488,-23.593039306587496,-8.450521767054255,0.14233662765496297,1.0,0.47326356,0.47326356,1.87803,0.010000000000000009
1.0000000000000007,accelerate,2.0,0.8435816950665627,0.8401986440259971,-23.58460791083256,-8.45047737447705,0.14262992916750272,1.0,0.47326356,0.47326356,1.87803,0.010000000000000009
1.0100000000000007,accelerate,2.0,0.8537916596585735,0.8483544534055429,-23.57607395385869,-8.450440812490564,0.14292156956792662,1.0,0.47326356,0.47326356,1.87803,0.010000000000000009
1.0200000000000007,accelerate,2.0,0.904323730461442,0.8819360196390824,-23.566997704150715,-8.450164669545094,0.1423940864133598,1.0,0.47326356,0.47326356,1.87803,0.010000000000000009
1.0300000000000007,accelerate,2.0,0.9038768017793501,0.895100488923243,-23.557936272586247,-8.44990742965752,0.14205291398071163,1.0,0.47326356,0.47326356,1.87803,0.010000000000000009
1.0400000000000007,accelerate,2.0,0.9009487835881932,0.8986094657222131,-23.548913416008187,-8.449669248889721,0.14192214274310228,1.0,0.47326356,0.47326356,1.87803,0.010000000000000009
1.0500000000000007,accelerate,2.0,0.8987627764558601,0.8987014521624014,-23.53992038734335,-8.449452764060776,0.14199267040002553,1.0,0.47326356,0.47326356,1.87803,0.010000000000000009
1.0600000000000007,accelerate,2.0,0.9007893358576367,0.8999541823795426,-23.530912910570855,-8.449422646988321,0.14219781847214175,1.0,0.47326356,0.47326356,1.87803,0.010000000000000009
1.0700000000000007,accelerate,2.0,0.9049648751542781,0.9029605980443839,-23.521868018446654,-8.449479615828109,0.1425051190628675,1.0,0.47326356,0.47326356,1.87803,0.010000000000000009
1.0800000000000007,accelerate,2.0,0.9337589688869076,0.921439620549898,-23.512517595974014,-8.44972668191128,0.1424146691336446,1.0,0.47326356,0.47326356,1.87803,0.010000000000000009
1.0900000000000007,accelerate,2.0,0.9572341076217737,0.9429163127930235,-23.502921994129025,-8.450095537753555,0.14203812488600254,1.0,0.47326356,0.47326356,1.87803,0.010000000000000009
1.1000000000000008,accelerate,2.0,0.9543732066052177,0.94979044908034,-23.493365185484247,-8.450446064480465,0.1418910144289028,1.0,0.47326356,0.47326356,1.87803,0.010000000000000009
1.1100000000000008,accelerate,2.0,0.9519785788933682,0.951103326968157,-23.483841124649967,-8.450779918066884,0.14196544284729953,1.0,0.47326356,0.47326356,1.87803,0.010000000000000009
1.1200000000000008,accelerate,2.0,0.9532607190703101,0.9523977622294488,-23.474310577532787,-8.451086964277954,0.14220252077678402,1.0,0.47326356,0.47326356,1.87803,0.010000000000000009
1.1300000000000008,accelerate,2.0,0.9589329080000775,0.956318849691826,-23.464726561820637,-8.451294641816228,0.14252587154939045,1.0,0.47326356,0.47326356,1.87803,0.010000000000000009
1.1400000000000008,accelerate,2.0,0.9681518442151484,0.9634186464058194,-23.45505002976959,-8.451355840525673,0.14285962156447912,1.0,0.47326356,0.47326356,1.87803,0.010000000000000009
1.1500000000000008,accelerate,2.0,1.020424192134094,0.9976219738427842,-23.44481158458238,-8.451101859572502,0.14233153338444088,1.0,0.47326356,0.47326356,1.87803,0.010000000000000009
1.1600000000000008,accelerate,2.0,1.0189352997822507,1.010409969406464,-23.434598980774936,-8.450860453909325,0.14200511578016944,1.0,0.47326356,0.47326356,1.87803,0.010000000000000009
1.1700000000000008,accelerate,2.0,1.0150363026833078,1.0131857693725703,-23.424435109738212,-8.450634448045056,0.14190379053454044,1.0,0.47326356,0.47326356,1.87803,0.010000000000000009
1.1800000000000008,accelerate,2.0,1.0122754407359056,1.0126395721905714,-23.414307080339366,-8.450425969510322,0.1420128780913228,1.0,0.47326356,0.47326356,1.87803,0.010000000000000009
1.1900000000000008,accelerate,2.0,1.0135832730579002,1.0132057927109686,-23.40417176569782,-8.450247757971969,0.14226954352984272,1.0,0.47326356,0.47326356,1.87803,0.010000000000000009
1.2000000000000008,accelerate,2.0,1.0182735948354813,1.0162464739856762,-23.393993309841257,-8.450107623928687,0.14261789561162072,1.0,0.47326356,0.47326356,1.87803,0.010000000000000009
1.2100000000000009,accelerate,2.0,1.0743588134089723,1.0511138776396538,-23.383216582119765,-8.450372410411196,0.14200476654736904,1.0,0.47326356,0.47326356,1.87803,0.010000000000000009
1.2200000000000009,accelerate,2.0,1.0690598588666935,1.0618814663758775,-23.372506057624765,-8.450671012407504,0.1416571522427073,1.0,0.47326356,0.47326356,1.87803,0.010000000000000009
1.2300000000000009,accelerate,2.0,1.0629845127610411,1.0625432942069757,-23.36186743121061,-8.450965254561956,0.1415933648065169,1.0,0.47326356,0.47326356,1.87803,0.010000000000000009
1.2400000000000009,accelerate,2.0,1.059092011287418,1.060472524455241,-23.351277254142424,-8.45126029863189,0.1417857528742566,1.0,0.47326356,0.47326356,1.87803,0.010000000000000009
1.2500000000000009,accelerate,2.0,1.060165537321723,1.0602883321751302,-23.340683369193034,-8.451558009723623,0.14215604649926794,1.0,0.47326356,0.47326356,1.87803,0.010000000000000009
1.260000000000001,accelerate,2.0,1.071129613285837,1.0667931008415543,-23.32997953406152,-8.451840742583821,0.1425300148324578,1.0,0.47326356,0.47326356,1.87803,0.010000000000000009
1.270000000000001,accelerate,2.0,1.0817153580666286,1.0757464551765987,-23.319169971773967,-8.452109499903454,0.14291807898072767,1.0,0.47326356,0.47326356,1.87803,0.010000000000000009
1.280000000000001,accelerate,2.0,1.121775416818118,1.1033638321615102,-23.307931255343977,-8.452339973313228,0.1427102631312384,1.0,0.47326356,0.47326356,1.87803,0.010000000000000009
1.290000000000001,accelerate,2.0,1.151997181389707,1.1325438416984284,-23.296375992332795,-8.452529820761308,0.14207282686971548,0.994440502495015,0.4714983083522171,0.4714983083522171,1.8710250331437188,0.010000000000000009
1.300000000000001,accelerate,2.0,1.1455550700099595,1.140350578685347,-23.284899108169874,-8.452711354401478,0.1417017744589559,0.9918884933111366,0.47068799439615217,0.47068799439615217,1.8678095015720324,0.010000000000000009
1.310000000000001,accelerate,2.0,1.1374399271481548,1.1386041877630317,-23.27351467299987,-8.452881873249941,0.14161539678464963,0.9967987510566751,0.4722470994355155,0.4722470994355155,1.8739964263314108,0.010000000000000009
1.320000000000001,accelerate,2.0,1.1309623218208267,1.1340190681977087,-23.262204306338727,-8.453054861314097,0.1417865105416014,1.0,0.47326356,0.47326356,1.87803,0.010000000000000009
1.330000000000001,accelerate,2.0,1.130534330629467,1.1319282256567638,-23.25090404429589,-8.453209957569916,0.14212109610715773,1.0,0.47326356,0.47326356,1.87803,0.010000000000000009
1.340000000000001,accelerate,2.0,1.1387104245290784,1.1359975449801525,-23.23952241689386,-8.453343324426164,0.1424822117769125,1.0,0.47326356,0.47326356,1.87803,0.010000000000000009
1.350000000000001,accelerate,2.0,1.1495654216425213,1.1441382709775738,-23.22803128865137,-8.45347880707082,0.14283705533763053,1.0,0.47326356,0.47326356,1.87803,0.010000000000000009
1.360000000000001,accelerate,2.0,1.1831901289816673,1.16756938578003,-23.216180206218507,-8.453481065429653,0.1427260905137142,1.0,0.47326356,0.47326356,1.87803,0.010000000000000009
1.370000000000001,accelerate,2.0,1.209588544985651,1.1927808813034027,-23.2040511161147,-8.453363587889779,0.14227378629633175,0.9971909815210577,0.47237164045256624,0.47237164045256624,1.8744906367165326,0.010000000000000009
1.380000000000001,accelerate,2.0,1.2086254339391271,1.2022876128848372,-23.191942105770046,-8.453262868542605,0.14201907938754785,0.9955081991727125,0.47183732340131973,0.47183732340131973,1.872370330957618,0.010000000000000009
1.390000000000001,accelerate,2.0,1.2063143255944158,1.2047036405105844,-23.179865328517877,-8.453174386364275,0.14197559850206778,0.9984533852240677,0.47277247887634594,0.47277247887634594,1.8760812653823251,0.010000000000000009
1.400000000000001,accelerate,2.0,1.2051569994218976,1.2049756558573723,-23.167807725355843,-8.45310194505644,0.14212356395581752,1.0,0.47326356,0.47326356,1.87803,0.010000000000000009
1.410000000000001,accelerate,2.0,1.2084567073760701,1.207064286768591,-23.155721690807432,-8.453067757030059,0.1423845294580237,1.0,0.47326356,0.47326356,1.87803,0.010000000000000009
1.420000000000001,accelerate,2.0,1.2136534478149807,1.2110177833964249,-23.143587094637635,-8.45305876706177,0.14273113384509556,1.0,0.47326356,0.47326356,1.87803,0.010000000000000009
1.430000000000001,accelerate,2.0,1.2678335588201697,1.2451072486506718,-23.130875379630726,-8.45338769992375,0.1421356329334471,0.9968620967955967,0.47226721297453783,0.47226721297453783,1.8740762419624517,0.010000000000000009
1.440000000000001,accelerate,2.0,1.2666285066366971,1.258020003442287,-23.1181897329971,-8.453814054164116,0.14178026800081556,0.9927276996780051,0.47095445920176016,0.47095445920176016,1.8688669015942863,0.010000000000000009
1.450000000000001,accelerate,2.0,1.2598415510569718,1.2591129320110979,-23.10558271623432,-8.454239058155283,0.14168260521087495,0.9940293251755221,0.4713677513297318,0.4713677513297318,1.870506949721158,0.010000000000000009
1.460000000000001,accelerate,2.0,1.2561205131847655,1.2573174807152985,-23.093021586105206,-8.454666183201152,0.14181627345366943,1.0,0.47326356,0.47326356,1.87803,0.010000000000000009
1.470000000000001,accelerate,2.0,1.2565712330387235,1.2568697321093536,-23.080462418979046,-8.455085608166623,0.1421273182371367,1.0,0.47326356,0.47326356,1.87803,0.010000000000000009
1.480000000000001,accelerate,2.0,1.2651566677755028,1.2618418935090432,-23.067818139419554,-8.45549036539395,0.142476534294448,1.0,0.47326356,0.47326356,1.87803,0.010000000000000009
1.490000000000001,accelerate,2.0,1.2759754221710455,1.2703220107062445,-23.055064915803143,-8.455892103052285,0.1428275870513513,1.0,0.47326356,0.47326356,1.87803,0.010000000000000009
1.500000000000001,accelerate,2.0,1.309822318947333,1.2940221956508977,-23.04194879835824,-8.456156578764071,0.14270767882700625,1.0,0.47326356,0.47326356,1.87803,0.010000000000000009
1.5100000000000011,accelerate,2.0,1.3350741128688646,1.3186533459816778,-23.028565909339555,-8.456288253728442,0.14224012656181567,0.9919943834109065,0.47072161662063106,0.47072161662063106,1.8679429230977422,0.010000000000000009
1.5200000000000011,accelerate,2.0,1.333492177347035,1.3275566448008922,-23.01521000284328,-8.456435870411292,0.14197895792101073,0.9855960518494803,0.468690018383247,0.468690018383247,1.859881025330345,0.010000000000000009
1.5300000000000011,accelerate,2.0,1.3300770064269267,1.3290688617765127,-23.001897598395665,-8.456583476038084,0.14193916840468349,0.9843754540047761,0.4683024541555965,0.4683024541555965,1.858343072046018,0.010000000000000009
1.5400000000000011,accelerate,2.0,1.3278674656539593,1.3283480241029806,-22.98861492060064,-8.456733481656327,0.14209972616737393,0.9884811418519168,0.4696060921608206,0.4696060921608206,1.8635162387334152,0.010000000000000009
1.5500000000000012,accelerate,2.0,1.3295503953259553,1.3290694468367654,-22.975320533757095,-8.45690145248568,0.14239395511700845,0.9960812947983336,0.4720192927243669,0.4720192927243669,1.8730924314459003,0.010000000000000009
1.5600000000000012,accelerate,2.0,1.3370538708538964,1.3338601012470441,-22.961951766664455,-8.457077734874087,0.14271978535461902,1.0,0.47326356,0.47326356,1.87803,0.010000000000000009
1.5700000000000012,accelerate,2.0,1.347664090413347,1.3421424947468257,-22.948474922376096,-8.45724309600077,0.1430285490946503,1.0,0.47326356,0.47326356,1.87803,0.010000000000000009
1.5800000000000012,accelerate,2.0,1.3996084100704027,1.376622043940972,-22.934444593914925,-8.45768490527504,0.14245396716540243,0.9916006898496713,0.4705966110410677,0.4705966110410677,1.8674468692105861,0.010000000000000009
1.5900000000000012,accelerate,2.0,1.3985130454400023,1.3897566448403902,-22.920436600230822,-8.458105170480284,0.14207434162445645,0.9822178759406328,0.4676173799686697,0.4676173799686697,1.8556245236851971,0.010000000000000009
1.6000000000000012,accelerate,2.0,1.395262640203736,1.3930602420583977,-22.90647125612686,-8.458516658042818,0.1419207495407043,0.9772159037878853,0.46602915377072934,0.46602915377072934,1.8493220387727354,0.010000000000000009
1.6100000000000012,accelerate,2.0,1.3922491540455304,1.3925735892506774,-22.89254469210777,-8.458931597756196,0.14198572021139721,0.9777232636234088,0.4661902506657048,0.4661902506657048,1.8499613121654952,0.010000000000000009
1.6200000000000012,accelerate,2.0,1.3923411536348012,1.3924341278811516,-22.878623236215525,-8.459334401149311,0.1422182012998169,0.9824557481997691,0.4676929091683907,0.4676929091683907,1.855924242731709,0.010000000000000009
1.6300000000000012,accelerate,2.0,1.398549180557492,1.396103159486956,-22.864641284933075,-8.459709769326569,0.1425172759671413,0.988531765056584,0.4696221660407665,0.4696221660407665,1.8635800239712956,0.010000000000000009
1.6400000000000012,accelerate,2.0,1.4082101459446628,1.40336735136158,-22.85056198905719,-8.460082248228328,0.14282152790155367,0.9937335137727034,0.4712738252931088,0.4712738252931088,1.8701342273536063,0.010000000000000009
1.6500000000000012,accelerate,2.0,1.4408007866315822,1.4258274125235815,-22.836133210727567,-8.460325549251813,0.14266493625944937,0.990055208564397,0.4701058898233674,0.4701058898233674,1.8654995627911404,0.010000000000000009
1.6600000000000013,accelerate,2.0,1.4652314451873607,1.4494698321218489,-22.821447187292854,-8.460438646608587,0.14218888199111568,0.9784830780250138,0.4664315069345024,0.4664315069345024,1.8509186783115175,0.010000000000000009
1.6700000000000013,accelerate,2.0,1.4628351397443766,1.4574890166953653,-22.80679621353155,-8.460559582501665,0.14192475562122614,0.968788821021823,0.4633533864508492,0.4633533864508492,1.8387039144874968,0.010000000000000009
1.6800000000000013,accelerate,2.0,1.459159717281419,1.4584914370469977,-22.792191388427963,-8.460684311780597,0.1418877593808471,0.9642946974142794,0.46192641232298204,0.46192641232298204,1.8330413187419923,0.010000000000000009
1.6900000000000013,accelerate,2.0,1.4568880835405373,1.4575294249431217,-22.777617092656012,-8.460821772288782,0.14205653353525605,0.9650046349444893,0.46215183168757423,0.46215183168757423,1.8339358400300565,0.010000000000000009
1.7000000000000013,accelerate,2.0,1.4597428876939014,1.4588575025935895,-22.763018493772655,-8.460992944123571,0.1423339663426589,0.968659357451055,0.463312279177859,0.463312279177859,1.8385407903883293,0.010000000000000009
1.7100000000000013,accelerate,2.0,1.4658969374974027,1.4630811635358776,-22.748360628642537,-8.461178236195046,0.1426806626563853,0.9731114743340283,0.4647259153305407,0.4647259153305407,1.8441504576608758,0.010000000000000009
1.7200000000000013,accelerate,2.0,1.4990978858117199,1.484691196901383,-22.733352238329573,-8.461527691504568,0.14254642400342157,0.9688702318451105,0.4633792360154595,0.4633792360154595,1.8388064921248393,0.010000000000000009
1.7300000000000013,accelerate,2.0,1.5240814297132586,1.5083253365885083,-22.718085769950306,-8.46202216027654,0.14207003458162434,0.9564401347430544,0.45943243158361474,0.45943243158361474,1.823144569776249,0.010000000000000009
1.7400000000000013,accelerate,2.0,1.5205525843286416,1.5156616852325884,-22.702866008006257,-8.462504170158061,0.14183424495402702,0.9460128331807073,0.4561215547915382,0.4561215547915382,1.8100061698076912,0.010000000000000009
1.7500000000000013,accelerate,2.0,1.516013440556171,1.5158727384267379,-22.687701614255417,-8.462998557524822,0.14184289603235117,0.9409484466753314,0.4545135107883513,0.4545135107883513,1.8036250428109177,0.010000000000000009
1.7600000000000013,accelerate,2.0,1.5142329144107602,1.5148888440171513,-22.672562245520737,-8.463488805925419,0.14205201878320578,0.9408122118111724,0.4544702534942835,0.4544702534942835,1.8034533868820772,0.010000000000000009
1.7700000000000014,accelerate,2.0,1.516509043270307,1.5158609635690448,-22.65740477941288,-8.46397313857641,0.14239716343504266,0.9435789180514621,0.4553487380597003,0.4553487380597003,1.8069394367448424,0.010000000000000009
1.7800000000000014,accelerate,2.0,1.5264266889017486,1.5222003987686672,-22.642146812735753,-8.464454140437809,0.1427365801712674,0.9457896584669125,0.45605069235641416,0.45605069235641416,1.8097249696683102,0.010000000000000009
1.7900000000000014,accelerate,2.0,1.5361874749416458,1.5305926444724542,-22.6267899579607,-8.464930200873786,0.14307377126850462,0.9464129965563661,0.45624861466657735,0.45624861466657735,1.8105103756610212,0.010000000000000009
1.8000000000000014,accelerate,2.0,1.5742002631036518,1.5567572156511726,-22.61102608312786,-8.465399990261387,0.14282599243979108,0.9361994729360075,0.45300561664664113,0.45300561664664113,1.7976413358993695,0.010000000000000009
1.8100000000000014,accelerate,2.0,1.6028349280474987,1.5844038430889684,-22.594963636419592,-8.46585747375023,0.14216008963570095,0.9163404078509416,0.446699966300831,0.446699966300831,1.7726189138921864,0.010000000000000009
1.8200000000000014,accelerate,2.0,1.596134655118651,1.591442330306778,-22.578982310520797,-8.466308323706635,0.1417517772852171,0.8995967382197381,0.44138351631953127,0.44138351631953127,1.75152189015687,0.010000000000000009
1.8300000000000014,accelerate,2.0,1.5875513503977157,1.5891077423613407,-22.56309826647645,-8.466758375338104,0.14162857563451692,0.8903107107534367,0.4384350168784312,0.4384350168784312,1.7398214955493303,0.010000000000000009
1.8400000000000014,accelerate,2.0,1.580826066621204,1.5841387369172586,-22.547290461646,-8.467212552264822,0.141763398769148,0.8884165524964501,0.4378335837486728,0.4378335837486728,1.737434856145527,0.010000000000000009
1.8500000000000014,accelerate,2.0,1.5787697424507858,1.580917340237375,-22.531509388907462,-8.467658179966289,0.14209007277824512,0.8915357019561777,0.4388239760851255,0.4388239760851255,1.7413649844647838,0.010000000000000009
1.8600000000000014,accelerate,2.0,1.5841369646144825,1.5828491148636394,-22.51567636774933,-8.46810253088837,0.1424845018159461,0.8959311007172468,0.4402196030997402,0.4402196030997402,1.7469031869037308,0.010000000000000009
1.8700000000000014,accelerate,2.0,1.5959769626481535,1.5907258235343478,-22.49972170088532,-8.468542864780108,0.14283542002659597,0.8981534367832276,0.44092523924741045,0.44092523924741045,1.7497033303468668,0.010000000000000009
1.8800000000000014,accelerate,2.0,1.606188621200676,1.6000035021341448,-22.483663072289698,-8.468981735930353,0.14317514196535133,0.8978326668203803,0.4408233883688072,0.4408233883688072,1.7492991601936794,0.010000000000000009
1.8900000000000015,accelerate,2.0,1.6596598719487186,1.6357973240228891,-22.467038322254243,-8.469683528858493,0.14261100833255902,0.8812263316246853,0.4355505448174701,0.4355505448174701,1.7283751778471035,0.010000000000000009
1.9000000000000015,accelerate,2.0,1.6586975835813136,1.6495374797579438,-22.450434599512295,-8.470364595901659,0.14222975223324746,0.8631396988817148,0.4298076771889221,0.4298076771889221,1.7055860205909608,0.010000000000000009
1.9100000000000015,accelerate,2.0,1.654608022673768,1.6525798055074383,-22.433882037051053,-8.471045186369988,0.14205996622074318,0.8494959860530532,0.4254755254915655,0.4254755254915655,1.6883949424268472,0.010000000000000009
1.9200000000000015,accelerate,2.0,1.6511660560583141,1.651731555837964,-22.417371231942077,-8.471707560651279,0.1420861637606578,0.8414667707247407,0.42292608904051976,0.42292608904051976,1.6782781311131736,0.010000000000000009
1.9300000000000015,accelerate,2.0,1.649873736066521,1.6506168639750982,-22.400878542117354,-8.472349779971259,0.14227405719323477,0.8380776377178581,0.4218499715281744,0.4218499715281744,1.6740078235245015,0.010000000000000009
1.9400000000000015,accelerate,2.0,1.6527631690078763,1.6519046469947651,-22.384359084655536,-8.47296979047083,0.14255205241224528,0.8371230493490046,0.42154687062929597,0.42154687062929597,1.6728050421797458,0.010000000000000009
1.9500000000000015,accelerate,2.0,1.6585828941776337,1.6559115953044863,-22.367781253619977,-8.473568809520211,0.14286510547596035,0.8366523287792575,0.4213974074339899,0.4213974074339899,1.6722119342618647,0.010000000000000009
1.9600000000000015,accelerate,2.0,1.6881494571449354,1.6752543124087556,-22.350884470804978,-8.474038587820054,0.14273420601071765,0.8283360175055444,0.41875681227836054,0.41875681227836054,1.6617333820569862,0.010000000000000009
1.9700000000000015,accelerate,2.0,1.7108461544841373,1.6966094176539848,-22.333746735567253,-8.474377683832325,0.1422820216248249,0.812531206993515,0.4137384688445809,0.4137384688445809,1.6418193208118288,0.010000000000000009
1.9800000000000015,accelerate,2.0,1.7067723158333168,1.702707156561584,-22.316660007802145,-8.474724000155044,0.1420343913092125,0.7987488023447481,0.40936227972050443,0.40936227972050443,1.6244534909543826,0.010000000000000009
1.9900000000000015,accelerate,2.0,1.7017221676485426,1.7021161632137591,-22.299632339116265,-8.475074682448255,0.14200548734464843,0.7901201099708897,0.4066224973179569,0.4066224973179569,1.613581338563321,0.010000000000000009
2.0000000000000013,accelerate,2.0,1.6981914188399239,1.699761316589458,-22.282646981953953,-8.475435068834834,0.14217319037531326,0.7865621858733078,0.40549278525849264,0.40549278525849264,1.6090983542003676,0.009999999999999787
2.010000000000001,accelerate,2.0,1.6991024290125238,1.6993659840432975,-22.265656643641073,-8.475808167962024,0.14246121294929276,0.7860290202913119,0.4053234945228974,0.4053234945228974,1.608426565567053,0.009999999999999787
2.020000000000001,accelerate,2.0,1.7054130968356804,1.702994251718727,-22.2486041785882,-8.47621147336692,0.14277670108298512,0.7857658027310573,0.4052399176831654,0.4052399176831654,1.6080949114411327,0.009999999999999787
2.0300000000000007,accelerate,2.0,1.7120154033019817,1.7084069426686797,-22.231486517307147,-8.476640330814105,0.14312028433424331,0.7847384792625979,0.4049137219354601,0.4049137219354601,1.6068004838708734,0.009999999999999787
2.0400000000000005,accelerate,2.0,1.7651275681640854,1.7424393179659232,-22.21381106525977,-8.47739502787977,0.1425306945713105,0.7677504511051242,0.39951968323489906,0.39951968323489906,1.5853955683924565,0.009999999999999787
2.0500000000000003,accelerate,2.0,1.7612520313879365,1.7537269460191314,-22.196185442141573,-8.478116830972397,0.14214305774178135,0.7499240723449174,0.3938594514509582,0.3938594514509582,1.562934331154596,0.009999999999999787
2.06,accelerate,2.0,1.755387814325361,1.754723467002869,-22.1786286027055,-8.478840914312386,0.14198636758875977,0.7368537419883183,0.38970936015613084,0.38970936015613084,1.5464657149052812,0.009999999999999787
2.07,accelerate,2.0,1.7499851399507784,1.7518804707716145,-22.161133903636436,-8.47957309541273,0.14204699154550665,0.7296354164177402,0.3874173974209609,0.3874173974209609,1.5373706246863528,0.009999999999999787
2.0799999999999996,accelerate,2.0,1.7476978339451856,1.749370888675757,-22.143667406494416,-8.480299173940296,0.14227643094228987,0.72694021908716,0.38656161836455505,0.38656161836455505,1.5339746760498216,0.009999999999999787
2.0899999999999994,accelerate,2.0,1.748972226511069,1.7491316913769444,-22.126191427100594,-8.481022097870017,0.14261701820326053,0.7266664355568303,0.38647468661800477,0.38647468661800477,1.5336297088016062,0.009999999999999787
2.099999999999999,accelerate,2.0,1.7566327816382015,1.7536323455336986,-22.108637780118364,-8.481753504790078,0.14295147200248234,0.7257956369190643,0.3861981906345413,0.3861981906345413,1.532532502518021,0.009999999999999787
2.109999999999999,accelerate,2.0,1.7672512687600326,1.761803699469499,-22.090973603019577,-8.48247565784658,0.1432192663410614,0.7224518972344625,0.38513648640988657,0.38513648640988657,1.5283193905154229,0.009999999999999787
2.1199999999999988,accelerate,2.0,1.7769921171955005,1.7709167501051,-22.073208480169306,-8.483193486184895,0.14343310007082047,0.7165687975004479,0.38326848458234225,0.38326848458234225,1.5209066848505646,0.009999999999999787
2.1299999999999986,accelerate,2.0,1.8229656898038546,1.8021461139243526,-22.054961428408433,-8.484147465342497,0.1428525707667963,0.6967581908192003,0.3769782207489125,0.3769782207489125,1.4959453204321924,0.009999999999999787
2.1399999999999983,accelerate,2.0,1.820234512217417,1.8129991529001912,-22.036751477144797,-8.48506696632415,0.14242743298934363,0.6764883068246582,0.37054212718296553,0.37054212718296553,1.4704052665990694,0.009999999999999787
2.149999999999998,accelerate,2.0,1.8140928763879312,1.8136553869928353,-22.018612320948655,-8.485983718310843,0.14219535767804453,0.6612303203191585,0.36569741130773925,0.36569741130773925,1.45118020360214,0.009999999999999787
2.159999999999998,accelerate,2.0,1.808361766141529,1.8104792144820516,-22.000536993793293,-8.486880354829813,0.1421528552668359,0.6520275956990782,0.3627753621863713,0.3627753621863713,1.4395847705808384,0.009999999999999787
2.1699999999999977,accelerate,2.0,1.8045115173538002,1.8068985962051007,-21.982504771098956,-8.487754415744085,0.14227676885977744,0.6479076922798083,0.3614672104526847,0.3614672104526847,1.4343936922725584,0.009999999999999787
2.1799999999999975,accelerate,2.0,1.8035271950981198,1.8048757555409123,-21.964485439330755,-8.488610569774846,0.14252629575993347,0.6470456991262974,0.361193510386582,0.361193510386582,1.433307580899135,0.009999999999999787
2.1899999999999973,accelerate,2.0,1.8078842351448003,1.806680843303245,-21.946421628203957,-8.489438409484901,0.1428084803119615,0.6467562523618542,0.36110160524993595,0.36110160524993595,1.4329428779759363,0.009999999999999787
2.199999999999997,accelerate,2.0,1.8137713316995605,1.8109351363410342,-21.92829740425827,-8.490245929258489,0.14310137962660932,0.6456018822719597,0.36073506965899266,0.36073506965899266,1.4314883716626692,0.009999999999999787
2.209999999999997,accelerate,2.0,1.842669957680448,1.8299760291446825,-21.90986046598604,-8.490928762784215,0.14294191672781845,0.635814962595705,0.3576275269233883,0.3576275269233883,1.4191568528705885,0.009999999999999787
2.2199999999999966,accelerate,2.0,1.8652378529750795,1.8511331234429207,-21.8911837943542,-8.491486731287436,0.14245391984364253,0.6178565492011311,0.35192537150234315,0.35192537150234315,1.3965292519934251,0.009999999999999787
2.2299999999999964,accelerate,2.0,1.8598268325829672,1.8563493489269485,-21.87257100212433,-8.492043483783373,0.1421563034957421,0.6017412059874165,0.3468084277251245,0.3468084277251245,1.3762239195441448,0.009999999999999787
2.239999999999996,accelerate,2.0,1.8531167549848737,1.8544097925617038,-21.854033559499744,-8.492602393511278,0.1420710744547277,0.5908921486293622,0.3433636350327951,0.3433636350327951,1.3625541072729965,0.009999999999999787
2.249999999999996,accelerate,2.0,1.8472874799890169,1.8501364050180915,-21.835561321915797,-8.493172899640985,0.14218509211869645,0.5855182965308193,0.3416573295144658,0.3416573295144658,1.3557830536288327,0.009999999999999787
2.259999999999996,accelerate,2.0,1.844363516244626,1.8466726717540123,-21.8171228332347,-8.493744168552256,0.14244986033504134,0.5841213573131407,0.34121377337406844,0.34121377337406844,1.3540229102145573,0.009999999999999787
2.2699999999999956,accelerate,2.0,1.8463692106834426,1.8464905951116704,-21.798666259238157,-8.49432713816662,0.14278181795029773,0.5841745082403726,0.34123064985648316,0.34123064985648316,1.3540898803828696,0.009999999999999787
2.2799999999999954,accelerate,2.0,1.8528087582883834,1.8502814930176983,-21.78014494208565,-8.494944082256765,0.14309885477193904,0.5832634644366516,0.34094137522792567,0.34094137522792567,1.3529419651901813,0.009999999999999787
2.289999999999995,accelerate,2.0,1.859294456914731,1.8556892713559177,-21.761557705036367,-8.49558108627038,0.1433989985498809,0.5806894975316034,0.3401240892562347,0.3401240892562347,1.3496987668898204,0.009999999999999787
2.299999999999995,accelerate,2.0,1.9088101735763232,1.887561812688161,-21.74245380312848,-8.496506527300692,0.14279980593201907,0.5625886894953233,0.334376720688555,0.334376720688555,1.3268917487641072,0.009999999999999787
2.3099999999999947,accelerate,2.0,1.9048392667472258,1.8979282851236,-21.72340010869538,-8.497427264044788,0.14236054163250134,0.5433490476245222,0.32826774960173827,0.32826774960173827,1.3026498000068978,0.009999999999999787
2.3199999999999945,accelerate,2.0,1.8975124133318662,1.8976787620485598,-21.704428567449124,-8.498342843567496,0.14212498886209302,0.5288053309771625,0.3236498286918687,0.3236498286918687,1.284324717031225,0.009999999999999787
2.3299999999999943,accelerate,2.0,1.8897690805402265,1.8929329531435597,-21.68554152254268,-8.499252920742814,0.14210261015389078,0.5204256140891099,0.3209891009855742,0.3209891009855742,1.2737662737522786,0.009999999999999787
2.339999999999994,accelerate,2.0,1.8837157092389465,1.8874026068007916,-21.666720483874037,-8.500159407559478,0.14226879519135543,0.5174300452000439,0.320037947951918,0.320037947951918,1.2699918569520554,0.009999999999999787
2.349999999999994,accelerate,2.0,1.8814173809063826,1.883811471264146,-21.647925667132533,-8.501058314961949,0.14256451753410465,0.5177430293532909,0.3201373266802569,0.3201373266802569,1.2703862169851465,0.009999999999999787
2.3599999999999937,accelerate,2.0,1.8832946995043949,1.8835014082082955,-21.62911295117033,-8.501947996017993,0.14292353818437217,0.5189726201119195,0.32052774633793674,0.32052774633793674,1.2719355013410187,0.009999999999999787
2.3699999999999934,accelerate,2.0,1.890604172705404,1.8877630669065606,-21.610223512313535,-8.502817321169632,0.14324265848594966,0.5184917954577924,0.32037507489375827,0.32037507489375827,1.2713296622768184,0.009999999999999787
2.3799999999999932,accelerate,2.0,1.8986575565094566,1.8942997606682983,-21.59124979341221,-8.503678522771057,0.14350780235151414,0.5153956631036152,0.3193919909486599,0.3193919909486599,1.267428535510555,0.009999999999999787
2.389999999999993,accelerate,2.0,1.9068451859149682,1.9018270158163002,-21.572190282730762,-8.504533592888304,0.14370980428322883,0.5096315773914143,0.3175617784533219,0.3175617784533219,1.2601657875131822,0.009999999999999787
2.399999999999993,accelerate,2.0,1.9531259951219682,1.932606403399701,-21.552628961487088,-8.505176008149327,0.14307284179319363,0.48924054735382,0.311087218595785,0.311087218595785,1.2344730896658134,0.009999999999999787
2.4099999999999926,accelerate,2.0,1.949511895991572,1.9427496989548239,-21.5331149880506,-8.5058290686577,0.14256833210179115,0.46797281537795593,0.3043342883388086,0.3043342883388086,1.2076757473762245,0.009999999999999787
2.4199999999999924,accelerate,2.0,1.941347636559034,1.9419084615173499,-21.513692080000446,-8.506482559519146,0.1422538509016054,0.4518094439336295,0.29920209463780606,0.29920209463780606,1.1873098993563733,0.009999999999999787
2.429999999999992,accelerate,2.0,1.932063420080063,1.9360014366549778,-21.49436923421454,-8.507129344743158,0.14215005879814602,0.44244564584891594,0.2962289014699478,0.2962289014699478,1.1755115137696341,0.009999999999999787
2.439999999999992,accelerate,2.0,1.9243843747458922,1.9290311995095264,-21.47512911808243,-8.507785029755993,0.142236100571618,0.4391316741973767,0.29517664919115105,0.29517664919115105,1.1713359094886946,0.009999999999999787
2.4499999999999917,accelerate,2.0,1.919780476827639,1.923480765900394,-21.45593949281638,-8.508451969314374,0.14247186978944865,0.43994676046046444,0.2954354553814067,0.2954354553814067,1.1723629181801853,0.009999999999999787
2.4599999999999915,accelerate,2.0,1.9189943831567182,1.9207889362541883,-21.43676038206173,-8.50913755255193,0.14279228414949016,0.4425745929703519,0.29626984475994617,0.29626984475994617,1.1756739871426436,0.009999999999999787
2.4699999999999913,accelerate,2.0,1.9244921373849544,1.923010856932648,-21.41752572001852,-8.509856770365166,0.14309159720175577,0.4440426088615066,0.29673596916570555,0.29673596916570555,1.1775236871654982,0.009999999999999787
2.479999999999991,accelerate,2.0,1.9305847060789314,1.927555166420418,-21.39822854741275,-8.510591730612107,0.14336454207469243,0.4433247399999449,0.2965080314447825,0.2965080314447825,1.1766191723999304,0.009999999999999787
2.489999999999991,accelerate,2.0,1.958937087328077,1.9463843189650134,-21.378635799899865,-8.51147877348621,0.1431600958242715,0.43318396213439403,0.2932881316569128,0.2932881316569128,1.1638417922893365,0.009999999999999787
2.4999999999999907,hold,2.0,1.9802564052402665,1.9667075707301653,-21.35882744419479,-8.5124914252474,0.14262033540122493,0.414573709914842,0.28737900437216063,0.28737900437216063,1.140392874492701,0.009999999999999787
2.5099999999999905,hold,2.0,1.972659432710145,1.970278687918153,-21.339104648169528,-8.513497853338212,0.14226798006223634,0.3980080074485157,0.2821190625250527,0.2821190625250527,1.1195200893851298,0.009999999999999787
2.5199999999999902,hold,2.0,1.9633443342887553,1.9661180757405146,-21.319482859663303,-8.514502302083844,0.14212805509143062,0.38718942217506425,0.2786839453290264,0.2786839453290264,1.105888671940581,0.009999999999999787
2.52999999999999,accelerate,2.0,1.9549807585219048,1.9594356854093489,-21.29995027841192,-8.515495681183932,0.14218799539120136,0.3823468062532931,0.27714631792154565,0.27714631792154565,1.0997869758791494,0.009999999999999787
2.53999999999999,accelerate,2.0,1.949131637588387,1.9532532567167715,-21.2804801086385,-8.516476464535952,0.1424116824407761,0.3820642630685396,0.2770566048095227,0.2770566048095227,1.09943097146636,0.009999999999999787
2.5499999999999896,accelerate,2.0,1.9465965547043267,1.9492592355093046,-21.261037684992502,-8.517447639388191,0.1427465240632761,0.38430225706971416,0.27776721266477566,0.27776721266477566,1.10225084390784,0.009999999999999787
2.5599999999999894,accelerate,2.0,1.9488840904730218,1.9490341484875349,-21.24157212037199,-8.518414460667136,0.1431076711885028,0.3865682591787355,0.2784867136544321,0.2784867136544321,1.1051060065652067,0.009999999999999787
2.569999999999989,accelerate,2.0,1.9565653702735408,1.9535528815591385,-21.222024654745628,-8.519356351203047,0.14339277624541238,0.38632029963323183,0.27840798153954377,0.27840798153954377,1.104793577537872,0.009999999999999787
2.579999999999989,hold,2.0,1.9643612272542212,1.960037888976188,-21.20239441788929,-8.520283737654852,0.14359678690323438,0.3829775828577935,0.27734660210900663,0.27734660210900663,1.10058175440082,0.009999999999999787
2.5899999999999888,hold,2.0,1.9717523799361418,1.9670665835521604,-21.182685774941987,-8.521198031883078,0.14371899753918402,0.3768227926164643,0.27539233311157973,0.27539233311157973,1.092826718696745,0.009999999999999787
2.5999999999999885,hold,2.0,1.9782667457506569,1.9737866808712583,-21.1629086048874,-8.522105480521608,0.14376921964421302,0.3685342422728184,0.27276055260646537,0.27276055260646537,1.0823831452637513,0.009999999999999787
2.6099999999999883,hold,2.0,1.983790050382143,1.9797887025777892,-21.143073220548796,-8.522998118286699,0.14375361456149754,0.3588758136188088,0.2696938083402442,0.2696938083402442,1.0702135251596991,0.009999999999999787
2.619999999999988,hold,2.0,1.9885266348534663,1.9850314619431955,-21.123188669030107,-8.52388541820861,0.14367955540775423,0.3484856735170643,0.2663947310551383,0.2663947310551383,1.057121948631501,0.009999999999999787
2.629999999999988,hold,2.0,1.9918855502316977,1.9891439149162968,-21.103269861304337,-8.52476761213868,0.14356792639354893,0.338078178861457,0.26309014335208986,0.26309014335208986,1.044008505365436,0.009999999999999787
2.6399999999999877,hold,2.0,1.993712508545321,1.9918850710937113,-21.08333282003144,-8.525638615625152,0.14344268234211693,0.32836165717764043,0.26000495338704444,0.26000495338704444,1.031765688043827,0.009999999999999787
2.6499999999999875,hold,2.0,1.99429126255274,1.9933287859691284,-21.06339052870722,-8.52649592079408,0.14332461222522458,0.319872856874583,0.25730958951481764,0.25730958951481764,1.0210697996619746,0.009999999999999787
2.6599999999999873,hold,2.0,1.9941691031670497,1.993832976287881,-21.043450412063386,-8.527343133999874,0.1432286832888759,0.3128587733098205,0.2550824777013342,0.2550824777013342,1.0122320543703738,0.009999999999999787
2.669999999999987,hold,2.0,1.993804519882954,1.9938159024449247,-21.023514952075352,-8.528180553688141,0.14316503674413888,0.307299810129977,0.2533173957124703,0.2533173957124703,1.005227760763771,0.009999999999999787
2.679999999999987,hold,2.0,1.9935584384383072,1.9936614240409543,-21.003582800158565,-8.529007230619005,0.14313798415683393,0.3029785742151119,0.25194531688478233,0.25194531688478233,0.999783003511041,0.009999999999999787
2.6899999999999866,hold,2.0,1.9940714448045818,1.9939074364991307,-20.983644239251444,-8.52977835345807,0.143146332149094,0.2994343388498087,0.2508199512715913,0.2508199512715913,0.9953172669507591,0.009999999999999787
2.6999999999999864,hold,2.0,1.9951265495341994,1.9946389043201718,-20.96369463415327,-8.530523129777546,0.14317919534455242,0.2962502632178153,0.24980894357692074,0.24980894357692074,0.9913053316544473,0.009999999999999787
2.709999999999986,hold,2.0,1.9962798321198822,1.995623460999998,-20.943733113993055,-8.531247358931983,0.14323311496131683,0.29321379255827223,0.24884480341310264,0.24884480341310264,0.9874793786234232,0.009999999999999787
2.719999999999986,hold,2.0,1.9986115307992334,1.997416302879539,-20.923748101931775,-8.531970142082276,0.143291539991691,0.2898560813980834,0.24777866296551948,0.24777866296551948,0.9832486625615853,0.009999999999999787
2.7299999999999858,hold,2.0,2.001383318919241,1.99979651250336,-20.903734988239066,-8.53269129384788,0.1433472131585336,0.2859145862010313,0.24652715941055145,0.24652715941055145,0.9782823786132994,0.009999999999999787
2.7399999999999856,hold,2.0,2.0041668255336758,2.0024187003215497,-20.883693353126002,-8.533405108651548,0.1433953863943993,0.28135994397313463,0.24508096941034974,0.24508096941034974,0.9725435294061497,0.009999999999999787
2.7499999999999853,hold,2.0,2.0068867510539077,2.0050995307609645,-20.86362377858362,-8.534112105225107,0.1434308307252271,0.2762650550034796,0.24346324026470484,0.24346324026470484,0.9661239693043843,0.009999999999999787
2.759999999999985,hold,2.0,2.009421391790183,2.0076926473784957,-20.843528206523587,-8.534814474294995,0.1434504569897282,0.27076612972204955,0.24171722150934521,0.24171722150934521,0.9591953234497826,0.009999999999999787
2.769999999999985,hold,2.0,2.011641521305085,2.0100619717344492,-20.823409885333028,-8.53551252105759,0.14345409727695949,0.2650455524348209,0.23990082380910435,0.23990082380910435,0.9519873960678744,0.009999999999999787
2.7799999999999847,hold,2.0,2.013434608401108,2.0120855537344444,-20.803273255155734,-8.53620672787028,0.1434441469842775,0.25931604043289946,0.23808158915825423,0.23808158915825423,0.9447682109454533,0.009999999999999787
2.7899999999999845,hold,2.0,2.014815138461076,2.0137233045704233,-20.783122581138954,-8.536896562983513,0.1434244191148113,0.2537716352579725,0.23632112962711144,0.23632112962711144,0.9377822604250454,0.009999999999999787
2.7999999999999843,hold,2.0,2.0158589306698587,2.0150046802300845,-20.76296139199082,-8.537582664346246,0.14339923287076423,0.24855451200811923,0.23466458865281806,0.23466458865281806,0.9312086851302304,0.009999999999999787
2.809999999999984,hold,2.0,2.016661251206679,2.015998622816041,-20.742792214799366,-8.538265147922559,0.14337296409054398,0.2437440213631392,0.23313716166322396,0.23313716166322396,0.9251474669175553,0.009999999999999787
2.819999999999984,hold,2.0,2.0173254077073635,2.0167946937508345,-20.722616506738472,-8.538944003256978,0.1433495765496003,0.23935774053732842,0.23174442977541254,0.23174442977541254,0.9196207530770338,0.009999999999999787
2.8299999999999836,hold,2.0,2.017946054251942,2.017485510051499,-20.702434749685708,-8.539619482092638,0.1433320181383365,0.23536156629956845,0.23047556453143903,0.23047556453143903,0.9145855735374564,0.009999999999999787
2.8399999999999834,hold,2.0,2.018635541141328,2.018175528705396,-20.682246238306643,-8.540291143927313,0.1433218787362021,0.231673068359165,0.2293043926654021,0.2293043926654021,0.909938066132548,0.009999999999999787
2.849999999999983,hold,2.0,2.0194519148619996,2.0189413603993582,-20.662049681884916,-8.540959240858587,0.14331939349653527,0.2281853213496348,0.22819696323493607,0.22819696323493607,0.9055435049005399,0.009999999999999787
2.859999999999983,hold,2.0,2.020426801024101,2.019832624774204,-20.641843435968493,-8.541623491101024,0.14332367925135028,0.22478570777867263,0.22711751793388416,0.22711751793388416,0.9012599918011276,0.009999999999999787
2.869999999999983,hold,2.0,2.0215349843209087,2.020854040502227,-20.621626107538845,-8.542283811143388,0.14333304873741812,0.22138073113399123,0.2260363697496649,0.2260363697496649,0.896969721228829,0.009999999999999787
2.8799999999999826,hold,2.0,2.022742679527184,2.021987223917201,-20.60139664996902,-8.542940307917194,0.1433454207073222,0.21790451840771938,0.22493260268481907,0.22493260268481907,0.8925896931937265,0.009999999999999787
2.8899999999999824,hold,2.0,2.024002396538072,2.023196327489724,-20.58115448424412,-8.543592456238091,0.14335884287726852,0.21432276724798177,0.22379532505657918,0.22379532505657918,0.888076686732457,0.009999999999999787
2.899999999999982,hold,2.0,2.0252330803074434,2.0244183791803554,-20.56089985032736,-8.54423974076413,0.14337142763339875,0.21064119437327572,0.22262635203740253,0.22262635203740253,0.8834379049103275,0.009999999999999787
2.909999999999982,hold,2.0,2.02640606511418,2.02561099074065,-20.540633284099478,-8.544881732480873,0.1433814750235129,0.20688696023449085,0.22143430761365554,0.22143430761365554,0.8787075698954585,0.009999999999999787
2.9199999999999817,hold,2.0,2.0274860508660524,2.0267360268158914,-20.5203557026938,-8.545518366297003,0.14338790643409333,0.2031024016880242,0.22023263458398148,0.22023263458398148,0.8739390261269107,0.009999999999999787
2.9299999999999815,hold,2.0,2.02843156245969,2.0277533482021703,-20.500068456276377,-8.5461494075303,0.1433905989417821,0.19934333572148039,0.2190390559582845,0.2190390559582845,0.8692026030090654,0.009999999999999787
2.9399999999999813,hold,2.0,2.0292353943240995,2.0286425758753275,-20.479772962569648,-8.546774045990713,0.1433901716357912,0.19566607270569109,0.21787145140551106,0.21787145140551106,0.8645692516091709,0.009999999999999787
2.949999999999981,hold,2.0,2.029896789598993,2.029395104109527,-20.459470665332258,-8.54739208758981,0.1433875096987409,0.1921211616566357,0.216745871249215,0.216745871249215,0.8601026636873611,0.009999999999999787
2.959999999999981,hold,2.0,2.030468728321029,2.030039278636428,-20.43916244362453,-8.548002483411624,0.1433834938985054,0.18873483371673255,0.21567064440173694,0.21567064440173694,0.8558358904830831,0.009999999999999787
2.9699999999999807,hold,2.0,2.03099161509749,2.0306106805130653,-20.41884881025231,-8.54860558624175,0.14337894512048283,0.18550979641035414,0.2146466305562157,0.2146466305562157,0.8517723434770463,0.009999999999999787
2.9799999999999804,hold,2.0,2.031482548739353,2.0311338014488376,-20.398530083630806,-8.549200806303123,0.14337487658660608,0.18243562210102177,0.21367051872951645,0.21367051872951645,0.8478988838472875,0.009999999999999787
2.9899999999999802,hold,2.0,2.0319707704029826,2.0316359828213244,-20.378206285076633,-8.549787433891462,0.14337220526295233,0.17948967900913354,0.21273512287898008,0.21273512287898008,0.8441869955515082,0.009999999999999787
2.99999999999998,hold,2.0,2.032462597266793,2.032131951488606,-20.357877392328188,-8.550365461694273,0.14337166807323193,0.17664612941887814,0.21183223901308218,0.21183223901308218,0.8406041230677864,0.009999999999999787
3.00999999999998,hold,2.0,2.032976889261958,2.032638914152617,-20.337543160144314,-8.550934083377284,0.14337350836855942,0.17387514106100754,0.21095239478969113,0.21095239478969113,0.8371126777368696,0.009999999999999787
3.0199999999999796,hold,2.0,2.033533452153368,2.0331756369530676,-20.317203150355652,-8.551493276586067,0.14337720898475614,0.17114273127740173,0.21008480003520064,0.21008480003520064,0.8336698414095264,0.009999999999999787
3.0299999999999794,hold,2.0,2.0341253323357287,2.033745454182664,-20.296856998888778,-8.552043097815194,0.1433821274599146,0.16841972177401152,0.20922019005768414,0.20922019005768414,0.8302388494352545,0.009999999999999787
3.039999999999979,hold,2.0,2.034726304796608,2.0343339645510303,-20.276504598947977,-8.55258307859699,0.14338778691239537,0.16569024294494475,0.20835352593987888,0.20835352593987888,0.8267997061106305,0.009999999999999787
3.049999999999979,hold,2.0,2.0352966827671954,2.0349115954807298,-20.25614625563997,-8.553113228775668,0.14339366176239937,0.16295728958244493,0.20748575858821794,0.20748575858821794,0.8233561848738807,0.009999999999999787
3.0599999999999787,hold,2.0,2.0358276282558454,2.035461215145799,-20.235782348530613,-8.553633112982366,0.14339916463622895,0.16023249920326785,0.20662058314702164,0.20662058314702164,0.8199229489961176,0.009999999999999787
3.0699999999999785,hold,2.0,2.0363228513576157,2.035978196872889,-20.215413223398244,-8.554142627281777,0.14340355764644153,0.1575278531699124,0.20576180393851062,0.20576180393851062,0.8165150949940898,0.009999999999999787
3.0799999999999783,hold,2.0,2.0367674332885612,2.0364517387222922,-20.195039393240975,-8.554642178015666,0.1434062846206059,0.1548589440756872,0.20491437192291223,0.20491437192291223,0.813152269535366,0.009999999999999787
3.089999999999978,hold,2.0,2.0371536493989297,2.0368728851282745,-20.174661441897022,-8.555131596160495,0.14340716162403305,0.1522433413020505,0.20408386573022708,0.20408386573022708,0.8098566100405836,0.009999999999999787
3.099999999999978,hold,2.0,2.03747277197527,2.0372328172364718,-20.15428004433919,-8.555610588346488,0.14340632442172813,0.14970018520935766,0.20327636280767528,0.20327636280767528,0.8066522333637908,0.009999999999999787
3.1099999999999777,hold,2.0,2.0377256277294484,2.0375285035322577,-20.133895885252976,-8.556079398423154,0.14340414456435263,0.14724683844630262,0.20249737614347002,0.20249737614347002,0.8035610164423413,0.009999999999999787
3.1199999999999775,hold,2.0,2.0379239730628913,2.037765785250638,-20.11350953362063,-8.556538239017506,0.14340118556974019,0.14489451579179927,0.20175046665421215,0.20175046665421215,0.8005970898976672,0.009999999999999787
3.1299999999999772,hold,2.0,2.0380882442130215,2.0379592606280683,-20.093121354013597,-8.556987212932743,0.1433981758873669,0.14264478784451695,0.20103613303639103,0.20103613303639103,0.7977624326840914,0.009999999999999787
3.139999999999977,hold,2.0,2.0382122075795084,2.0381110287989324,-20.072731763525557,-8.557426330743137,0.14339562444887263,0.14049809469088237,0.20035451502624899,0.20035451502624899,0.7950575993105119,0.009999999999999787
3.149999999999977,hold,2.0,2.03834241666783,2.0382498615202707,-20.05234071059325,-8.55785600232851,0.14339365095734785,0.1384396874604662,0.19970092956244725,0.19970092956244725,0.7924640062001875,0.009999999999999787
3.1599999999999766,hold,2.0,2.038480931399823,2.038388503448002,-20.03194811962461,-8.55827665241562,0.14339219616788948,0.1364510392141552,0.19906949397127857,0.19906949397127857,0.7899583094098356,0.009999999999999787
3.1699999999999764,hold,2.0,2.0386275003038796,2.0385319015615284,-20.011553919622113,-8.558688635169654,0.14339126349446737,0.13451468310223363,0.19845466217862123,0.19845466217862123,0.7875185007088145,0.009999999999999787
3.179999999999976,hold,2.0,2.0387747712132342,2.038677623352552,-19.991158104004622,-8.559091765630944,0.14339091429700818,0.13261791374356804,0.19785239997185775,0.19785239997185775,0.7851285713168958,0.009999999999999787
3.189999999999976,hold,2.0,2.0389117216409067,2.038818082325565,-19.97076078984573,-8.559486560088997,0.14339109123671406,0.13075460934260577,0.1972607635584642,0.1972607635584642,0.7827808077716834,0.009999999999999787
3.1999999999999758,hold,2.0,2.039043283090055,2.038953202784259,-19.950362033717578,-8.559873183343473,0.14339162722794987,0.12891994980015575,0.19667822246054548,0.19667822246054548,0.7804691367481963,0.009999999999999787
3.2099999999999755,hold,2.0,2.039159594468721,2.0390770377949363,-19.92996199174563,-8.560251865476019,0.143392319391569,0.12711329801599355,0.19610457438603832,0.19610457438603832,0.778192755500152,0.009999999999999787
3.2199999999999753,hold,2.0,2.039260222653431,2.039186948710033,-19.909560825650033,-8.56062270032589,0.14339311456060724,0.12533563498452244,0.19554013082028557,0.19554013082028557,0.7759529000804983,0.009999999999999787
3.229999999999975,hold,2.0,2.0393295051954787,2.0392724826013007,-19.889158855918367,-8.560986067168432,0.1433938470976983,0.12359343528654719,0.1949869475721845,0.1949869475721845,0.7737577284610495,0.009999999999999787
3.239999999999975,hold,2.0,2.039380253385435,2.039337145071781,-19.86875627106118,-8.561342191610438,0.14339437212629624,0.12189017372825092,0.19444612796219427,0.19444612796219427,0.7716116188975963,0.009999999999999787
3.2499999999999747,hold,2.0,2.0394022992107903,2.039376237555187,-19.84835335988777,-8.561691128487963,0.14339462866847058,0.12023128998748926,0.19391939919682763,0.19391939919682763,0.7695214253842366,0.009999999999999787
3.2599999999999745,hold,2.0,2.0393979459848683,2.039389262612996,-19.82795039942443,-8.562033583515696,0.143394524710737,0.1186215809260657,0.1934082843756444,0.1934082843756444,0.7674931919668428,0.009999999999999787
3.2699999999999743,hold,2.0,2.0393727176191665,2.0393793356166983,-19.807547601168437,-8.562369590198978,0.14339409220702437,0.11706339978165524,0.1929135306986712,0.1929135306986712,0.7655298837248857,0.009999999999999787
3.279999999999974,hold,2.0,2.0393451348048597,2.039358815129595,-19.787145016787836,-8.562699872215704,0.14339373980457182,0.11555217797741027,0.19243368755138734,0.19243368755138734,0.7636257442515371,0.009999999999999787
3.289999999999974,hold,2.0,2.0392721504583045,2.0393068163268206,-19.76674309331702,-8.563023534178873,0.14339372858832483,0.11409550818759137,0.19197116575972403,0.19197116575972403,0.7617903403163652,0.009999999999999787
3.2999999999999736,hold,2.0,2.039170561470734,2.0392250634131686,-19.74634212157923,-8.563341071505787,0.14339387780557866,0.11269876245025238,0.19152767105320415,0.19152767105320415,0.7600304406873181,0.009999999999999787
3.3099999999999734,hold,2.0,2.03908862540468,2.039143200608075,-19.7259418934196,-8.563652884380353,0.1433935328429299,0.11135058701721397,0.1910995983897058,0.1910995983897058,0.7583317396416897,0.009999999999999787
3.319999999999973,hold,2.0,2.0390120797229607,2.0390645280770063,-19.705542363917335,-8.563959817024148,0.14339240697663835,0.11004013407064855,0.19068350337011233,0.19068350337011233,0.7566805689290171,0.009999999999999787
3.329999999999973,hold,2.0,2.0389109179440505,2.038972361997233,-19.685143777032916,-8.564261215976215,0.14339069244050817,0.10876762886953599,0.19027945751865508,0.19027945751865508,0.7550772123756154,0.009999999999999787
3.3399999999999728,hold,2.0,2.0388001166618257,2.0388690147959885,-19.66474623638532,-8.56455706607838,0.14338856469481986,0.10753210892733106,0.18988715522660618,0.18988715522660618,0.7535204572484372,0.009999999999999787
3.3499999999999726,hold,2.0,2.0386549626448964,2.0387405835053336,-19.644350098219736,-8.564847407174655,0.14338635055245924,0.10634032061049555,0.1895087386002446,0.1895087386002446,0.7520188039692245,0.009999999999999787
3.3599999999999723,hold,2.0,2.038487112097288,2.0385885006605062,-19.623955593163736,-8.56513183898679,0.1433843657883393,0.10519707019447246,0.1891457337281489,0.1891457337281489,0.7505783084450354,0.009999999999999787
3.369999999999972,hold,2.0,2.038306032884673,2.0384190199950067,-19.603562869646886,-8.565410899181812,0.14338289011809957,0.10410302251307267,0.18879835170835085,0.18879835170835085,0.7491998083664716,0.009999999999999787
3.379999999999972,hold,2.0,2.0380955404989725,2.0382249322973864,-19.583172219818067,-8.56568409899883,0.14338216364090753,0.10306268814621465,0.1884680247401861,0.1884680247401861,0.7478889870642305,0.009999999999999787
3.3899999999999717,hold,2.0,2.0378811407446333,2.0380186573657344,-19.562783676061088,-8.565951352580218,0.143382085360599,0.10207320321508037,0.18815384348485234,0.18815384348485234,0.7466422360510013,0.009999999999999787
3.3999999999999715,hold,2.0,2.0376780103617538,2.037814269163346,-19.542397120277894,-8.566212617172226,0.1433825846232197,0.1011248323568907,0.18785271676995996,0.18785271676995996,0.7454472887696824,0.009999999999999787
3.4099999999999713,hold,2.0,2.0374651827334618,2.0376048173054153,-19.522012645258336,-8.566467870708363,0.143383602689038,0.10021349253018837,0.18756334814818543,0.18756334814818543,0.7442990005880374,0.009999999999999787
3.419999999999971,hold,2.0,2.037254233279052,2.037394466889597,-19.501630225834255,-8.566716950380814,0.1433850672863919,0.09933372442015133,0.1872840041778865,0.1872840041778865,0.7431904927693909,0.009999999999999787
3.429999999999971,hold,2.0,2.0370428890771204,2.0371835202021114,-19.481249865029707,-8.566959708574688,0.14338705830104803,0.09848100514169941,0.1870132487525924,0.1870132487525924,0.7421160664785412,0.009999999999999787
3.4399999999999706,hold,2.0,2.0368189323362387,2.036964767482588,-19.460871680718625,-8.56719581055729,0.14338945749747697,0.09765557778246814,0.1867511590574893,0.1867511590574893,0.7410760280059099,0.009999999999999787
3.4499999999999704,hold,2.0,2.0366083173025653,2.0367508973745743,-19.440495525435217,-8.567424993912317,0.1433918909383895,0.0968509030304923,0.18649565873024193,0.18649565873024193,0.7400621378184203,0.009999999999999787
3.45999999999997,hold,2.0,2.036402193095216,2.0365416748069594,-19.42012135165778,-8.567647582865565,0.14339405702939242,0.0960618410209636,0.18624511576097638,0.18624511576097638,0.7390679196864142,0.009999999999999787
3.46999999999997,hold,2.0,2.036191527910476,2.0363315866690694,-19.399749201330994,-8.567863131241166,0.14339591055230833,0.09528719684346303,0.18599915074173642,0.18599915074173642,0.7380918680227636,0.009999999999999787
3.47999999999997,hold,2.0,2.035983042481814,2.036122460156716,-19.379379055479234,-8.568071639867934,0.1433974275581851,0.09452504307888815,0.1857571516784086,0.1857571516784086,0.7371315542793991,0.009999999999999787
3.4899999999999696,hold,2.0,2.035746364744393,2.0358968029093223,-19.359011202608162,-8.568272828248611,0.14339877999513434,0.0937831894734869,0.18552159832162157,0.18552159832162157,0.7361968187365935,0.009999999999999787
3.4999999999999694,hold,2.0,2.0354949132943965,2.035655669140367,-19.338645789567217,-8.568466394933896,0.14339990951896753,0.0930674355351918,0.1852943321311341,0.1852943321311341,0.7352949687743418,0.009999999999999787
3.509999999999969,hold,2.0,2.0352452183215184,2.035409398649058,-19.318282795728145,-8.56865243636165,0.14340052826123711,0.0923769974134235,0.18507510421871026,0.18507510421871026,0.7344250167409138,0.009999999999999787
3.519999999999969,hold,2.0,2.0349923677105077,2.0351591800859277,-19.297922258504624,-8.568831122137208,0.14340060699700102,0.09171064805674009,0.18486352497097613,0.18486352497097613,0.7335854165514926,0.009999999999999787
3.5299999999999687,hold,2.0,2.0347251512760023,2.0348987627999726,-19.27756432780598,-8.569001890678381,0.1434003887795993,0.09107077755877782,0.18466035329046315,0.18466035329046315,0.7327791797240601,0.009999999999999787
3.5399999999999685,hold,2.0,2.0344304892708003,2.0346177986824694,-19.257209286401842,-8.569164614823556,0.14340004678705634,0.09046490562367242,0.18446797683362848,0.18446797683362848,0.7320157810858273,0.009999999999999787
3.5499999999999683,hold,2.0,2.034119719639141,2.0343189512564726,-19.236857301170716,-8.56931947201525,0.1433995922686347,0.08989776685771912,0.18428789893266298,0.18428789893266298,0.7313011862407262,0.009999999999999787
3.559999999999968,hold,2.0,2.0338099360919197,2.0340135421577408,-19.216508360868154,-8.569466310604964,0.14339892212488003,0.08936721705398268,0.1841194387589806,0.1841194387589806,0.7306326934880183,0.009999999999999787
3.569999999999968,hold,2.0,2.0334924187310044,2.033700868101699,-19.19616254790493,-8.569605112563275,0.143398108777064,0.08887196303587168,0.18396218570315,0.18396218570315,0.7300086734251985,0.009999999999999787
3.5799999999999677,hold,2.0,2.033159774017959,2.033376211651455,-19.17582001835321,-8.56973573389966,0.14339726034355998,0.08841354494555148,0.18381662879111152,0.18381662879111152,0.7294310666313949,0.009999999999999787
3.5899999999999674,coast,2.0,2.0328264168824335,2.0330463347900425,-19.155480786112292,-8.569858407546894,0.14339648228458857,0.0,0.0,0.0,0.0,0.009999999999999787
3.5999999999999672,coast,2.0,2.038488430513181,2.036311592223926,-19.13508602326627,-8.569974020037796,0.14340337634860123,0.0,0.0,0.0,0.0,0.009999999999999787
3.609999999999967,coast,2.0,2.0417586177377354,2.0395798075322116,-19.11466047042984,-8.570083925540626,0.14341801650813044,0.0,0.0,0.0,0.0,0.009999999999999787
3.619999999999967,coast,2.0,2.039968348538519,2.039812932135996,-19.094254858516543,-8.570187848765682,0.14343682102628685,0.0,0.0,0.0,0.0,0.009999999999999787
3.6299999999999666,coast,2.0,2.0335459180627447,2.036052723692045,-19.073915179941025,-8.570285080603878,0.1434561982322052,0.0,0.0,0.0,0.0,0.009999999999999787
3.6399999999999664,coast,2.0,2.023318759238791,2.028412345020093,-19.053678957496793,-8.570375210159895,0.1434733276986163,0.0,0.0,0.0,0.0,0.009999999999999787
3.649999999999966,coast,2.0,2.010651786212147,2.0177560097353258,-19.033570079443162,-8.57045986289722,0.14348646490100606,0.0,0.0,0.0,0.0,0.009999999999999787
3.659999999999966,coast,2.0,1.9969613741615402,2.0052792283910543,-19.013598312377212,-8.57053547208076,0.1434943578502078,0.0,0.0,0.0,0.0,0.009999999999999787
3.6699999999999657,coast,2.0,1.9836266135356266,1.9922876594777978,-18.993759760930097,-8.570606085637953,0.14349675197592818,0.0,0.0,0.0,0.0,0.009999999999999787
3.6799999999999655,coast,2.0,1.9717885174212226,1.9799881742438528,-18.97403916401567,-8.570672550164035,0.14349479717655705,0.0,0.0,0.0,0.0,0.009999999999999787
3.6899999999999653,coast,2.0,1.962133074536176,1.9692751144192469,-18.954414460885605,-8.570735648500987,0.14349025932388493,0.0,0.0,0.0,0.0,0.009999999999999787
3.699999999999965,coast,2.0,1.954900655104627,1.9606504388304749,-18.934861284065242,-8.570796141972796,0.14348509223986156,0.0,0.0,0.0,0.0,0.009999999999999787
3.709999999999965,coast,2.0,1.9499560861237801,1.9542338272064579,-18.91535674787054,-8.570855174723963,0.1434806166277749,0.0,0.0,0.0,0.0,0.009999999999999787
3.7199999999999647,coast,2.0,1.9467699624466988,1.9497555083506024,-18.895883417260308,-8.570913668302078,0.1434782016321294,0.0,0.0,0.0,0.0,0.009999999999999787
3.7299999999999645,coast,2.0,1.9445753153075274,1.9466473925247574,-18.87643165640796,-8.570972574847321,0.14347916970479155,0.0,0.0,0.0,0.0,0.009999999999999787
3.7399999999999642,coast,2.0,1.942603387871292,1.944220989732678,-18.856999552823048,-8.571031236008798,0.1434840303930967,0.0,0.0,0.0,0.0,0.009999999999999787
3.749999999999964,coast,2.0,1.9402353130540264,1.9418295837254869,-18.837591330985354,-8.571091292464832,0.1434911072507526,0.0,0.0,0.0,0.0,0.009999999999999787
3.759999999999964,coast,2.0,1.9370001978981386,1.938931952229078,-18.81821584079943,-8.571154647267715,0.14349820160878965,0.0,0.0,0.0,0.0,0.009999999999999787
3.7699999999999636,coast,2.0,1.9324891779308828,1.935066287650161,-18.798885938211793,-8.571220747094577,0.14350455110926036,0.0,0.0,0.0,0.0,0.009999999999999787
3.7799999999999634,coast,2.0,1.926610023326606,1.929992529056028,-18.779615313159432,-8.571289664385915,0.1435099926647663,0.0,0.0,0.0,0.0,0.009999999999999787
3.789999999999963,coast,2.0,1.9195542366701726,1.9237295536245147,-18.760415657003442,-8.571361259216342,0.14351434556312492,0.0,0.0,0.0,0.0,0.009999999999999787
3.799999999999963,coast,2.0,1.9116852381756586,1.916502964355201,-18.741294970600556,-8.571434967625128,0.14351708819965064,0.0,0.0,0.0,0.0,0.009999999999999787
3.8099999999999627,coast,2.0,1.9034907221865593,1.908695619054016,-18.72225635824445,-8.571511997028193,0.14351706432093483,0.0,0.0,0.0,0.0,0.009999999999999787
3.8199999999999625,coast,2.0,1.8953698875667149,1.9007001801616352,-18.703298949950064,-8.571592922258201,0.14351401948527867,0.0,0.0,0.0,0.0,0.009999999999999787
3.8299999999999623,coast,2.0,1.8875847279225204,1.8928309088181663,-18.684419295085625,-8.571677300584417,0.14350913463910506,0.0,0.0,0.0,0.0,0.009999999999999787
3.839999999999962,coast,2.0,1.8803537984434697,1.8853446425933482,-18.665611793231825,-8.57176462056267,0.14350394360837018,0.0,0.0,0.0,0.0,0.009999999999999787
3.849999999999962,coast,2.0,1.873782357653938,1.8784072716297022,-18.6468698288893,-8.571854813629063,0.1434997828121713,0.0,0.0,0.0,0.0,0.009999999999999787
3.8599999999999617,coast,2.0,1.8679330145045794,1.8721227173546284,-18.628186172385533,-8.571947301360911,0.14349654493647418,0.0,0.0,0.0,0.0,0.009999999999999787
3.8699999999999615,coast,2.0,1.8626898024090708,1.8664629683872938,-18.609554798267858,-8.572042955125344,0.14349400983554575,0.0,0.0,0.0,0.0,0.009999999999999787
3.8799999999999613,coast,2.0,1.8577439136729603,1.8612315355586935,-18.59097281385778,-8.572141042613119,0.14349308427958546,0.0,0.0,0.0,0.0,0.009999999999999787
3.889999999999961,coast,2.0,1.8528644102690013,1.8562112603848782,-18.57243964795677,-8.572241449761528,0.14349456002062105,0.0,0.0,0.0,0.0,0.009999999999999787
3.899999999999961,coast,2.0,1.847871899822369,1.8512076440473728,-18.553956496857346,-8.5723434978111,0.14349831454308076,0.0,0.0,0.0,0.0,0.009999999999999787
3.9099999999999606,coast,2.0,1.842710742567218,1.84610950315928,-18.53552507029255,-8.572446853143765,0.14350285723508746,0.0,0.0,0.0,0.0,0.009999999999999787
3.9199999999999604,coast,2.0,1.8372080233728216,1.840768615287405,-18.517148803920705,-8.572551161793898,0.14350752959372537,0.0,0.0,0.0,0.0,0.009999999999999787
3.92999999999996,coast,2.0,1.8313025744948184,1.8350889908118528,-18.498831724395206,-8.572655687861785,0.14351194677130436,0.0,0.0,0.0,0.0,0.009999999999999787
3.93999999999996,coast,2.0,1.8250935738804595,1.8290917406530167,-18.48057683924622,-8.572760713718619,0.14351521938209827,0.0,0.0,0.0,0.0,0.009999999999999787
3.9499999999999598,coast,2.0,1.8186509109745155,1.822827242845916,-18.462386450680576,-8.572865904983818,0.14351701759598356,0.0,0.0,0.0,0.0,0.009999999999999787
3.9599999999999596,coast,2.0,1.8120255821109523,1.8163462464049376,-18.444262358835083,-8.572970671412078,0.1435179420853196,0.0,0.0,0.0,0.0,0.009999999999999787
3.9699999999999593,coast,2.0,1.805364737989217,1.809757341355505,-18.42620488317819,-8.573074420390396,0.14351830881250777,0.0,0.0,0.0,0.0,0.009999999999999787
3.979999999999959,coast,2.0,1.7988256898392787,1.8031983504457691,-18.408212766817122,-8.573177426158797,0.14351782679077035,0.0,0.0,0.0,0.0,0.009999999999999787
3.989999999999959,coast,2.0,1.7924626661080527,1.7967569398431393,-18.3902842225936,-8.573278945012678,0.14351652931341166,0.0,0.0,0.0,0.0,0.009999999999999787
3.9999999999999587,coast,2.0,1.7862970159540779,1.7904809855097024,-18.37241726595141,-8.573378177530683,0.14351467200128729,0.0,0.0,0.0,0.0,0.009999999999999787
4.009999999999959,coast,2.0,1.7803407601743038,1.7843968503084633,-18.35460980728341,-8.573475189317847,0.14351246174906546,0.0,0.0,0.0,0.0,0.010000000000000231
4.019999999999959,coast,2.0,1.774507355513981,1.7784631534317739,-18.336860642578753,-8.573569619764369,0.14351067027550585,0.0,0.0,0.0,0.0,0.009999999999999787
4.0299999999999585,coast,2.0,1.7687718408107325,1.772648365859149,-18.31916881542643,-8.573661195051624,0.14350963805946576,0.0,0.0,0.0,0.0,0.009999999999999787
4.039999999999958,coast,2.0,1.7630843700638807,1.766909968381988,-18.301533870499618,-8.573750539462228,0.14350947798119162,0.0,0.0,0.0,0.0,0.009999999999999787
4.049999999999958,coast,2.0,1.7573452351172383,1.761171128423138,-18.283956347251216,-8.573836401172644,0.14351064073724276,0.0,0.0,0.0,0.0,0.009999999999999787
4.059999999999958,coast,2.0,1.751552688196785,1.755400064287326,-18.26643678265477,-8.573918788177057,0.1435125225719261,0.0,0.0,0.0,0.0,0.009999999999999787
4.069999999999958,coast,2.0,1.7457695776243027,1.7496217722895122,-18.248975063321502,-8.573998268189635,0.14351352045493088,0.0,0.0,0.0,0.0,0.009999999999999787
4.079999999999957,coast,2.0,1.7398640198524677,1.7437671208272856,-18.231572418496224,-8.574074517919405,0.14351356298366547,0.0,0.0,0.0,0.0,0.009999999999999787
4.089999999999957,coast,2.0,1.7338130352615448,1.7377946694878412,-18.214230304158665,-8.574146488084848,0.14351290311537587,0.0,0.0,0.0,0.0,0.009999999999999787
4.099999999999957,coast,2.0,1.7277246430561246,1.7317526536288113,-18.196949080816363,-8.57421539003977,0.14351083591382371,0.0,0.0,0.0,0.0,0.009999999999999787
4.109999999999957,coast,2.0,1.7215942457933142,1.725657608927513,-18.179729165704227,-8.574281500741566,0.14350752257983693,0.0,0.0,0.0,0.0,0.009999999999999787
4.119999999999957,coast,2.0,1.7153745811897543,1.719487792284858,-18.162571461318393,-8.574343746641494,0.14350415053152263,0.0,0.0,0.0,0.0,0.009999999999999787
4.129999999999956,coast,2.0,1.7091551984033582,1.7132882359559582,-18.14547595690054,-8.57440165460344,0.14350094861280366,0.0,0.0,0.0,0.0,0.009999999999999787
4.139999999999956,coast,2.0,1.7030420727369722,1.7071405380245666,-18.128441574229228,-8.574456743044367,0.1434972561720646,0.0,0.0,0.0,0.0,0.009999999999999787
4.149999999999956,coast,2.0,1.6969887301250839,1.701049453284877,-18.11146772005575,-8.574509205914502,0.14349349334587172,0.0,0.0,0.0,0.0,0.009999999999999787
4.159999999999956,coast,2.0,1.6909347528770045,1.6949806330401533,-18.094554419893385,-8.574558510426842,0.14349083451458008,0.0,0.0,0.0,0.0,0.009999999999999787
4.1699999999999555,coast,2.0,1.684889023252908,1.6889256671678061,-18.0777016014959,-8.574603657423157,0.14349001955283783,0.0,0.0,0.0,0.0,0.009999999999999787
4.179999999999955,coast,2.0,1.6789264124756644,1.682926114352521,-18.0609084237391,-8.574645442593868,0.14349034878937034,0.0,0.0,0.0,0.0,0.009999999999999787
4.189999999999955,coast,2.0,1.6730576687654388,1.6770050470002715,-18.04417393785449,-8.574685199397234,0.14349088433024038,0.0,0.0,0.0,0.0,0.009999999999999787
4.199999999999955,coast,2.0,1.6671776138372412,1.6711085871024534,-18.027498266367637,-8.574722457630692,0.14349188942818317,0.0,0.0,0.0,0.0,0.009999999999999787
4.209999999999955,coast,2.0,1.6612436064909624,1.6651895987355587,-18.010881964695436,-8.574757416937228,0.1434939184244199,0.0,0.0,0.0,0.0,0.009999999999999787
4.2199999999999545,coast,2.0,1.6552592591041548,1.6592313949567163,-17.99432553954001,-8.574789299050135,0.14349718088029287,0.0,0.0,0.0,0.0,0.009999999999999787
4.229999999999954,coast,2.0,1.6492743559635477,1.653257171560815,-17.977828981907727,-8.574818707093105,0.14350083076082187,0.0,0.0,0.0,0.0,0.009999999999999787
4.239999999999954,coast,2.0,1.643342321369468,1.6473082614460068,-17.961391740967724,-8.57484682462282,0.1435035582905884,0.0,0.0,0.0,0.0,0.009999999999999787
4.249999999999954,coast,2.0,1.6373866087013278,1.6413552697991993,-17.945014052105797,-8.574873778484752,0.14350521890538306,0.0,0.0,0.0,0.0,0.009999999999999787
4.259999999999954,coast,2.0,1.6313735281721462,1.6353662248229675,-17.928696498872156,-8.574899607511519,0.14350631589167614,0.0,0.0,0.0,0.0,0.009999999999999787
4.269999999999953,coast,2.0,1.6253084157311417,1.629331539367872,-17.912439610090473,-8.574923819499894,0.14350745809799573,0.0,0.0,0.0,0.0,0.009999999999999787
4.279999999999953,coast,2.0,1.6192445695813709,1.6232793574959712,-17.896243365589037,-8.574946499548746,0.14350838160609009,0.0,0.0,0.0,0.0,0.009999999999999787
4.289999999999953,coast,2.0,1.613263222064125,1.6172696762368635,-17.880106921168103,-8.574968880445347,0.1435080159528213,0.0,0.0,0.0,0.0,0.009999999999999787
4.299999999999953,coast,2.0,1.6073193957323137,1.6112995079341337,-17.86402990194255,-8.574991614597028,0.14350624090765937,0.0,0.0,0.0,0.0,0.009999999999999787
4.3099999999999525,coast,2.0,1.6013357718723613,1.6053212662970702,-17.84801272570934,-8.575014189246911,0.1435040353165346,0.0,0.0,0.0,0.0,0.009999999999999787
4.319999999999952,coast,2.0,1.595314280256515,1.599317074672737,-17.832055791748697,-8.575036760561748,0.14350240100008888,0.0,0.0,0.0,0.0,0.009999999999999787
4.329999999999952,coast,2.0,1.589265282858487,1.5932859995841868,-17.816159384020438,-8.575058456575052,0.14350193448903642,0.0,0.0,0.0,0.0,0.009999999999999787
4.339999999999952,coast,2.0,1.5832649069464666,1.5872733440015547,-17.80032300370843,-8.57508014435959,0.1435019247576397,0.0,0.0,0.0,0.0,0.009999999999999787
4.349999999999952,coast,2.0,1.5773476778613047,1.5813179443174046,-17.784545801700894,-8.575102639806282,0.1435013400883055,0.0,0.0,0.0,0.0,0.009999999999999787
4.3599999999999515,coast,2.0,1.5714179139242628,1.5753779260815195,-17.768827911634514,-8.575126144647436,0.14350043967145645,0.0,0.0,0.0,0.0,0.009999999999999787
4.369999999999951,coast,2.0,1.565433781821318,1.5694114395253984,-17.75316989303564,-8.575150011248947,0.1435000207113038,0.0,0.0,0.0,0.0,0.009999999999999787
4.379999999999951,coast,2.0,1.559405024127555,1.5634075902866924,-17.73757220412248,-8.57517428849572,0.14350072146585585,0.0,0.0,0.0,0.0,0.009999999999999787
4.389999999999951,coast,2.0,1.5533558627322088,1.5573765537540023,-17.722035046153085,-8.57519834578945,0.14350259103254676,0.0,0.0,0.0,0.0,0.009999999999999787
4.399999999999951,coast,2.0,1.5473654534621304,1.5513698935788791,-17.706557809835182,-8.575222939646768,0.14350458002719818,0.0,0.0,0.0,0.0,0.009999999999999787
4.40999999999995,coast,2.0,1.5414182800181284,1.5453989254424285,-17.691140049910356,-8.575248719361456,0.1435060094956741,0.0,0.0,0.0,0.0,0.009999999999999787
4.41999999999995,coast,2.0,1.5354353529572633,1.5394207819513293,-17.675782131002112,-8.575274934722003,0.1435072997242401,0.0,0.0,0.0,0.0,0.009999999999999787
4.42999999999995,coast,2.0,1.5294194287412097,1.5334199700252575,-17.66048438845409,-8.575301029825004,0.14350880334372038,0.0,0.0,0.0,0.0,0.009999999999999787
4.43999999999995,coast,2.0,1.523435958265771,1.5274295629695658,-17.645246483718346,-8.575326880274067,0.14350987092645562,0.0,0.0,0.0,0.0,0.009999999999999787
4.4499999999999496,coast,2.0,1.5175183287781968,1.5214828224547445,-17.63006774431294,-8.575353825796018,0.143509641873418,0.0,0.0,0.0,0.0,0.009999999999999787
4.459999999999949,coast,2.0,1.511585597173971,1.5155444872862804,-17.61494833047695,-8.575380997450884,0.14350855742322038,0.0,0.0,0.0,0.0,0.009999999999999787
4.469999999999949,coast,2.0,1.5056018766631158,1.5095789209123818,-17.59988877189654,-8.575408111757238,0.14350758494974264,0.0,0.0,0.0,0.0,0.009999999999999787
4.479999999999949,coast,2.0,1.4995738242105847,1.5035758628913036,-17.584889527342213,-8.575434717096561,0.14350759030281748,0.0,0.0,0.0,0.0,0.009999999999999787
4.489999999999949,coast,2.0,1.493547195166869,1.497558662256643,-17.569950579344418,-8.575460315742692,0.14350856620936142,0.0,0.0,0.0,0.0,0.009999999999999787
4.4999999999999485,coast,2.0,1.4875879488304466,1.491576234200925,-17.55507123751159,-8.575485777950346,0.14350970550710523,0.0,0.0,0.0,0.0,0.009999999999999787
4.509999999999948,coast,2.0,1.4816277900360024,1.4856071677019713,-17.54025151219175,-8.575510957118098,0.14351107945144856,0.0,0.0,0.0,0.0,0.009999999999999787
4.519999999999948,coast,2.0,1.4756371283781058,1.479625144107652,-17.525491715402907,-8.575534944541454,0.14351310619249408,0.0,0.0,0.0,0.0,0.009999999999999787
4.529999999999948,coast,2.0,1.4696573073338839,1.4736444420433912,-17.510791732863787,-8.57555775171891,0.14351552146213153,0.0,0.0,0.0,0.0,0.009999999999999787
4.539999999999948,coast,2.0,1.4637254192368856,1.4676930283594878,-17.49615107047269,-8.575579730652212,0.14351755865329602,0.0,0.0,0.0,0.0,0.009999999999999787
4.549999999999947,coast,2.0,1.4577850202976623,1.4617482235223924,-17.481569813845304,-8.575600381434949,0.14351920226185716,0.0,0.0,0.0,0.0,0.009999999999999787
4.559999999999947,coast,2.0,1.4518326862330866,1.455798901148809,-17.467048078236573,-8.575618738482218,0.14352022309021817,0.0,0.0,0.0,0.0,0.009999999999999787
4.569999999999947,coast,2.0,1.445944582135484,1.449886309740814,-17.452585202599074,-8.575636377354694,0.14351947342758078,0.0,0.0,0.0,0.0,0.009999999999999787
4.579999999999947,coast,2.0,1.440062518865583,1.4439920352156754,-17.438181130661064,-8.575653192940255,0.1435169755048856,0.0,0.0,0.0,0.0,0.009999999999999787
4.589999999999947,coast,2.0,1.434109016681583,1.43806222409522,-17.42383660017731,-8.575668227183126,0.14351378780922372,0.0,0.0,0.0,0.0,0.009999999999999787
4.599999999999946,coast,2.0,1.428093992266343,1.4320812849978939,-17.409552247930588,-8.575681320433636,0.14351097083669098,0.0,0.0,0.0,0.0,0.009999999999999787
4.609999999999946,coast,2.0,1.42205777890931,1.4260671813447436,-17.395328289024246,-8.575691865284039,0.14350878965453467,0.0,0.0,0.0,0.0,0.009999999999999787
4.619999999999946,coast,2.0,1.4160757242349349,1.4200723070788583,-17.38116416802557,-8.575700629535119,0.14350660072821161,0.0,0.0,0.0,0.0,0.009999999999999787
4.629999999999946,coast,2.0,1.4101060295410344,1.414092540556164,-17.367059762322025,-8.575707833043051,0.14350446919427245,0.0,0.0,0.0,0.0,0.009999999999999787
4.6399999999999455,coast,2.0,1.4040928177330325,1.408092706862285,-17.353015521044448,-8.575713073892263,0.14350313189101568,0.0,0.0,0.0,0.0,0.009999999999999787
4.649999999999945,coast,2.0,1.3980626068674666,1.402074646865394,-17.339031617500616,-8.575715956284292,0.14350283884206125,0.0,0.0,0.0,0.0,0.009999999999999787
4.659999999999945,coast,2.0,1.392066363011677,1.396069676553164,-17.325107699626937,-8.575716513363137,0.14350303210614662,0.0,0.0,0.0,0.0,0.009999999999999787
4.669999999999945,coast,2.0,1.3861316612732073,1.39010686738519,-17.311243135818636,-8.575715641346225,0.14350288114552923,0.0,0.0,0.0,0.0,0.009999999999999787
4.679999999999945,coast,2.0,1.3802002371730293,1.3841628892578934,-17.29743789570042,-8.575713313429132,0.1435024483569559,0.0,0.0,0.0,0.0,0.009999999999999787
4.689999999999944,coast,2.0,1.3742332032444913,1.3782050776498522,-17.28369234685518,-8.575709056030679,0.14350227953251088,0.0,0.0,0.0,0.0,0.009999999999999787
4.699999999999944,coast,2.0,1.3682344330998457,1.3722226909198483,-17.270006816929257,-8.575703102236059,0.14350291344429525,0.0,0.0,0.0,0.0,0.009999999999999787
4.709999999999944,coast,2.0,1.3622071728343157,1.3662133800685288,-17.256381594715634,-8.57569515446129,0.14350462326703628,0.0,0.0,0.0,0.0,0.009999999999999787
4.719999999999944,coast,2.0,1.3562189616377414,1.3602167290100562,-17.24281627021435,-8.57568520135344,0.14350650046751726,0.0,0.0,0.0,0.0,0.009999999999999787
4.729999999999944,coast,2.0,1.3503156352759298,1.3542760727695802,-17.22930996902443,-8.575674510896727,0.14350724159661418,0.0,0.0,0.0,0.0,0.009999999999999787
4.739999999999943,coast,2.0,1.3444255979852022,1.3483657878989534,-17.215862559218568,-8.57566314192617,0.14350679534021432,0.0,0.0,0.0,0.0,0.009999999999999787
4.749999999999943,coast,2.0,1.3384861160180954,1.3424379847704386,-17.202474551313802,-8.57565066481619,0.1435058733817543,0.0,0.0,0.0,0.0,0.009999999999999787
4.759999999999943,coast,2.0,1.3325044945144666,1.3364778906168553,-17.189146382446037,-8.575637267583751,0.14350525274817952,0.0,0.0,0.0,0.0,0.009999999999999787
4.769999999999943,coast,2.0,1.3264864565775658,1.3304830301932817,-17.17587842645492,-8.57562230752247,0.14350547248542353,0.0,0.0,0.0,0.0,0.009999999999999787
4.7799999999999425,coast,2.0,1.3205010935174593,1.3244938681877882,-17.162670343888237,-8.57560663913702,0.14350597182716435,0.0,0.0,0.0,0.0,0.009999999999999787
4.789999999999942,coast,2.0,1.3145794672657787,1.3185452276345826,-17.14952148054933,-8.575590928130692,0.1435059409086885,0.0,0.0,0.0,0.0,0.009999999999999787
4.799999999999942,coast,2.0,1.3086500286649414,1.3126081082527978,-17.136431919844476,-8.575575408639372,0.1435056071637659,0.0,0.0,0.0,0.0,0.009999999999999787
4.809999999999942,coast,2.0,1.3026841725980824,1.3066537468599686,-17.12340204016059,-8.575559331714263,0.14350566233241296,0.0,0.0,0.0,0.0,0.009999999999999787
4.819999999999942,coast,2.0,1.2966857851881317,1.3006729698568664,-17.110432175812694,-8.575542959072276,0.14350659441895872,0.0,0.0,0.0,0.0,0.009999999999999787
4.8299999999999415,coast,2.0,1.2906994808946184,1.2946888764795177,-17.09752219935241,-8.575525877576755,0.1435081297341675,0.0,0.0,0.0,0.0,0.009999999999999787
4.839999999999941,coast,2.0,1.2847674929180306,1.2887360463426254,-17.08467154913518,-8.575509018889997,0.1435093879034708,0.0,0.0,0.0,0.0,0.009999999999999787
4.849999999999941,coast,2.0,1.2788625173985986,1.2828119289762092,-17.071879951792262,-8.575492349397868,0.14351016253270785,0.0,0.0,0.0,0.0,0.009999999999999787
4.859999999999941,coast,2.0,1.2729300921639881,1.2768828268888766,-17.059147690869516,-8.575476290075178,0.14351085667561203,0.0,0.0,0.0,0.0,0.009999999999999787
4.869999999999941,coast,2.0,1.2669654709850393,1.270932413346574,-17.046475096814543,-8.575460290740244,0.14351188924568328,0.0,0.0,0.0,0.0,0.009999999999999787
4.87999999999994,coast,2.0,1.2609704544185927,1.2649552379897853,-17.03386248138414,-8.575444272918713,0.14351369745063253,0.0,0.0,0.0,0.0,0.009999999999999787
4.88999999999994,coast,2.0,1.2549780064400329,1.258968899059934,-17.021309815054142,-8.575428012911887,0.14351616381307628,0.0,0.0,0.0,0.0,0.009999999999999787
4.89999999999994,coast,2.0,1.249045894846479,1.2530150965318612,-17.008816472626474,-8.575412151883118,0.1435182771660406,0.0,0.0,0.0,0.0,0.009999999999999787
4.90999999999994,coast,2.0,1.2431476086958324,1.247094603830244,-16.996382106453744,-8.575397050735036,0.1435195497315564,0.0,0.0,0.0,0.0,0.009999999999999787
4.9199999999999395,coast,2.0,1.2372190409658868,1.2411692661116296,-16.98400702870467,-8.575382155135188,0.1435203489118301,0.0,0.0,0.0,0.0,0.009999999999999787
4.929999999999939,coast,2.0,1.2312701805394395,1.2352298147683154,-16.971691447293356,-8.575367441619122,0.14352086516627477,0.0,0.0,0.0,0.0,0.009999999999999787
4.939999999999939,coast,2.0,1.2253334403696656,1.2292919901291257,-16.95943523650579,-8.575352731433847,0.14352082600173643,0.0,0.0,0.0,0.0,0.009999999999999787
4.949999999999939,coast,2.0,1.2194347458029828,1.22337764353344,-16.94723800523099,-8.57533815039277,0.14351964506828482,0.0,0.0,0.0,0.0,0.009999999999999787
4.959999999999939,coast,2.0,1.213538502195657,1.2174741587307703,-16.935099732613825,-8.575324273597511,0.1435174288686327,0.0,0.0,0.0,0.0,0.009999999999999787
4.9699999999999385,coast,2.0,1.2075957476755372,1.2115471120976304,-16.923020902183147,-8.575310525577924,0.14351499450329155,0.0,0.0,0.0,0.0,0.009999999999999787
4.979999999999938,coast,2.0,1.2016103143263765,1.205585033434878,-16.91100195409973,-8.575296488607275,0.143512983511571,0.0,0.0,0.0,0.0,0.009999999999999787
4.989999999999938,coast,2.0,1.1956272985389633,1.1996103924973291,-16.899042862865628,-8.57528164003465,0.1435113498378022,0.0,0.0,0.0,0.0,0.009999999999999787
4.999999999999938,coast,2.0,1.189689434922563,1.1936578179524695,-16.887143163827552,-8.57526727139056,0.14350954652915343,0.0,0.0,0.0,0.0,0.009999999999999787
5.009999999999938,coast,2.0,1.1837459268299968,1.1877106832789859,-16.875302919016974,-8.575252800787059,0.14350781960356926,0.0,0.0,0.0,0.0,0.009999999999999787
5.019999999999937,coast,2.0,1.1777647252928825,1.1817431084873238,-16.863522518245745,-8.575237999933274,0.1435068127279183,0.0,0.0,0.0,0.0,0.009999999999999787
5.029999999999937,coast,2.0,1.1717590845512957,1.175752694125707,-16.85180221491234,-8.5752229539241,0.1435070522848423,0.0,0.0,0.0,0.0,0.009999999999999787
5.039999999999937,coast,2.0,1.165738202182888,1.1697439989600156,-16.84014216666474,-8.575207075883078,0.14350887703882026,0.0,0.0,0.0,0.0,0.009999999999999787
5.049999999999937,coast,2.0,1.159744912537687,1.1637445471066186,-16.828542085018935,-8.575190549106539,0.1435117981500757,0.0,0.0,0.0,0.0,0.009999999999999787
5.0599999999999365,coast,2.0,1.1538094373841878,1.1577834812731602,-16.817001372152433,-8.575173573050314,0.14351492397644497,0.0,0.0,0.0,0.0,0.009999999999999787
5.069999999999936,coast,2.0,1.147890098331672,1.1518474515082673,-16.805519859386997,-8.575156154224535,0.14351788388698677,0.0,0.0,0.0,0.0,0.009999999999999787
5.079999999999936,coast,2.0,1.1419576952354633,1.145913597744585,-16.794097680448846,-8.575138204744423,0.14352078887749567,0.0,0.0,0.0,0.0,0.009999999999999787
5.089999999999936,coast,2.0,1.1360131915735971,1.1399733540419923,-16.782734958227696,-8.575119068675953,0.14352366492477855,0.0,0.0,0.0,0.0,0.009999999999999787
5.099999999999936,coast,2.0,1.1301179894922744,1.1340601353121615,-16.77143117893278,-8.575099344105244,0.1435255003291954,0.0,0.0,0.0,0.0,0.009999999999999787
5.1099999999999355,coast,2.0,1.1242788861750466,1.1281913858298926,-16.760185765148186,-8.575079637894325,0.14352543328780593,0.0,0.0,0.0,0.0,0.009999999999999787
5.119999999999935,coast,2.0,1.1183896185527598,1.1223103254636129,-16.748999234093482,-8.575059184032357,0.14352401830106337,0.0,0.0,0.0,0.0,0.009999999999999787
5.129999999999935,coast,2.0,1.112465231459875,1.11640326906137,-16.737871947671103,-8.575037659285398,0.14352165131095806,0.0,0.0,0.0,0.0,0.009999999999999787
5.139999999999935,coast,2.0,1.1065512715056804,1.1104920705279562,-16.726803799659276,-8.575015097581401,0.14351816882895635,0.0,0.0,0.0,0.0,0.009999999999999787
5.149999999999935,coast,2.0,1.1006482188237199,1.1045857595054145,-16.715794682032108,-8.574992554837376,0.14351364680906023,0.0,0.0,0.0,0.0,0.009999999999999787
5.159999999999934,coast,2.0,1.0946939021957387,1.098650645119609,-16.704845129654718,-8.574969492059008,0.14350910282355597,0.0,0.0,0.0,0.0,0.009999999999999787
5.169999999999934,coast,2.0,1.0886857683654025,1.0926717190670852,-16.69395570260736,-8.57494571457004,0.14350565632932172,0.0,0.0,0.0,0.0,0.009999999999999787
5.179999999999934,coast,2.0,1.0826481811926048,1.086657596342397,-16.683126709090793,-8.574920571375989,0.1435040575704492,0.0,0.0,0.0,0.0,0.009999999999999787
5.189999999999934,coast,2.0,1.0766363852911132,1.0806448697116267,-16.672357881589264,-8.574894320930166,0.14350400859472578,0.0,0.0,0.0,0.0,0.009999999999999787
5.199999999999934,coast,2.0,1.070682481783377,1.074667436954677,-16.661648622953464,-8.57486772434454,0.1435047863517073,0.0,0.0,0.0,0.0,0.009999999999999787
5.209999999999933,coast,2.0,1.064736784367324,1.0687090454022652,-16.6509988499428,-8.57484059552321,0.14350635774803436,0.0,0.0,0.0,0.0,0.009999999999999787
5.219999999999933,coast,2.0,1.058785605190117,1.0627549812749764,-16.640408619297858,-8.574812786999274,0.14350883445771728,0.0,0.0,0.0,0.0,0.009999999999999787
5.229999999999933,coast,2.0,1.0528277857076997,1.0567986639346105,-16.62987799825592,-8.574784363286229,0.14351230038299223,0.0,0.0,0.0,0.0,0.009999999999999787
5.239999999999933,coast,2.0,1.0468659982621977,1.050839064531163,-16.6194070252552,-8.574755297593821,0.14351673487193906,0.0,0.0,0.0,0.0,0.009999999999999787
5.2499999999999325,coast,2.0,1.0409247992957742,1.0448905053899296,-16.608995483027012,-8.574725041489959,0.14352155859792623,0.0,0.0,0.0,0.0,0.009999999999999787
5.259999999999932,coast,2.0,1.0350536853525683,1.038988413367513,-16.598642641974326,-8.574694598868442,0.143525455068076,0.0,0.0,0.0,0.0,0.009999999999999787
5.269999999999932,coast,2.0,1.0292102132906151,1.0331214933213742,-16.58834821422953,-8.574664095285494,0.1435277891549258,0.0,0.0,0.0,0.0,0.009999999999999787
5.279999999999932,coast,2.0,1.023335346723668,1.0272498053627506,-16.578112522156747,-8.57463328321533,0.14352882618996596,0.0,0.0,0.0,0.0,0.009999999999999787
5.289999999999932,coast,2.0,1.0174221513652266,1.0213532129642362,-16.56793596060323,-8.57460204693509,0.14352903235067188,0.0,0.0,0.0,0.0,0.009999999999999787
5.299999999999931,coast,2.0,1.0115049797018767,1.0154442730068205,-16.557818569316744,-8.574570401198603,0.14352835927912572,0.0,0.0,0.0,0.0,0.009999999999999787
5.309999999999931,coast,2.0,1.0056169391666798,1.009547872702736,-16.547760048897263,-8.574538488494646,0.14352637973246388,0.0,0.0,0.0,0.0,0.009999999999999787
5.319999999999931,coast,2.0,0.9997099946879923,1.0036451458938898,-16.53776059756536,-8.574506734370814,0.14352352778587552,0.0,0.0,0.0,0.0,0.009999999999999787
5.329999999999931,coast,2.0,0.9937531721994387,0.9977099616772191,-16.527820733622022,-8.574474950823625,0.14352070865198124,0.0,0.0,0.0,0.0,0.009999999999999787
5.339999999999931,coast,2.0,0.9877756597211206,0.99174938050356,-16.517940674117806,-8.574442556772603,0.1435183775329595,0.0,0.0,0.0,0.0,0.009999999999999787
5.34999999999993,coast,2.0,0.9818273972624438,0.9857961905588903,-16.508120117522175,-8.574409945579461,0.14351617828724708,0.0,0.0,0.0,0.0,0.009999999999999787
5.35999999999993,coast,2.0,0.975912252937017,0.9798658279857664,-16.498358725941742,-8.574377752483683,0.14351387634181828,0.0,0.0,0.0,0.0,0.009999999999999787
5.36999999999993,coast,2.0,0.969968872308652,0.9739276545794977,-16.488656795315244,-8.574345383119844,0.14351205765795194,0.0,0.0,0.0,0.0,0.009999999999999787
5.37999999999993,coast,2.0,0.9639995689787438,0.9679708032190454,-16.479014594731037,-8.57431299160295,0.14351125594141592,0.0,0.0,0.0,0.0,0.009999999999999787
5.3899999999999295,coast,2.0,0.958014199173638,0.9619968407918009,-16.469432292034902,-8.574280464459111,0.14351187385066777,0.0,0.0,0.0,0.0,0.009999999999999787
5.399999999999929,coast,2.0,0.9520284704541927,0.956015818589236,-16.459909889165548,-8.574247568957377,0.1435138804865031,0.0,0.0,0.0,0.0,0.009999999999999787
5.409999999999929,coast,2.0,0.9460924850320211,0.950061818454907,-16.45044686923058,-8.574214492461888,0.14351641463036144,0.0,0.0,0.0,0.0,0.009999999999999787
5.419999999999929,coast,2.0,0.9401959382254822,0.944142290317252,-16.441042821790983,-8.574181615901445,0.14351875283185148,0.0,0.0,0.0,0.0,0.009999999999999787
5.429999999999929,coast,2.0,0.9342946660761853,0.9382337157726119,-16.431697792668686,-8.574148885760101,0.14352078330297321,0.0,0.0,0.0,0.0,0.009999999999999787
5.4399999999999284,coast,2.0,0.928378204231178,0.9323204088477516,-16.42241193586559,-8.57411616276475,0.14352255365129468,0.0,0.0,0.0,0.0,0.009999999999999787
5.449999999999928,coast,2.0,0.9224810965739115,0.9264168214834475,-16.41318504679868,-8.574083233572637,0.14352345970313632,0.0,0.0,0.0,0.0,0.009999999999999787
5.459999999999928,coast,2.0,0.9166295571841738,0.9205444629038833,-16.40401665326645,-8.57405080393709,0.14352273232667187,0.0,0.0,0.0,0.0,0.009999999999999787
5.469999999999928,coast,2.0,0.9107621103631959,0.9146750513794708,-16.39490692138012,-8.574018634385713,0.14352058477114263,0.0,0.0,0.0,0.0,0.009999999999999787
5.479999999999928,coast,2.0,0.9048443902788994,0.908776654719128,-16.385856372600568,-8.573986339640099,0.14351780423823898,0.0,0.0,0.0,0.0,0.009999999999999787
5.489999999999927,coast,2.0,0.898893203316638,0.9028465838776341,-16.376865352821312,-8.573954144816682,0.14351496019270846,0.0,0.0,0.0,0.0,0.009999999999999787
5.499999999999927,coast,2.0,0.892937045653835,0.8969008609433546,-16.367933917811946,-8.57392144950032,0.14351228464541638,0.0,0.0,0.0,0.0,0.009999999999999787
5.509999999999927,coast,2.0,0.8869980562918193,0.8909591781524335,-16.35906189053524,-8.573888980778651,0.14350966070280996,0.0,0.0,0.0,0.0,0.009999999999999787
5.519999999999927,coast,2.0,0.8810439751549352,0.8850100563539345,-16.350249430854454,-8.573856618080363,0.14350753342913633,0.0,0.0,0.0,0.0,0.009999999999999787
5.5299999999999265,coast,2.0,0.8750692886480617,0.8790455957304107,-16.341496754892017,-8.573824362225256,0.1435064451994812,0.0,0.0,0.0,0.0,0.009999999999999787
5.539999999999926,coast,2.0,0.869081462105238,0.873067115555307,-16.332804000256196,-8.57379183404142,0.14350670801468662,0.0,0.0,0.0,0.0,0.009999999999999787
5.549999999999926,coast,2.0,0.8631142172103753,0.867095376548348,-16.32417095235241,-8.57375901205785,0.1435079559209854,0.0,0.0,0.0,0.0,0.009999999999999787
5.559999999999926,coast,2.0,0.8571993989962295,0.8611577900170769,-16.315597068799928,-8.573726293070637,0.1435094034652817,0.0,0.0,0.0,0.0,0.009999999999999787
5.569999999999926,coast,2.0,0.8513150527261527,0.8552521476425223,-16.307082034809998,-8.57369377959539,0.1435105639285857,0.0,0.0,0.0,0.0,0.009999999999999787
5.5799999999999255,coast,2.0,0.845426052843785,0.8493564907632799,-16.29862589836326,-8.573661301380477,0.14351144245087175,0.0,0.0,0.0,0.0,0.009999999999999787
5.589999999999925,coast,2.0,0.8395239417324293,0.8434569613447696,-16.290228795012148,-8.573628458632218,0.14351215816243051,0.0,0.0,0.0,0.0,0.009999999999999787
5.599999999999925,coast,2.0,0.8336126128068312,0.8375503522220065,-16.281890816779093,-8.573595520622234,0.1435127291385079,0.0,0.0,0.0,0.0,0.009999999999999787
5.609999999999925,coast,2.0,0.8277062538985674,0.8316438932279431,-16.273611910738797,-8.573562214119828,0.14351294004265375,0.0,0.0,0.0,0.0,0.009999999999999787
5.619999999999925,coast,2.0,0.8218089766064736,0.8257429432550614,-16.265391980236597,-8.573529178234422,0.14351259827897267,0.0,0.0,0.0,0.0,0.009999999999999787
5.629999999999924,coast,2.0,0.8158924882037085,0.8198326702242497,-16.257231225064615,-8.573496012716053,0.14351199198532757,0.0,0.0,0.0,0.0,0.009999999999999787
5.639999999999924,coast,2.0,0.8099540980193168,0.81390552690129,-16.249129871157272,-8.573462937257116,0.14351150069935786,0.0,0.0,0.0,0.0,0.009999999999999787
5.649999999999924,coast,2.0,0.8040043588391457,0.8079648260640034,-16.241088038034125,-8.57342942441393,0.14351135254434394,0.0,0.0,0.0,0.0,0.009999999999999787
5.659999999999924,coast,2.0,0.798060835690459,0.8020224318398768,-16.23310566036055,-8.573395901094099,0.1435115005910371,0.0,0.0,0.0,0.0,0.009999999999999787
5.6699999999999235,coast,2.0,0.792136467025096,0.7960908529510082,-16.22518254107329,-8.573362373512547,0.143511701354729,0.0,0.0,0.0,0.0,0.009999999999999787
5.679999999999923,coast,2.0,0.7862192811724505,0.7901679098838736,-16.217318608468922,-8.573328904300663,0.14351197835225257,0.0,0.0,0.0,0.0,0.009999999999999787
5.689999999999923,coast,2.0,0.7802956663091342,0.78424456373903,-16.209513930773355,-8.573295305367642,0.14351249191243648,0.0,0.0,0.0,0.0,0.009999999999999787
5.699999999999923,coast,2.0,0.7743673303656708,0.7783182237150145,-16.20176855696671,-8.57326154567642,0.14351332694668986,0.0,0.0,0.0,0.0,0.009999999999999787
5.709999999999923,coast,2.0,0.7684549528745273,0.7724002612107221,-16.194082321544805,-8.57322753386092,0.1435141823307878,0.0,0.0,0.0,0.0,0.009999999999999787
5.7199999999999225,coast,2.0,0.762565164967615,0.7664992034648579,-16.18645498918375,-8.573193851527401,0.14351469508122433,0.0,0.0,0.0,0.0,0.009999999999999787
5.729999999999922,coast,2.0,0.756673993550536,0.7606040775162648,-16.178886576306077,-8.57316013170224,0.14351489657421762,0.0,0.0,0.0,0.0,0.009999999999999787
5.739999999999922,coast,2.0,0.7507659002740769,0.754701171170952,-16.17137725833606,-8.573126279207594,0.14351504882376748,0.0,0.0,0.0,0.0,0.009999999999999787
5.749999999999922,coast,2.0,0.7448371542555209,0.7487827610216934,-16.163927248660926,-8.57309226860346,0.1435154798559827,0.0,0.0,0.0,0.0,0.009999999999999787
5.759999999999922,coast,2.0,0.7388980513517551,0.7428519352197305,-16.156536651208917,-8.573058438540546,0.14351628809640576,0.0,0.0,0.0,0.0,0.009999999999999787
5.769999999999921,coast,2.0,0.7329797715731926,0.7369286370318078,-16.149205252507286,-8.573024271443936,0.1435171440246657,0.0,0.0,0.0,0.0,0.009999999999999787
5.779999999999921,coast,2.0,0.7270661853897008,0.7310111660465436,-16.14193300296324,-8.572990497233565,0.14351806843784076,0.0,0.0,0.0,0.0,0.009999999999999787
5.789999999999921,coast,2.0,0.7211372910796073,0.7250868410663818,-16.134720060038948,-8.572956957617828,0.1435192508949265,0.0,0.0,0.0,0.0,0.009999999999999787
5.799999999999921,coast,2.0,0.715202731825266,0.7191563755217123,-16.12756648661211,-8.572923039480683,0.14352089337750265,0.0,0.0,0.0,0.0,0.009999999999999787
5.809999999999921,coast,2.0,0.7092560394065159,0.7132161738525944,-16.120472400890534,-8.572890008338154,0.1435231140457,0.0,0.0,0.0,0.0,0.009999999999999787
5.81999999999992,coast,2.0,0.7033133333372212,0.7072744695433705,-16.1134377690448,-8.57285645465868,0.1435259612793514,0.0,0.0,0.0,0.0,0.009999999999999787
5.82999999999992,coast,2.0,0.6973813014579651,0.7013385686921272,-16.10646247759476,-8.57282348810472,0.14352935474438194,0.0,0.0,0.0,0.0,0.009999999999999787
5.83999999999992,coast,2.0,0.6914511639993455,0.6954061258764581,-16.099546500010902,-8.572791348461816,0.1435329907662254,0.0,0.0,0.0,0.0,0.009999999999999787
5.84999999999992,coast,2.0,0.6855867871813279,0.68951452265938,-16.092689161553682,-8.572758627170671,0.14353577344774873,0.0,0.0,0.0,0.0,0.009999999999999787
5.8599999999999195,coast,2.0,0.6797426912683736,0.6836514238247762,-16.085890243152853,-8.57272720595131,0.14353722951906447,0.0,0.0,0.0,0.0,0.009999999999999787
5.869999999999919,coast,2.0,0.6738984013498152,0.6777996103397996,-16.079149755163197,-8.572695740373169,0.1435374389692641,0.0,0.0,0.0,0.0,0.009999999999999787
5.879999999999919,coast,2.0,0.6680448650844343,0.6719467631865804,-16.072467786887962,-8.572665334630031,0.1435363927077655,0.0,0.0,0.0,0.0,0.009999999999999787
5.889999999999919,coast,2.0,0.662160826786258,0.6660752013463869,-16.065844650714194,-8.572635972849824,0.1435343772783795,0.0,0.0,0.0,0.0,0.009999999999999787
5.899999999999919,coast,2.0,0.6562545666350089,0.6601828205195601,-16.05928058016284,-8.57260694965352,0.14353176055502664,0.0,0.0,0.0,0.0,0.009999999999999787
5.909999999999918,coast,2.0,0.6503223847343462,0.6542665590484318,-16.05277583921648,-8.572580115544511,0.1435291024393336,0.0,0.0,0.0,0.0,0.009999999999999787
5.919999999999918,coast,2.0,0.644397232386282,0.648344963051142,-16.04633036814686,-8.572553420501086,0.14352655129755068,0.0,0.0,0.0,0.0,0.009999999999999787
5.929999999999918,coast,2.0,0.6384610964644484,0.6424146430991258,-16.039944275964586,-8.572527900534142,0.1435242741368976,0.0,0.0,0.0,0.0,0.009999999999999787
5.939999999999918,coast,2.0,0.6325224435349696,0.6364793233606321,-16.033617594517967,-8.5725038916804,0.14352268200174,0.0,0.0,0.0,0.0,0.009999999999999787
5.949999999999918,coast,2.0,0.6265755247913115,0.6305370442190397,-16.02735040755957,-8.572480532348036,0.14352169799712663,0.0,0.0,0.0,0.0,0.009999999999999787
5.959999999999917,coast,2.0,0.6206369633337223,0.6245969956878492,-16.021142629178286,-8.572459032796669,0.14352145284545365,0.0,0.0,0.0,0.0,0.009999999999999787
5.969999999999917,coast,2.0,0.6147120740230355,0.618666042688961,-16.014994126506046,-8.572437806630646,0.1435218735067078,0.0,0.0,0.0,0.0,0.009999999999999787
5.979999999999917,coast,2.0,0.6087952786073014,0.6127435842399652,-16.008904809072142,-8.572417732916227,0.14352267084803896,0.0,0.0,0.0,0.0,0.009999999999999787
5.989999999999917,coast,2.0,0.6028968636559534,0.6068355518895582,-16.00287448881691,-8.572399126461805,0.14352370111654048,0.0,0.0,0.0,0.0,0.009999999999999787
5.9999999999999165,coast,2.0,0.5969884578556623,0.6009272954692206,-15.996903267527397,-8.572381184662882,0.1435249068148599,0.0,0.0,0.0,0.0,0.009999999999999787
6.009999999999916,coast,2.0,0.5910937808731037,0.5950271867115505,-15.990991005184355,-8.572364329315572,0.1435262346437341,0.0,0.0,0.0,0.0,0.009999999999999787
6.019999999999916,coast,2.0,0.5851816163918512,0.589119844519731,-15.985137878370901,-8.572348216169008,0.14352770383746868,0.0,0.0,0.0,0.0,0.009999999999999787
6.029999999999916,coast,2.0,0.5792809705173451,0.5832165201182995,-15.979343769828855,-8.572332905942796,0.14352923365951892,0.0,0.0,0.0,0.0,0.009999999999999787
6.039999999999916,coast,2.0,0.5733705394190224,0.5773089316987332,-15.973608774203239,-8.57231820819018,0.1435306340794227,0.0,0.0,0.0,0.0,0.009999999999999787
6.0499999999999154,coast,2.0,0.5674483843342351,0.5713926032800343,-15.967933011077184,-8.572303799677613,0.14353195425201795,0.0,0.0,0.0,0.0,0.009999999999999787
6.059999999999915,coast,2.0,0.5615359011207468,0.5654785819844618,-15.962316382120244,-8.572290573389889,0.1435332798807636,0.0,0.0,0.0,0.0,0.009999999999999787
6.069999999999915,coast,2.0,0.555626957400434,0.5595676072340452,-15.956758854982718,-8.572277349990184,0.14353456147519766,0.0,0.0,0.0,0.0,0.009999999999999787
6.079999999999915,coast,2.0,0.5497150415122516,0.553656067800969,-15.951260456206185,-8.572264018850749,0.14353562677977563,0.0,0.0,0.0,0.0,0.009999999999999787
6.089999999999915,coast,2.0,0.5438058729118489,0.5477459508674969,-15.945821156433931,-8.572251175542588,0.14353648166907362,0.0,0.0,0.0,0.0,0.009999999999999787
6.099999999999914,coast,2.0,0.5379184689938933,0.5418494617433347,-15.940440732830472,-8.572238478522229,0.14353681091157175,0.0,0.0,0.0,0.0,0.009999999999999787
6.109999999999914,coast,2.0,0.5320594066878048,0.5359754287100168,-15.93511889398635,-8.57222563225238,0.14353616088489385,0.0,0.0,0.0,0.0,0.009999999999999787
6.119999999999914,coast,2.0,0.5261916248773767,0.5301051464104327,-15.929855734098618,-8.572212404440334,0.143534791012536,0.0,0.0,0.0,0.0,0.009999999999999787
6.129999999999914,coast,2.0,0.5203025401646287,0.5242235826629503,-15.92465147465673,-8.572199369448875,0.14353317803455726,0.0,0.0,0.0,0.0,0.009999999999999787
6.1399999999999135,coast,2.0,0.5143855215546512,0.5183207459979708,-15.919506403444228,-8.572186707417107,0.14353174729566712,0.0,0.0,0.0,0.0,0.009999999999999787
6.149999999999913,coast,2.0,0.5084621420823003,0.5124055836485686,-15.91442058885836,-8.572174496085427,0.14353075115947428,0.0,0.0,0.0,0.0,0.009999999999999787
6.159999999999913,coast,2.0,0.5025394638319086,0.5064859117585726,-15.909394022100622,-8.572162256218004,0.14353003383600332,0.0,0.0,0.0,0.0,0.009999999999999787
6.169999999999913,coast,2.0,0.4966667789663603,0.5005944320832452,-15.904426190802358,-8.572148956650988,0.14352884381381875,0.0,0.0,0.0,0.0,0.009999999999999787
6.179999999999913,coast,2.0,0.4907989254012952,0.4947171280740752,-15.899517045395394,-8.572135959680928,0.14352733063665032,0.0,0.0,0.0,0.0,0.009999999999999787
6.1899999999999125,coast,2.0,0.4848755250080802,0.4888121662344782,-15.89466714886213,-8.57212372044733,0.1435259052833202,0.0,0.0,0.0,0.0,0.009999999999999787
6.199999999999912,coast,2.0,0.4789546581231622,0.4828976613676886,-15.889876485211683,-8.572109955778688,0.14352465128791875,0.0,0.0,0.0,0.0,0.009999999999999787
6.209999999999912,coast,2.0,0.4730534766039496,0.4769911505094452,-15.885144848437914,-8.572096871909546,0.14352350052111715,0.0,0.0,0.0,0.0,0.009999999999999787
6.219999999999912,coast,2.0,0.46714131292986333,0.47108124796169604,-15.88047235644817,-8.572083752764438,0.1435227379862335,0.0,0.0,0.0,0.0,0.009999999999999787
6.229999999999912,coast,2.0,0.46119140976084105,0.46514734504118305,-15.875859388416922,-8.572071106020232,0.1435225372482675,0.0,0.0,0.0,0.0,0.009999999999999787
6.239999999999911,coast,2.0,0.4552790544998378,0.4592263707163759,-15.871305554801571,-8.572058595089704,0.1435221882133195,0.0,0.0,0.0,0.0,0.009999999999999787
6.249999999999911,coast,2.0,0.4494574020262046,0.4533649895022731,-15.866809919707062,-8.572045748123942,0.14352023259225627,0.0,0.0,0.0,0.0,0.009999999999999787
6.259999999999911,coast,2.0,0.4436536341878845,0.44753817631363996,-15.862372300138759,-8.572032782213785,0.14351645233683025,0.0,0.0,0.0,0.0,0.009999999999999787
6.269999999999911,coast,2.0,0.43780573651657084,0.4416987124353985,-15.857993152976004,-8.572019970478326,0.1435115752728789,0.0,0.0,0.0,0.0,0.009999999999999787
6.2799999999999105,coast,2.0,0.43190800420917924,0.43582428749966695,-15.853672996049344,-8.57200735151703,0.143506512211155,0.0,0.0,0.0,0.0,0.009999999999999787
6.28999999999991,coast,2.0,0.42596564738752823,0.42990910343238375,-15.849412293845168,-8.571994925973653,0.14350214635187897,0.0,0.0,0.0,0.0,0.009999999999999787
6.29999999999991,coast,2.0,0.41999114905810264,0.4239583308078151,-15.845211381471495,-8.571982691839588,0.14349917269996032,0.0,0.0,0.0,0.0,0.009999999999999787
6.30999999999991,coast,2.0,0.4140015640509652,0.41798427075370514,-15.841070417748151,-8.571970619234246,0.14349802402617245,0.0,0.0,0.0,0.0,0.009999999999999787
6.31999999999991,coast,2.0,0.40801661584020643,0.4120036778056059,-15.836989357659538,-8.571958681609923,0.1434988214642922,0.0,0.0,0.0,0.0,0.009999999999999787
6.3299999999999095,coast,2.0,0.40204780653508754,0.40603015504329487,-15.832968035155115,-8.571946799524525,0.14350138159060036,0.0,0.0,0.0,0.0,0.009999999999999787
6.339999999999909,coast,2.0,0.3961136182107275,0.40008023294375444,-15.829006090559815,-8.571934908737076,0.14350508718771243,0.0,0.0,0.0,0.0,0.009999999999999787
6.349999999999909,coast,2.0,0.3902316768068953,0.39417109926163896,-15.825102981576444,-8.57192309096208,0.14350902000209992,0.0,0.0,0.0,0.0,0.009999999999999787
6.359999999999909,coast,2.0,0.38438641534323775,0.38830028891059826,-15.821258326630538,-8.571911393963251,0.14351247425571495,0.0,0.0,0.0,0.0,0.009999999999999787
6.369999999999909,coast,2.0,0.37854808169785714,0.3824489645829536,-15.817472050449016,-8.571899722267883,0.1435151229947293,0.0,0.0,0.0,0.0,0.009999999999999787
6.379999999999908,coast,2.0,0.37270778670407384,0.37660425785562573,-15.813744171290725,-8.571888012186282,0.14351686145718964,0.0,0.0,0.0,0.0,0.009999999999999787
6.389999999999908,coast,2.0,0.3668529455832274,0.37075347049218677,-15.810074836781055,-8.571876228423843,0.14351775841551806,0.0,0.0,0.0,0.0,0.009999999999999787
6.399999999999908,coast,2.0,0.3609797061772884,0.36488921190324775,-15.806464235576547,-8.571864353457716,0.1435180126099037,0.0,0.0,0.0,0.0,0.009999999999999787
6.409999999999908,coast,2.0,0.3550874495171356,0.35900815447158047,-15.802912563848604,-8.571852389236613,0.14351789951058974,0.0,0.0,0.0,0.0,0.009999999999999787
6.419999999999908,coast,2.0,0.34918043792100695,0.3531115245412364,-15.799419975388451,-8.571840347936838,0.1435177188822921,0.0,0.0,0.0,0.0,0.009999999999999787
6.429999999999907,coast,2.0,0.34326115655346895,0.34720130374857594,-15.795986597885815,-8.571828271922584,0.1435177231636276,0.0,0.0,0.0,0.0,0.009999999999999787
6.439999999999907,coast,2.0,0.33734206597230276,0.34128576108281206,-15.792612431809806,-8.571816369474885,0.1435180719316939,0.0,0.0,0.0,0.0,0.009999999999999787
6.449999999999907,coast,2.0,0.3314475943588784,0.33538286104845183,-15.789297224296911,-8.571804516722448,0.14351844177572198,0.0,0.0,0.0,0.0,0.009999999999999787
6.459999999999907,coast,2.0,0.32558878782041867,0.3295064171116319,-15.786040608364488,-8.571792643153834,0.14351833228170285,0.0,0.0,0.0,0.0,0.009999999999999787
6.4699999999999065,coast,2.0,0.31973963660686644,0.32364634880877263,-15.78284248546266,-8.571780876108791,0.1435176539851995,0.0,0.0,0.0,0.0,0.009999999999999787
6.479999999999906,coast,2.0,0.3138854853752713,0.31778983074867184,-15.779702910653395,-8.571769340438951,0.14351664972225284,0.0,0.0,0.0,0.0,0.009999999999999787
6.489999999999906,coast,2.0,0.3080187793918988,0.31192719993460805,-15.776622015205907,-8.571758185707585,0.14351560182297807,0.0,0.0,0.0,0.0,0.009999999999999787
6.499999999999906,coast,2.0,0.3021507419294459,0.30606132513151074,-15.773599813958592,-8.571747461069517,0.1435145845060614,0.0,0.0,0.0,0.0,0.009999999999999787
6.509999999999906,coast,2.0,0.2962917777880089,0.30019959672540963,-15.7706362138272,-8.571737108971968,0.14351347381587648,0.0,0.0,0.0,0.0,0.009999999999999787
6.519999999999905,coast,2.0,0.29043665507496774,0.2943418317351445,-15.767731176110498,-8.571727142953009,0.14351225311333343,0.0,0.0,0.0,0.0,0.009999999999999787
6.529999999999905,coast,2.0,0.28457408090549025,0.28848118123735195,-15.76488477959166,-8.57171761581839,0.143511130035426,0.0,0.0,0.0,0.0,0.009999999999999787
6.539999999999905,coast,2.0,0.27870308097147506,0.2826143210778258,-15.762097113650947,-8.571708561450121,0.14351035647433488,0.0,0.0,0.0,0.0,0.009999999999999787
6.549999999999905,coast,2.0,0.27282548764691567,0.2767410210192797,-15.759368247631574,-8.571700015253162,0.14351010791670682,0.0,0.0,0.0,0.0,0.009999999999999787
6.559999999999905,coast,2.0,0.26695733312930275,0.27087080828529353,-15.756698086367484,-8.571691978990646,0.14351035922515334,0.0,0.0,0.0,0.0,0.009999999999999787
6.569999999999904,coast,2.0,0.26110683486038627,0.2650124242303492,-15.754086448819342,-8.571684395680867,0.14351089789418764,0.0,0.0,0.0,0.0,0.009999999999999787
6.579999999999904,coast,2.0,0.2552788615091636,0.25917228659763786,-15.751533105649205,-8.571677216622971,0.14351152696946584,0.0,0.0,0.0,0.0,0.009999999999999787
6.589999999999904,coast,2.0,0.24946141884283793,0.2533457659447579,-15.749037950480627,-8.57167044094326,0.14351219479855395,0.0,0.0,0.0,0.0,0.009999999999999787
6.599999999999904,coast,2.0,0.2436534601130082,0.24753038244570807,-15.746600888828585,-8.57166406679291,0.14351291611513695,0.0,0.0,0.0,0.0,0.009999999999999787
6.6099999999999035,coast,2.0,0.23785571837286767,0.24172558400200383,-15.744221818777811,-8.571658088783007,0.14351370022082194,0.0,0.0,0.0,0.0,0.009999999999999787
6.619999999999903,coast,2.0,0.23207351427726494,0.2359343421671605,-15.741900583529599,-8.571652489418316,0.14351447459764888,0.0,0.0,0.0,0.0,0.009999999999999787
6.629999999999903,coast,2.0,0.22631283722017745,0.23016143919897067,-15.739636964665797,-8.571647211942642,0.14351507734989175,0.0,0.0,0.0,0.0,0.009999999999999787
6.639999999999903,coast,2.0,0.22057337554568154,0.22440860100699717,-15.737430747601309,-8.571642204498055,0.14351537896726901,0.0,0.0,0.0,0.0,0.009999999999999787
6.649999999999903,coast,2.0,0.21484856324947238,0.2186725783524823,-15.735281786426063,-8.571637444983947,0.14351539645701267,0.0,0.0,0.0,0.0,0.009999999999999787
6.659999999999902,coast,2.0,0.20913486950296928,0.2129499530427745,-15.733189972814262,-8.57163292785913,0.14351525935863732,0.0,0.0,0.0,0.0,0.009999999999999787
6.669999999999902,coast,2.0,0.20343335212558336,0.20723999249245983,-15.731155188012897,-8.571628654191898,0.14351510831501182,0.0,0.0,0.0,0.0,0.009999999999999787
6.679999999999902,coast,2.0,0.19775238589872968,0.20154742853622173,-15.72917722784273,-8.571624604500295,0.143515003639088,0.0,0.0,0.0,0.0,0.009999999999999787
6.689999999999902,coast,2.0,0.19209882728368707,0.19587826778470094,-15.727255817468073,-8.57162074171014,0.14351490340492368,0.0,0.0,0.0,0.0,0.009999999999999787
6.699999999999902,coast,2.0,0.18647976420524037,0.1902391656370246,-15.725390610837612,-8.571617017543195,0.1435147477606878,0.0,0.0,0.0,0.0,0.009999999999999787
6.709999999999901,coast,2.0,0.1808922363453348,0.18463100806201072,-15.72358129322094,-8.571613414981357,0.14351456313795294,0.0,0.0,0.0,0.0,0.009999999999999787
6.719999999999901,coast,2.0,0.17533564708220828,0.17905379147412925,-15.721827557208977,-8.571609933950736,0.14351444478946368,0.0,0.0,0.0,0.0,0.009999999999999787
6.729999999999901,coast,2.0,0.16981324573992873,0.17350946403360895,-15.720129062738028,-8.571606562501263,0.14351448045106918,0.0,0.0,0.0,0.0,0.009999999999999787
6.739999999999901,coast,2.0,0.16433270013442827,0.16800340569410055,-15.71848539215425,-8.57160328189855,0.14351471499281193,0.0,0.0,0.0,0.0,0.009999999999999787
6.7499999999999005,coast,2.0,0.15889887894313698,0.16254068964352242,-15.716896078555006,-8.571600080894253,0.14351516835555903,0.0,0.0,0.0,0.0,0.009999999999999787
6.7599999999999,coast,2.0,0.15351354363581862,0.15712440203890016,-15.715360636804837,-8.571596934495664,0.14351582841107602,0.0,0.0,0.0,0.0,0.009999999999999787
6.7699999999999,coast,2.0,0.1481876188810091,0.1517623321441655,-15.713878471868776,-8.571593828510792,0.1435166539270027,0.0,0.0,0.0,0.0,0.009999999999999787
6.7799999999999,coast,2.0,0.1429216188469617,0.1464579041658432,-15.712448983194426,-8.571590751793348,0.14351758491864397,0.0,0.0,0.0,0.0,0.009999999999999787
6.7899999999999,coast,2.0,0.13772233139356982,0.14121656050247916,-15.711071502160129,-8.571587700596996,0.1435185530876238,0.0,0.0,0.0,0.0,0.009999999999999787
6.7999999999998995,coast,2.0,0.13259309595947827,0.13604248177667863,-15.709745326848914,-8.571584662530295,0.14351949337597686,0.0,0.0,0.0,0.0,0.009999999999999787
6.809999999999899,coast,2.0,0.12754001689764285,0.13094100284925717,-15.70846969446185,-8.571581636620566,0.14352035082165418,0.0,0.0,0.0,0.0,0.009999999999999787
6.819999999999899,coast,2.0,0.12256427074628352,0.12591496358747298,-15.707243830784403,-8.571578626727144,0.1435210886183948,0.0,0.0,0.0,0.0,0.009999999999999787
6.829999999999899,coast,2.0,0.11767020833854955,0.12096811043811892,-15.706066918497484,-8.57157563498996,0.14352169099467751,0.0,0.0,0.0,0.0,0.009999999999999787
6.839999999999899,coast,2.0,0.11286646894349874,0.1161071255413468,-15.704938054235985,-8.571572662319873,0.14352216191790068,0.0,0.0,0.0,0.0,0.009999999999999787
6.849999999999898,coast,2.0,0.10815144159012209,0.11133371517061198,-15.703856351022068,-8.57156971706134,0.14352252202096857,0.0,0.0,0.0,0.0,0.009999999999999787
6.859999999999898,coast,2.0,0.10353363425216748,0.10665366661954528,-15.702820836945648,-8.571566811342851,0.1435228033207504,0.0,0.0,0.0,0.0,0.009999999999999787
6.869999999999898,coast,2.0,0.09901649881581838,0.10207136593730914,-15.701830505635602,-8.571563955976837,0.143523043545971,0.0,0.0,0.0,0.0,0.009999999999999787
6.879999999999898,coast,2.0,0.09460390531472754,0.09759088956376019,-15.700884311973777,-8.571561158440982,0.14352328046073384,0.0,0.0,0.0,0.0,0.009999999999999787
6.8899999999998975,coast,2.0,0.0903026159441951,0.09321792539202114,-15.699981143045424,-8.57155842814886,0.14352354619032248,0.0,0.0,0.0,0.0,0.009999999999999787
6.899999999999897,coast,2.0,0.08611433283638047,0.08895576985863674,-15.699119868707808,-8.571555774229186,0.14352386401719636,0.0,0.0,0.0,0.0,0.009999999999999787
6.909999999999897,coast,2.0,0.08204154839271945,0.08480723697908636,-15.698299333683542,-8.571553202471687,0.143524247106149,0.0,0.0,0.0,0.0,0.009999999999999787
6.919999999999897,coast,2.0,0.07808903651536589,0.08077631670085408,-15.697518334712129,-8.57155072331112,0.14352469753693323,0.0,0.0,0.0,0.0,0.009999999999999787
6.929999999999897,coast,2.0,0.07426055564039172,0.07686686006457666,-15.696775630795944,-8.571548337754736,0.1435252081695082,0.0,0.0,0.0,0.0,0.009999999999999787
6.9399999999998965,coast,2.0,0.07055378522932733,0.07307901516342706,-15.696070004018267,-8.571546055002216,0.1435257657719474,0.0,0.0,0.0,0.0,0.009999999999999787
6.949999999999896,coast,2.0,0.06697418412966681,0.06941611654317091,-15.695400181836822,-8.571543876231305,0.14352635359116706,0.0,0.0,0.0,0.0,0.009999999999999787
6.959999999999896,coast,2.0,0.06352069932922211,0.06587886621480163,-15.694764902238816,-8.571541805352387,0.14352695427205533,0.0,0.0,0.0,0.0,0.009999999999999787
6.969999999999896,coast,2.0,0.060195800430239095,0.06246902674406411,-15.69416287855536,-8.571539847810609,0.14352755221574856,0.0,0.0,0.0,0.0,0.009999999999999787
6.979999999999896,coast,2.0,0.0569969312280561,0.05918576943445931,-15.693592849815854,-8.571537998323658,0.1435281366290387,0.0,0.0,0.0,0.0,0.009999999999999787
6.989999999999895,coast,2.0,0.053927437318078336,0.056030770164630726,-15.693053521659849,-8.571536257897462,0.1435287010717545,0.0,0.0,0.0,0.0,0.009999999999999787
6.999999999999895,coast,2.0,0.05098212293115273,0.053001581824543925,-15.692543651809382,-8.571534624694081,0.14352924472075998,0.0,0.0,0.0,0.0,0.009999999999999787
7.009999999999895,coast,2.0,0.04816339152751334,0.050098667646325576,-15.692061974012683,-8.571533101488637,0.14352977064612088,0.0,0.0,0.0,0.0,0.009999999999999787
7.019999999999895,coast,2.0,0.04546948870470981,0.04732116028135611,-15.691607239656758,-8.571531681619621,0.1435302850332017,0.0,0.0,0.0,0.0,0.009999999999999787
7.0299999999998946,coast,2.0,0.04289801435575225,0.0446672727259938,-15.691178224144064,-8.571530365138159,0.1435307950468518,0.0,0.0,0.0,0.0,0.009999999999999787
7.039999999999894,coast,2.0,0.04044794354874011,0.04213567521964158,-15.690773713168946,-8.571529144328697,0.143531307885585,0.0,0.0,0.0,0.0,0.009999999999999787
7.049999999999894,coast,2.0,0.03811431978961751,0.03972286196162714,-15.690392541967508,-8.57152801986579,0.14353182913017878,0.0,0.0,0.0,0.0,0.009999999999999787
7.059999999999894,coast,2.0,0.03589741184515443,0.03742759189174351,-15.690033543092028,-8.571526984725695,0.14353236154742394,0.0,0.0,0.0,0.0,0.009999999999999787
7.069999999999894,coast,2.0,0.03379001819074444,0.035245047671144066,-15.689695621089612,-8.571526039018307,0.14353290575763833,0.0,0.0,0.0,0.0,0.009999999999999787
7.0799999999998935,coast,2.0,0.03179496460527041,0.033174997831619875,-15.68937765225104,-8.57152517224719,0.14353345866069422,0.0,0.0,0.0,0.0,0.009999999999999787
