t,phase,target,v_raw,v_filtered,x,y,z,u,torque_L,torque_R,u_motor,dt
0.0,accelerate,2.5,0.0,0.0,-24.0,-8.45,0.14903219044208527,0.0,0.0,0.0,0.0,0.0
0.01,accelerate,2.5,-0.011281960349592677,-0.006769176209755606,-24.000109515932984,-8.44979225631025,0.14713729870839498,0.027878490727780758,0.16459553837588495,0.16459553837588495,0.6531568983170037,0.01
0.02,accelerate,2.5,-0.015241297073384915,-0.011852448727933191,-24.00025094329708,-8.449322157429418,0.14488950659189428,0.06491434827931207,0.1763551638656472,0.1763551638656472,0.6998220788319334,0.01
0.03,accelerate,2.5,-0.01658238448984279,-0.01469041018507895,-24.000396581394597,-8.449278219842572,0.14267123465868253,0.1104417577998686,0.1908110269366143,0.1908110269366143,0.7571866148278346,0.009999999999999998
0.04,accelerate,2.5,-0.01141827119926089,-0.012727126793588114,-24.000485407143,-8.449398353995658,0.14082031343224446,0.1653112091594659,0.20823317513231362,0.20823317513231362,0.826322123540927,0.010000000000000002
0.05,accelerate,2.5,-0.0021068479235822495,-0.0063549594715845955,-24.000483424959704,-8.44946126417655,0.13955614025677168,0.23002678987686048,0.22878166632170077,0.22878166632170077,0.9078637552448443,0.010000000000000002
0.060000000000000005,accelerate,2.5,0.009684542926942298,0.0032687419675315405,-24.000373581704725,-8.449498599826025,0.13897717673617577,0.2939499697493188,0.24907855439480373,0.24907855439480373,0.9884069618841418,0.010000000000000002
0.07,accelerate,2.5,0.022583840163130656,0.01485780088489101,-24.000149991470362,-8.449526320810646,0.1390664803306601,0.35636548593272543,0.26889672909335904,0.26889672909335904,1.0670505122752343,0.010000000000000002
0.08,accelerate,2.5,0.035424342190448814,0.027197725668225693,-23.99981438463059,-8.449546257293859,0.13971259388705798,0.4170920345141724,0.28817862279894,0.28817862279894,1.1435659634878572,0.009999999999999995
0.09,accelerate,2.5,0.04749422603714047,0.039375625889574564,-23.999371554430176,-8.449541209421042,0.14074032797224548,0.4764677126812308,0.30703158813054443,0.30703158813054443,1.2183793179783509,0.009999999999999995
0.09999999999999999,accelerate,2.5,0.058725330695026064,0.05098544877284547,-23.998824041440717,-8.449534655450595,0.14194356766826147,0.5349813705911005,0.32561084479008623,0.32561084479008623,1.2921065269447867,0.009999999999999995
0.10999999999999999,accelerate,2.5,0.07315939726667764,0.06428981786914477,-23.99812905507134,-8.449545003591496,0.14303355991664396,0.5918175613110662,0.34365747206748976,0.34365747206748976,1.3637201272519435,0.009999999999999995
0.11999999999999998,accelerate,2.5,0.08518540440726742,0.07682716979201835,-23.997304188632334,-8.449539665710846,0.14384723036845828,0.6476290018832174,0.36137872067795923,0.36137872067795923,1.434042542372854,0.009999999999999995
0.12999999999999998,accelerate,2.5,0.09111317815518627,0.0853987748099191,-23.996409983109135,-8.449538972062507,0.14436583074569465,0.7046545554678173,0.37948547445214137,0.37948547445214137,1.5058947398894498,0.009999999999999995
0.13999999999999999,accelerate,2.5,0.09411543441120451,0.09062877057069035,-23.99547613910989,-8.449543781921852,0.14459594916199758,0.7643791591798152,0.398449230622775,0.398449230622775,1.5811477405665675,0.010000000000000009
0.15,accelerate,2.5,0.09720808219550138,0.09457635754557697,-23.994502054105997,-8.449537261319291,0.1445566692005005,0.8269124817238545,0.41830481119695834,0.41830481119695834,1.6599397269720568,0.010000000000000009
0.16,accelerate,2.5,0.118618457814012,0.109001617706638,-23.99329392606182,-8.44960492273009,0.14394375129621334,0.8860595910700991,0.4370852013565779,0.4370852013565779,1.734465084748325,0.010000000000000009
0.17,accelerate,2.5,0.1313763237255163,0.12242644131796498,-23.991947374558876,-8.449568816466885,0.1429681393473945,0.9429319865910885,0.45514332438240246,0.45514332438240246,1.8061243031047716,0.010000000000000009
0.18000000000000002,accelerate,2.5,0.12744224155876183,0.1254359214624431,-23.99064424962706,-8.44952563144163,0.1421322303476498,1.0,0.47326356,0.47326356,1.87803,0.010000000000000009
0.19000000000000003,accelerate,2.5,0.12512636648413267,0.12525018847545683,-23.98937062260545,-8.44952326682369,0.14153570584022318,1.0,0.47326356,0.47326356,1.87803,0.010000000000000009
0.20000000000000004,accelerate,2.5,0.12798738250939537,0.12689250489581996,-23.988077477488353,-8.449514790889356,0.14123012689584086,1.0,0.47326356,0.47326356,1.87803,0.010000000000000009
0.21000000000000005,accelerate,2.5,0.13680937728045398,0.13284262832660038,-23.98670747213649,-8.449500978213706,0.1412175458468622,1.0,0.47326356,0.47326356,1.87803,0.010000000000000009
0.22000000000000006,accelerate,2.5,0.15357209856707665,0.14528031047088613,-23.98517849495079,-8.449517042361316,0.14139457352503765,1.0,0.47326356,0.47326356,1.87803,0.010000000000000009
0.23000000000000007,accelerate,2.5,0.17287641782209814,0.16183797488161333,-23.983462860708265,-8.449500738119369,0.14169791479791943,1.0,0.47326356,0.47326356,1.87803,0.010000000000000009
0.24000000000000007,accelerate,2.5,0.18932035525988095,0.1783274031085739,-23.981589091855152,-8.449511629008457,0.14212173345981233,1.0,0.47326356,0.47326356,1.87803,0.010000000000000009
0.25000000000000006,accelerate,2.5,0.24309412817914455,0.2171874381509163,-23.979140942467886,-8.449612247532889,0.14180282688429308,1.0,0.47326356,0.47326356,1.87803,0.009999999999999981
0.26000000000000006,accelerate,2.5,0.24150425171748277,0.23177752629085618,-23.976720164856935,-8.449561617846054,0.14171213211681263,1.0,0.47326356,0.47326356,1.87803,0.010000000000000009
0.2700000000000001,accelerate,2.5,0.23663686039949663,0.23469312675604045,-23.974356159383248,-8.449400352611141,0.1418164054420063,1.0,0.47326356,0.47326356,1.87803,0.010000000000000009
0.2800000000000001,accelerate,2.5,0.23392235878049297,0.23423066597071196,-23.972024452317527,-8.44948723498434,0.14206323076680588,1.0,0.47326356,0.47326356,1.87803,0.010000000000000009
0.2900000000000001,accelerate,2.5,0.23198217901467408,0.23288157379708924,-23.96971583355448,-8.449431053077026,0.1423991173548747,1.0,0.47326356,0.47326356,1.87803,0.010000000000000009
0.3000000000000001,accelerate,2.5,0.23535542284877403,0.2343658832281001,-23.967373739637726,-8.449421341373279,0.14272893463300124,1.0,0.47326356,0.47326356,1.87803,0.010000000000000009
0.3100000000000001,accelerate,2.5,0.2421885224970331,0.23905946678945988,-23.964960572649847,-8.449453124178964,0.14298331704767442,1.0,0.47326356,0.47326356,1.87803,0.010000000000000009
0.3200000000000001,accelerate,2.5,0.25013956796484343,0.24570752749469,-23.962466035009427,-8.449477218689427,0.1431898657608221,1.0,0.47326356,0.47326356,1.87803,0.010000000000000009
0.3300000000000001,accelerate,2.5,0.3009994061133177,0.2788826546658666,-23.959425429077992,-8.44964535598847,0.1425356218384195,1.0,0.47326356,0.47326356,1.87803,0.010000000000000009
0.34000000000000014,accelerate,2.5,0.300402720613629,0.29179469423452403,-23.95639972746519,-8.449580126578407,0.14206031317051387,1.0,0.47326356,0.47326356,1.87803,0.010000000000000009
0.35000000000000014,accelerate,2.5,0.2979611179048763,0.2954945484367354,-23.95340720276633,-8.449452485767278,0.14179523850346024,1.0,0.47326356,0.47326356,1.87803,0.010000000000000009
0.36000000000000015,accelerate,2.5,0.297217546518819,0.29652834728598554,-23.95043077691595,-8.449339120116026,0.14175047363002843,1.0,0.47326356,0.47326356,1.87803,0.010000000000000009
0.37000000000000016,accelerate,2.5,0.29974060448246204,0.2984557016038714,-23.94743704612694,-8.449320067326195,0.14189979816094386,1.0,0.47326356,0.47326356,1.87803,0.010000000000000009
0.38000000000000017,accelerate,2.5,0.30817991680550766,0.3042902307248532,-23.944363591030527,-8.449314319465918,0.1421527262267076,1.0,0.47326356,0.47326356,1.87803,0.010000000000000009
0.3900000000000002,accelerate,2.5,0.31997128805833974,0.3136988651249451,-23.941174368238542,-8.449301786077354,0.14244820368043018,1.0,0.47326356,0.47326356,1.87803,0.010000000000000009
0.4000000000000002,accelerate,2.5,0.3527155969483411,0.3371089042189827,-23.93763829424468,-8.449417140717228,0.14233913968052006,1.0,0.47326356,0.47326356,1.87803,0.010000000000000009
0.4100000000000002,accelerate,2.5,0.37663816620279456,0.3608264614092698,-23.9338530321319,-8.449562348390467,0.14197237601713686,1.0,0.47326356,0.47326356,1.87803,0.010000000000000009
0.4200000000000002,accelerate,2.5,0.3730562904665754,0.36816435884365317,-23.93011385787449,-8.449631748265467,0.14183137199350998,1.0,0.47326356,0.47326356,1.87803,0.010000000000000009
0.4300000000000002,accelerate,2.5,0.36918647546183675,0.36877762881456333,-23.926422016783086,-8.449653078929826,0.14190498617888223,1.0,0.47326356,0.47326356,1.87803,0.010000000000000009
0.4400000000000002,accelerate,2.5,0.3674532011691197,0.36798297222729714,-23.922754432154566,-8.449628662180553,0.14214984541967662,1.0,0.47326356,0.47326356,1.87803,0.010000000000000009
0.45000000000000023,accelerate,2.5,0.3701667437737427,0.3692932351551645,-23.919064129801445,-8.449601379338137,0.14249169814608606,1.0,0.47326356,0.47326356,1.87803,0.010000000000000009
0.46000000000000024,accelerate,2.5,0.38003423200045156,0.37573783326233673,-23.915274050812055,-8.44957529855557,0.14280214446630363,1.0,0.47326356,0.47326356,1.87803,0.010000000000000009
0.47000000000000025,accelerate,2.5,0.38927513562453564,0.3838602146796561,-23.911391343344015,-8.44955231721202,0.14310337776439738,1.0,0.47326356,0.47326356,1.87803,0.010000000000000009
0.48000000000000026,accelerate,2.5,0.42665443354590465,0.40953674599940526,-23.90710737329082,-8.449545316045171,0.1428261089765341,1.0,0.47326356,0.47326356,1.87803,0.010000000000000009
0.49000000000000027,accelerate,2.5,0.45509914124398043,0.43687418314615034,-23.90252453380055,-8.449545782820358,0.14214384468677985,1.0,0.47326356,0.47326356,1.87803,0.010000000000000009
0.5000000000000002,accelerate,2.5,0.44814024793900925,0.4436338220218657,-23.898023853724872,-8.449439794404274,0.14172073372229427,1.0,0.47326356,0.47326356,1.87803,0.009999999999999953
0.5100000000000002,accelerate,2.5,0.44089367045449807,0.4419897310814451,-23.89360646172979,-8.449347214212704,0.14157644897087268,1.0,0.47326356,0.47326356,1.87803,0.010000000000000009
0.5200000000000002,accelerate,2.5,0.4362218393596324,0.4385289960483575,-23.889245432207197,-8.449261296373495,0.14169120173773325,1.0,0.47326356,0.47326356,1.87803,0.010000000000000009
0.5300000000000002,accelerate,2.5,0.4360674047602494,0.43705204127549263,-23.8848942134568,-8.449311727161152,0.1420078458288912,1.0,0.47326356,0.47326356,1.87803,0.010000000000000009
0.5400000000000003,accelerate,2.5,0.4442524154297577,0.44137226576805166,-23.880464403672843,-8.449364907661074,0.14238789791767975,1.0,0.47326356,0.47326356,1.87803,0.010000000000000009
0.5500000000000003,accelerate,2.5,0.4561591876452012,0.4502444188943414,-23.875916414914972,-8.449403469462423,0.14277746891645668,1.0,0.47326356,0.47326356,1.87803,0.010000000000000009
0.5600000000000003,accelerate,2.5,0.49031905009374727,0.4742891976139849,-23.871004372401977,-8.449569706084715,0.14271535104819902,1.0,0.47326356,0.47326356,1.87803,0.010000000000000009
0.5700000000000003,accelerate,2.5,0.5164417372691313,0.49958072140707277,-23.86581734164498,-8.44977421800224,0.14232244959949686,1.0,0.47326356,0.47326356,1.87803,0.010000000000000009
0.5800000000000003,accelerate,2.5,0.5157224680896275,0.5092657694166056,-23.860647029716127,-8.449743024606672,0.14212111384754464,1.0,0.47326356,0.47326356,1.87803,0.010000000000000009
0.5900000000000003,accelerate,2.5,0.5134272965650456,0.5117626857056696,-23.85550788894866,-8.449730977704421,0.14211057825926793,1.0,0.47326356,0.47326356,1.87803,0.010000000000000009
0.6000000000000003,accelerate,2.5,0.5130115610343998,0.5125120109029078,-23.850379698575093,-8.449715908446242,0.14226494691462876,1.0,0.47326356,0.47326356,1.87803,0.010000000000000009
0.6100000000000003,accelerate,2.5,0.5154086238752806,0.5142499786863315,-23.845232634775098,-8.449699857823923,0.1425377689556911,1.0,0.47326356,0.47326356,1.87803,0.010000000000000009
0.6200000000000003,accelerate,2.5,0.5239915437260408,0.520094917710157,-23.83999998986747,-8.449682706314888,0.1428160418104045,1.0,0.47326356,0.47326356,1.87803,0.010000000000000009
0.6300000000000003,accelerate,2.5,0.5335256054899481,0.5281533303780317,-23.83467153366872,-8.449669076545883,0.1430856024469509,1.0,0.47326356,0.47326356,1.87803,0.010000000000000009
0.6400000000000003,accelerate,2.5,0.5647556358402408,0.5501147136553571,-23.82900891530516,-8.449509508463928,0.14289842909561234,1.0,0.47326356,0.47326356,1.87803,0.010000000000000009
0.6500000000000004,accelerate,2.5,0.5888634169834716,0.5733639356522258,-23.823092997927606,-8.44926272279994,0.14238725207008684,1.0,0.47326356,0.47326356,1.87803,0.010000000000000009
0.6600000000000004,accelerate,2.5,0.5858746458088366,0.5808703617461923,-23.817217289829735,-8.449031796512468,0.1420857735635348,1.0,0.47326356,0.47326356,1.87803,0.010000000000000009
0.6700000000000004,accelerate,2.5,0.582200936488174,0.5816687065913813,-23.811387509103106,-8.448889521616076,0.14200751745042067,1.0,0.47326356,0.47326356,1.87803,0.010000000000000009
0.6800000000000004,accelerate,2.5,0.5801316695677269,0.5807464843771886,-23.805585934981977,-8.448959454725994,0.14212635765752607,1.0,0.47326356,0.47326356,1.87803,0.010000000000000009
0.6900000000000004,accelerate,2.5,0.5823071329297971,0.5816828735087537,-23.799768422589274,-8.449023687878796,0.14238402010066928,1.0,0.47326356,0.47326356,1.87803,0.010000000000000009
0.7000000000000004,accelerate,2.5,0.5905210715252845,0.5869857923186722,-23.79387116439194,-8.449086192694704,0.1426946261616438,1.0,0.47326356,0.47326356,1.87803,0.010000000000000009
0.7100000000000004,accelerate,2.5,0.6018644212245431,0.5959129696621948,-23.78786056927786,-8.44913305134458,0.14300808776900983,1.0,0.47326356,0.47326356,1.87803,0.010000000000000009
0.7200000000000004,accelerate,2.5,0.6523999965625112,0.6298051858023846,-23.7813057320837,-8.449432669882249,0.14249333309343784,1.0,0.47326356,0.47326356,1.87803,0.010000000000000009
0.7300000000000004,accelerate,2.5,0.6519614465614381,0.6430989422578167,-23.774766149486044,-8.449696099932982,0.14217416689657866,1.0,0.47326356,0.47326356,1.87803,0.010000000000000009
0.7400000000000004,accelerate,2.5,0.6502621499332198,0.6473968668630585,-23.768253553643728,-8.449725922887456,0.14207033538242397,1.0,0.47326356,0.47326356,1.87803,0.010000000000000009
0.7500000000000004,accelerate,2.5,0.6480231603188632,0.6477726429365414,-23.761771085312695,-8.449707532894843,0.14215367384138505,1.0,0.47326356,0.47326356,1.87803,0.010000000000000009
0.7600000000000005,accelerate,2.5,0.6497103211026095,0.6489352498361822,-23.755277590397334,-8.449682968344616,0.14237861671517785,1.0,0.47326356,0.47326356,1.87803,0.010000000000000009
0.7700000000000005,accelerate,2.5,0.6570171044570137,0.653784362608681,-23.748712853373434,-8.449648580285842,0.14264828097070614,1.0,0.47326356,0.47326356,1.87803,0.010000000000000009
0.7800000000000005,accelerate,2.5,0.6672553957940609,0.6618669825199089,-23.742044952572645,-8.449620232285369,0.14290564425359858,1.0,0.47326356,0.47326356,1.87803,0.010000000000000009
0.7900000000000005,accelerate,2.5,0.6766293819333383,0.6707244221679666,-23.735283447926154,-8.44959591972998,0.1431707140494923,1.0,0.47326356,0.47326356,1.87803,0.010000000000000009
0.8000000000000005,accelerate,2.5,0.72519004822377,0.7034037978014487,-23.727999447729893,-8.44933354904206,0.14262718394096122,1.0,0.47326356,0.47326356,1.87803,0.010000000000000009
0.8100000000000005,accelerate,2.5,0.7241985960751909,0.715880676765694,-23.7207356265508,-8.449101273250974,0.14226304188455113,1.0,0.47326356,0.47326356,1.87803,0.010000000000000009
0.8200000000000005,accelerate,2.5,0.720955002229083,0.7189252720437274,-23.71351353090234,-8.448878370788481,0.14210405519940866,1.0,0.47326356,0.47326356,1.87803,0.010000000000000009
0.8300000000000005,accelerate,2.5,0.7185450637494677,0.7186971470671716,-23.706323268914094,-8.448807571600732,0.14213539502345826,1.0,0.47326356,0.47326356,1.87803,0.010000000000000009
0.8400000000000005,accelerate,2.5,0.7200208765228981,0.7194913847406075,-23.699123448046,-8.448755801536674,0.14229815222751824,1.0,0.47326356,0.47326356,1.87803,0.010000000000000009
0.8500000000000005,accelerate,2.5,0.7262635577089465,0.7235546885216109,-23.69186382975252,-8.448729429270324,0.1425286176602733,1.0,0.47326356,0.47326356,1.87803,0.010000000000000009
0.8600000000000005,accelerate,2.5,0.7345867345216395,0.7301739161216281,-23.684522716178098,-8.448707537511519,0.14280307438417092,1.0,0.47326356,0.47326356,1.87803,0.010000000000000009
0.8700000000000006,accelerate,2.5,0.7857493891145026,0.7635191999173527,-23.67663316365138,-8.448931909367314,0.14224721661829806,1.0,0.47326356,0.47326356,1.87803,0.010000000000000009
0.8800000000000006,accelerate,2.5,0.783998073899226,0.7758065243064767,-23.6687725437282,-8.44914489370892,0.14191333683075968,1.0,0.47326356,0.47326356,1.87803,0.010000000000000009
0.8900000000000006,accelerate,2.5,0.780437827317747,0.7785853061132388,-23.660957543931424,-8.449345291556526,0.14181621020499255,1.0,0.47326356,0.47326356,1.87803,0.010000000000000009
0.9000000000000006,accelerate,2.5,0.7782299606705457,0.778372098847623,-23.653173220714244,-8.449529483351593,0.14193777361113846,1.0,0.47326356,0.47326356,1.87803,0.010000000000000009
0.9100000000000006,accelerate,2.5,0.7800095908913015,0.7793545940738301,-23.645377594812878,-8.44961606744918,0.14221473496346868,1.0,0.47326356,0.47326356,1.87803,0.010000000000000009
0.9200000000000006,accelerate,2.5,0.7864056675678576,0.7835852381702466,-23.637521125440152,-8.449606558585684,0.1425603913174261,1.0,0.47326356,0.47326356,1.87803,0.010000000000000009
0.9300000000000006,accelerate,2.5,0.7963663149101291,0.7912538842141761,-23.629565240313788,-8.449605645439716,0.14291414924826942,1.0,0.47326356,0.47326356,1.87803,0.010000000000000009
0.9400000000000006,accelerate,2.5,0.8478209114138644,0.8251941005339891,-23.621056838905865,-8.449327389311774,0.1424027386676328,1.0,0.47326356,0.47326356,1.87803,0.010000000000000009
0.9500000000000006,accelerate,2.5,0.8460479778048626,0.8377064268965132,-23.612576819188355,-8.449078242095236,0.14209060866552464,1.0,0.47326356,0.47326356,1.87803,0.010000000000000009
0.9600000000000006,accelerate,2.5,0.8427288607291217,0.8407198871960784,-23.604139381884583,-8.44883756142578,0.14199588043370073,1.0,0.47326356,0.47326356,1.87803,0.010000000000000009
0.9700000000000006,accelerate,2.5,0.840378578163258,0.8405151017763861,-23.595733387878774,-8.44860693073677,0.1421031080363542,1.0,0.47326356,0.47326356,1.87803,0.010000000000000009
0.9800000000000006,accelerate,2.5,0.8417086476458844,0.8412312292980851,-23.587319779906537,-8.448388728675244,0.14235431831832152,1.0,0.47326356,0.47326356,1.87803,0.010000000000000009
0.9900000000000007,accelerate,2.5,0.8474121196705761,0.8449397635215796,-23.578851869694283,-8.448184978488088,0.14267314454487479,1.0,0.47326356,0.47326356,1.87803,0.010000000000000009
1.0000000000000007,accelerate,2.5,0.880193261300361,0.8660918621888485,-23.5700340669741,-8.448137055696428,0.14251794182083244,1.0,0.47326356,0.47326356,1.87803,0.010000000000000009
1.0100000000000007,accelerate,2.5,0.9037540201459972,0.8886891569631377,-23.56096827319273,-8.448361862217949,0.142042364190982,1.0,0.47326356,0.47326356,1.87803,0.010000000000000009
1.0200000000000007,accelerate,2.5,0.9008041990795255,0.8959581822329704,-23.551942678637822,-8.448557001345124,0.14179857921701622,1.0,0.47326356,0.47326356,1.87803,0.010000000000000009
1.0300000000000007,accelerate,2.5,0.8973364584471081,0.896785147961453,-23.54296129765266,-8.448740785621112,0.14179672705520605,1.0,0.47326356,0.47326356,1.87803,0.010000000000000009
1.0400000000000007,accelerate,2.5,0.8962187194767212,0.8964452908706139,-23.53399924745686,-8.448910820919899,0.1420056592441964,1.0,0.47326356,0.47326356,1.87803,0.010000000000000009
1.0500000000000007,accelerate,2.5,0.9014541028077003,0.8994505780328658,-23.524989073747246,-8.449048945482875,0.14231900094674557,1.0,0.47326356,0.47326356,1.87803,0.010000000000000009
1.0600000000000007,accelerate,2.5,0.9087186986209059,0.9050114503856899,-23.51590937284699,-8.449158862029254,0.1427040291154864,1.0,0.47326356,0.47326356,1.87803,0.010000000000000009
1.0700000000000007,accelerate,2.5,0.9428005185793027,0.9276848913018575,-23.5064675463741,-8.448981237070761,0.14261404547804815,1.0,0.47326356,0.47326356,1.87803,0.010000000000000009
1.0800000000000007,accelerate,2.5,0.967285714535443,0.9514453852420088,-23.49676867752221,-8.448677583122608,0.1421851060963056,1.0,0.47326356,0.47326356,1.87803,0.010000000000000009
1.0900000000000007,accelerate,2.5,0.9653768995094859,0.9598042938024951,-23.48709917924821,-8.44839018556734,0.1419676116428077,1.0,0.47326356,0.47326356,1.87803,0.010000000000000009
1.1000000000000008,accelerate,2.5,0.9620745848379527,0.9611664684237697,-23.47747167503821,-8.448112509841607,0.14196985012517876,1.0,0.47326356,0.47326356,1.87803,0.010000000000000009
1.1100000000000008,accelerate,2.5,0.9605355741242603,0.9607879318440641,-23.467866912958932,-8.44784840903572,0.142162984687688,1.0,0.47326356,0.47326356,1.87803,0.010000000000000009
1.1200000000000008,accelerate,2.5,0.964590615613254,0.9630695421055779,-23.458225084318208,-8.447611942528635,0.14245009790520718,1.0,0.47326356,0.47326356,1.87803,0.010000000000000009
1.1300000000000008,accelerate,2.5,0.9702798446575116,0.9673957236367381,-23.448529152776974,-8.447388225310302,0.1428077300180019,1.0,0.47326356,0.47326356,1.87803,0.010000000000000009
1.1400000000000008,accelerate,2.5,1.0236765962510868,1.0011642472053472,-23.438258333935003,-8.44748385171113,0.14223935068435656,1.0,0.47326356,0.47326356,1.87803,0.010000000000000009
1.1500000000000008,accelerate,2.5,1.0208176997440441,1.0129563187285653,-23.428027765982655,-8.447561127675089,0.14189437207471572,1.0,0.47326356,0.47326356,1.87803,0.010000000000000009
1.1600000000000008,accelerate,2.5,1.0171103032358249,1.015448709432921,-23.417844328081895,-8.447641544533022,0.1417928790659441,1.0,0.47326356,0.47326356,1.87803,0.010000000000000009
1.1700000000000008,accelerate,2.5,1.0145408332596129,1.0149039837289362,-23.4076951750245,-8.44772339646862,0.1419181367215442,1.0,0.47326356,0.47326356,1.87803,0.010000000000000009
1.1800000000000008,accelerate,2.5,1.015243586558726,1.01510774542681,-23.39754601354397,-8.447803759995626,0.142223853382574,1.0,0.47326356,0.47326356,1.87803,0.010000000000000009
1.1900000000000008,accelerate,2.5,1.0245946465487017,1.020799886099945,-23.387303722811772,-8.447871706212124,0.14254842725847156,1.0,0.47326356,0.47326356,1.87803,0.010000000000000009
1.2000000000000008,accelerate,2.5,1.0353083922728394,1.0295049898036817,-23.376954091687907,-8.447931755871995,0.14288010562011458,1.0,0.47326356,0.47326356,1.87803,0.010000000000000009
1.2100000000000009,accelerate,2.5,1.0691941738458686,1.0533185002289938,-23.36624380669546,-8.447850936510907,0.14274178062598433,1.0,0.47326356,0.47326356,1.87803,0.010000000000000009
1.2200000000000009,accelerate,2.5,1.094536244748784,1.078049146940868,-23.35526869013122,-8.447649726661325,0.14226714898500709,1.0,0.47326356,0.47326356,1.87803,0.010000000000000009
1.2300000000000009,accelerate,2.5,1.0919000742805867,1.0863597033446992,-23.34433083598363,-8.447466310367533,0.1420042806179584,1.0,0.47326356,0.47326356,1.87803,0.010000000000000009
1.2400000000000009,accelerate,2.5,1.08790584931492,1.0872873909268317,-23.33344225968143,-8.447287117558984,0.14196431895597075,1.0,0.47326356,0.47326356,1.87803,0.010000000000000009
1.2500000000000009,accelerate,2.5,1.0853698937212786,1.0861368926034998,-23.322586714669185,-8.447100746305797,0.14212240319812802,1.0,0.47326356,0.47326356,1.87803,0.010000000000000009
1.260000000000001,accelerate,2.5,1.087497575228046,1.0869533021782276,-23.31171444330391,-8.446928401152217,0.14240286569845345,1.0,0.47326356,0.47326356,1.87803,0.010000000000000009
1.270000000000001,accelerate,2.5,1.0953171907438874,1.0919716353176234,-23.300764611724826,-8.446777246708466,0.14271357847622576,1.0,0.47326356,0.47326356,1.87803,0.010000000000000009
1.280000000000001,accelerate,2.5,1.1059607180073232,1.1003650849314432,-23.28970715262522,-8.446621946695576,0.1430128087174713,1.0,0.47326356,0.47326356,1.87803,0.010000000000000009
1.290000000000001,accelerate,2.5,1.1577877970657264,1.134818712212013,-23.278091176080785,-8.446737793974306,0.14243623377709574,1.0,0.47326356,0.47326356,1.87803,0.010000000000000009
1.300000000000001,accelerate,2.5,1.1567402253221013,1.147971620078066,-23.26649722887573,-8.446832138971732,0.1420571518713848,1.0,0.47326356,0.47326356,1.87803,0.010000000000000009
1.310000000000001,accelerate,2.5,1.153496737134686,1.151286690312038,-23.254945861889237,-8.446920113832318,0.14190489581685245,1.0,0.47326356,0.47326356,1.87803,0.010000000000000009
1.320000000000001,accelerate,2.5,1.1508107232393854,1.1510011100684463,-23.243429986755395,-8.446998953770086,0.14197254119366784,1.0,0.47326356,0.47326356,1.87803,0.010000000000000009
1.330000000000001,accelerate,2.5,1.1507349200237524,1.15084139604163,-23.23192191664415,-8.447063679848787,0.14222287579992496,1.0,0.47326356,0.47326356,1.87803,0.010000000000000009
1.340000000000001,accelerate,2.5,1.1560003174350828,1.1539367488777017,-23.220364648884136,-8.447108339790963,0.14256291942590288,1.0,0.47326356,0.47326356,1.87803,0.010000000000000009
1.350000000000001,accelerate,2.5,1.16614364847521,1.1612608886362066,-23.208705588693455,-8.44715231429671,0.14290986598520808,1.0,0.47326356,0.47326356,1.87803,0.010000000000000009
1.360000000000001,accelerate,2.5,1.2196236033344592,1.1962785174551582,-23.19647449775705,-8.446890020709668,0.14234960399154165,1.0,0.47326356,0.47326356,1.87803,0.010000000000000009
1.370000000000001,accelerate,2.5,1.2178405041010678,1.209215709442704,-23.18427281350867,-8.446651457419085,0.14199472705692168,1.0,0.47326356,0.47326356,1.87803,0.010000000000000009
1.380000000000001,accelerate,2.5,1.2145133969143542,1.2123943219256943,-23.17211461849736,-8.446410686154,0.14187174865428895,1.0,0.47326356,0.47326356,1.87803,0.010000000000000009
1.390000000000001,accelerate,2.5,1.2115877876757664,1.2119104013757376,-23.159994191358386,-8.446169075266306,0.14196957556284806,1.0,0.47326356,0.47326356,1.87803,0.010000000000000009
1.400000000000001,accelerate,2.5,1.211386271047327,1.2115959231786912,-23.147882574225,-8.445925542136894,0.14224725991727477,1.0,0.47326356,0.47326356,1.87803,0.010000000000000009
1.410000000000001,accelerate,2.5,1.218384308616652,1.2156689544414676,-23.135702334463822,-8.445696460939876,0.14257437409279167,1.0,0.47326356,0.47326356,1.87803,0.010000000000000009
1.420000000000001,accelerate,2.5,1.2289771657428932,1.223653881222323,-23.123415103290732,-8.445470040219245,0.1428961843851676,1.0,0.47326356,0.47326356,1.87803,0.010000000000000009
1.430000000000001,accelerate,2.5,1.2619547693025719,1.2466344140704724,-23.11077501033097,-8.44537457861028,0.14275175103796717,1.0,0.47326356,0.47326356,1.87803,0.010000000000000009
1.440000000000001,accelerate,2.5,1.2851415187306057,1.2697386768665524,-23.097890495624135,-8.445416660038923,0.14227732166063695,1.0,0.47326356,0.47326356,1.87803,0.010000000000000009
1.450000000000001,accelerate,2.5,1.2837371812006444,1.2781377794670075,-23.085030957568396,-8.445434092651993,0.14200890990302945,1.0,0.47326356,0.47326356,1.87803,0.010000000000000009
1.460000000000001,accelerate,2.5,1.2804295349968382,1.279512832784906,-23.072213867457993,-8.445448542084907,0.14196424364273247,1.0,0.47326356,0.47326356,1.87803,0.010000000000000009
1.470000000000001,accelerate,2.5,1.2783860189466876,1.2788367444819748,-23.059424848084635,-8.445466021328697,0.1421210468953246,1.0,0.47326356,0.47326356,1.87803,0.010000000000000009
1.480000000000001,accelerate,2.5,1.2807630322311092,1.2799925171314555,-23.046616668950858,-8.445453084034707,0.14239916716603607,1.0,0.47326356,0.47326356,1.87803,0.010000000000000009
1.490000000000001,accelerate,2.5,1.2887465126487514,1.285244914441833,-23.03372945844057,-8.445422811708818,0.1427114046431482,1.0,0.47326356,0.47326356,1.87803,0.010000000000000009
1.500000000000001,accelerate,2.5,1.323639106705263,1.308281429799891,-23.020473966274686,-8.445169208343756,0.14256138708649516,1.0,0.47326356,0.47326356,1.87803,0.010000000000000009
1.5100000000000011,accelerate,2.5,1.3470860159249765,1.3315641814749424,-23.006975143500046,-8.444810423988777,0.14212032188598342,1.0,0.47326356,0.47326356,1.87803,0.010000000000000009
1.5200000000000011,accelerate,2.5,1.3429296484778868,1.338383461676709,-22.993528946673642,-8.444454100439936,0.1419055746860915,1.0,0.47326356,0.47326356,1.87803,0.010000000000000009
1.5300000000000011,accelerate,2.5,1.339574012113961,1.3390977919390603,-22.980125248473733,-8.444109720870635,0.1419130603496078,1.0,0.47326356,0.47326356,1.87803,0.010000000000000009
1.5400000000000011,accelerate,2.5,1.338606164453309,1.3388028154476095,-22.9667383608794,-8.443772716028196,0.14211120478868805,1.0,0.47326356,0.47326356,1.87803,0.010000000000000009
1.5500000000000012,accelerate,2.5,1.343708811591602,1.341746413134005,-22.95330316433077,-8.443457281623036,0.14239571794940878,1.0,0.47326356,0.47326356,1.87803,0.010000000000000009
1.5600000000000012,accelerate,2.5,1.3510372512533961,1.3473209160056396,-22.93979607348335,-8.443157986495095,0.14273329245327002,1.0,0.47326356,0.47326356,1.87803,0.010000000000000009
1.5700000000000012,accelerate,2.5,1.38457913422078,1.3696758469347239,-22.925930116401055,-8.442991665107352,0.14259456733712622,1.0,0.47326356,0.47326356,1.87803,0.010000000000000009
1.5800000000000012,accelerate,2.5,1.4082309891173157,1.392808932244279,-22.911815329056587,-8.442966237093529,0.14213806090942785,1.0,0.47326356,0.47326356,1.87803,0.010000000000000009
1.5900000000000012,accelerate,2.5,1.4056820592434958,1.4005328084438091,-22.89773714711473,-8.442929088340874,0.14190262779552187,1.0,0.47326356,0.47326356,1.87803,0.010000000000000009
1.6000000000000012,accelerate,2.5,1.4019684613131649,1.4013942001654227,-22.883705433645126,-8.442890047834776,0.14189776304961366,1.0,0.47326356,0.47326356,1.87803,0.010000000000000009
1.6100000000000012,accelerate,2.5,1.4000497094077078,1.400587505710794,-22.869700485990304,-8.442848514980133,0.1420965801405015,1.0,0.47326356,0.47326356,1.87803,0.010000000000000009
1.6200000000000012,accelerate,2.5,1.4029402760920446,1.4019991679395443,-22.85567089457616,-8.442798926021084,0.14241409188087878,1.0,0.47326356,0.47326356,1.87803,0.010000000000000009
1.6300000000000012,accelerate,2.5,1.413530675607622,1.408918072540391,-22.84153412003372,-8.442741654898963,0.14272326709043873,1.0,0.47326356,0.47326356,1.87803,0.010000000000000009
1.6400000000000012,accelerate,2.5,1.4234819340778087,1.4176563894628416,-22.827297320015134,-8.44267822608902,0.14304215479864063,1.0,0.47326356,0.47326356,1.87803,0.010000000000000009
1.6500000000000012,accelerate,2.5,1.475331805269238,1.4522616389466794,-22.812507008508565,-8.442336668027728,0.14248512055024826,1.0,0.47326356,0.47326356,1.87803,0.010000000000000009
1.6600000000000013,accelerate,2.5,1.4747205414582643,1.4657369804536304,-22.79773403888809,-8.442016661251468,0.14210965327759392,1.0,0.47326356,0.47326356,1.87803,0.010000000000000009
1.6700000000000013,accelerate,2.5,1.4717846271869839,1.4693655684936426,-22.783000479531864,-8.441702047915363,0.14195121067069388,1.0,0.47326356,0.47326356,1.87803,0.010000000000000009
1.6800000000000013,accelerate,2.5,1.468836251485851,1.4690479782889678,-22.768304707473465,-8.441394392012501,0.1420073071234665,1.0,0.47326356,0.47326356,1.87803,0.010000000000000009
1.6900000000000013,accelerate,2.5,1.468887286086404,1.4689515629674295,-22.753613857320644,-8.441107171838594,0.142221380375037,1.0,0.47326356,0.47326356,1.87803,0.010000000000000009
1.7000000000000013,accelerate,2.5,1.4741975889962282,1.4720991785847088,-22.73887167683433,-8.440848465370108,0.1425080553726788,1.0,0.47326356,0.47326356,1.87803,0.010000000000000009
1.7100000000000013,accelerate,2.5,1.505653964742028,1.4922320502791004,-22.723793686744752,-8.440743981239219,0.1423502430978641,1.0,0.47326356,0.47326356,1.87803,0.010000000000000009
1.7200000000000013,accelerate,2.5,1.5297028721933736,1.5147145434276643,-22.708464305418513,-8.440761387752799,0.14188906269777032,1.0,0.47326356,0.47326356,1.87803,0.010000000000000009
1.7300000000000013,accelerate,2.5,1.5254205359485808,1.521138138940214,-22.693189726106326,-8.440773321923793,0.14169129197387723,1.0,0.47326356,0.47326356,1.87803,0.010000000000000009
1.7400000000000013,accelerate,2.5,1.5208417686589035,1.5209603167714278,-22.677970694773432,-8.440798211768426,0.14175226720742318,1.0,0.47326356,0.47326356,1.87803,0.010000000000000009
1.7500000000000013,accelerate,2.5,1.5197503663248264,1.5202343465034671,-22.662770045318883,-8.440818445492964,0.14201811622913524,1.0,0.47326356,0.47326356,1.87803,0.010000000000000009
1.7600000000000013,accelerate,2.5,1.5249331541168443,1.5230536310714935,-22.647521032392145,-8.440830021276023,0.14238553627265788,1.0,0.47326356,0.47326356,1.87803,0.010000000000000009
1.7700000000000014,accelerate,2.5,1.5362814417832804,1.5309903174985657,-22.632157025831084,-8.440831986182072,0.14274131932446943,1.0,0.47326356,0.47326356,1.87803,0.010000000000000009
1.7800000000000014,accelerate,2.5,1.5462665030065585,1.5401560288033616,-22.61669278213648,-8.440827398723002,0.14311077907776035,1.0,0.47326356,0.47326356,1.87803,0.010000000000000009
1.7900000000000014,accelerate,2.5,1.6110954151971988,1.5827196606396639,-22.600532868842347,-8.440778910233744,0.14235433635211112,0.9971454650888021,0.47235718807499644,0.47235718807499644,1.8744332860118906,0.010000000000000009
1.8000000000000014,accelerate,2.5,1.606961099670996,1.5972645240584633,-22.584430475829784,-8.440723523678027,0.14183900228532395,0.9935012976063083,0.471200092015955,0.471200092015955,1.8698416349839484,0.010000000000000009
1.8100000000000014,accelerate,2.5,1.5988892374718364,1.598239352106487,-22.568421945226454,-8.440657172714477,0.14160887148928097,0.9963835789462114,0.4721152739870011,0.4721152739870011,1.8734733094722265,0.010000000000000009
1.8200000000000014,accelerate,2.5,1.5912102664134131,1.5940219006906426,-22.55250023443839,-8.440596174133708,0.14165308332491205,1.0,0.47326356,0.47326356,1.87803,0.010000000000000009
1.8300000000000014,accelerate,2.5,1.58779649667088,1.5902866582787851,-22.5366199646929,-8.440535270291862,0.14191302531848193,1.0,0.47326356,0.47326356,1.87803,0.010000000000000009
1.8400000000000014,accelerate,2.5,1.5908055637419283,1.5905980015566712,-22.52071351762382,-8.440461806747521,0.14229403188291367,1.0,0.47326356,0.47326356,1.87803,0.010000000000000009
1.8500000000000014,accelerate,2.5,1.6019988154347349,1.5974384898835092,-22.504693196969292,-8.440385009909528,0.14266045480379755,1.0,0.47326356,0.47326356,1.87803,0.010000000000000009
1.8600000000000014,accelerate,2.5,1.6121133007152388,1.606243376382547,-22.488571081580197,-8.440304783076096,0.14304297673072797,1.0,0.47326356,0.47326356,1.87803,0.010000000000000009
1.8700000000000014,accelerate,2.5,1.6791496783460698,1.6499871575606608,-22.471729357588664,-8.440227183627883,0.1422647524458341,0.9960257917836168,0.472001669407134,0.472001669407134,1.873022497647357,0.010000000000000009
1.8800000000000014,accelerate,2.5,1.6754260300423798,1.665250481049692,-22.45494147544144,-8.440145080018668,0.1417415753213322,0.990630637040954,0.4702885998732437,0.4702885998732437,1.8662246026716018,0.010000000000000009
1.8900000000000015,accelerate,2.5,1.6680321750808285,1.6669194974683739,-22.438241079985875,-8.440060516872943,0.14151680126404814,0.9912648360954811,0.47048997075703725,0.47048997075703725,1.8670236934803066,0.010000000000000009
1.9000000000000015,accelerate,2.5,1.6607327009202182,1.6632074195394804,-22.42162434847778,-8.439986525491333,0.14158324315666745,0.9995897205487821,0.4731332880686493,0.4731332880686493,1.8775130478914654,0.010000000000000009
1.9100000000000015,accelerate,2.5,1.6575508286421143,1.6598134650010608,-22.405047100343943,-8.43990174126398,0.1418719184488009,1.0,0.47326356,0.47326356,1.87803,0.010000000000000009
1.9200000000000015,accelerate,2.5,1.662025792266418,1.6611408613602752,-22.388428223897286,-8.439815673907791,0.14226376793283774,1.0,0.47326356,0.47326356,1.87803,0.010000000000000009
1.9300000000000015,accelerate,2.5,1.6738711839065281,1.6687790548880268,-22.371688428805378,-8.439725867692268,0.14262934004912498,1.0,0.47326356,0.47326356,1.87803,0.010000000000000009
1.9400000000000015,accelerate,2.5,1.6839384590604605,1.6778746973914869,-22.354847111936927,-8.439634337953398,0.14300654008691221,1.0,0.47326356,0.47326356,1.87803,0.010000000000000009
1.9500000000000015,accelerate,2.5,1.7384811115562226,1.7142385458903284,-22.337419788205814,-8.439775630693902,0.14247539732663106,0.9967234075265347,0.4722231763578253,0.4722231763578253,1.8739014934834337,0.010000000000000009
1.9600000000000015,accelerate,2.5,1.7383944090662116,1.7287320637958583,-22.320005233485098,-8.439922470196,0.14212988635358303,0.9918484316470716,0.4706752740165782,0.4706752740165782,1.8677590238753103,0.010000000000000009
1.9700000000000015,accelerate,2.5,1.7354936169295054,1.7327889956760467,-22.30262989959573,-8.440050285065006,0.1419962272504856,0.9911768679410293,0.47046203910863565,0.47046203910863565,1.866912853605697,0.010000000000000009
1.9800000000000015,accelerate,2.5,1.732570849036869,1.73265810769254,-22.285292073626856,-8.440165939274547,0.14207016539520825,0.9960801190776393,0.472018919409532,0.472018919409532,1.8730909500378254,0.010000000000000009
1.9900000000000015,accelerate,2.5,1.7327455934055493,1.7327105991203455,-22.267957869241414,-8.440262907077859,0.14229405845650195,1.0,0.47326356,0.47326356,1.87803,0.010000000000000009
2.0000000000000013,accelerate,2.5,1.7384357304614328,1.736145677924998,-22.250569251294078,-8.440238544371946,0.142597078979,1.0,0.47326356,0.47326356,1.87803,0.009999999999999787
2.010000000000001,accelerate,2.5,1.7678327031357617,1.7551578930514564,-22.23286806843579,-8.440066426633619,0.1424693029976906,1.0,0.47326356,0.47326356,1.87803,0.009999999999999787
2.020000000000001,accelerate,2.5,1.7911510836765296,1.7767538074265004,-22.214924192088272,-8.439760583872491,0.1420293649826621,0.9968058687763954,0.47224935945388113,0.47224935945388113,1.8740053946582584,0.009999999999999787
2.0300000000000007,accelerate,2.5,1.7870378295313183,1.7829242206893912,-22.19703290811642,-8.439443534205108,0.1418348061296657,0.9960121160498796,0.4719973270881578,0.4719973270881578,1.8730052662228482,0.009999999999999787
2.0400000000000005,accelerate,2.5,1.7831594635051173,1.783065366378827,-22.179189535422942,-8.439119909299992,0.14187616108209528,1.0,0.47326356,0.47326356,1.87803,0.009999999999999787
2.0500000000000003,accelerate,2.5,1.7826556340323954,1.782819526970968,-22.16135778807388,-8.4388086295506,0.14210683234383706,1.0,0.47326356,0.47326356,1.87803,0.009999999999999787
2.06,accelerate,2.5,1.788968525680375,1.786508926196612,-22.143464762320317,-8.438522173297375,0.14241372952729975,1.0,0.47326356,0.47326356,1.87803,0.009999999999999787
2.07,accelerate,2.5,1.7983579836121772,1.7936183606459513,-22.125477327704164,-8.43824486062179,0.1427409716854196,1.0,0.47326356,0.47326356,1.87803,0.009999999999999787
2.0799999999999996,accelerate,2.5,1.8319496605590886,1.8166171405938338,-22.107131785252502,-8.438101948371,0.14260134890225293,0.9999445612333656,0.47324595708281836,0.47324595708281836,1.877960147154041,0.009999999999999787
2.0899999999999994,accelerate,2.5,1.8558950146468907,1.840183865025668,-22.088535828566876,-8.43810655277037,0.14213690208150842,0.9920756926648698,0.47074743393494944,0.47074743393494944,1.868045372757736,0.009999999999999787
2.099999999999999,accelerate,2.5,1.8539081620806699,1.848418443258669,-22.069971566228414,-8.438095234402212,0.14189444989117803,0.985993811400238,0.46881631499580356,0.46881631499580356,1.8603822023642997,0.009999999999999787
2.109999999999999,accelerate,2.5,1.8499777044672814,1.8493539999838364,-22.051456396733407,-8.438079701989862,0.14188875782728036,0.9851888544377572,0.4685607250610767,0.4685607250610767,1.8593679565915742,0.009999999999999787
2.1199999999999988,accelerate,2.5,1.847390943835258,1.8481761662946894,-22.032974625822863,-8.438062409955894,0.1420912171314726,0.9897295518915792,0.4700024873166142,0.4700024873166142,1.8650892353833897,0.009999999999999787
2.1299999999999986,accelerate,2.5,1.850048434581707,1.8492995272669,-22.014470010260137,-8.43803060960606,0.14241103103396385,0.9973238785704412,0.4724138379236865,0.4724138379236865,1.874658086998756,0.009999999999999787
2.1399999999999983,accelerate,2.5,1.8585577129634647,1.8548544386848387,-21.99587965570981,-8.437982510780937,0.1427476290770043,1.0,0.47326356,0.47326356,1.87803,0.009999999999999787
2.149999999999998,accelerate,2.5,1.868227896396241,1.86287851331168,-21.977190956282318,-8.43793251669483,0.1430835563992162,1.0,0.47326356,0.47326356,1.87803,0.009999999999999787
2.159999999999998,accelerate,2.5,1.9216507741507722,1.8981418698151353,-21.957931043692376,-8.437598050255314,0.1425064506827157,0.9906738975884657,0.4703023359622896,0.4703023359622896,1.8662791109614667,0.009999999999999787
2.1699999999999977,accelerate,2.5,1.920554799423997,1.9115896275804523,-21.938694259447807,-8.437286420666831,0.1421145713521535,0.9802314721660876,0.4669866570421762,0.4669866570421762,1.8531216549292706,0.009999999999999787
2.1799999999999975,accelerate,2.5,1.9172429023070707,1.9149815924164233,-21.919501156327197,-8.436981392032738,0.14194622076949295,0.9741817032478775,0.4650657344152661,0.4650657344152661,1.845498946092326,0.009999999999999787
2.1899999999999973,accelerate,2.5,1.9138590375308542,1.9143080594850819,-21.900350503364166,-8.436669487785547,0.14199865161731834,0.9737973570846619,0.4649436968215218,0.4649436968215218,1.8450146699266738,0.009999999999999787
2.199999999999997,accelerate,2.5,1.913529446363472,1.913840891612116,-21.881208955720655,-8.436371778294307,0.14222302089595174,0.9778396585497305,0.4662272083827105,0.4662272083827105,1.8501079697726606,0.009999999999999787
2.209999999999997,accelerate,2.5,1.918930960673866,1.916894933049166,-21.86201502745707,-8.436102379987807,0.14252419739065245,0.9835427013116788,0.4680380385204843,0.4680380385204843,1.8572938036527156,0.009999999999999787
2.2199999999999966,accelerate,2.5,1.9266359399926607,1.922739537215263,-21.84274378346118,-8.435860546582541,0.14286057077604153,0.9890600077610312,0.46978989366428264,0.46978989366428264,1.8642456097788993,0.009999999999999787
2.2299999999999964,accelerate,2.5,1.9829798897574662,1.9588837487405848,-21.822868342802032,-8.435887236745728,0.14224697699584327,0.9781775229939591,0.46633448710104186,0.46633448710104186,1.8505336789723883,0.009999999999999787
2.239999999999996,accelerate,2.5,1.9802821229640895,1.9717227732746876,-21.803033666951542,-8.43590600110612,0.14186416199521554,0.9663904708133723,0.46259186229266197,0.46259186229266197,1.8356819932248492,0.009999999999999787
2.249999999999996,accelerate,2.5,1.9751003073686528,1.9737492937310668,-21.783262115139923,-8.435923670271784,0.14173955577482295,0.959574581211817,0.46042768102637616,0.46042768102637616,1.8270939723268895,0.009999999999999787
2.259999999999996,accelerate,2.5,1.9707201233406797,1.9719317914968346,-21.76354337554647,-8.435941848556123,0.14186150630216407,0.9587779881697694,0.46017474680366516,0.46017474680366516,1.8260902650939093,0.009999999999999787
2.2699999999999956,accelerate,2.5,1.9699393429476901,1.970736322367348,-21.7438387165134,-8.435950914122088,0.14216961740139006,0.9624767671799288,0.4613491831149711,0.4613491831149711,1.8307507266467107,0.009999999999999787
2.2799999999999954,accelerate,2.5,1.9764957330264268,1.9741919687627951,-21.724069699955677,-8.435937529802029,0.1425382874904904,0.9672918653099206,0.462878073073206,0.462878073073206,1.8368177502904999,0.009999999999999787
2.289999999999995,accelerate,2.5,1.9862188426068546,1.9814080930692308,-21.704201918526017,-8.435921390268852,0.14290974612440133,0.9709639735286313,0.46404404087481105,0.46404404087481105,1.8414446066460757,0.009999999999999787
2.299999999999995,accelerate,2.5,2.019865361668037,2.0044824542285147,-21.683976093505777,-8.435763432386358,0.14279397001237445,0.9651870202318983,0.4622097426640323,0.4622097426640323,1.8341656454921917,0.009999999999999787
2.3099999999999947,accelerate,2.5,2.0444564263902474,2.028466837525554,-21.66349428007357,-8.43545505728922,0.14231925402395582,0.9512024353509961,0.45776935727264834,0.45776935727264834,1.8165450685422553,0.009999999999999787
2.3199999999999945,accelerate,2.5,2.0425663840022708,2.0369265654115845,-21.643042621593278,-8.43516856877293,0.1420455308132947,0.9387895451645693,0.45382801638065406,0.45382801638065406,1.8009048269073573,0.009999999999999787
2.3299999999999943,accelerate,2.5,2.0385044837037536,2.037873316386886,-21.622641083079063,-8.434883471416429,0.14199550889336354,0.9315942352857602,0.4515433615879346,0.4515433615879346,1.791838736460058,0.009999999999999787
2.339999999999994,accelerate,2.5,2.03557252764155,2.0364928431396843,-21.602276023789386,-8.434600222002326,0.1421456413848244,0.9298114273552577,0.45097728441384144,0.45097728441384144,1.7895923984676247,0.009999999999999787
2.349999999999994,accelerate,2.5,2.037411265231198,2.0370438963945925,-21.58189619890891,-8.434327850396013,0.14241925696047456,0.9313349176175019,0.45146102304190916,0.45146102304190916,1.7915119961980521,0.009999999999999787
2.3599999999999937,accelerate,2.5,2.044079308002206,2.04126514335916,-21.561449643113967,-8.434079961141462,0.14273381471185534,0.9335360354264912,0.4521599219686195,0.4521599219686195,1.7942854046373788,0.009999999999999787
2.3699999999999934,accelerate,2.5,2.053572857237564,2.0486497716862027,-21.5409060388722,-8.43383134102903,0.14303993688314792,0.9345572975152008,0.45248419310702664,0.45248419310702664,1.7955721948691534,0.009999999999999787
2.3799999999999932,accelerate,2.5,2.1060582105571806,2.0830948350087892,-21.519799151518207,-8.433849131447053,0.14245019257014735,0.9201056499067812,0.4478955059584012,0.4478955059584012,1.7773631188825445,0.009999999999999787
2.389999999999993,accelerate,2.5,2.1037250217270143,2.0954729470397244,-21.498728727086817,-8.433851823447394,0.14206626192871935,0.9048403780384336,0.44304847683476345,0.44304847683476345,1.7581288763284264,0.009999999999999787
2.399999999999993,accelerate,2.5,2.0989196192753132,2.097540950381078,-21.477717205812013,-8.433856738492274,0.1419203610592616,0.8943534681268533,0.43971867319963853,0.43971867319963853,1.7449153698398354,0.009999999999999787
2.4099999999999926,accelerate,2.5,2.0947977355759764,2.0958950214980168,-21.45675520456475,-8.43386174890832,0.14199597384862486,0.8896617254973591,0.43822895107992144,0.43822895107992144,1.7390037741266724,0.009999999999999787
2.4199999999999924,accelerate,2.5,2.094107475472726,2.0948224938828424,-21.43580579568836,-8.433854864032805,0.142241722118597,0.8893108685173959,0.43811754697164357,0.43811754697164357,1.7385616943319189,0.009999999999999787
2.429999999999992,accelerate,2.5,2.0983530194310376,2.0969408092117594,-21.414816182293272,-8.433827882671913,0.1425740701722849,0.8907331267752748,0.4385691424136853,0.4385691424136853,1.7403537397368463,0.009999999999999787
2.439999999999992,accelerate,2.5,2.1072521735668914,2.1031276278248385,-21.393735885019822,-8.433789906113638,0.14290291524935334,0.8913823997590982,0.4387752995715089,0.4387752995715089,1.741171823696464,0.009999999999999787
2.4499999999999917,accelerate,2.5,2.117071805882979,2.111494134659723,-21.37255505234092,-8.433747380420213,0.14321575432521252,0.8902038435947198,0.4384010844181954,0.4384010844181954,1.7396868429293468,0.009999999999999787
2.4599999999999915,accelerate,2.5,2.1694222310407314,2.146250992488328,-21.350816104334505,-8.433435729908954,0.14263217581062318,0.8733856207822952,0.4330609623107944,0.4330609623107944,1.718495882185692,0.009999999999999787
2.4699999999999913,accelerate,2.5,2.1678861208607723,2.159232069511795,-21.329104873164958,-8.433133897500786,0.14222206002891155,0.8554624093773825,0.4273699842255065,0.4273699842255065,1.695912635815502,0.009999999999999787
2.479999999999991,accelerate,2.5,2.16301409529034,2.1615012849789217,-21.30745288401061,-8.432839613984159,0.1420288711585027,0.8422951854919568,0.42318912729740615,0.42318912729740615,1.6793219337198657,0.009999999999999787
2.489999999999991,accelerate,2.5,2.1578258847182155,2.159296044822498,-21.285860996394284,-8.432551606244171,0.14205302491944558,0.8353107008724504,0.4209714137410205,0.4209714137410205,1.6705214830992876,0.009999999999999787
2.4999999999999907,accelerate,2.5,2.1556455592613637,2.1571057534858173,-21.26429636589697,-8.432271233149091,0.14224722641853824,0.833279846728212,0.42032657693314185,0.42032657693314185,1.667962606877547,0.009999999999999787
2.5099999999999905,accelerate,2.5,2.157832405089218,2.1575417444478577,-21.242712449073164,-8.432009351782554,0.1425461483597913,0.8338221679737288,0.4204987747750184,0.4204987747750184,1.6686459316468985,0.009999999999999787
2.5199999999999902,accelerate,2.5,2.16370502643055,2.161239713637473,-21.22106954973723,-8.43177082982547,0.14288328680723994,0.8346748192425631,0.4207695086058987,0.4207695086058987,1.6697202722456297,0.009999999999999787
2.52999999999999,accelerate,2.5,2.1949506913058414,2.181466300238494,-21.199093044109954,-8.431668670426863,0.14275016242182087,0.826907038430622,0.4183030828424911,0.4183030828424911,1.6599328684225838,0.009999999999999787
2.53999999999999,accelerate,2.5,2.2181818115177045,2.2034956070060203,-21.176873813883482,-8.43171437126378,0.14227931059778134,0.8111368705587729,0.41329573913982154,0.41329573913982154,1.6400624569040536,0.009999999999999787
2.5499999999999896,accelerate,2.5,2.214860808648015,2.210314727991217,-21.15469877543649,-8.431748888142865,0.14201740439548752,0.7969480372851713,0.40879050079878754,0.40879050079878754,1.6221845269793156,0.009999999999999787
2.5599999999999894,accelerate,2.5,2.209721782530642,2.2099589607148724,-21.132584121632036,-8.431787138830979,0.1419837511516885,0.7878151030631957,0.4058906115246259,0.4058906115246259,1.6106770298596267,0.009999999999999787
2.569999999999989,accelerate,2.5,2.2061853027716176,2.2076947659489194,-21.11051147781379,-8.431824446278112,0.14214788644288076,0.7837503871603959,0.4045999829311689,0.4045999829311689,1.6055554878220988,0.009999999999999787
2.579999999999989,accelerate,2.5,2.2063775359112645,2.2069044279263266,-21.088440999400966,-8.431852416457186,0.14245035885339388,0.7829675819186008,0.4043514266107942,0.4043514266107942,1.6045691532174373,0.009999999999999787
2.5899999999999888,accelerate,2.5,2.2125910000494415,2.2103163712001956,-21.066308140203365,-8.431848618275373,0.1427805101955536,0.7825676170781605,0.4042244297746575,0.4042244297746575,1.604065197518482,0.009999999999999787
2.5999999999999885,accelerate,2.5,2.2211601575833626,2.216822643030096,-21.044087316207264,-8.431833363488934,0.14309380199318647,0.7807945751784101,0.40366145351064886,0.40366145351064886,1.6018311647247971,0.009999999999999787
2.6099999999999883,accelerate,2.5,2.231070539770642,2.2253713810744236,-21.02176389368287,-8.431825200130536,0.14336297275270243,0.7767848083036838,0.40238827233258573,0.40238827233258573,1.5967788584626417,0.009999999999999787
2.619999999999988,accelerate,2.5,2.2803007178567416,2.258328983143814,-20.998916571173318,-8.431562344082893,0.14277326377713734,0.7578670780292579,0.39638151461585003,0.39638151461585003,1.5729425183168653,0.009999999999999787
2.629999999999988,accelerate,2.5,2.2781822491710804,2.2702409427601737,-20.976102281944968,-8.431309105748479,0.14233863915929268,0.738051692532958,0.39008973341306485,0.39008973341306485,1.5479751325915272,0.009999999999999787
2.6399999999999877,accelerate,2.5,2.272430641880855,2.2715547622325825,-20.953355659140612,-8.431060090356961,0.14210878494960105,0.7231048041188581,0.38534379740381985,0.38534379740381985,1.5291420531897613,0.009999999999999787
2.6499999999999875,accelerate,2.5,2.26582879050608,2.268119179196681,-20.930682927027156,-8.430827539313627,0.1420929481357017,0.7145844469761574,0.3826384136038695,0.3826384136038695,1.5184064031899585,0.009999999999999787
2.6599999999999873,accelerate,2.5,2.261919234221109,2.264399212211338,-20.908054515659824,-8.430604778939616,0.14224848575539065,0.7113815093447786,0.3816214168471541,0.3816214168471541,1.514370701774421,0.009999999999999787
2.669999999999987,accelerate,2.5,2.2625250579732175,2.2632747196684657,-20.885422455339643,-8.430392989887318,0.142507523561007,0.7110699682646328,0.3815224963233862,0.3815224963233862,1.5139781600134372,0.009999999999999787
2.679999999999987,accelerate,2.5,2.268046554798342,2.2661378207463914,-20.8627344367979,-8.430202562812955,0.14279142371188916,0.7109460532861466,0.3814831508394173,0.3814831508394173,1.513822027140545,0.009999999999999787
2.6899999999999866,accelerate,2.5,2.2740556172350908,2.270888498639611,-20.83998537094834,-8.430028613134514,0.14309628452694073,0.7099423438852602,0.3811644530304478,0.3811644530304478,1.512557353295428,0.009999999999999787
2.6999999999999864,accelerate,2.5,2.324732983236843,2.3031951893979503,-20.81669607532681,-8.430115505413507,0.14251477095544313,0.6934590773183624,0.37593068623012643,0.37593068623012643,1.4917884374211365,0.009999999999999787
2.709999999999986,accelerate,2.5,2.3210063211730736,2.3138818684630245,-20.793456023334834,-8.430204988962107,0.1421300071808045,0.6759327244392438,0.3703657186639487,0.3703657186639487,1.4697052327934472,0.009999999999999787
2.719999999999986,accelerate,2.5,2.3144627526581063,2.3142303989800737,-20.770291217433147,-8.430299135636986,0.14197390163891863,0.6630280052300864,0.36626821222065703,0.36626821222065703,1.4534452865899088,0.009999999999999787
2.7299999999999858,accelerate,2.5,2.308456248294509,2.310765908568735,-20.747193906554536,-8.430399535352695,0.14203385777095495,0.6558581194399662,0.3639916300845781,0.3639916300845781,1.4444112304943575,0.009999999999999787
2.7399999999999856,accelerate,2.5,2.305427692851119,2.307562979138165,-20.724131967211484,-8.43049152405378,0.14226350502706692,0.6531604166932437,0.3631350555084388,0.3631350555084388,1.4410121250334873,0.009999999999999787
2.7499999999999853,accelerate,2.5,2.3057921841357856,2.3065005021367373,-20.70106925626279,-8.430578000824521,0.1426063838385345,0.6529177388376624,0.3630580004357346,0.3630580004357346,1.4407063509354547,0.009999999999999787
2.759999999999985,accelerate,2.5,2.3111511757268306,2.3092909062907934,-20.67795210187581,-8.430658755859339,0.14296604042837893,0.6525852268158201,0.3629524212185592,0.3629524212185592,1.4402873857879332,0.009999999999999787
2.769999999999985,accelerate,2.5,2.3222650070300217,2.3170753667343305,-20.654718510418792,-8.430730312047503,0.14323261274518534,0.6494894945170183,0.36196946429904364,0.36196946429904364,1.436386763091443,0.009999999999999787
2.7799999999999847,accelerate,2.5,2.331657346507589,2.325824554598286,-20.63138697009537,-8.430788955299487,0.1434305445443773,0.6436125656036205,0.36010342183046157,0.36010342183046157,1.4289818326605617,0.009999999999999787
2.7899999999999845,accelerate,2.5,2.3401231299641756,2.3344036998178197,-20.607967552858366,-8.43084924749359,0.14357019814009914,0.6355404078982635,0.3575403503158566,0.3575403503158566,1.418810913951812,0.009999999999999787
2.7999999999999843,accelerate,2.5,2.348408293638403,2.3428064561101696,-20.58446231499556,-8.430909135069331,0.143646827475913,0.625746381218846,0.354430550964608,0.354430550964608,1.406470440335746,0.009999999999999787
2.809999999999984,accelerate,2.5,2.356161032755237,2.35081920209721,-20.56087706523886,-8.43096644751265,0.14365973956966077,0.6147246955794741,0.35093094534039465,0.35093094534039465,1.3925831164301374,0.009999999999999787
2.819999999999984,accelerate,2.5,2.3630498685539365,2.358157601971246,-20.53722124650644,-8.43102120051564,0.1436165463681444,0.6030255687206868,0.34721623858019246,0.34721623858019246,1.3778422165880653,0.009999999999999787
2.8299999999999836,accelerate,2.5,2.368804739998762,2.3645458847877556,-20.5135071568494,-8.431074294466608,0.14353219570685477,0.5912414327130256,0.34347453971503994,0.34347453971503994,1.3629942052184125,0.009999999999999787
2.8399999999999834,accelerate,2.5,2.3733780584085906,2.3698451889602565,-20.489747504629534,-8.431127431684251,0.14342557867901895,0.5799271749810945,0.3398820365999971,0.3398820365999971,1.348738240476179,0.009999999999999787
2.849999999999983,accelerate,2.5,2.3769123195890476,2.3740854673375313,-20.465953352194383,-8.431181773588136,0.14331583590769828,0.5695183035409856,0.3365770117403338,0.3365770117403338,1.3356230624616419,0.009999999999999787
2.859999999999983,accelerate,2.5,2.379698313317196,2.3774531749253303,-20.44213259728378,-8.43123925031291,0.14321980955422942,0.5602708845580634,0.3336407712648763,0.3336407712648763,1.32397131454316,0.009999999999999787
2.869999999999983,accelerate,2.5,2.382112142652515,2.380248555561641,-20.41828912201562,-8.431301567954877,0.14314984762796829,0.552235248506822,0.33108929610588617,0.33108929610588617,1.3138464131185958,0.009999999999999787
2.8799999999999826,accelerate,2.5,2.38450895318686,2.3828047941367725,-20.39442306442971,-8.431371416757795,0.14311296617625258,0.5452774121392021,0.32888004390243947,0.32888004390243947,1.3050795392953947,0.009999999999999787
2.8899999999999824,accelerate,2.5,2.3872340429970604,2.385462343452945,-20.370530918584816,-8.431448649768203,0.14310977253713095,0.5391097206019964,0.32692167848554593,0.32692167848554593,1.2973082479585156,0.009999999999999787
2.899999999999982,accelerate,2.5,2.390395829785067,2.3884224352522185,-20.346608066135026,-8.431537062332827,0.1431374026517767,0.5333936818554499,0.3251067218627425,0.3251067218627425,1.290106039137867,0.009999999999999787
2.909999999999982,accelerate,2.5,2.3941680214702745,2.391869786983052,-20.322647983685894,-8.431638373326239,0.14318619413248485,0.5277575606354513,0.3233171406529685,0.3233171406529685,1.2830045264006686,0.009999999999999787
2.9199999999999817,accelerate,2.5,2.398809274113181,2.3960334792611295,-20.298641442341967,-8.431757293144567,0.14324030564944243,0.5217779997817995,0.321418510490717,0.321418510490717,1.2754702797250674,0.009999999999999787
2.9299999999999815,accelerate,2.5,2.4036545884974245,2.4006061448029063,-20.274586807370767,-8.431935603390865,0.1433002980387034,0.5152757406791996,0.3193539131804594,0.3193539131804594,1.2672774332557912,0.009999999999999787
2.9399999999999813,accelerate,2.5,2.439643467683339,2.424028538531166,-20.25015490006383,-8.432316486493189,0.14274106061826036,0.49823870973888024,0.3139443151162893,0.3139443151162893,1.2458107742709892,0.009999999999999787
2.949999999999981,accelerate,2.5,2.4335011903618557,2.42971212962958,-20.225795705040895,-8.432726583429679,0.14236020592737325,0.4821001639792553,0.3088200040666932,0.3088200040666932,1.2254762066138618,0.009999999999999787
2.959999999999981,accelerate,2.5,2.4258160849747017,2.4273745028366527,-20.20152172828981,-8.433131407485515,0.1421717151371188,0.4709319727983643,0.3052738800029367,0.3052738800029367,1.2114042857259393,0.009999999999999787
2.9699999999999807,accelerate,2.5,2.4186709068746564,2.422152345259455,-20.177325514114948,-8.433532409014447,0.14217410441926104,0.4652996526375957,0.3034855057054894,0.3034855057054894,1.2043075623233706,0.009999999999999787
2.9799999999999804,accelerate,2.5,2.413469519274836,2.416942649668684,-20.15318583490251,-8.433933908753572,0.14233926097618996,0.4641259172332271,0.3031128212398943,0.3031128212398943,1.2028286557138663,0.009999999999999787
2.9899999999999802,accelerate,2.5,2.411334092423382,2.413577515321503,-20.129070143366427,-8.434333841087227,0.1426190275751416,0.46556867723779327,0.30357092639654415,0.30357092639654415,1.2046465333196197,0.009999999999999787
2.99999999999998,accelerate,2.5,2.412580511804433,2.412979313211261,-20.10494261753282,-8.434734910991944,0.14295687510247695,0.4676478807631751,0.3042311150999234,0.3042311150999234,1.2072663297616009,0.009999999999999787
3.00999999999998,accelerate,2.5,2.418341605067432,2.4161966883249635,-20.080754996562934,-8.435146267152273,0.14326657326148529,0.46819909270517085,0.30440613591574583,0.30440613591574583,1.2079608568085152,0.009999999999999787
3.0199999999999796,accelerate,2.5,2.426188259768825,2.4221916311912803,-20.056485130979603,-8.435567360510944,0.14351383928593248,0.4660193910070132,0.30371403703254685,0.30371403703254685,1.2052144326688368,0.009999999999999787
3.0299999999999794,accelerate,2.5,2.4338457072755437,2.4291840768418385,-20.032134880812045,-8.435989804558485,0.14369346423763713,0.4610793298070995,0.30214546880035026,0.30214546880035026,1.1989899555569454,0.009999999999999787
3.039999999999979,hold,2.5,2.4593072253001416,2.4472579659168203,-20.007515644582952,-8.436517251515797,0.14343529634698426,0.44795346165416033,0.297977743144429,0.297977743144429,1.182451361684242,0.009999999999999787
3.049999999999979,hold,2.5,2.4780297308021426,2.4657210248480137,-19.982705372074165,-8.4371199594378,0.14287524817822211,0.42794422484220285,0.2916244102718963,0.2916244102718963,1.1572397233011757,0.009999999999999787
3.0599999999999787,hold,2.5,2.471179364519631,2.4689960286509844,-19.957973747608797,-8.437718367918555,0.14246987843146178,0.41042466118411136,0.28606159841917905,0.28606159841917905,1.1351650730919804,0.009999999999999787
3.0699999999999785,hold,2.5,2.4622499470152706,2.464948379669556,-19.933339426600742,-8.438310435398872,0.14225139219622976,0.39879153026214553,0.28236784668883647,0.28236784668883647,1.1205073281303035,0.009999999999999787
3.0799999999999783,hold,2.5,2.45401200514994,2.4583865549577864,-19.908793068869294,-8.438881850850308,0.14221745341685169,0.3932409630876827,0.280605430599601,0.280605430599601,1.1135136134904802,0.009999999999999787
3.089999999999978,accelerate,2.5,2.447702650567447,2.451976212323583,-19.88431375134007,-8.439435319143575,0.14234659175035905,0.3925213367727068,0.2803769348520699,0.2803769348520699,1.1126068843336105,0.009999999999999787
3.099999999999978,accelerate,2.5,2.4443696589463118,2.44741228029722,-19.85987016854687,-8.439974296604232,0.14259773044742133,0.3947235058685651,0.28107616758338677,0.28107616758338677,1.115381617394392,0.009999999999999787
3.1099999999999777,accelerate,2.5,2.444571316471196,2.445707702001606,-19.835425176796818,-8.440501254482964,0.14291723218195365,0.39776530457132475,0.28204199950748704,0.28204199950748704,1.119214283759869,0.009999999999999787
3.1199999999999775,hold,2.5,2.4503446924046135,2.4484898962434105,-19.810919196609895,-8.441002257777418,0.14320443289861817,0.39909031570015574,0.2824627170411135,0.2824627170411135,1.1208837977821964,0.009999999999999787
3.1299999999999772,hold,2.5,2.457478074668029,2.453882803298182,-19.78633770404455,-8.44147744270194,0.14343270909286726,0.397625690055214,0.28199766910633156,0.28199766910633156,1.1190383694695696,0.009999999999999787
3.139999999999977,hold,2.5,2.464499071805493,2.460252564402569,-19.76168234046817,-8.44193935142593,0.1436012954223274,0.39336898772532625,0.2806460809825456,0.2806460809825456,1.1136749245339113,0.009999999999999787
3.149999999999977,hold,2.5,2.4714970143014776,2.4669992343419143,-19.73695376485778,-8.442396288371821,0.14370451515164898,0.38663238949304823,0.2785070763118327,0.2785070763118327,1.1051868107612408,0.009999999999999787
3.1599999999999766,hold,2.5,2.4780364028363944,2.4736215354386024,-19.712157106970285,-8.442850951100038,0.14373914566058768,0.37793118518010427,0.2757442699183867,0.2757442699183867,1.0942232933269314,0.009999999999999787
3.1699999999999764,hold,2.5,2.483620591043631,2.47962096880162,-19.687302731561335,-8.443302114793056,0.1437106239895814,0.36794517413246447,0.2725735116905401,0.2725735116905401,1.0816409194069052,0.009999999999999787
3.179999999999976,hold,2.5,2.4878240441324264,2.484542814000104,-19.662405480027694,-8.443750295083243,0.1436331689477877,0.35746583133155235,0.26924611076439453,0.26924611076439453,1.068436947477756,0.009999999999999787
3.189999999999976,hold,2.5,2.4904958204042558,2.4881146178425952,-19.63748166256511,-8.444197308927219,0.14352651277763068,0.3472796423370891,0.2660117920348726,0.2660117920348726,1.0556023493447324,0.009999999999999787
3.1999999999999758,hold,2.5,2.491720335159784,2.4902780482329083,-19.61254636665307,-8.44463954546745,0.14341100749402075,0.3380564535578028,0.26308324513367354,0.26308324513367354,1.0439811314828316,0.009999999999999787
3.2099999999999755,hold,2.5,2.4919986028747174,2.4913103810179935,-19.58760944018777,-8.445080313983405,0.14330234443846762,0.3301936581567228,0.26058665033792267,0.26058665033792267,1.034074009277471,0.009999999999999787
3.2199999999999753,hold,2.5,2.4917475854335485,2.4915727036673267,-19.562676561921556,-8.445528886281913,0.14321657061501356,0.3238239065513396,0.25856412680818136,0.25856412680818136,1.026048122254688,0.009999999999999787
3.229999999999975,hold,2.5,2.4912610328527633,2.4913857011785887,-19.537750125341667,-8.445987573088718,0.14316486139709667,0.3188871426728366,0.25699660554147913,0.25699660554147913,1.0198277997677743,0.009999999999999787
3.239999999999975,hold,2.5,2.4910747500604296,2.4911991305076935,-19.512826833768848,-8.446453382574731,0.14315021052481924,0.31509784697071297,0.2557934283701408,0.2557934283701408,1.0150532871830984,0.009999999999999787
3.2499999999999747,hold,2.5,2.491381788935459,2.4913087255643527,-19.487901438067777,-8.44692432865272,0.14317133947118163,0.31206938314014754,0.25483183053465963,0.25483183053465963,1.011237422756586,0.009999999999999787
3.2599999999999745,hold,2.5,2.4923490980008904,2.4919329490262756,-19.462966985013523,-8.447401630629653,0.1432206207249122,0.30937349144461596,0.25397583100349447,0.25397583100349447,1.0078405992202162,0.009999999999999787
3.2699999999999743,hold,2.5,2.494165485011129,2.4932724706171876,-19.438014733763207,-8.44789247825602,0.14328710563426736,0.30655660339386887,0.25308141270962126,0.25308141270962126,1.0042913202762749,0.009999999999999787
3.279999999999974,hold,2.5,2.496619736874414,2.4952808303715233,-19.413038018111354,-8.448398463868939,0.1433602408645313,0.30327571319038127,0.2520396644522099,0.2520396644522099,1.0001573986198804,0.009999999999999787
3.289999999999974,hold,2.5,2.499552070174196,2.497843574253127,-19.388031722194707,-8.448915847414856,0.14342985383207618,0.2993129672383326,0.2507814133575154,0.2507814133575154,0.9951643387202993,0.009999999999999787
3.2999999999999736,hold,2.5,2.50269323533544,2.5007533709025145,-19.362993321651587,-8.44943512558569,0.14348455873352162,0.2946011242494994,0.24928530897170106,0.24928530897170106,0.9892274165543693,0.009999999999999787
3.3099999999999734,hold,2.5,2.5060105121316365,2.5039076556399875,-19.337921308971115,-8.449972946662303,0.1435154050761559,0.2891388339275672,0.24755092254868116,0.24755092254868116,0.9823449307487347,0.009999999999999787
3.319999999999973,hold,2.5,2.5089520119077653,2.506934269400654,-19.312819632882228,-8.450528391801555,0.14352237619108182,0.2831224097185849,0.2456405875338451,0.2456405875338451,0.9747642362454171,0.009999999999999787
3.329999999999973,hold,2.5,2.5113754099417576,2.509598953725316,-19.287693572578014,-8.451093656328485,0.14350845563539422,0.2768351243519003,0.24364424868421541,0.24364424868421541,0.9668422566833945,0.009999999999999787
3.3399999999999728,hold,2.5,2.5131596023181104,2.5117353428809928,-19.262549849262168,-8.451669554720503,0.1434797593870785,0.2705951351841883,0.2416629273236835,0.2416629273236835,0.9589798703320773,0.009999999999999787
3.3499999999999726,hold,2.5,2.5144147430800277,2.5133429830004137,-19.237393982073822,-8.452256544294404,0.1434421099466314,0.2646609089859616,0.23977869182122258,0.23977869182122258,0.9515027453223118,0.009999999999999787
3.3599999999999723,hold,2.5,2.515208057014228,2.514462027408702,-19.21223072214123,-8.45285215874262,0.14340255375242794,0.25922143838794315,0.23805155111693974,0.23805155111693974,0.9446490123688085,0.009999999999999787
3.369999999999972,hold,2.5,2.5156687229930386,2.5151860447593037,-19.18706347082511,-8.453455347004835,0.1433670291569496,0.2543812784350955,0.23651470352871154,0.23651470352871154,0.9385504108282204,0.009999999999999787
3.379999999999972,hold,2.5,2.5159961578719376,2.515672112626884,-19.161893572426575,-8.454065731756188,0.1433398313174485,0.2501428018503467,0.2351689024435221,0.2351689024435221,0.9332099303314368,0.009999999999999787
3.3899999999999717,hold,2.5,2.5163411524550265,2.51607353652377,-19.13672080270203,-8.454682269167225,0.14332379752720356,0.24642755400932564,0.23398923694904109,0.23398923694904109,0.9285287180517503,0.009999999999999787
3.3999999999999715,hold,2.5,2.5168324497191197,2.51652888444098,-19.111543597694965,-8.455304046261281,0.14331939497599389,0.2430992298451349,0.23293242746042722,0.23293242746042722,0.9243350296048699,0.009999999999999787
3.4099999999999713,hold,2.5,2.517570398686685,2.517153792988403,-19.086359366533454,-8.455930253283414,0.1433253202887022,0.23998654224982427,0.23194408689516424,0.23194408689516424,0.9204130432347787,0.009999999999999787
3.419999999999971,hold,2.5,2.518550676395445,2.517991923032628,-19.06116560875098,-8.456562108696481,0.14333924123093486,0.23692791604899652,0.2309729119038774,0.2309729119038774,0.9165591742217357,0.009999999999999787
3.429999999999971,hold,2.5,2.5197722134436598,2.519060097279247,-19.035959705481513,-8.457196319868924,0.14335700480082897,0.23378359840516477,0.22997452816560793,0.22997452816560793,0.9125973339905077,0.009999999999999787
3.4399999999999706,hold,2.5,2.5211793140880876,2.520331627364551,-19.01073969444883,-8.457831717096347,0.14337503939398755,0.23045445501350695,0.22891745855588871,0.22891745855588871,0.9084026133170187,0.009999999999999787
3.4499999999999704,hold,2.5,2.5226827877498224,2.5217423235957135,-18.985504638416582,-8.458470002322079,0.14339120829957314,0.22689409642495692,0.22778697349685234,0.22778697349685234,0.9039165614954457,0.009999999999999787
3.45999999999997,hold,2.5,2.524123805719943,2.5231712128702513,-18.96025517486915,-8.459111167757168,0.14340400018177438,0.2231291575270692,0.22659153009799501,0.22659153009799501,0.8991727384841072,0.009999999999999787
3.46999999999997,hold,2.5,2.5254675583180424,2.524549020138926,-18.93499226344324,-8.459754638483052,0.14341168880710636,0.21921788102992626,0.2253496215846222,0.2253496215846222,0.8942445300977072,0.009999999999999787
3.47999999999997,hold,2.5,2.526650939159871,2.525810171551493,-18.909717525426167,-8.46039974587448,0.14341392672749972,0.21524230068551614,0.22408729531366514,0.22408729531366514,0.8892352988637505,0.009999999999999787
3.4899999999999696,hold,2.5,2.5276390308718746,2.526907487143722,-18.88443291043827,-8.461045894185071,0.14341021924728065,0.21129410136728513,0.22283366306614039,0.22283366306614039,0.8842605677227793,0.009999999999999787
3.4999999999999694,hold,2.5,2.5284473879949614,2.5278314276544656,-18.85914028921746,-8.461695075602806,0.143401345518139,0.20745288132944636,0.22161399887972583,0.22161399887972583,0.8794206304751024,0.009999999999999787
3.509999999999969,hold,2.5,2.529016740579195,2.528542615409303,-18.833842110616985,-8.462346708929335,0.1433898678905376,0.2038045998567561,0.22045559654651722,0.22045559654651722,0.8748237958195128,0.009999999999999787
3.519999999999969,hold,2.5,2.5295329596507097,2.529136821954147,-18.808538918127788,-8.463000345994255,0.143377146382737,0.2003682758692473,0.21936449495400343,0.21936449495400343,0.8704940275952516,0.009999999999999787
3.5299999999999687,hold,2.5,2.529985127551499,2.5296458053125583,-18.783231448612998,-8.46365809818196,0.1433655086798192,0.19714295282881106,0.21834039038220412,0.21834039038220412,0.8664301205643021,0.009999999999999787
3.5399999999999685,hold,2.5,2.5303669100747936,2.5300784681699,-18.75792047884776,-8.464321417539825,0.14335718805140849,0.19412369913059646,0.217381716947947,0.217381716947947,0.8626258609045516,0.009999999999999787
3.5499999999999683,hold,2.5,2.530746293880373,2.530479163596184,-18.732605990362167,-8.464989027559637,0.14335292499881547,0.19128337484177352,0.21647985717975995,0.21647985717975995,0.8590470523006347,0.009999999999999787
3.559999999999968,hold,2.5,2.531166250905394,2.53089141598171,-18.707287521899428,-8.465659974210352,0.14335268841059953,0.1885772062392854,0.21562059452509794,0.21562059452509794,0.8556372798614997,0.009999999999999787
3.569999999999968,hold,2.5,2.5316075611821818,2.531321103101993,-18.68196491389969,-8.466337212478656,0.1433564766932577,0.18596614883607157,0.21479153157842945,0.21479153157842945,0.8523473475334502,0.009999999999999787
3.5799999999999677,hold,2.5,2.532105573071513,2.531791785083705,-18.65663755158562,-8.467019656064524,0.14336391557318134,0.18340624033157066,0.21397870943008032,0.21397870943008032,0.849121862817779,0.009999999999999787
3.5899999999999674,hold,2.5,2.532747125114017,2.5323649891018922,-18.63130394003603,-8.467707570446358,0.1433727638126326,0.18082910688265375,0.21316041801738025,0.21316041801738025,0.8458746746721438,0.009999999999999787
3.5999999999999672,hold,2.5,2.5334430266943953,2.533011811657394,-18.605963518705273,-8.468400918831819,0.14338208556927884,0.1781947951326136,0.2123239713505075,0.2123239713505075,0.8425554418670933,0.009999999999999787
3.609999999999967,hold,2.5,2.5340676621977827,2.533645321981627,-18.580616984242116,-8.46910036808369,0.14339015386725543,0.17551733502751496,0.2114738242179366,0.2114738242179366,0.839181842134669,0.009999999999999787
3.619999999999967,hold,2.5,2.5346912611293857,2.5342728854702825,-18.555264431362467,-8.469809676544386,0.14339559940981833,0.172804103223134,0.2106123188554095,0.2106123188554095,0.8357631700611489,0.009999999999999787
3.6299999999999666,hold,2.5,2.5352944665116266,2.534885834095089,-18.529906127308323,-8.470529439014244,0.14339908838763754,0.17006568006706574,0.20974281473489473,0.20974281473489473,0.8323127568845029,0.009999999999999787
3.6399999999999664,hold,2.5,2.53582493079541,2.5354492921152816,-18.504542797588165,-8.471259044097108,0.1434005389959215,0.16732929066274252,0.20887395637123402,0.20887395637123402,0.8288649062350556,0.009999999999999787
3.649999999999966,hold,2.5,2.5362658184354943,2.5359392079074095,-18.479175363688206,-8.47199814134081,0.14340078809245993,0.16462992914568855,0.20801685510233905,0.20801685510233905,0.8254637107235677,0.009999999999999787
3.659999999999966,hold,2.5,2.536571927403243,2.5363188396049097,-18.453805223773294,-8.472747277167795,0.14340096029332286,0.1620157625185309,0.20718680491488395,0.20718680491488395,0.822169860773349,0.009999999999999787
3.6699999999999657,hold,2.5,2.5367834350303857,2.5365975968601955,-18.428433324437258,-8.47350588556821,0.14340196024874924,0.1595210622079925,0.2063946876722818,0.2063946876722818,0.8190265383820706,0.009999999999999787
3.6799999999999655,hold,2.5,2.536950395412123,2.5368092759913523,-18.40306002021008,-8.474272004373919,0.14340318501579605,0.1571558704463715,0.20564369198413188,0.20564369198413188,0.8160463967624281,0.009999999999999787
3.6899999999999653,hold,2.5,2.5371313974386815,2.53700254885975,-18.3776852259992,-8.475048370810978,0.14340430304759022,0.15490265112054255,0.20492824978379467,0.20492824978379467,0.8132073404118836,0.009999999999999787
3.699999999999965,hold,2.5,2.5372612919382176,2.5371577947068307,-18.35230950753285,-8.475836526775584,0.14340593292339882,0.1527580012896729,0.20424728056949695,0.20424728056949695,0.8105050816249879,0.009999999999999787
3.709999999999965,hold,2.5,2.5374741065076516,2.5373475817873232,-18.32693197675645,-8.476635791233269,0.14340682614936387,0.15068064077396584,0.20358767705854966,0.20358767705854966,0.807887607375197,0.009999999999999787
3.7199999999999647,hold,2.5,2.5377767578581496,2.537605087429819,-18.301551747409583,-8.477445868534234,0.14340725402623228,0.14861955377015368,0.20293324071309923,0.20293324071309923,0.8052906377503938,0.009999999999999787
3.7299999999999645,hold,2.5,2.538015218990901,2.537851166366468,-18.276169413410273,-8.478264614650227,0.14340717076478743,0.146575796323988,0.2022843068487927,0.2022843068487927,0.802715503368225,0.009999999999999787
3.7399999999999642,hold,2.5,2.5382952867706434,2.5381176386089734,-18.25078460515019,-8.479093662304873,0.1434058028996938,0.1445332695527498,0.20163576374838912,0.20163576374838912,0.8001419196364647,0.009999999999999787
3.749999999999964,hold,2.5,2.538525995676991,2.5383626528497842,-18.22539786043899,-8.479932925455358,0.1434040723008792,0.14250134204666265,0.20099058612665635,0.20099058612665635,0.797581690978795,0.009999999999999787
3.759999999999964,hold,2.5,2.538652593497973,2.538536617238697,-18.20001016142446,-8.480780790341091,0.14340141524745606,0.140514190523776,0.20035962577510938,0.20035962577510938,0.7950778800599578,0.009999999999999787
3.7699999999999636,hold,2.5,2.538785030212959,2.5386856650232543,-18.17462149002384,-8.481637923644449,0.14339812925048154,0.13857497242005773,0.19974388524281675,0.19974388524281675,0.7926344652492728,0.009999999999999787
3.7799999999999634,hold,2.5,2.5388543366418306,2.5387868679944,-18.14923255753115,-8.482505378402497,0.14339554525671927,0.13669865469235745,0.19914811683791736,0.19914811683791736,0.7902703049123705,0.009999999999999787
3.789999999999963,hold,2.5,2.538855118285704,2.5388278181691826,-18.123843908191756,-8.4833791145731,0.14339334855193717,0.1349041840907277,0.19857833653248788,0.19857833653248788,0.788009271954317,0.009999999999999787
3.799999999999963,hold,2.5,2.538870763951535,2.538853585638594,-18.098455398609357,-8.484259709228724,0.14339131658721907,0.13318302728610448,0.1980318348238839,0.1980318348238839,0.7858406143804917,0.009999999999999787
3.8099999999999627,hold,2.5,2.538818106702669,2.538832298277039,-18.07306775940314,-8.485148134863929,0.14339029128798159,0.1315455154813678,0.19751189207564393,0.19751189207564393,0.7837773495065236,0.009999999999999787
3.8199999999999625,hold,2.5,2.5387265910744143,2.538768873955464,-18.04768127793855,-8.48604180972848,0.14339005569173738,0.12999761196168164,0.19702040175007318,0.19702040175007318,0.7818269910717189,0.009999999999999787
3.8299999999999623,hold,2.5,2.538697692444967,2.538726165049166,-18.02229531071979,-8.486941122962637,0.1433899743247634,0.128510756293114,0.19654829533818957,0.19654829533818957,0.7799535529293237,0.009999999999999787
3.839999999999962,hold,2.5,2.5386471946666007,2.538678782819627,-17.996910117297926,-8.487846912892797,0.14339070637716628,0.12707553809571911,0.19609258485615277,0.19609258485615277,0.7781451780006062,0.009999999999999787
3.849999999999962,hold,2.5,2.538560306798987,2.538607697207243,-17.971525952667694,-8.488756596277872,0.14339164030368906,0.12569464286069126,0.19565412300112672,0.19565412300112672,0.7764052500044711,0.009999999999999787
3.8599999999999617,hold,2.5,2.538517167409678,2.538553379328704,-17.946142305042507,-8.489668615580934,0.14339204498590646,0.12434873285723666,0.1952267696568298,0.1952267696568298,0.7747094034001183,0.009999999999999787
3.8699999999999615,hold,2.5,2.5385126490140237,2.538528941139896,-17.92075882782765,-8.49058434897292,0.14339163079435885,0.12301520563018419,0.1948033480916961,0.1948033480916961,0.7730291590940321,0.009999999999999787
3.8799999999999613,hold,2.5,2.5384670713174318,2.538491819246418,-17.895376026134212,-8.491505975922482,0.1433908845361134,0.1216985414735738,0.19438528088868917,0.19438528088868917,0.7713701622567031,0.009999999999999787
3.889999999999961,hold,2.5,2.5384162373536503,2.538446470110757,-17.86999387450528,-8.492430715244861,0.14338999890423526,0.12040002920113914,0.1939729772719457,0.1939729772719457,0.7697340367934353,0.009999999999999787
3.899999999999961,hold,2.5,2.5383844843312,2.538409278643023,-17.844612152341767,-8.493357984241541,0.1433883781064072,0.11911199152765378,0.19356399954986064,0.19356399954986064,0.7681111093248438,0.009999999999999787
3.9099999999999606,hold,2.5,2.538327351716382,2.5383601224870382,-17.819231154306213,-8.494288290575126,0.14338648569095863,0.11783899498181619,0.19315979768662628,0.19315979768662628,0.7665071336770884,0.009999999999999787
3.9199999999999604,hold,2.5,2.53818632632141,2.5382558447876615,-17.7938517134236,-8.495221408310623,0.1433843061566139,0.11660786545690338,0.192768889439876,0.192768889439876,0.7649559104756984,0.009999999999999787
3.92999999999996,hold,2.5,2.538036402667661,2.5381241795156613,-17.768473912848727,-8.496157014826604,0.14338197262651894,0.11542561184397965,0.19239350027270044,0.19239350027270044,0.7634662709234145,0.009999999999999787
3.93999999999996,hold,2.5,2.537861370439534,2.537966494069985,-17.74309801639331,-8.497095361133884,0.14337971461826968,0.1142973014104679,0.1920352391438518,0.1920352391438518,0.7620445997771896,0.009999999999999787
3.9499999999999598,hold,2.5,2.5376225882999797,2.5377601506079817,-17.717724758826886,-8.498039063501855,0.14337793970962145,0.11323928135734034,0.19169929661658272,0.19169929661658272,0.7607114945102489,0.009999999999999787
3.9599999999999596,hold,2.5,2.537386582162131,2.5375360095404713,-17.692354122572112,-8.498987944500497,0.14337741621325414,0.11224845973170045,0.19138469093400953,0.19138469093400953,0.7594630592619426,0.009999999999999787
3.9699999999999593,hold,2.5,2.5371697180606008,2.537316234652549,-17.66698586157692,-8.499940871516104,0.1433779499388901,0.11131062992944363,0.19108691121519697,0.19108691121519697,0.758281393711099,0.009999999999999787
3.979999999999959,hold,2.5,2.5369815463834597,2.5371154216910954,-17.641619691451304,-8.500898384883916,0.14337918143222989,0.11040658737944806,0.19079985962472237,0.19079985962472237,0.7571423000981047,0.009999999999999787
3.989999999999959,hold,2.5,2.5367938010838915,2.5369224493267732,-17.616255633760822,-8.50186135160656,0.14338105846847382,0.10952678560252628,0.19052050496451414,0.19052050496451414,0.7560337498591831,0.009999999999999787
3.9999999999999587,hold,2.5,2.536609042362289,2.5367344051480827,-17.590893674677126,-8.502830452717765,0.14338341069663704,0.1086650906713009,0.19024689958995147,0.19024689958995147,0.7549480142458391,0.009999999999999787
4.009999999999959,hold,2.5,2.536408819923261,2.53653905401319,-17.565533953188304,-8.503805750865393,0.1433858456245268,0.10782310674745166,0.18997955285445087,0.18997955285445087,0.7538871145017891,0.010000000000000231
4.019999999999959,hold,2.5,2.5361752082142606,2.536320746533832,-17.540176889408695,-8.504789671797699,0.14338831626611476,0.1070105407317364,0.18972154689314094,0.18972154689314094,0.7528632813219879,0.009999999999999787
4.0299999999999585,hold,2.5,2.5359656213942796,2.5361076714501003,-17.514822302980104,-8.50578337925456,0.14339129812460172,0.10622023786322382,0.18947060992633086,0.18947060992633086,0.7518674997076621,0.009999999999999787
4.039999999999958,hold,2.5,2.5357886817230635,2.535916277613878,-17.48946984199501,-8.506786338398234,0.1433945022142446,0.105437637570642,0.18922211868143027,0.18922211868143027,0.750881423339009,0.009999999999999787
4.049999999999958,hold,2.5,2.5356216954131616,2.5357395282934485,-17.464119431310124,-8.50779918162419,0.1433976383280941,0.10465470427970916,0.18897352170289328,0.18897352170289328,0.7498949273924337,0.009999999999999787
4.059999999999958,hold,2.5,2.5354289134442953,2.535553159383957,-17.438771307021703,-8.508821130797859,0.1434007365791181,0.10387788831548678,0.18872686709793338,0.18872686709793338,0.7489161392775134,0.009999999999999787
4.069999999999958,hold,2.5,2.535186916832755,2.5353334138532357,-17.413426117267022,-8.509855990665603,0.14340366699574678,0.10312512728735697,0.1884878504162816,0.1884878504162816,0.7479676603820699,0.009999999999999787
4.079999999999957,hold,2.5,2.5349110779188324,2.5350800122925934,-17.388084246895158,-8.510904416752675,0.1434068469822805,0.10241115440282413,0.18826114974598473,0.18826114974598473,0.7470680545475584,0.009999999999999787
4.089999999999957,hold,2.5,2.5346306850937657,2.534810415973297,-17.362745616060657,-8.511963389950825,0.1434098338872412,0.1017386500399733,0.18804761616069235,0.18804761616069235,0.7462206990503665,0.009999999999999787
4.099999999999957,hold,2.5,2.5344251228878774,2.5345792401220453,-17.33740955613812,-8.513035325155702,0.14341156231108507,0.1010806527182992,0.18783868885111438,0.18783868885111438,0.7453916224250571,0.009999999999999787
4.109999999999957,hold,2.5,2.5341925455568632,2.534347223382936,-17.312076415340876,-8.51412139133365,0.1434125868129405,0.10043632913552904,0.1876341032271132,0.1876341032271132,0.7445797747107668,0.009999999999999787
4.119999999999957,hold,2.5,2.5338905380949157,2.534073212210124,-17.28674693234428,-8.51522252973182,0.14341280361185066,0.09982703568308683,0.18744064037009375,0.18744064037009375,0.7438120649606895,0.009999999999999787
4.129999999999956,coast,2.5,2.5335510478297874,2.533759913581922,-17.261421513103873,-8.516338755950443,0.1434130194697713,0.0,0.0,0.0,0.0,0.009999999999999787
4.139999999999956,coast,2.5,2.539372560922266,2.5371275019861286,-17.236040069528833,-8.517474006129238,0.14342142387477824,0.0,0.0,0.0,0.0,0.009999999999999787
4.149999999999956,coast,2.5,2.542870854680323,2.5405735136026455,-17.210626571277167,-8.518621710546679,0.143435948207605,0.0,0.0,0.0,0.0,0.009999999999999787
4.159999999999956,coast,2.5,2.541182093394975,2.540938661478043,-17.1852329786718,-8.519777706132711,0.14345328612907657,0.0,0.0,0.0,0.0,0.009999999999999787
4.1699999999999555,coast,2.5,2.5346542481940797,2.537168013507665,-17.159907439798125,-8.520943651263927,0.14347082187185944,0.0,0.0,0.0,0.0,0.009999999999999787
4.179999999999955,coast,2.5,2.5242565829964714,2.529421155200949,-17.13468799207859,-8.52211891614165,0.14348515505396317,0.0,0.0,0.0,0.0,0.009999999999999787
4.189999999999955,coast,2.5,2.511357884055735,2.5185831925138205,-17.109598785137784,-8.523298499290126,0.14349485010606997,0.0,0.0,0.0,0.0,0.009999999999999787
4.199999999999955,coast,2.5,2.497400657821627,2.505873671698504,-17.084649866138513,-8.52448284719873,0.14349925376839956,0.0,0.0,0.0,0.0,0.009999999999999787
4.209999999999955,coast,2.5,2.4838071160303827,2.4926337382976316,-17.059837121084758,-8.525671749093323,0.14349881452112942,0.0,0.0,0.0,0.0,0.009999999999999787
4.2199999999999545,coast,2.5,2.471749731301597,2.4801033341000105,-17.035144718030242,-8.526863594301728,0.14349520646804592,0.0,0.0,0.0,0.0,0.009999999999999787
4.229999999999954,coast,2.5,2.4619295761813023,2.4691990793487855,-17.010549941453167,-8.528058221001716,0.14348995947404797,0.0,0.0,0.0,0.0,0.009999999999999787
4.239999999999954,coast,2.5,2.4546235818841744,2.4604537808700186,-16.986027438914164,-8.529255807489948,0.14348465954662887,0.0,0.0,0.0,0.0,0.009999999999999787
4.249999999999954,coast,2.5,2.449594834450063,2.4539384130180455,-16.961554371823713,-8.530455665823194,0.143481028675329,0.0,0.0,0.0,0.0,0.009999999999999787
4.259999999999954,coast,2.5,2.446345557300328,2.449382699587415,-16.93711309871346,-8.531657650559708,0.14348027034335473,0.0,0.0,0.0,0.0,0.009999999999999787
4.269999999999953,coast,2.5,2.4441109328667925,2.4462196395550415,-16.912693779376486,-8.532861511427473,0.14348279603580139,0.0,0.0,0.0,0.0,0.009999999999999787
4.279999999999953,coast,2.5,2.4421831317398484,2.4437977348659254,-16.888293585599758,-8.534064283192901,0.14348773818513344,0.0,0.0,0.0,0.0,0.009999999999999787
4.289999999999953,coast,2.5,2.4398129484005446,2.441406862986697,-16.863917267829134,-8.535265009505018,0.14349459507646486,0.0,0.0,0.0,0.0,0.009999999999999787
4.299999999999953,coast,2.5,2.4363975887309546,2.4384012984332513,-16.839575503709245,-8.536462473332461,0.1435031267969102,0.0,0.0,0.0,0.0,0.009999999999999787
4.3099999999999525,coast,2.5,2.431665161998171,2.4343596165722032,-16.815281492616947,-8.537654509703277,0.14351229938393775,0.0,0.0,0.0,0.0,0.009999999999999787
4.319999999999952,coast,2.5,2.4256777537903598,2.429150498903097,-16.79104768185122,-8.538839296609815,0.14352039857280202,0.0,0.0,0.0,0.0,0.009999999999999787
4.329999999999952,coast,2.5,2.418537586459874,2.4227827514371634,-16.766885452046015,-8.540015710381493,0.14352673984492664,0.0,0.0,0.0,0.0,0.009999999999999787
4.339999999999952,coast,2.5,2.4105673586152996,2.415453515744045,-16.742802897797922,-8.541182580130442,0.14353086344659333,0.0,0.0,0.0,0.0,0.009999999999999787
4.349999999999952,coast,2.5,2.4023011906245233,2.407562120672332,-16.71880273713486,-8.542338922517192,0.14353137358445062,0.0,0.0,0.0,0.0,0.009999999999999787
4.3599999999999515,coast,2.5,2.394117816191849,2.399495537984042,-16.694883941660006,-8.543483988049456,0.14352832504281154,0.0,0.0,0.0,0.0,0.009999999999999787
4.369999999999951,coast,2.5,2.386241697508915,2.391543233698966,-16.671043293481876,-8.544617229884766,0.14352316250897593,0.0,0.0,0.0,0.0,0.009999999999999787
4.379999999999951,coast,2.5,2.3789559620206697,2.3839908706919886,-16.647274791672896,-8.545738507727908,0.1435170461441219,0.0,0.0,0.0,0.0,0.009999999999999787
4.389999999999951,coast,2.5,2.372397466428116,2.377034828133665,-16.623571152970573,-8.546848546228215,0.14351100631692315,0.0,0.0,0.0,0.0,0.009999999999999787
4.399999999999951,coast,2.5,2.3664475470508544,2.3706824594839784,-16.599926282474144,-8.547946591089326,0.1435067446776797,0.0,0.0,0.0,0.0,0.009999999999999787
4.40999999999995,coast,2.5,2.3610440418462253,2.3648994089013264,-16.57633479237159,-8.549033124019514,0.14350495377135786,0.0,0.0,0.0,0.0,0.009999999999999787
4.41999999999995,coast,2.5,2.3559711357595092,2.359542445016236,-16.552793376903722,-8.550106228491185,0.1435060721153108,0.0,0.0,0.0,0.0,0.009999999999999787
4.42999999999995,coast,2.5,2.3510748587176926,2.3544618932371097,-16.529300418126006,-8.551167766608804,0.14350835810105006,0.0,0.0,0.0,0.0,0.009999999999999787
4.43999999999995,coast,2.5,2.3461970749015366,2.3495030022357657,-16.505855893043453,-8.552219797019474,0.14351022116557338,0.0,0.0,0.0,0.0,0.009999999999999787
4.4499999999999496,coast,2.5,2.3409916324694575,2.344396180375981,-16.48246306962512,-8.553260072981576,0.14351189325928676,0.0,0.0,0.0,0.0,0.009999999999999787
4.459999999999949,coast,2.5,2.335377806792892,2.3389851562261272,-16.45912598795229,-8.554286661151206,0.14351259853154458,0.0,0.0,0.0,0.0,0.009999999999999787
4.469999999999949,coast,2.5,2.3294730196042988,2.3332778742530302,-16.435847716352914,-8.55530342411185,0.14351031960009264,0.0,0.0,0.0,0.0,0.009999999999999787
4.479999999999949,coast,2.5,2.323239746350227,2.327254997511348,-16.412631515302053,-8.556309890630859,0.14350500541340258,0.0,0.0,0.0,0.0,0.009999999999999787
4.489999999999949,coast,2.5,2.3166547086124765,2.320894824172025,-16.38948088253907,-8.557305621771205,0.1434980722524668,0.0,0.0,0.0,0.0,0.009999999999999787
4.4999999999999485,coast,2.5,2.309822415965316,2.3142513792479997,-16.366398263287763,-8.558290247559047,0.1434914666109871,0.0,0.0,0.0,0.0,0.009999999999999787
4.509999999999948,coast,2.5,2.3029111699167393,2.3074472536492436,-16.343384371231146,-8.559262894582465,0.14348617012988982,0.0,0.0,0.0,0.0,0.009999999999999787
4.519999999999948,coast,2.5,2.2961801836233753,2.300687011633723,-16.32043748443124,-8.560226959260685,0.1434813091732876,0.0,0.0,0.0,0.0,0.009999999999999787
4.529999999999948,coast,2.5,2.2896791960176253,2.2940823222640643,-16.297555292597078,-8.561183075358707,0.14347695584932216,0.0,0.0,0.0,0.0,0.009999999999999787
4.539999999999948,coast,2.5,2.2833388111445796,2.2876362155923733,-16.274736191535315,-8.562131309641691,0.143474262875316,0.0,0.0,0.0,0.0,0.009999999999999787
4.549999999999947,coast,2.5,2.277163221080985,2.2813524188855405,-16.25197857820168,-8.5630724373766,0.14347428172086982,0.0,0.0,0.0,0.0,0.009999999999999787
4.559999999999947,coast,2.5,2.2711415146151404,2.2752258763233004,-16.229280962072828,-8.564007217172199,0.14347763994190874,0.0,0.0,0.0,0.0,0.009999999999999787
4.569999999999947,coast,2.5,2.265250210675952,2.269240476934891,-16.206642024800413,-8.564935225431002,0.1434837748309248,0.0,0.0,0.0,0.0,0.009999999999999787
4.579999999999947,coast,2.5,2.2595402257692347,2.2634203262354973,-16.184060061919798,-8.565859435903741,0.14349047735496473,0.0,0.0,0.0,0.0,0.009999999999999787
4.589999999999947,coast,2.5,2.253910780747096,2.2577145989424565,-16.161534320995756,-8.56678108056297,0.14349631111239283,0.0,0.0,0.0,0.0,0.009999999999999787
4.599999999999946,coast,2.5,2.2481848664165547,2.2519967594269152,-16.139065787552585,-8.567699992029407,0.14350129774199355,0.0,0.0,0.0,0.0,0.009999999999999787
4.609999999999946,coast,2.5,2.242304818166865,2.246181594670885,-16.116656054703313,-8.568616727787877,0.14350585091224122,0.0,0.0,0.0,0.0,0.009999999999999787
4.619999999999946,coast,2.5,2.2362713834053873,2.240235467911586,-16.09430669032803,-8.569531740192685,0.14351030036727436,0.0,0.0,0.0,0.0,0.009999999999999787
4.629999999999946,coast,2.5,2.230099455514767,2.2341538604734947,-16.072019057304818,-8.570444490805736,0.1435147754124761,0.0,0.0,0.0,0.0,0.009999999999999787
4.6399999999999455,coast,2.5,2.2238989886463223,2.228000937377191,-16.049793483412657,-8.571356786259694,0.14351786959261975,0.0,0.0,0.0,0.0,0.009999999999999787
4.649999999999945,coast,2.5,2.217745364141686,2.2218475934358883,-16.02762953213247,-8.572270129753543,0.14351842074544782,0.0,0.0,0.0,0.0,0.009999999999999787
4.659999999999945,coast,2.5,2.2115655896510376,2.215678391164978,-16.0055274536809,-8.57318428598548,0.14351681199860067,0.0,0.0,0.0,0.0,0.009999999999999787
4.669999999999945,coast,2.5,2.205334666746159,2.2094721565136863,-15.983487771859714,-8.574099210452541,0.14351421463161193,0.0,0.0,0.0,0.0,0.009999999999999787
4.679999999999945,coast,2.5,2.199082200898341,2.203238183144479,-15.961510702582094,-8.575014565739135,0.14351186244858394,0.0,0.0,0.0,0.0,0.009999999999999787
4.689999999999944,coast,2.5,2.192870142909835,2.1970173590036928,-15.93959584452141,-8.575930504045997,0.14350992024208947,0.0,0.0,0.0,0.0,0.009999999999999787
4.699999999999944,coast,2.5,2.186797219237872,2.1908852751442005,-15.917741834077782,-8.576848142458932,0.14350754578876407,0.0,0.0,0.0,0.0,0.009999999999999787
4.709999999999944,coast,2.5,2.1808112756468248,2.184840875445775,-15.895947818410281,-8.577767824367115,0.14350472197054784,0.0,0.0,0.0,0.0,0.009999999999999787
4.719999999999944,coast,2.5,2.174806309840498,2.1788201360826087,-15.874213972089894,-8.57868854348788,0.14350251611445283,0.0,0.0,0.0,0.0,0.009999999999999787
4.729999999999944,coast,2.5,2.1687580943980596,2.172782911071879,-15.852540751144588,-8.579610232740993,0.14350201296440698,0.0,0.0,0.0,0.0,0.009999999999999787
4.739999999999943,coast,2.5,2.162673618123945,2.166717335303119,-15.830928518447223,-8.580532598400417,0.1435037431430184,0.0,0.0,0.0,0.0,0.009999999999999787
4.749999999999943,coast,2.5,2.1566271669158876,2.16066323427078,-15.809376840878752,-8.581454853316073,0.1435067147057648,0.0,0.0,0.0,0.0,0.009999999999999787
4.759999999999943,coast,2.5,2.150650363706724,2.1546555119323463,-15.78788502125615,-8.582377525446047,0.14350972034770543,0.0,0.0,0.0,0.0,0.009999999999999787
4.769999999999943,coast,2.5,2.144624707564365,2.1486370293115575,-15.76645354086467,-8.583300366822543,0.14351278514484628,0.0,0.0,0.0,0.0,0.009999999999999787
4.7799999999999425,coast,2.5,2.13853449034728,2.142575505932991,-15.745083040420695,-8.584223183632993,0.14351602833095486,0.0,0.0,0.0,0.0,0.009999999999999787
4.789999999999942,coast,2.5,2.132460576566784,2.1365065483132666,-15.723773304606473,-8.585145140408956,0.14351868162265352,0.0,0.0,0.0,0.0,0.009999999999999787
4.799999999999942,coast,2.5,2.1264054173025735,2.1304458697068505,-15.702524120310406,-8.586065867972213,0.14352033103072157,0.0,0.0,0.0,0.0,0.009999999999999787
4.809999999999942,coast,2.5,2.120325418968433,2.1243735992637998,-15.681335726206322,-8.58698501121103,0.1435213100659911,0.0,0.0,0.0,0.0,0.009999999999999787
4.819999999999942,coast,2.5,2.114211474947275,2.118276324673885,-15.660208474762507,-8.587902663813058,0.1435222087849766,0.0,0.0,0.0,0.0,0.009999999999999787
4.8299999999999415,coast,2.5,2.108059280094995,2.112146097926551,-15.63914277348996,-8.5888191938562,0.1435236737551883,0.0,0.0,0.0,0.0,0.009999999999999787
4.839999999999941,coast,2.5,2.10197970462436,2.1060462619452363,-15.61813781398194,-8.589733321286651,0.14352447437006283,0.0,0.0,0.0,0.0,0.009999999999999787
4.849999999999941,coast,2.5,2.0960246009315067,2.1000332653369984,-15.59719231655113,-8.590644713559339,0.14352354399137018,0.0,0.0,0.0,0.0,0.009999999999999787
4.859999999999941,coast,2.5,2.0900374339475283,2.0940357665033162,-15.576306632982867,-8.59155367429033,0.14352150737904007,0.0,0.0,0.0,0.0,0.009999999999999787
4.869999999999941,coast,2.5,2.083982079370841,2.088003554223831,-15.55548148206378,-8.592460419678009,0.1435194997156042,0.0,0.0,0.0,0.0,0.009999999999999787
4.87999999999994,coast,2.5,2.077896774035132,2.0819394861106115,-15.534717182252209,-8.593365135238583,0.14351793188084402,0.0,0.0,0.0,0.0,0.009999999999999787
4.88999999999994,coast,2.5,2.0718430291172405,2.075881611914589,-15.514013365295302,-8.59426678329338,0.14351630982098457,0.0,0.0,0.0,0.0,0.009999999999999787
4.89999999999994,coast,2.5,2.065832612969698,2.0698522125476546,-15.49336957578908,-8.595165037891457,0.1435141275632103,0.0,0.0,0.0,0.0,0.009999999999999787
4.90999999999994,coast,2.5,2.059811621827909,2.0638278581158076,-15.47278593828231,-8.596060144931636,0.1435116767370165,0.0,0.0,0.0,0.0,0.009999999999999787
4.9199999999999395,coast,2.5,2.0537196326864833,2.0577629228582133,-15.452263190983405,-8.59695227446883,0.14350997373419166,0.0,0.0,0.0,0.0,0.009999999999999787
4.929999999999939,coast,2.5,2.047561662964778,2.0516421669221523,-15.43180202755028,-8.59784184834447,0.14350996637107702,0.0,0.0,0.0,0.0,0.009999999999999787
4.939999999999939,coast,2.5,2.0413766317593947,2.045482845824498,-15.41140270556358,-8.598728695802539,0.1435116362433761,0.0,0.0,0.0,0.0,0.009999999999999787
4.949999999999939,coast,2.5,2.0352935360465954,2.0393692599577564,-15.391064144470757,-8.599612253293127,0.14351340536125715,0.0,0.0,0.0,0.0,0.009999999999999787
4.959999999999939,coast,2.5,2.0292788992373967,2.0333150435255405,-15.370785648732,-8.600492692795033,0.14351442286480426,0.0,0.0,0.0,0.0,0.009999999999999787
4.9699999999999385,coast,2.5,2.0232500107975167,2.027276023888726,-15.350567369568367,-8.601370097616016,0.1435148879899043,0.0,0.0,0.0,0.0,0.009999999999999787
4.979999999999938,coast,2.5,2.017186340183003,2.021222213665292,-15.330409661863902,-8.602244378792104,0.14351532056169952,0.0,0.0,0.0,0.0,0.009999999999999787
4.989999999999938,coast,2.5,2.0111209789862117,2.015161472857844,-15.310312562428056,-8.603115949914951,0.14351586879528092,0.0,0.0,0.0,0.0,0.009999999999999787
4.999999999999938,coast,2.5,2.00508162703925,2.0091135653666874,-15.29027579692106,-8.603984626522854,0.14351625783370267,0.0,0.0,0.0,0.0,0.009999999999999787
5.009999999999938,coast,2.5,1.9990552947569278,2.003078603000832,-15.270299223131204,-8.604850190606397,0.1435163383679418,0.0,0.0,0.0,0.0,0.009999999999999787
5.019999999999937,coast,2.5,1.9930320038704386,1.9970506435225959,-15.25038280341045,-8.60571243383174,0.14351615282791183,0.0,0.0,0.0,0.0,0.009999999999999787
5.029999999999937,coast,2.5,1.9870069706240774,1.9910244397834849,-15.230526564207096,-8.6065714763173,0.143515853563624,0.0,0.0,0.0,0.0,0.009999999999999787
5.039999999999937,coast,2.5,1.9809636371030388,1.9849879581752172,-15.210730699231572,-8.607427374902187,0.14351583708298132,0.0,0.0,0.0,0.0,0.009999999999999787
5.049999999999937,coast,2.5,1.9748903916419347,1.9789294182552477,-15.19099551005128,-8.608280012610978,0.14351650662366455,0.0,0.0,0.0,0.0,0.009999999999999787
5.0599999999999365,coast,2.5,1.96884354670537,1.972877895325321,-15.171320726450508,-8.609129473825465,0.1435174441576222,0.0,0.0,0.0,0.0,0.009999999999999787
5.069999999999936,coast,2.5,1.9628293888305546,1.9668487914284611,-15.151706004498987,-8.609975512874467,0.14351835677834596,0.0,0.0,0.0,0.0,0.009999999999999787
5.079999999999936,coast,2.5,1.9567721793797437,1.9608028241992308,-15.13215175423954,-8.610817437632157,0.14351966626698992,0.0,0.0,0.0,0.0,0.009999999999999787
5.089999999999936,coast,2.5,1.950715831566108,1.954750628619357,-15.112657963021817,-8.611655272409259,0.14352112814413437,0.0,0.0,0.0,0.0,0.009999999999999787
5.099999999999936,coast,2.5,1.9447187639437598,1.9487315098139988,-15.093224052640068,-8.612489724043371,0.14352195528108816,0.0,0.0,0.0,0.0,0.009999999999999787
5.1099999999999355,coast,2.5,1.9387045549878432,1.9427153369183054,-15.073850184829368,-8.613320419392313,0.1435223500106736,0.0,0.0,0.0,0.0,0.009999999999999787
5.119999999999935,coast,2.5,1.932645682592418,1.936673544322773,-15.054536767544372,-8.614146248669368,0.14352264482095564,0.0,0.0,0.0,0.0,0.009999999999999787
5.129999999999935,coast,2.5,1.9266288206849866,1.9306467101401013,-15.035283400578336,-8.614967965383665,0.1435221851590267,0.0,0.0,0.0,0.0,0.009999999999999787
5.139999999999935,coast,2.5,1.9206321520091179,1.9246379752615113,-15.016089895728996,-8.615785923893515,0.14352079911778556,0.0,0.0,0.0,0.0,0.009999999999999787
5.149999999999935,coast,2.5,1.9145778091994523,1.918601875624276,-14.996956792463312,-8.616598879471983,0.14351912513902365,0.0,0.0,0.0,0.0,0.009999999999999787
5.159999999999934,coast,2.5,1.9085143950319083,1.9125493872688555,-14.97788416867358,-8.617406537140795,0.1435170800050647,0.0,0.0,0.0,0.0,0.009999999999999787
5.169999999999934,coast,2.5,1.9025026984082998,1.906521373952522,-14.958871543973547,-8.618210047813594,0.1435140152708685,0.0,0.0,0.0,0.0,0.009999999999999787
5.179999999999934,coast,2.5,1.8964984528449493,1.9005076212879783,-14.939918837419658,-8.619009107105901,0.14351015708591663,0.0,0.0,0.0,0.0,0.009999999999999787
5.189999999999934,coast,2.5,1.8904401163238245,1.894467118309486,-14.921026596078823,-8.619803339361116,0.14350656068616496,0.0,0.0,0.0,0.0,0.009999999999999787
5.199999999999934,coast,2.5,1.8843174802632403,1.8883773354817386,-14.902195466524422,-8.620592361186722,0.14350430781739623,0.0,0.0,0.0,0.0,0.009999999999999787
5.209999999999933,coast,2.5,1.8781786536501792,1.882258126382803,-14.883425587942536,-8.621375581277242,0.14350372140547227,0.0,0.0,0.0,0.0,0.009999999999999787
5.219999999999933,coast,2.5,1.8720724496138161,1.8761467203214108,-14.86471662931768,-8.622153205117455,0.1435043518976442,0.0,0.0,0.0,0.0,0.009999999999999787
5.229999999999933,coast,2.5,1.8660349105952405,1.8700796344857087,-14.846067913994338,-8.62292592993444,0.14350539508965346,0.0,0.0,0.0,0.0,0.009999999999999787
5.239999999999933,coast,2.5,1.8600276422400737,1.8640484391383279,-14.827479136995413,-8.623693864984839,0.1435065545495881,0.0,0.0,0.0,0.0,0.009999999999999787
5.2499999999999325,coast,2.5,1.8540112511587226,1.8580261263505649,-14.808950375536906,-8.624456557606532,0.14350807584332326,0.0,0.0,0.0,0.0,0.009999999999999787
5.259999999999932,coast,2.5,1.8479639232511746,1.8519888044909307,-14.790481946468919,-8.625213967623418,0.14351044468701665,0.0,0.0,0.0,0.0,0.009999999999999787
5.269999999999932,coast,2.5,1.8419111076087034,1.8459421863615941,-14.7720738841599,-8.625965706658164,0.14351349261248972,0.0,0.0,0.0,0.0,0.009999999999999787
5.279999999999932,coast,2.5,1.8359365242272894,1.8399387890810113,-14.75372542698058,-8.62671286847348,0.14351601491484012,0.0,0.0,0.0,0.0,0.009999999999999787
5.289999999999932,coast,2.5,1.8299942128758793,1.833972043357932,-14.735436257945565,-8.627455762769127,0.14351755608413824,0.0,0.0,0.0,0.0,0.009999999999999787
5.299999999999931,coast,2.5,1.8240015959917584,1.827989774938228,-14.717206870804262,-8.628193820377525,0.14351866569887137,0.0,0.0,0.0,0.0,0.009999999999999787
5.309999999999931,coast,2.5,1.8179649674940566,1.821974890471725,-14.699037692711405,-8.62892651690397,0.1435196674702825,0.0,0.0,0.0,0.0,0.009999999999999787
5.319999999999931,coast,2.5,1.8119754110573056,1.8159752028230733,-14.680928273975667,-8.629654756648693,0.1435196865164003,0.0,0.0,0.0,0.0,0.009999999999999787
5.329999999999931,coast,2.5,1.8060288282151542,1.810007378058322,-14.662878214151897,-8.63037944087033,0.1435182120867589,0.0,0.0,0.0,0.0,0.009999999999999787
5.339999999999931,coast,2.5,1.8000359610530494,1.8040245278551583,-14.644887979962007,-8.631100203447726,0.14351603161589072,0.0,0.0,0.0,0.0,0.009999999999999787
5.34999999999993,coast,2.5,1.7939780282757525,1.7979966281075148,-14.626958238335353,-8.631816882268367,0.14351425758151248,0.0,0.0,0.0,0.0,0.009999999999999787
5.35999999999993,coast,2.5,1.7878646255575577,1.7919174265775406,-14.609089544786453,-8.632529078311315,0.14351385952541537,0.0,0.0,0.0,0.0,0.009999999999999787
5.36999999999993,coast,2.5,1.781756062238955,1.7858206079743892,-14.591281846087771,-8.63323687973277,0.14351458562092717,0.0,0.0,0.0,0.0,0.009999999999999787
5.37999999999993,coast,2.5,1.7757469820899867,1.7797764324437477,-14.573534177665584,-8.633941715382523,0.14351517739309996,0.0,0.0,0.0,0.0,0.009999999999999787
5.3899999999999295,coast,2.5,1.769768569970898,1.7737717149600378,-14.555846225693879,-8.634643559821688,0.1435153056666349,0.0,0.0,0.0,0.0,0.009999999999999787
5.399999999999929,coast,2.5,1.7637506132932772,1.7677590539599815,-14.538218398290486,-8.635342421118214,0.14351549834530475,0.0,0.0,0.0,0.0,0.009999999999999787
5.409999999999929,coast,2.5,1.757705601665501,1.7617269825832933,-14.520650961411263,-8.636037928939494,0.143516269599205,0.0,0.0,0.0,0.0,0.009999999999999787
5.419999999999929,coast,2.5,1.751629172409232,1.7556682964788566,-14.503144204872106,-8.63672939005529,0.1435178149439516,0.0,0.0,0.0,0.0,0.009999999999999787
5.429999999999929,coast,2.5,1.7456263299385364,1.7496431165546644,-14.485697419915661,-8.63741816356507,0.1435187564859908,0.0,0.0,0.0,0.0,0.009999999999999787
5.4399999999999284,coast,2.5,1.7397070816469418,1.7436814956100308,-14.468309779182126,-8.63810497121054,0.14351797061354202,0.0,0.0,0.0,0.0,0.009999999999999787
5.449999999999928,coast,2.5,1.7337637114471514,1.7377308251123031,-14.450981527797367,-8.638789616815155,0.1435158380275996,0.0,0.0,0.0,0.0,0.009999999999999787
5.459999999999928,coast,2.5,1.7277526289594995,1.7317439074206211,-14.43371335393446,-8.63947175754235,0.14351347528967143,0.0,0.0,0.0,0.0,0.009999999999999787
5.469999999999928,coast,2.5,1.7216792947150776,1.7257051397972951,-14.416505898278908,-8.640151295190439,0.14351204247509994,0.0,0.0,0.0,0.0,0.009999999999999787
5.479999999999928,coast,2.5,1.7155593028017515,1.7196176375999688,-14.399359642263704,-8.640828249607402,0.14351245525228087,0.0,0.0,0.0,0.0,0.009999999999999787
5.489999999999927,coast,2.5,1.7094168118082016,1.7134971421249086,-14.382274832725997,-8.64150312053945,0.1435151064149703,0.0,0.0,0.0,0.0,0.009999999999999787
5.499999999999927,coast,2.5,1.7033281505643216,1.7073957471885564,-14.365250885231031,-8.642175289607389,0.1435192556017347,0.0,0.0,0.0,0.0,0.009999999999999787
5.509999999999927,coast,2.5,1.6973294514434594,1.7013559697414982,-14.348286871378193,-8.642844843201912,0.14352346947405584,0.0,0.0,0.0,0.0,0.009999999999999787
5.519999999999927,coast,2.5,1.6914146186036836,1.6953911590588093,-14.331381972185216,-8.643512850712005,0.14352657171555339,0.0,0.0,0.0,0.0,0.009999999999999787
5.5299999999999265,coast,2.5,1.6854852535537141,1.6894476157557523,-14.31453632756243,-8.644179049158666,0.14352862994301527,0.0,0.0,0.0,0.0,0.009999999999999787
5.539999999999926,coast,2.5,1.6795152639334328,1.6834882046623607,-14.297750370077548,-8.644843802499407,0.1435300294884832,0.0,0.0,0.0,0.0,0.009999999999999787
5.549999999999926,coast,2.5,1.6735620363219927,1.6775325036581399,-14.281023918930808,-8.64550698711746,0.14353020730859675,0.0,0.0,0.0,0.0,0.009999999999999787
5.559999999999926,coast,2.5,1.6676669204194938,1.6716131537149523,-14.264356388276298,-8.646168736417813,0.14352849766792297,0.0,0.0,0.0,0.0,0.009999999999999787
5.569999999999926,coast,2.5,1.6617237578681912,1.6656795162068958,-14.247748273173764,-8.64682893631822,0.14352562544737452,0.0,0.0,0.0,0.0,0.009999999999999787
5.5799999999999255,coast,2.5,1.655706195249529,1.6596955236324757,-14.2312003550818,-8.647487861577426,0.14352279938650417,0.0,0.0,0.0,0.0,0.009999999999999787
5.589999999999925,coast,2.5,1.6496252608531958,1.653653365964908,-14.214713299292878,-8.648145775761607,0.1435211391391174,0.0,0.0,0.0,0.0,0.009999999999999787
5.599999999999925,coast,2.5,1.6435257787335518,1.6475768136260942,-14.198287275165239,-8.648802271973834,0.14352084165361406,0.0,0.0,0.0,0.0,0.009999999999999787
5.609999999999925,coast,2.5,1.6375115093707204,1.64153763107287,-14.18192140716709,-8.649457372432883,0.14352091392975289,0.0,0.0,0.0,0.0,0.009999999999999787
5.619999999999925,coast,2.5,1.6315071117158366,1.6355193194586501,-14.16561559968961,-8.650111219965039,0.14352128576974935,0.0,0.0,0.0,0.0,0.009999999999999787
5.629999999999924,coast,2.5,1.6254742830981266,1.629492297642336,-14.149370139237357,-8.65076368597736,0.14352234426754681,0.0,0.0,0.0,0.0,0.009999999999999787
5.639999999999924,coast,2.5,1.6194351113630092,1.62345798587474,-14.133185097889305,-8.651415014753429,0.14352407016024588,0.0,0.0,0.0,0.0,0.009999999999999787
5.649999999999924,coast,2.5,1.6134477262246496,1.6174518300846858,-14.117059920956526,-8.652064754617413,0.14352555653275703,0.0,0.0,0.0,0.0,0.009999999999999787
5.659999999999924,coast,2.5,1.6075276791440185,1.6114973395202856,-14.100993915165912,-8.652712843439177,0.14352586958400887,0.0,0.0,0.0,0.0,0.009999999999999787
5.6699999999999235,coast,2.5,1.6015925269252862,1.605554451963286,-14.084987238245692,-8.653359263531412,0.14352519658875557,0.0,0.0,0.0,0.0,0.009999999999999787
5.679999999999923,coast,2.5,1.5956101942557148,1.5995878973387434,-14.069040384089547,-8.65400416222565,0.14352420263157414,0.0,0.0,0.0,0.0,0.009999999999999787
5.689999999999923,coast,2.5,1.5895745986393517,1.5935799181191084,-14.053153865609378,-8.654646612279802,0.14352372389810536,0.0,0.0,0.0,0.0,0.009999999999999787
5.699999999999923,coast,2.5,1.5835284652796535,1.5875490464154356,-14.037327788166909,-8.655286685407425,0.14352368469431803,0.0,0.0,0.0,0.0,0.009999999999999787
5.709999999999923,coast,2.5,1.5775394976415344,1.5815433171510949,-14.021561579087921,-8.655924747934836,0.1435233979061048,0.0,0.0,0.0,0.0,0.009999999999999787
5.7199999999999225,coast,2.5,1.5715499917144164,1.5755473218890879,-14.005855226671798,-8.656560364412165,0.14352287311406875,0.0,0.0,0.0,0.0,0.009999999999999787
5.729999999999922,coast,2.5,1.5655385043725105,1.5695420313791415,-13.990208961976403,-8.657193657714112,0.1435224111183602,0.0,0.0,0.0,0.0,0.009999999999999787
5.739999999999922,coast,2.5,1.5595203840284841,1.5635290429687472,-13.974622813803057,-8.657823627587273,0.14352215228924536,0.0,0.0,0.0,0.0,0.009999999999999787
5.749999999999922,coast,2.5,1.5535257701479976,1.5575270792762974,-13.959096547836918,-8.658450441406856,0.14352184590114053,0.0,0.0,0.0,0.0,0.009999999999999787
5.759999999999922,coast,2.5,1.5475408761351632,1.5515353573916169,-13.94363006549089,-8.659074063284857,0.1435215082142342,0.0,0.0,0.0,0.0,0.009999999999999787
5.769999999999921,coast,2.5,1.5415240920089324,1.5455285981620062,-13.928223678404672,-8.659694092221116,0.14352157264348714,0.0,0.0,0.0,0.0,0.009999999999999787
5.779999999999921,coast,2.5,1.5355250344067066,1.5395264599088265,-13.91287721196924,-8.660310691585575,0.14352190409704046,0.0,0.0,0.0,0.0,0.009999999999999787
5.789999999999921,coast,2.5,1.5295281064115962,1.5335274478104883,-13.897590661247282,-8.66092425484826,0.14352256845357075,0.0,0.0,0.0,0.0,0.009999999999999787
5.799999999999921,coast,2.5,1.523519184918648,1.527522490075384,-13.882364113406359,-8.661533975540648,0.1435235439226936,0.0,0.0,0.0,0.0,0.009999999999999787
5.809999999999921,coast,2.5,1.5175641726281355,1.5215474996070348,-13.867197011035657,-8.662139804824736,0.14352403861039104,0.0,0.0,0.0,0.0,0.009999999999999787
5.81999999999992,coast,2.5,1.5116320065162654,1.5155982037525733,-13.852089138671795,-8.662742173026189,0.14352378677253322,0.0,0.0,0.0,0.0,0.009999999999999787
5.82999999999992,coast,2.5,1.505654326384237,1.5096318773315716,-13.837040959228924,-8.66334087910951,0.14352348392135075,0.0,0.0,0.0,0.0,0.009999999999999787
5.83999999999992,coast,2.5,1.4996287610893495,1.5036300075862383,-13.822052953845645,-8.663935611594946,0.14352385688283367,0.0,0.0,0.0,0.0,0.009999999999999787
5.84999999999992,coast,2.5,1.4936079606516222,1.4976167794254687,-13.807125078616647,-8.664526579960418,0.14352475682528396,0.0,0.0,0.0,0.0,0.009999999999999787
5.8599999999999195,coast,2.5,1.487635575924027,1.4916280573246037,-13.792256839878425,-8.66511390619222,0.1435255438888431,0.0,0.0,0.0,0.0,0.009999999999999787
5.869999999999919,coast,2.5,1.4816631936017386,1.4856491390908846,-13.777448229299818,-8.665697429929203,0.14352610356928824,0.0,0.0,0.0,0.0,0.009999999999999787
5.879999999999919,coast,2.5,1.4756971827336005,1.4796779652765142,-13.762699182459126,-8.666277178559815,0.14352631463160498,0.0,0.0,0.0,0.0,0.009999999999999787
5.889999999999919,coast,2.5,1.4697410304931569,1.4737158044065,-13.748009615668801,-8.666853561732122,0.1435260694168345,0.0,0.0,0.0,0.0,0.009999999999999787
5.899999999999919,coast,2.5,1.4637686434840478,1.4677475078530287,-13.73337968211672,-8.667426182976387,0.14352563458912765,0.0,0.0,0.0,0.0,0.009999999999999787
5.909999999999918,coast,2.5,1.4577780420393391,1.461765828364815,-13.718809564680132,-8.667994931158116,0.14352522933704154,0.0,0.0,0.0,0.0,0.009999999999999787
5.919999999999918,coast,2.5,1.4518070329164876,1.4557905510958187,-13.704299066591394,-8.668559931211984,0.1435245565607961,0.0,0.0,0.0,0.0,0.009999999999999787
5.929999999999918,coast,2.5,1.4458453398521083,1.4498234243495924,-13.689848127482415,-8.669122024852348,0.14352356701366767,0.0,0.0,0.0,0.0,0.009999999999999787
5.939999999999918,coast,2.5,1.439851717023593,1.4438403999539928,-13.675457046751655,-8.669680438862127,0.14352274132709159,0.0,0.0,0.0,0.0,0.009999999999999787
5.949999999999918,coast,2.5,1.4338403413475889,1.4378403647901505,-13.661125989492252,-8.670234767888314,0.14352225140953517,0.0,0.0,0.0,0.0,0.009999999999999787
5.959999999999917,coast,2.5,1.4278517739589807,1.4318472102914486,-13.64685473791035,-8.67078549684044,0.14352168010803326,0.0,0.0,0.0,0.0,0.009999999999999787
5.969999999999917,coast,2.5,1.4218987905028966,1.4258781584183176,-13.63264294100416,-8.671332978294757,0.14352057218805442,0.0,0.0,0.0,0.0,0.009999999999999787
5.979999999999917,coast,2.5,1.4159367472166031,1.4199133116972888,-13.618490698588687,-8.671877292231336,0.14351918123818122,0.0,0.0,0.0,0.0,0.009999999999999787
5.989999999999917,coast,2.5,1.4099421542475314,1.4139306172274344,-13.604398332500699,-8.672418022226207,0.1435181163547031,0.0,0.0,0.0,0.0,0.009999999999999787
5.9999999999999165,coast,2.5,1.4039107069276922,1.407918671047589,-13.590366224474934,-8.67295520149488,0.14351801584705565,0.0,0.0,0.0,0.0,0.009999999999999787
6.009999999999916,coast,2.5,1.3978705039166974,1.401889770769054,-13.576394437342335,-8.673488233886443,0.1435188943140273,0.0,0.0,0.0,0.0,0.009999999999999787
6.019999999999916,coast,2.5,1.3918980710745676,1.3958947509523623,-13.562482315418169,-8.674018237588871,0.14351978457161846,0.0,0.0,0.0,0.0,0.009999999999999787
6.029999999999916,coast,2.5,1.3859573625895416,1.3899323179346699,-13.54862953772366,-8.674545343284006,0.1435202475443344,0.0,0.0,0.0,0.0,0.009999999999999787
6.039999999999916,coast,2.5,1.3799859272927864,1.3839644835495397,-13.534836407498911,-8.675069183813191,0.14352073626248035,0.0,0.0,0.0,0.0,0.009999999999999787
6.0499999999999154,coast,2.5,1.3739863514581876,1.3779776042947285,-13.5211031956444,-8.675589343017204,0.14352150366957442,0.0,0.0,0.0,0.0,0.009999999999999787
6.059999999999915,coast,2.5,1.3680217993569208,1.372004121332044,-13.507429561482997,-8.6761064121315,0.14352189277156135,0.0,0.0,0.0,0.0,0.009999999999999787
6.069999999999915,coast,2.5,1.3621060238024905,1.366065262814312,-13.49381502553722,-8.67662093037786,0.1435212462900787,0.0,0.0,0.0,0.0,0.009999999999999787
6.079999999999915,coast,2.5,1.3561682921706661,1.3601270804281245,-13.480259806745902,-8.677132638316152,0.1435199342497535,0.0,0.0,0.0,0.0,0.009999999999999787
6.089999999999915,coast,2.5,1.350183905718187,1.354161175602162,-13.466764387583087,-8.677641512505001,0.14351874407981233,0.0,0.0,0.0,0.0,0.009999999999999787
6.099999999999914,coast,2.5,1.344157638869181,1.3481590535623735,-13.45332917938308,-8.6781470634187,0.14351826313778163,0.0,0.0,0.0,0.0,0.009999999999999787
6.109999999999914,coast,2.5,1.338157439714293,1.342158085253525,-13.439953925663762,-8.678649659580175,0.14351807950922757,0.0,0.0,0.0,0.0,0.009999999999999787
6.119999999999914,coast,2.5,1.3322087460877852,1.336188481754081,-13.426638122391699,-8.679149942130923,0.143517576207272,0.0,0.0,0.0,0.0,0.009999999999999787
6.129999999999914,coast,2.5,1.3262529807042764,1.3302271811241984,-13.41338182865579,-8.679647485722873,0.1435169739210827,0.0,0.0,0.0,0.0,0.009999999999999787
6.1399999999999135,coast,2.5,1.3202633177350027,1.324248863090681,-13.400185404135645,-8.680142488779314,0.14351692874650068,0.0,0.0,0.0,0.0,0.009999999999999787
6.149999999999913,coast,2.5,1.3142440497763845,1.3182459751021032,-13.387049135859863,-8.680634475653783,0.14351795502647796,0.0,0.0,0.0,0.0,0.009999999999999787
6.159999999999913,coast,2.5,1.3082399952032893,1.3122423871628148,-13.373972864079445,-8.681123456929488,0.1435197431592878,0.0,0.0,0.0,0.0,0.009999999999999787
6.169999999999913,coast,2.5,1.302296964248366,1.3062751334141456,-13.360955984598991,-8.681610070134253,0.14352145829606372,0.0,0.0,0.0,0.0,0.009999999999999787
6.179999999999913,coast,2.5,1.2963673339011004,1.3003304537063185,-13.347998361854877,-8.682094406660228,0.14352282594077775,0.0,0.0,0.0,0.0,0.009999999999999787
6.1899999999999125,coast,2.5,1.2904174760026186,1.2943826670840985,-13.335100192912085,-8.682576116066011,0.14352420050876105,0.0,0.0,0.0,0.0,0.009999999999999787
6.199999999999912,coast,2.5,1.2844359774137786,1.2884146532819065,-13.322261807842972,-8.68305531749379,0.14352602039362483,0.0,0.0,0.0,0.0,0.009999999999999787
6.209999999999912,coast,2.5,1.2784360341717693,1.2824274818158243,-13.309483395319353,-8.683532028165803,0.14352849394411166,0.0,0.0,0.0,0.0,0.009999999999999787
6.219999999999912,coast,2.5,1.2724436795945828,1.2764372004830795,-13.296764874000848,-8.684006208138749,0.14353148839567473,0.0,0.0,0.0,0.0,0.009999999999999787
6.229999999999912,coast,2.5,1.2664642259980203,1.270453415792044,-13.284106111555213,-8.684477881570789,0.14353485363257762,0.0,0.0,0.0,0.0,0.009999999999999787
6.239999999999911,coast,2.5,1.2604843538633617,1.2644719786348346,-13.2715071171234,-8.684947207819341,0.14353857848339552,0.0,0.0,0.0,0.0,0.009999999999999787
6.249999999999911,coast,2.5,1.2545323262639403,1.258508187212298,-13.258967593683957,-8.685413999139941,0.14354213311061131,0.0,0.0,0.0,0.0,0.009999999999999787
6.259999999999911,coast,2.5,1.2486287687812392,1.2525805361536628,-13.246487054103133,-8.685878609346105,0.14354472410778849,0.0,0.0,0.0,0.0,0.009999999999999787
6.269999999999911,coast,2.5,1.2427270167425308,1.2466684245069837,-13.2340654887949,-8.686341330865266,0.14354611466479933,0.0,0.0,0.0,0.0,0.009999999999999787
6.2799999999999105,coast,2.5,1.2368436216197967,1.2407735427746713,-13.221702694227005,-8.686801792323191,0.1435458816604803,0.0,0.0,0.0,0.0,0.009999999999999787
6.28999999999991,coast,2.5,1.2309700205603364,1.2348914294460704,-13.209398574825354,-8.687260051026005,0.14354387209990044,0.0,0.0,0.0,0.0,0.009999999999999787
6.29999999999991,coast,2.5,1.2250468550570135,1.2289846848126365,-13.197153644203159,-8.68771613567345,0.14354073435686998,0.0,0.0,0.0,0.0,0.009999999999999787
6.30999999999991,coast,2.5,1.219107199317138,1.2230581935153375,-13.184968069538883,-8.68816993150334,0.1435366889894067,0.0,0.0,0.0,0.0,0.009999999999999787
6.31999999999991,coast,2.5,1.2131765585760228,1.2171292125517486,-13.172841778604473,-8.68862186702369,0.14353176370247825,0.0,0.0,0.0,0.0,0.009999999999999787
6.3299999999999095,coast,2.5,1.207194693630616,1.211168501199069,-13.160775300775802,-8.689071836197463,0.1435269508410225,0.0,0.0,0.0,0.0,0.009999999999999787
6.339999999999909,coast,2.5,1.2011558218487954,1.2051608935889049,-13.148769209426138,-8.689519427711947,0.143523216264755,0.0,0.0,0.0,0.0,0.009999999999999787
6.349999999999909,coast,2.5,1.1951204568470977,1.1991366315438206,-13.136823464909611,-8.68996457161468,0.14352058808691334,0.0,0.0,0.0,0.0,0.009999999999999787
6.359999999999909,coast,2.5,1.1891313606769809,1.1931334690237168,-13.124937605269139,-8.690407619219075,0.14351857794343809,0.0,0.0,0.0,0.0,0.009999999999999787
6.369999999999909,coast,2.5,1.183153167443169,1.187145288075388,-13.113111524471432,-8.690848662390437,0.1435172336722939,0.0,0.0,0.0,0.0,0.009999999999999787
6.379999999999908,coast,2.5,1.1771562259069477,1.181151850774324,-13.101345403472454,-8.691287337269841,0.14351696050300747,0.0,0.0,0.0,0.0,0.009999999999999787
6.389999999999908,coast,2.5,1.1711454062717574,1.175147984072784,-13.089639380957815,-8.691723492775397,0.14351811608444703,0.0,0.0,0.0,0.0,0.009999999999999787
6.399999999999908,coast,2.5,1.1651360973498026,1.1691408520389952,-13.077993436917804,-8.69215711418548,0.1435205829041011,0.0,0.0,0.0,0.0,0.009999999999999787
6.409999999999908,coast,2.5,1.1591815377512078,1.1631652634663228,-13.066407007085777,-8.692588293580192,0.1435234538076952,0.0,0.0,0.0,0.0,0.009999999999999787
6.419999999999908,coast,2.5,1.1532677870286991,1.1572267776037486,-13.054879669556945,-8.69301703825246,0.14352604560131998,0.0,0.0,0.0,0.0,0.009999999999999787
6.429999999999907,coast,2.5,1.147341373589368,1.1512955351951204,-13.04341154716081,-8.693443211447853,0.14352836626161344,0.0,0.0,0.0,0.0,0.009999999999999787
6.439999999999907,coast,2.5,1.1414027751681786,1.1453598791789554,-13.032002750208473,-8.693866523650382,0.14353032812999575,0.0,0.0,0.0,0.0,0.009999999999999787
6.449999999999907,coast,2.5,1.1354956491995145,1.139441341191291,-13.020652943990186,-8.694286775249086,0.1435312743528616,0.0,0.0,0.0,0.0,0.009999999999999787
6.459999999999907,coast,2.5,1.1296131999147652,1.1335444564253754,-13.009361900494728,-8.694704663439166,0.14353077512597262,0.0,0.0,0.0,0.0,0.009999999999999787
6.4699999999999065,coast,2.5,1.1236924553083363,1.127633255755152,-12.998130006616941,-8.695119936936411,0.1435293727001708,0.0,0.0,0.0,0.0,0.009999999999999787
6.479999999999906,coast,2.5,1.117722108210318,1.1216865672282514,-12.986957766734822,-8.695532332705007,0.1435279084406219,0.0,0.0,0.0,0.0,0.009999999999999787
6.489999999999906,coast,2.5,1.1117150156562703,1.1157036362850627,-12.975845539002936,-8.695941254384778,0.14352704014541445,0.0,0.0,0.0,0.0,0.009999999999999787
6.499999999999906,coast,2.5,1.10573083587832,1.1097199560410171,-12.964793095056388,-8.69634694620483,0.14352644198324538,0.0,0.0,0.0,0.0,0.009999999999999787
6.509999999999906,coast,2.5,1.0997921906758192,1.1037632968218984,-12.95379998906527,-8.696749987203772,0.14352558199283436,0.0,0.0,0.0,0.0,0.009999999999999787
6.519999999999905,coast,2.5,1.0938430007554056,1.0978111191820028,-12.942866314592044,-8.697149876323046,0.1435247733518033,0.0,0.0,0.0,0.0,0.009999999999999787
6.529999999999905,coast,2.5,1.0878694008336665,1.091846088173001,-12.931992321772388,-8.697546536199365,0.1435244490983727,0.0,0.0,0.0,0.0,0.009999999999999787
6.539999999999905,coast,2.5,1.0819017355998233,1.0858794766290942,-12.921177937725815,-8.69793968134383,0.14352448039502141,0.0,0.0,0.0,0.0,0.009999999999999787
6.549999999999905,coast,2.5,1.0759789590831366,1.0799391661015196,-12.910422710550758,-8.698329592992476,0.14352422250043648,0.0,0.0,0.0,0.0,0.009999999999999787
6.559999999999905,coast,2.5,1.0700814462186488,1.074024534171797,-12.899726404227028,-8.698716852963026,0.14352340748845865,0.0,0.0,0.0,0.0,0.009999999999999787
6.569999999999904,coast,2.5,1.0641535990783457,1.0681019731157262,-12.889089315036122,-8.699100955352952,0.1435225370464311,0.0,0.0,0.0,0.0,0.009999999999999787
6.579999999999904,coast,2.5,1.0581875187939735,1.0621533005226746,-12.878511829947822,-8.69948167641397,0.14352222333158682,0.0,0.0,0.0,0.0,0.009999999999999787
6.589999999999904,coast,2.5,1.0521926768931291,1.0561769263449472,-12.867994244334394,-8.699859005740091,0.14352290249735106,0.0,0.0,0.0,0.0,0.009999999999999787
6.599999999999904,coast,2.5,1.0462120524453793,1.0501980020052064,-12.857536413966312,-8.700233094662657,0.14352427697186457,0.0,0.0,0.0,0.0,0.009999999999999787
6.6099999999999035,coast,2.5,1.040274321048153,1.0442437934309745,-12.847137897722073,-8.700604012866526,0.1435256827891615,0.0,0.0,0.0,0.0,0.009999999999999787
6.619999999999903,coast,2.5,1.0343455626786964,1.0383048549796077,-12.83679861296666,-8.700972065684443,0.14352692481936669,0.0,0.0,0.0,0.0,0.009999999999999787
6.629999999999903,coast,2.5,1.0284005666016738,1.0323622819528473,-12.826518727507695,-8.701337275227885,0.14352821483002198,0.0,0.0,0.0,0.0,0.009999999999999787
6.639999999999903,coast,2.5,1.022440569397269,1.0264092544195003,-12.816298394787546,-8.701699631633325,0.14352973883812112,0.0,0.0,0.0,0.0,0.009999999999999787
6.649999999999903,coast,2.5,1.016481591720276,1.0204526567999657,-12.806137595287632,-8.702058880731462,0.14353151377706763,0.0,0.0,0.0,0.0,0.009999999999999787
6.659999999999902,coast,2.5,1.0105204623494206,1.0144933401296385,-12.796036360844322,-8.702415272897557,0.14353362305998224,0.0,0.0,0.0,0.0,0.009999999999999787
6.669999999999902,coast,2.5,1.004565976293383,1.008536921827885,-12.785994625983857,-8.702768948522088,0.14353588293392763,0.0,0.0,0.0,0.0,0.009999999999999787
6.679999999999902,coast,2.5,0.998660142478264,1.0026108542181125,-12.776011894552074,-8.70312007620464,0.14353753717146428,0.0,0.0,0.0,0.0,0.009999999999999787
6.689999999999902,coast,2.5,0.9927700169005433,0.996706351827571,-12.766088018906128,-8.703469050999527,0.14353829767160886,0.0,0.0,0.0,0.0,0.009999999999999787
6.699999999999902,coast,2.5,0.986856847609946,0.990796649296996,-12.756223225965327,-8.703815557149102,0.14353847122503982,0.0,0.0,0.0,0.0,0.009999999999999787
6.709999999999901,coast,2.5,0.9809249082938343,0.984873604695099,-12.746417701352206,-8.704159384657213,0.14353826647043327,0.0,0.0,0.0,0.0,0.009999999999999787
6.719999999999901,coast,2.5,0.9750174064074225,0.978959885722493,-12.736671198996614,-8.704500732374559,0.14353721339443498,0.0,0.0,0.0,0.0,0.009999999999999787
6.729999999999901,coast,2.5,0.9691316576636756,0.9730629488872025,-12.726983517754034,-8.704840182087965,0.1435350320195093,0.0,0.0,0.0,0.0,0.009999999999999787
6.739999999999901,coast,2.5,0.9632110851741706,0.9671518306593834,-12.717355024642856,-8.70517788796778,0.14353229069046328,0.0,0.0,0.0,0.0,0.009999999999999787
6.7499999999999005,coast,2.5,0.9572486591170745,0.961209927733998,-12.707786135350464,-8.705513311560791,0.14352976835686018,0.0,0.0,0.0,0.0,0.009999999999999787
6.7599999999999,coast,2.5,0.9512463054862657,0.9552317543853586,-12.698277257961546,-8.705846244722112,0.14352829164945285,0.0,0.0,0.0,0.0,0.009999999999999787
6.7699999999999,coast,2.5,0.9452346152799481,0.9492334709221123,-12.68882849457962,-8.706176811565772,0.1435281430732573,0.0,0.0,0.0,0.0,0.009999999999999787
6.7799999999999,coast,2.5,0.9392756246565995,0.9432587631628047,-12.679439309593075,-8.706505275342607,0.14352853833045937,0.0,0.0,0.0,0.0,0.009999999999999787
6.7899999999999,coast,2.5,0.9333482806698297,0.9373124736670196,-12.670109394858546,-8.706832176674975,0.14352897442308193,0.0,0.0,0.0,0.0,0.009999999999999787
6.7999999999998995,coast,2.5,0.9274057396924488,0.9313684332822771,-12.660838885270296,-8.707156947162314,0.14352960152890298,0.0,0.0,0.0,0.0,0.009999999999999787
6.809999999999899,coast,2.5,0.9214601676598908,0.9254234739088454,-12.651627792956367,-8.70747915474028,0.143530276601211,0.0,0.0,0.0,0.0,0.009999999999999787
6.819999999999899,coast,2.5,0.9155486926361692,0.9194986051452397,-12.64247576151909,-8.707798788524967,0.14353025359044874,0.0,0.0,0.0,0.0,0.009999999999999787
6.829999999999899,coast,2.5,0.9096784752708175,0.9136065272205863,-12.633382421774893,-8.708117423900063,0.14352886906908785,0.0,0.0,0.0,0.0,0.009999999999999787
6.839999999999899,coast,2.5,0.9037784576011976,0.907709685448953,-12.62434805077932,-8.70843414704928,0.14352660164104852,0.0,0.0,0.0,0.0,0.009999999999999787
6.849999999999898,coast,2.5,0.8978385984346835,0.9017870332403913,-12.61537304999475,-8.708748610017507,0.1435241601861154,0.0,0.0,0.0,0.0,0.009999999999999787
6.859999999999898,coast,2.5,0.8918590460213662,0.8958302409089762,-12.606457821371894,-8.7090606180284,0.14352212883099874,0.0,0.0,0.0,0.0,0.009999999999999787
6.869999999999898,coast,2.5,0.8858835783560531,0.8898622433772224,-12.59760232916953,-8.709370339734336,0.14352051550953193,0.0,0.0,0.0,0.0,0.009999999999999787
6.879999999999898,coast,2.5,0.8799240231974118,0.8838993112693361,-12.588806409941105,-8.709677763348639,0.14351917948161025,0.0,0.0,0.0,0.0,0.009999999999999787
6.8899999999998975,coast,2.5,0.8739722701781546,0.8779430866146272,-12.580069981266563,-8.709982758415538,0.14351816735291364,0.0,0.0,0.0,0.0,0.009999999999999787
6.899999999999897,coast,2.5,0.868008363319484,0.8719822526375414,-12.571393187954872,-8.710285831360393,0.14351776883781375,0.0,0.0,0.0,0.0,0.009999999999999787
6.909999999999897,coast,2.5,0.8620376544182279,0.8660154937059533,-12.562776077918036,-8.71058629296062,0.1435182312550147,0.0,0.0,0.0,0.0,0.009999999999999787
6.919999999999897,coast,2.5,0.8560636686243817,0.8600443986570103,-12.554218700220613,-8.710884561418784,0.14351967768351395,0.0,0.0,0.0,0.0,0.009999999999999787
6.929999999999897,coast,2.5,0.8501012310230546,0.8540784980766369,-12.545720927925467,-8.711180405431426,0.14352200092035652,0.0,0.0,0.0,0.0,0.009999999999999787
6.9399999999998965,coast,2.5,0.8441608349516126,0.8481279002016223,-12.53728253799537,-8.711474033181904,0.1435247538702197,0.0,0.0,0.0,0.0,0.009999999999999787
6.949999999999896,coast,2.5,0.8382486254566972,0.8422003353546672,-12.528903229649725,-8.711765199202215,0.1435274488480405,0.0,0.0,0.0,0.0,0.009999999999999787
6.959999999999896,coast,2.5,0.8323381939102665,0.8362830504880268,-12.520582997340423,-8.712054328016936,0.1435299315903257,0.0,0.0,0.0,0.0,0.009999999999999787
6.969999999999896,coast,2.5,0.8264206297972975,0.8303655980735891,-12.512321896379847,-8.712340935057576,0.14353222646876468,0.0,0.0,0.0,0.0,0.009999999999999787
6.979999999999896,coast,2.5,0.8204915968242756,0.824441197324001,-12.504120054255585,-8.712625343588302,0.1435343832299248,0.0,0.0,0.0,0.0,0.009999999999999787
6.989999999999895,coast,2.5,0.8145744969232597,0.8185211770835562,-12.495977343301114,-8.712907478119918,0.14353612179232464,0.0,0.0,0.0,0.0,0.009999999999999787
6.999999999999895,coast,2.5,0.808670354297161,0.812610683411719,-12.487893639799934,-8.713187652707612,0.14353717513308056,0.0,0.0,0.0,0.0,0.009999999999999787
7.009999999999895,coast,2.5,0.8027597654344958,0.8067001326253851,-12.479868990179622,-8.71346529668499,0.14353760620852146,0.0,0.0,0.0,0.0,0.009999999999999787
7.019999999999895,coast,2.5,0.7968371499521814,0.8007823430214629,-12.471903538998827,-8.713741048786463,0.14353747338732017,0.0,0.0,0.0,0.0,0.009999999999999787
7.0299999999998946,coast,2.5,0.7909530108683567,0.7948847437295992,-12.463996864558847,-8.714014198279713,0.14353617653008902,0.0,0.0,0.0,0.0,0.009999999999999787
7.039999999999894,coast,2.5,0.7850734375393239,0.788997960015434,-12.456148940590158,-8.714285290186728,0.14353367036883136,0.0,0.0,0.0,0.0,0.009999999999999787
7.049999999999894,coast,2.5,0.7791550257957061,0.7830921994835972,-12.448360155248562,-8.714553861028499,0.14353066239634185,0.0,0.0,0.0,0.0,0.009999999999999787
7.059999999999894,coast,2.5,0.7731976352016069,0.777155460914403,-12.440630936654895,-8.714820510223829,0.14352797722383262,0.0,0.0,0.0,0.0,0.009999999999999787
7.069999999999894,coast,2.5,0.7672073106602361,0.7711865707619028,-12.432961603293572,-8.715084493993421,0.14352638214927135,0.0,0.0,0.0,0.0,0.009999999999999787
7.0799999999998935,coast,2.5,0.7611974198592363,0.7651930802203029,-12.425352371946738,-8.715346234364398,0.14352625190625662,0.0,0.0,0.0,0.0,0.009999999999999787
7.089999999999893,coast,2.5,0.7552171050419589,0.7592074951132965,-12.417802944240595,-8.715605938833257,0.1435271971022069,0.0,0.0,0.0,0.0,0.009999999999999787
7.099999999999893,coast,2.5,0.7492783860683649,0.7532500296863376,-12.41031289652956,-8.715863719311265,0.14352872067255668,0.0,0.0,0.0,0.0,0.009999999999999787
7.109999999999893,coast,2.5,0.7433450299631069,0.7473070298523992,-12.402882156137725,-8.716119142860041,0.14353064321248,0.0,0.0,0.0,0.0,0.009999999999999787
7.119999999999893,coast,2.5,0.7374338767958722,0.741383138018483,-12.395510505120885,-8.716372557877504,0.14353257838534236,0.0,0.0,0.0,0.0,0.009999999999999787
7.129999999999892,coast,2.5,0.7315569190857841,0.7354874066588637,-12.388197585767774,-8.716623840269275,0.1435339647630855,0.0,0.0,0.0,0.0,0.009999999999999787
7.139999999999892,coast,2.5,0.7256683515337237,0.7295959735837797,-12.38094350250817,-8.71687258361854,0.1435348723460219,0.0,0.0,0.0,0.0,0.009999999999999787
7.149999999999892,coast,2.5,0.7197564543376049,0.7236922620360748,-12.373748517092135,-8.717119444211122,0.14353553286306578,0.0,0.0,0.0,0.0,0.009999999999999787
7.159999999999892,coast,2.5,0.7138163855556109,0.7177667361477964,-12.366612912940777,-8.717364282467218,0.14353624143212013,0.0,0.0,0.0,0.0,0.009999999999999787
7.169999999999892,coast,2.5,0.7078977235894675,0.711845328612799,-12.359536448025818,-8.717606372460766,0.14353688780273807,0.0,0.0,0.0,0.0,0.009999999999999787
7.179999999999891,coast,2.5,0.7019526591318893,0.7059097269242531,-12.35251940520953,-8.71784622756577,0.14353751328887365,0.0,0.0,0.0,0.0,0.009999999999999787
7.189999999999891,coast,2.5,0.6960026816992,0.6999654997892213,-12.34556184472805,-8.718084061244673,0.14353831195199626,0.0,0.0,0.0,0.0,0.009999999999999787
7.199999999999891,coast,2.5,0.6900482617388687,0.6940151569590097,-12.33866381696442,-8.718319895696625,0.14353955730082446,0.0,0.0,0.0,0.0,0.009999999999999787
7.209999999999891,coast,2.5,0.6840789038383793,0.6880534050866315,-12.331825473050179,-8.718553710381105,0.14354139235976454,0.0,0.0,0.0,0.0,0.009999999999999787
7.2199999999998905,coast,2.5,0.678117231503791,0.6820917009369272,-12.325046720159488,-8.718785042964667,0.1435438556338577,0.0,0.0,0.0,0.0,0.009999999999999787
7.22999999999989,coast,2.5,0.6721707517579331,0.6761391314295306,-12.318327425971601,-8.71901449923184,0.14354691897074842,0.0,0.0,0.0,0.0,0.009999999999999787
7.23999999999989,coast,2.5,0.6662104447379008,0.6701819194145527,-12.311667720019909,-8.719241929613966,0.14355041832728246,0.0,0.0,0.0,0.0,0.009999999999999787
7.24999999999989,coast,2.5,0.6603186949892501,0.6642639847593712,-12.305066912332519,-8.719467653544271,0.14355364556554734,0.0,0.0,0.0,0.0,0.009999999999999787
7.25999999999989,coast,2.5,0.6544354911356821,0.6583668885851577,-12.298524902767932,-8.719691564765952,0.14355604209009395,0.0,0.0,0.0,0.0,0.009999999999999787
7.269999999999889,coast,2.5,0.6485824998198398,0.652496255325967,-12.29204134760735,-8.719912724961915,0.1435571268676284,0.0,0.0,0.0,0.0,0.009999999999999787
7.279999999999889,coast,2.5,0.6427914006460392,0.6466733425180103,-12.285615663749654,-8.720132727633827,0.14355591351984912,0.0,0.0,0.0,0.0,0.009999999999999787
7.289999999999889,coast,2.5,0.6369526592963214,0.640840932584997,-12.279248302030176,-8.720350502671982,0.14355281450722768,0.0,0.0,0.0,0.0,0.009999999999999787
7.299999999999889,coast,2.5,0.631075438709856,0.6349816362599124,-12.272939685974732,-8.720566662616857,0.14354857245492364,0.0,0.0,0.0,0.0,0.009999999999999787
7.309999999999889,coast,2.5,0.6251482572849677,0.6290816088749456,-12.26669031681499,-8.720780782838984,0.14354391407916203,0.0,0.0,0.0,0.0,0.009999999999999787
7.319999999999888,coast,2.5,0.6191991693828495,0.6231521451796879,-12.260500425785917,-8.720992931217474,0.143539310100469,0.0,0.0,0.0,0.0,0.009999999999999787
7.329999999999888,coast,2.5,0.6132211606927351,0.6171935544875162,-12.254370312234585,-8.721203038094238,0.1435353870027382,0.0,0.0,0.0,0.0,0.009999999999999787
7.339999999999888,coast,2.5,0.607225313271373,0.6112126097578303,-12.248300161269057,-8.721411089236412,0.14353254426575268,0.0,0.0,0.0,0.0,0.009999999999999787
7.349999999999888,coast,2.5,0.6012670730250997,0.605245287718192,-12.242289611217446,-8.721617670992874,0.1435305798202192,0.0,0.0,0.0,0.0,0.009999999999999787
7.3599999999998875,coast,2.5,0.5952952176201732,0.5992752456593807,-12.236338779792657,-8.721822138436703,0.14352972043789447,0.0,0.0,0.0,0.0,0.009999999999999787
7.369999999999887,coast,2.5,0.5893187056758613,0.5933013216692691,-12.230447717681994,-8.722024523141366,0.14353015258225477,0.0,0.0,0.0,0.0,0.009999999999999787
7.379999999999887,coast,2.5,0.5833819307083544,0.5873496870927203,-12.224616019978955,-8.722224844479285,0.14353154182895186,0.0,0.0,0.0,0.0,0.009999999999999787
7.389999999999887,coast,2.5,0.5774700690426751,0.5814219162626931,-12.21884341940313,-8.722422940781131,0.1435333128117195,0.0,0.0,0.0,0.0,0.009999999999999787
7.399999999999887,coast,2.5,0.5715559675727455,0.5755023470487246,-12.213129953995962,-8.722619342885578,0.14353532738342042,0.0,0.0,0.0,0.0,0.009999999999999787
7.4099999999998865,coast,2.5,0.5656571315170278,0.5695952177297066,-12.207475462598214,-8.722813931548064,0.14353737292262994,0.0,0.0,0.0,0.0,0.009999999999999787
7.419999999999886,coast,2.5,0.5597639221560562,0.5636964403855164,-12.201879889629918,-8.723006906730259,0.14353913924367362,0.0,0.0,0.0,0.0,0.009999999999999787
7.429999999999886,coast,2.5,0.5538704544674848,0.5578008488346975,-12.196343205655408,-8.72319740481834,0.14354049767071245,0.0,0.0,0.0,0.0,0.009999999999999787
7.439999999999886,coast,2.5,0.547982638351709,0.5519099225449045,-12.190865363935512,-8.72338588380027,0.14354113778201924,0.0,0.0,0.0,0.0,0.009999999999999787
7.449999999999886,coast,2.5,0.5420821504709495,0.5460132593005316,-12.18544649598785,-8.723572575119773,0.14354087231502227,0.0,0.0,0.0,0.0,0.009999999999999787
7.459999999999885,coast,2.5,0.5362019989257057,0.540126503075636,-12.180086372088658,-8.72375677735557,0.14353958081975704,0.0,0.0,0.0,0.0,0.009999999999999787
7.469999999999885,coast,2.5,0.5302977663151124,0.5342292610193218,-12.174785248331117,-8.723938774842834,0.14353749367875612,0.0,0.0,0.0,0.0,0.009999999999999787
7.479999999999885,coast,2.5,0.5243694079621044,0.5283133491849914,-12.169543394707159,-8.724119088109465,0.14353511079352746,0.0,0.0,0.0,0.0,0.009999999999999787
7.489999999999885,coast,2.5,0.5184325013177726,0.5223848404646602,-12.164360866023062,-8.72429662166338,0.1435327778076773,0.0,0.0,0.0,0.0,0.009999999999999787
7.4999999999998845,coast,2.5,0.5125047972506547,0.5164568145362569,-12.159237605001723,-8.724472260784284,0.14353072353990354,0.0,0.0,0.0,0.0,0.009999999999999787
7.509999999999884,coast,2.5,0.5065553336875939,0.5105159260270591,-12.154173851014619,-8.724646428676733,0.1435293063221854,0.0,0.0,0.0,0.0,0.009999999999999787
7.519999999999884,coast,2.5,0.5005874768321444,0.5045588565101103,-12.149169749889225,-8.72481780412789,0.1435288990559644,0.0,0.0,0.0,0.0,0.009999999999999787
7.529999999999884,coast,2.5,0.4946544982691286,0.4986162415655213,-12.144224969056983,-8.724987069782951,0.14352919452128926,0.0,0.0,0.0,0.0,0.009999999999999787
7.539999999999884,coast,2.5,0.488734555083733,0.4926872296764483,-12.139339387313733,-8.725154765575159,0.14352975167022392,0.0,0.0,0.0,0.0,0.009999999999999787
7.5499999999998835,coast,2.5,0.48282266140566016,0.4867684887139754,-12.134512911573848,-8.725320503119718,0.14353060736436263,0.0,0.0,0.0,0.0,0.009999999999999787
7.559999999999883,coast,2.5,0.4769069354295755,0.48085155674333546,-12.129745543577274,-8.725483268989954,0.14353167308902057,0.0,0.0,0.0,0.0,0.009999999999999787
7.569999999999883,coast,2.5,0.47102577467523604,0.4749560875024758,-12.125036972091236,-8.725644416679135,0.1435323740717465,0.0,0.0,0.0,0.0,0.009999999999999787
7.579999999999883,coast,2.5,0.46515325521188977,0.4690743881281242,-12.120387090197621,-8.725803463036103,0.14353250966889788,0.0,0.0,0.0,0.0,0.009999999999999787
7.589999999999883,coast,2.5,0.45925167832312114,0.4631807622451224,-12.115796171026524,-8.72595984812849,0.14353213014605098,0.0,0.0,0.0,0.0,0.009999999999999787
7.599999999999882,coast,2.5,0.4533734677805387,0.4572963855663722,-12.11126397933278,-8.726113803016055,0.1435307691700744,0.0,0.0,0.0,0.0,0.009999999999999787
7.609999999999882,coast,2.5,0.4473502659356684,0.4513287137879499,-12.106790013206572,-8.726208643145451,0.1435283020224776,0.0,0.0,0.0,0.0,0.009999999999999787
7.619999999999882,coast,2.5,0.44140273279574255,0.4453731251926255,-12.102374005900952,-8.726262624296123,0.1435191216533495,0.0,0.0,0.0,0.0,0.009999999999999787
7.629999999999882,coast,2.5,0.4355297193364893,0.43946708167894377,-12.09802119907123,-8.726448581684055,0.1435036593411215,0.0,0.0,0.0,0.0,0.009999999999999787
7.6399999999998816,coast,2.5,0.42989528524137466,0.4337240038164023,-12.093724491470189,-8.726627936352388,0.14348514294693043,0.0,0.0,0.0,0.0,0.009999999999999787
7.649999999999881,coast,2.5,0.4241563089662651,0.42798338690632,-12.089485085347839,-8.726802127553619,0.14346829110096632,0.0,0.0,0.0,0.0,0.009999999999999787
7.659999999999881,coast,2.5,0.41833961156444904,0.42219712170119744,-12.085303838673298,-8.726972015549446,0.14345536263173259,0.0,0.0,0.0,0.0,0.009999999999999787
7.669999999999881,coast,2.5,0.4123622140560575,0.4162961771141135,-12.081180670720801,-8.727087191329497,0.1434483437882927,0.0,0.0,0.0,0.0,0.009999999999999787
7.679999999999881,coast,2.5,0.4062381129174605,0.4102613385961217,-12.077117391748164,-8.727160802670511,0.14344304683306736,0.0,0.0,0.0,0.0,0.009999999999999787
7.6899999999998805,coast,2.5,0.4001546796875128,0.40419734325095635,-12.073117388334214,-8.727300523072353,0.1434425695870044,0.0,0.0,0.0,0.0,0.009999999999999787
7.69999999999988,coast,2.5,0.39401584929107664,0.39808844687502853,-12.06918073285293,-8.727496113510467,0.14344167247538642,0.0,0.0,0.0,0.0,0.009999999999999787
7.70999999999988,coast,2.5,0.3881002661742012,0.39209553845453216,-12.06530306532842,-8.727682808058598,0.14344522072152235,0.0,0.0,0.0,0.0,0.009999999999999787
7.71999999999988,coast,2.5,0.3820834764695088,0.3860883012635181,-12.061482096619972,-8.72776567464313,0.14345162221553262,0.0,0.0,0.0,0.0,0.009999999999999787
7.72999999999988,coast,2.5,0.37618784096095476,0.3801480250819801,-12.057720345044263,-8.727854612445315,0.1434584953465409,0.0,0.0,0.0,0.0,0.009999999999999787
7.739999999999879,coast,2.5,0.3703660568252826,0.37427884412796164,-12.054018631582705,-8.727994130714583,0.14346642615633198,0.0,0.0,0.0,0.0,0.009999999999999787
7.749999999999879,coast,2.5,0.3644782346331486,0.3683984784310738,-12.050377159207352,-8.728174021392794,0.14347098382762416,0.0,0.0,0.0,0.0,0.009999999999999787
7.759999999999879,coast,2.5,0.35873323249240824,0.36259933086787444,-12.046792907871117,-8.728345767834353,0.14347591478082053,0.0,0.0,0.0,0.0,0.009999999999999787
7.769999999999879,coast,2.5,0.3528717161808833,0.3567627620556798,-12.0432638637072,-8.728417734523457,0.14348021168242892,0.0,0.0,0.0,0.0,0.009999999999999787
7.779999999999879,coast,2.5,0.3470376073596602,0.35092766923806806,-12.03979336798874,-8.72849574048994,0.14348232873183647,0.0,0.0,0.0,0.0,0.009999999999999787
7.789999999999878,coast,2.5,0.3412707847849426,0.3451335385661928,-12.03638074208825,-8.728578532670149,0.14348385457829846,0.0,0.0,0.0,0.0,0.009999999999999787
7.799999999999878,coast,2.5,0.3354092376710909,0.3392989580291316,-12.03302969339137,-8.728747168510322,0.14348261937476167,0.0,0.0,0.0,0.0,0.009999999999999787
7.809999999999878,coast,2.5,0.3295185437940885,0.3334307094881057,-12.029737283696866,-8.72890755903268,0.14347997462050488,0.0,0.0,0.0,0.0,0.009999999999999787
7.819999999999878,coast,2.5,0.32364568370106744,0.32755969401588275,-12.026501966322133,-8.729018120977418,0.14347873502744618,0.0,0.0,0.0,0.0,0.009999999999999787
7.8299999999998775,coast,2.5,0.3176491628985109,0.32161337534545964,-12.023325251276427,-8.729088547520576,0.14347646428557415,0.0,0.0,0.0,0.0,0.009999999999999787
7.839999999999877,coast,2.5,0.3117568193010894,0.3156994417188375,-12.020207730810437,-8.729164554078668,0.14347562434774883,0.0,0.0,0.0,0.0,0.009999999999999787
7.849999999999877,coast,2.5,0.30586344340624105,0.30979784273127964,-12.017150591180712,-8.729279985086134,0.14347623973420226,0.0,0.0,0.0,0.0,0.009999999999999787
7.859999999999877,coast,2.5,0.2999146452060972,0.30386792421617015,-12.014154013249655,-8.729425821606144,0.14347579507026476,0.0,0.0,0.0,0.0,0.009999999999999787
7.869999999999877,coast,2.5,0.29405509593147827,0.297980227245355,-12.011215859732705,-8.729564145813688,0.14347735387569582,0.0,0.0,0.0,0.0,0.009999999999999787
7.879999999999876,coast,2.5,0.28815939543070457,0.29208772815656475,-12.00833400726939,-8.729623343841215,0.14348031216193502,0.0,0.0,0.0,0.0,0.009999999999999787
7.889999999999876,coast,2.5,0.2823021438021329,0.28621637754390566,-12.005510985741527,-8.729688732227087,0.14348321640178768,0.0,0.0,0.0,0.0,0.009999999999999787
7.899999999999876,coast,2.5,0.2765149648203005,0.2803955299097426,-12.002746029025074,-8.729757918271321,0.14348680364397348,0.0,0.0,0.0,0.0,0.009999999999999787
7.909999999999876,coast,2.5,0.2707119580538691,0.2745853867962185,-12.000041420356416,-8.729893509448086,0.14348905073658108,0.0,0.0,0.0,0.0,0.009999999999999787
7.919999999999876,coast,2.5,0.26491599550979045,0.26878375202436167,-11.997394515126569,-8.730020824011989,0.14349053814458604,0.0,0.0,0.0,0.0,0.009999999999999787
7.929999999999875,coast,2.5,0.25913550672677627,0.2629948048458104,-11.994804140369977,-8.73010935342349,0.14349276035747124,0.0,0.0,0.0,0.0,0.009999999999999787
7.939999999999875,coast,2.5,0.2532947150970923,0.2571747509965795,-11.99227116282626,-8.730168044479724,0.14349378301967503,0.0,0.0,0.0,0.0,0.009999999999999787
7.949999999999875,coast,2.5,0.2475064108537047,0.2513737469108546,-11.989796297419053,-8.730231997436507,0.14349474604765716,0.0,0.0,0.0,0.0,0.009999999999999787
7.959999999999875,coast,2.5,0.24173708497784943,0.2455917497510515,-11.987380191231262,-8.730325382374621,0.14349554486752836,0.0,0.0,0.0,0.0,0.009999999999999787
7.9699999999998745,coast,2.5,0.23592002330759573,0.23978871388497805,-11.985023002775794,-8.730439991467112,0.1434947005555261,0.0,0.0,0.0,0.0,0.009999999999999787
7.979999999999874,coast,2.5,0.23014493192564922,0.23400244470938075,-11.982722409536763,-8.730519211063761,0.14349475423780994,0.0,0.0,0.0,0.0,0.009999999999999787
7.989999999999874,coast,2.5,0.22432828567873953,0.22819794929099602,-11.980479164588498,-8.73057368820017,0.1434943691458806,0.0,0.0,0.0,0.0,0.009999999999999787
7.999999999999874,coast,2.5,0.21858164250455997,0.2224281652191344,-11.978293620074593,-8.730633160696064,0.1434945996309635,0.0,0.0,0.0,0.0,0.009999999999999787
8.009999999999874,coast,2.5,0.21286600368309316,0.21669086829750966,-11.976166153875438,-8.730717450639737,0.14349548408170162,0.0,0.0,0.0,0.0,0.009999999999999787
8.019999999999873,coast,2.5,0.2071453336008807,0.21096354747953228,-11.974096524842071,-8.730818964684048,0.14349578793719622,0.0,0.0,0.0,0.0,0.009999999999999787
8.029999999999873,coast,2.5,0.20146444374712294,0.20526408524008666,-11.97208263247954,-8.730887314010335,0.14349736847720335,0.0,0.0,0.0,0.0,0.009999999999999787
8.039999999999873,coast,2.5,0.1957700665018585,0.19956767399714975,-11.97012494017254,-8.730932865327542,0.14349886860635513,0.0,0.0,0.0,0.0,0.009999999999999787
8.049999999999873,coast,2.5,0.19016239761383505,0.19392450816716095,-11.968223606388127,-8.730985012262071,0.14350066501843,0.0,0.0,0.0,0.0,0.009999999999999787
8.059999999999873,coast,2.5,0.18459849173984552,0.1883288983107717,-11.96637872546312,-8.731059169488576,0.14350266404766315,0.0,0.0,0.0,0.0,0.009999999999999787
8.069999999999872,coast,2.5,0.17902611743468275,0.18274722978511831,-11.964590123778164,-8.731148582443321,0.1435037554232163,0.0,0.0,0.0,0.0,0.009999999999999787
8.079999999999872,coast,2.5,0.17352624968617178,0.17721464172575038,-11.96285475041159,-8.731185180983918,0.1435053452374136,0.0,0.0,0.0,0.0,0.009999999999999787
8.089999999999872,coast,2.5,0.16809159671191662,0.17174081471745012,-11.961174742865065,-8.731250621371814,0.14350570328584292,0.0,0.0,0.0,0.0,0.009999999999999787
8.099999999999872,coast,2.5,0.16274741958136302,0.16634477763579786,-11.959547409378406,-8.731293373358742,0.14350473396787217,0.0,0.0,0.0,0.0,0.009999999999999787
8.109999999999872,coast,2.5,0.15743740542113613,0.16100035430700083,-11.957973232782594,-8.73133746121684,0.1435021223805973,0.0,0.0,0.0,0.0,0.009999999999999787
8.119999999999871,coast,2.5,0.15212554436422976,0.15567546834133816,-11.956452507828327,-8.731391566168252,0.14349665822224036,0.0,0.0,0.0,0.0,0.009999999999999787
8.129999999999871,coast,2.5,0.14707991509355944,0.15051813639267092,-11.954982840337575,-8.731461713557826,0.1434913888173392,0.0,0.0,0.0,0.0,0.009999999999999787
8.139999999999871,coast,2.5,0.1420983424464104,0.1454662600249146,-11.95356211321902,-8.731504458173944,0.14348757176650784,0.0,0.0,0.0,0.0,0.009999999999999787
8.14999999999987,coast,2.5,0.13716127387626914,0.14048326833572733,-11.952191227729411,-8.731558364153987,0.14348580752151063,0.0,0.0,0.0,0.0,0.009999999999999787
8.15999999999987,coast,2.5,0.13232612121249082,0.13558898006178544,-11.950868422938836,-8.731601925084457,0.14348625555057407,0.0,0.0,0.0,0.0,0.009999999999999787
8.16999999999987,coast,2.5,0.12749179653524925,0.13073066994586374,-11.949594057929653,-8.731645780552359,0.14348888273544794,0.0,0.0,0.0,0.0,0.009999999999999787
8.17999999999987,coast,2.5,0.1227345520309529,0.12593299919691725,-11.948367521726656,-8.73169474124308,0.14349341094145368,0.0,0.0,0.0,0.0,0.009999999999999787
8.18999999999987,coast,2.5,0.11796363918127141,0.12115138318752974,-11.947188371313583,-8.731732790922553,0.1434985938513477,0.0,0.0,0.0,0.0,0.009999999999999787
8.19999999999987,coast,2.5,0.11325726713951409,0.11641491355872036,-11.946056404239648,-8.731772858416589,0.14350423526455647,0.0,0.0,0.0,0.0,0.009999999999999787
8.20999999999987,coast,2.5,0.10859363727294924,0.11172214778725768,-11.94497120566341,-8.731815788432518,0.14350951310189436,0.0,0.0,0.0,0.0,0.009999999999999787
8.21999999999987,coast,2.5,0.10404427791467359,0.10711542586370723,-11.943931104760365,-8.731846510455481,0.14351416353270635,0.0,0.0,0.0,0.0,0.009999999999999787
8.229999999999869,coast,2.5,0.09957778628955734,0.10259284211921729,-11.94293598833218,-8.731886416098796,0.14351686778185982,0.0,0.0,0.0,0.0,0.009999999999999787
8.239999999999869,coast,2.5,0.09519785147754224,0.09815584773421226,-11.941984370399725,-8.731917256789721,0.14351826683386482,0.0,0.0,0.0,0.0,0.009999999999999787
8.249999999999869,coast,2.5,0.09093953621228992,0.09382606082105886,-11.94107527146733,-8.731945840931271,0.14351844823709414,0.0,0.0,0.0,0.0,0.009999999999999787
8.259999999999868,coast,2.5,0.08682437914067259,0.0896250518128271,-11.940207440554449,-8.731977212274874,0.14351778048376296,0.0,0.0,0.0,0.0,0.009999999999999787
8.269999999999868,coast,2.5,0.0828136334510536,0.08553820079576299,-11.939379643361587,-8.732005747394586,0.14351655990586237,0.0,0.0,0.0,0.0,0.009999999999999787
8.279999999999868,coast,2.5,0.07893601841494424,0.08157689136727174,-11.938590630186637,-8.732033611306809,0.14351521913492457,0.0,0.0,0.0,0.0,0.009999999999999787
8.289999999999868,coast,2.5,0.07517666775631103,0.07773675720069531,-11.937839124257106,-8.732057966633368,0.1435140610562222,0.0,0.0,0.0,0.0,0.009999999999999787
8.299999999999867,coast,2.5,0.07153536650752079,0.0740159227847906,-11.937124077422776,-8.732082544314583,0.14351334193189458,0.0,0.0,0.0,0.0,0.009999999999999787
8.309999999999867,coast,2.5,0.06800973297818777,0.07041220890082892,-11.936444295628222,-8.732106222935162,0.14351323292852572,0.0,0.0,0.0,0.0,0.009999999999999787
8.319999999999867,coast,2.5,0.06458719902424855,0.06691720297488069,-11.935798740790172,-8.732128854066715,0.1435137023539579,0.0,0.0,0.0,0.0,0.009999999999999787
8.329999999999867,coast,2.5,0.061299099279827775,0.06354634075784893,-11.935186060342385,-8.732150245492003,0.14351475602214064,0.0,0.0,0.0,0.0,0.009999999999999787
8.339999999999867,coast,2.5,0.05811931389794557,0.06029012464190692,-11.934605175166507,-8.732170620200819,0.14351625333460488,0.0,0.0,0.0,0.0,0.009999999999999787
8.349999999999866,coast,2.5,0.055049813867885725,0.05714593817749421,-11.934054978058988,-8.732189999245545,0.1435179577682953,0.0,0.0,0.0,0.0,0.009999999999999787
8.359999999999866,coast,2.5,0.05211699234542338,0.054128570678251706,-11.933534061598063,-8.732207300936585,0.14351975592608654,0.0,0.0,0.0,0.0,0.009999999999999787
8.369999999999866,coast,2.5,0.049296091796951214,0.05122908334947141,-11.933041403214117,-8.732225459480023,0.14352139334832054,0.0,0.0,0.0,0.0,0.009999999999999787
8.379999999999866,coast,2.5,0.046612408291587096,0.04845907831474082,-11.932575510462486,-8.73224106269528,0.14352280845188184,0.0,0.0,0.0,0.0,0.009999999999999787
8.389999999999866,coast,2.5,0.04403168899756292,0.045802644724434086,-11.93213545136947,-8.732257008901495,0.1435238748568063,0.0,0.0,0.0,0.0,0.009999999999999787
8.399999999999865,coast,2.5,0.04158223974358124,0.04327040173592238,-11.931719831183356,-8.732270946347152,0.14352462058506885,0.0,0.0,0.0,0.0,0.009999999999999787
8.409999999999865,coast,2.5,0.039236465725307944,0.04085004012955372,-11.931327683027042,-8.732284918329714,0.14352503905724773,0.0,0.0,0.0,0.0,0.009999999999999787
8.419999999999865,coast,2.5,0.0370163220070108,0.03854980925602797,-11.930957679228735,-8.732296850396448,0.14352523391259378,0.0,0.0,0.0,0.0,0.009999999999999787
8.429999999999865,coast,2.5,0.034901869137604256,0.03636104518497374,-11.930608841879586,-8.73230901865115,0.14352527895823877,0.0,0.0,0.0,0.0,0.009999999999999787
8.439999999999864,coast,2.5,0.03290046320624548,0.03428469599773678,-11.93028003735042,-8.732321327715791,0.14352525357521542,0.0,0.0,0.0,0.0,0.009999999999999787
