t,phase,target,v_raw,v_filtered,x,y,z,u,torque_L,torque_R,u_motor,dt
0.0,accelerate,2.5,0.0,0.0,-24.0,-8.45,0.14903219044208527,0.0,0.0,0.0,0.0,0.0
0.01,accelerate,2.5,-0.011288303903369013,-0.006772982342021407,-24.000109579737362,-8.449792256608204,0.14713729312287951,0.02787645444701855,0.16459489181601733,0.16459489181601733,0.6531543326032434,0.01
0.02,accelerate,2.5,-0.015239980123012104,-0.011853181010615825,-24.000250994041387,-8.449322158211798,0.14488949630788728,0.06491230084054124,0.1763545137628887,0.1763545137628887,0.6998194990590821,0.01
0.03,accelerate,2.5,-0.01655530744527239,-0.014674456871409764,-24.000396357821362,-8.449278121707158,0.14267121049531797,0.1104486231027603,0.19081320680758845,0.19081320680758845,0.757195265109478,0.009999999999999998
0.04,accelerate,2.5,-0.011401298800093537,-0.012710562028620028,-24.00048500958863,-8.449398243649558,0.14082027126050534,0.16532564345532821,0.20823775830993585,0.20823775830993585,0.8263403107537137,0.010000000000000002
0.05,accelerate,2.5,-0.0020769953432356984,-0.006330422017389431,-24.00048272369093,-8.449460591089814,0.13955605763456544,0.2300516607091906,0.2287895633083822,0.2287895633083822,0.9078950924935802,0.010000000000000002
0.060000000000000005,accelerate,2.5,0.009718663579926184,0.0032990293409999377,-24.000372535161283,-8.449497825704693,0.1389770449631637,0.2939632433834841,0.24908276903912388,0.24908276903912388,0.98842368666319,0.010000000000000002
0.07,accelerate,2.5,0.022632155662620074,0.01489890513397202,-24.000148460712243,-8.44952554504088,0.13906629301715986,0.35636348276829194,0.2688960930485881,0.2688960930485881,1.067047988288048,0.010000000000000002
0.08,accelerate,2.5,0.03547935873332817,0.027247177293585712,-23.999812307278837,-8.449545449157881,0.13971234689110262,0.417073056334807,0.28817259684742796,0.28817259684742796,1.143542050981857,0.009999999999999995
0.09,accelerate,2.5,0.04756125768253756,0.03943562552695682,-23.999368815206747,-8.449540230841494,0.1407400164076825,0.4764291651421104,0.30701934851592294,0.30701934851592294,1.2183307480790593,0.009999999999999995
0.09999999999999999,accelerate,2.5,0.058754823925044115,0.051027144565809195,-23.99882101318236,-8.449533403650253,0.14194311621635952,0.5349365401234785,0.3255966102200069,0.3255966102200069,1.292050040555583,0.009999999999999995
0.10999999999999999,accelerate,2.5,0.07319041583428185,0.06432510732689278,-23.998125726662675,-8.449543063883784,0.14303312698107506,0.5917708400194325,0.3436426371229702,0.3436426371229702,1.363661258424485,0.009999999999999995
0.11999999999999998,accelerate,2.5,0.08519776623231201,0.07684870267014432,-23.997300742266834,-8.449541901058998,0.14384681444874609,0.6475878806762678,0.3613656638723286,0.3613656638723286,1.4339907296520975,0.009999999999999995
0.12999999999999998,accelerate,2.5,0.09116602442331928,0.0854390957220493,-23.996406004799105,-8.449538262693407,0.1443652571090242,0.7046077120002759,0.37947060071432764,0.37947060071432764,1.5058357171203478,0.009999999999999995
0.13999999999999999,accelerate,2.5,0.09417465712529319,0.09068043256399563,-23.995471553099257,-8.449540646490693,0.14459493840051454,0.7643213881789869,0.3984308871745919,0.3984308871745919,1.5810749491055234,0.010000000000000009
0.15,accelerate,2.5,0.09723596288668229,0.09461375075760764,-23.99449717907051,-8.44953880298077,0.14455536231369814,0.8268532408604252,0.41828600103800223,0.41828600103800223,1.6598650834841358,0.010000000000000009
0.16,accelerate,2.5,0.1019027139820096,0.09898712869224882,-23.993467540039827,-8.44953579732864,0.14429113134604096,0.8913766695552396,0.43877348011717976,0.43877348011717976,1.7411646036396022,0.010000000000000009
0.17,accelerate,2.5,0.1389269592382769,0.12295102701986567,-23.99204035731751,-8.449601893097862,0.143223187505847,0.9469818170049704,0.45642922653541823,0.45642922653541823,1.8112270894262628,0.010000000000000009
0.18000000000000002,accelerate,2.5,0.13450025549652433,0.12988056410586085,-23.990662332809656,-8.449552786900544,0.14227869349152017,1.0,0.47326356,0.47326356,1.87803,0.010000000000000009
0.19000000000000003,accelerate,2.5,0.13201290430752516,0.13115996822685944,-23.989315979704127,-8.449531965834911,0.14156854247784875,1.0,0.47326356,0.47326356,1.87803,0.010000000000000009
0.20000000000000004,accelerate,2.5,0.13278416899258608,0.1321344886862954,-23.98797130679502,-8.449519559258317,0.141161950654888,1.0,0.47326356,0.47326356,1.87803,0.010000000000000009
0.21000000000000005,accelerate,2.5,0.13914162543956643,0.136338770738258,-23.98657477617032,-8.44950991499566,0.14107263454252505,1.0,0.47326356,0.47326356,1.87803,0.010000000000000009
0.22000000000000006,accelerate,2.5,0.15152483041385667,0.1454504065436172,-23.985066072750666,-8.449515414001045,0.14124783622831896,1.0,0.47326356,0.47326356,1.87803,0.010000000000000009
0.23000000000000007,accelerate,2.5,0.171065223403338,0.1608192966594497,-23.98336828658329,-8.449507789887054,0.14155007794357283,1.0,0.47326356,0.47326356,1.87803,0.010000000000000009
0.24000000000000007,accelerate,2.5,0.18807758359781662,0.17717426882246984,-23.981506483627175,-8.449519364135284,0.1419698943452434,1.0,0.47326356,0.47326356,1.87803,0.010000000000000009
0.25000000000000006,accelerate,2.5,0.2235255130813578,0.20498501537780262,-23.9792714687099,-8.449588051965279,0.14202918673267936,1.0,0.47326356,0.47326356,1.87803,0.009999999999999981
0.26000000000000006,accelerate,2.5,0.24821944333702756,0.2309256721533376,-23.97677841183245,-8.449564336744396,0.14182624898269358,1.0,0.47326356,0.47326356,1.87803,0.010000000000000009
0.2700000000000001,accelerate,2.5,0.24395640644259464,0.2387441127268918,-23.974336867926603,-8.449487854096876,0.1418204969103041,1.0,0.47326356,0.47326356,1.87803,0.010000000000000009
0.2800000000000001,accelerate,2.5,0.2396161576601,0.2392673396868167,-23.97194489505865,-8.449451078873267,0.14197789349863907,1.0,0.47326356,0.47326356,1.87803,0.010000000000000009
0.2900000000000001,accelerate,2.5,0.23575139249845795,0.23715777137380145,-23.969595845795123,-8.449482119482116,0.142250035825858,1.0,0.47326356,0.47326356,1.87803,0.010000000000000009
0.3000000000000001,accelerate,2.5,0.23628009054549326,0.23663116287681651,-23.967243685797055,-8.449481551720915,0.142567859813306,1.0,0.47326356,0.47326356,1.87803,0.010000000000000009
0.3100000000000001,accelerate,2.5,0.2429732127577611,0.24043639280538326,-23.96482309891436,-8.449409938879636,0.14283546337233183,1.0,0.47326356,0.47326356,1.87803,0.010000000000000009
0.3200000000000001,accelerate,2.5,0.250405924833261,0.24641811202210992,-23.962325939220698,-8.449410605172888,0.14304514942749252,1.0,0.47326356,0.47326356,1.87803,0.010000000000000009
0.3300000000000001,accelerate,2.5,0.300089126427689,0.27862072066545734,-23.959295332528306,-8.449717253198843,0.14239421414398895,1.0,0.47326356,0.47326356,1.87803,0.010000000000000009
0.34000000000000014,accelerate,2.5,0.30013082602555535,0.29152678388151615,-23.956273331339016,-8.449605265758304,0.1419342933670099,1.0,0.47326356,0.47326356,1.87803,0.010000000000000009
0.35000000000000014,accelerate,2.5,0.29618696083490215,0.2943228900535477,-23.953299744660978,-8.44946767364125,0.14169726722081247,1.0,0.47326356,0.47326356,1.87803,0.010000000000000009
0.36000000000000015,accelerate,2.5,0.295680152441677,0.2951372474864253,-23.95034004022945,-8.449385140527214,0.1416862016211386,1.0,0.47326356,0.47326356,1.87803,0.010000000000000009
0.37000000000000016,accelerate,2.5,0.2989579086534652,0.29742964418664924,-23.94735564234317,-8.449349323553786,0.1418695097220327,1.0,0.47326356,0.47326356,1.87803,0.010000000000000009
0.38000000000000017,accelerate,2.5,0.3079446167035408,0.30373862769678417,-23.944286347881675,-8.449325439880841,0.1421597992436301,1.0,0.47326356,0.47326356,1.87803,0.010000000000000009
0.3900000000000002,accelerate,2.5,0.31981703613796275,0.3133856727614913,-23.941100821408746,-8.449296191405828,0.1424973038993088,1.0,0.47326356,0.47326356,1.87803,0.010000000000000009
0.4000000000000002,accelerate,2.5,0.3534918673307763,0.33744938950306236,-23.93755814862995,-8.44940298910524,0.1424165526452657,1.0,0.47326356,0.47326356,1.87803,0.010000000000000009
0.4100000000000002,accelerate,2.5,0.37882793127971887,0.3622765145690563,-23.933750760344584,-8.449605382237387,0.14205206804853576,1.0,0.47326356,0.47326356,1.87803,0.010000000000000009
0.4200000000000002,accelerate,2.5,0.37566502390389733,0.37030962016996094,-23.929985030307908,-8.449657313833908,0.14190099864938838,1.0,0.47326356,0.47326356,1.87803,0.010000000000000009
0.4300000000000002,accelerate,2.5,0.37181528591155627,0.37121301961491815,-23.926265976581398,-8.449704608542195,0.14195163354894808,1.0,0.47326356,0.47326356,1.87803,0.010000000000000009
0.4400000000000002,accelerate,2.5,0.36963336360935195,0.3702652260115784,-23.922575413809824,-8.44965936507154,0.14216888838816094,1.0,0.47326356,0.47326356,1.87803,0.010000000000000009
0.45000000000000023,accelerate,2.5,0.37156402943455547,0.37104450806536465,-23.91886995982697,-8.449615041201394,0.14248584080442264,1.0,0.47326356,0.47326356,1.87803,0.010000000000000009
0.46000000000000024,accelerate,2.5,0.3810046465784895,0.37702059117323955,-23.915068873877775,-8.449575002274244,0.1427696115805336,1.0,0.47326356,0.47326356,1.87803,0.010000000000000009
0.47000000000000025,accelerate,2.5,0.39031087667357356,0.38499476247344,-23.91117411321475,-8.44953977816417,0.14303723906404567,1.0,0.47326356,0.47326356,1.87803,0.010000000000000009
0.48000000000000026,accelerate,2.5,0.4271395622383221,0.4102816423323693,-23.906884609460157,-8.449539227334123,0.14273891587738669,1.0,0.47326356,0.47326356,1.87803,0.010000000000000009
0.49000000000000027,accelerate,2.5,0.45533602070148527,0.4373142693538389,-23.902299490873567,-8.449551061982817,0.14204890368350762,1.0,0.47326356,0.47326356,1.87803,0.010000000000000009
0.5000000000000002,accelerate,2.5,0.4482926708436896,0.44390131024774937,-23.89779763641419,-8.44956061268097,0.1416313934208516,1.0,0.47326356,0.47326356,1.87803,0.009999999999999953
0.5100000000000002,accelerate,2.5,0.4409201432502889,0.44211261004927305,-23.893380705360986,-8.449567625910392,0.14150615051230875,1.0,0.47326356,0.47326356,1.87803,0.010000000000000009
0.5200000000000002,accelerate,2.5,0.43616503462532535,0.43854406479490443,-23.889021317831784,-8.449571858913782,0.14164927808500266,1.0,0.47326356,0.47326356,1.87803,0.010000000000000009
0.5300000000000002,accelerate,2.5,0.4358664430392479,0.4369374917415105,-23.8846737616354,-8.449514039958142,0.1420032161658102,1.0,0.47326356,0.47326356,1.87803,0.010000000000000009
0.5400000000000003,accelerate,2.5,0.44483410483210994,0.4416754595958702,-23.880239265967653,-8.449420293619902,0.14240592442213423,1.0,0.47326356,0.47326356,1.87803,0.010000000000000009
0.5500000000000003,accelerate,2.5,0.45652945136629686,0.4505878546581262,-23.87568876635609,-8.449328836942637,0.14281789222693408,1.0,0.47326356,0.47326356,1.87803,0.010000000000000009
0.5600000000000003,accelerate,2.5,0.491592793435444,0.4751908179245169,-23.870763690156927,-8.449453146224496,0.14274825906451477,1.0,0.47326356,0.47326356,1.87803,0.010000000000000009
0.5700000000000003,accelerate,2.5,0.5180540950829423,0.5009087842195721,-23.865558904814385,-8.44975621632192,0.14231558415192952,1.0,0.47326356,0.47326356,1.87803,0.010000000000000009
0.5800000000000003,accelerate,2.5,0.5175535036636116,0.5108956158859959,-23.860369107572357,-8.44986660563034,0.14208145928774937,1.0,0.47326356,0.47326356,1.87803,0.010000000000000009
0.5900000000000003,accelerate,2.5,0.5148891963848079,0.5132917641852831,-23.85521466052517,-8.449838805243319,0.1420522984603227,1.0,0.47326356,0.47326356,1.87803,0.010000000000000009
0.6000000000000003,accelerate,2.5,0.5134043638108218,0.5133593239606062,-23.85008218591424,-8.449820912733982,0.14219776912800794,1.0,0.47326356,0.47326356,1.87803,0.010000000000000009
0.6100000000000003,accelerate,2.5,0.5153845726998889,0.5145744732041759,-23.84493537869256,-8.449800221664853,0.1424714407917122,1.0,0.47326356,0.47326356,1.87803,0.010000000000000009
0.6200000000000003,accelerate,2.5,0.5242718286226111,0.5203928864552371,-23.839699905502407,-8.449779184261185,0.14274959836610707,1.0,0.47326356,0.47326356,1.87803,0.010000000000000009
0.6300000000000003,accelerate,2.5,0.534040353607112,0.528581366746362,-23.834366327309425,-8.449761584528284,0.1430200334083192,1.0,0.47326356,0.47326356,1.87803,0.010000000000000009
0.6400000000000003,accelerate,2.5,0.5646875798384245,0.5502450946015995,-23.828705656330655,-8.449621290261387,0.1428626214200989,1.0,0.47326356,0.47326356,1.87803,0.010000000000000009
0.6500000000000004,accelerate,2.5,0.5884849264003315,0.5731889936808386,-23.822795156136014,-8.44937672227502,0.1424013074584518,1.0,0.47326356,0.47326356,1.87803,0.010000000000000009
0.6600000000000004,accelerate,2.5,0.58579601223732,0.5807532048147275,-23.816921232275067,-8.449157756953806,0.1421369906080538,1.0,0.47326356,0.47326356,1.87803,0.010000000000000009
0.6700000000000004,accelerate,2.5,0.5829209623266057,0.5820538593218545,-23.811084715749548,-8.449099881634098,0.14207853669280968,1.0,0.47326356,0.47326356,1.87803,0.010000000000000009
0.6800000000000004,accelerate,2.5,0.5816783873555073,0.5818285761420461,-23.80526803479936,-8.449042324069955,0.14220353782237766,1.0,0.47326356,0.47326356,1.87803,0.010000000000000009
0.6900000000000004,accelerate,2.5,0.5854457946415722,0.5839989072417617,-23.79941826081677,-8.449131388706189,0.142441266344368,1.0,0.47326356,0.47326356,1.87803,0.010000000000000009
0.7000000000000004,accelerate,2.5,0.5929412499326455,0.589364312856292,-23.793495634500978,-8.449215472462672,0.1427270180883719,1.0,0.47326356,0.47326356,1.87803,0.010000000000000009
0.7100000000000004,accelerate,2.5,0.6250670959162644,0.6107859826922755,-23.7872313580311,-8.449405489307306,0.14258289628408868,1.0,0.47326356,0.47326356,1.87803,0.010000000000000009
0.7200000000000004,accelerate,2.5,0.6485811567174404,0.6334630871073744,-23.780721624812355,-8.449707222262642,0.14217183757423751,1.0,0.47326356,0.47326356,1.87803,0.010000000000000009
0.7300000000000004,accelerate,2.5,0.6457252248212839,0.6408203697357201,-23.774250856315124,-8.449912369448553,0.1419790278385447,1.0,0.47326356,0.47326356,1.87803,0.010000000000000009
0.7400000000000004,accelerate,2.5,0.6434746762800065,0.642412953662292,-23.767811134191533,-8.449887088024173,0.14199164487689295,1.0,0.47326356,0.47326356,1.87803,0.010000000000000009
0.7500000000000004,accelerate,2.5,0.6431154663726955,0.642834461288534,-23.761381855446324,-8.449882623797532,0.14217298008434273,1.0,0.47326356,0.47326356,1.87803,0.010000000000000009
0.7600000000000005,accelerate,2.5,0.647908660179139,0.6458789806228971,-23.754908730199915,-8.44986286106033,0.14245194169917622,1.0,0.47326356,0.47326356,1.87803,0.010000000000000009
0.7700000000000005,accelerate,2.5,0.6583703136164304,0.6533737804190171,-23.748330526874746,-8.449845484147183,0.14272434838551362,1.0,0.47326356,0.47326356,1.87803,0.010000000000000009
0.7800000000000005,accelerate,2.5,0.6680992519838891,0.6622090633579403,-23.74165526080881,-8.449832212254865,0.14300544905069534,1.0,0.47326356,0.47326356,1.87803,0.010000000000000009
0.7900000000000005,accelerate,2.5,0.7047631528100711,0.6877415170292187,-23.734588182073587,-8.449832431775144,0.14275236651008397,1.0,0.47326356,0.47326356,1.87803,0.010000000000000009
0.8000000000000005,accelerate,2.5,0.7318705583470264,0.7142189418199034,-23.7272375976331,-8.44983932477631,0.14213171674695926,1.0,0.47326356,0.47326356,1.87803,0.010000000000000009
0.8100000000000005,accelerate,2.5,0.7248279715476421,0.7205843596565467,-23.719970179886975,-8.44984472807662,0.14176998925025075,1.0,0.47326356,0.47326356,1.87803,0.010000000000000009
0.8200000000000005,accelerate,2.5,0.7171779910276518,0.7185405384792097,-23.71279002194574,-8.449849771900492,0.1416825730716762,1.0,0.47326356,0.47326356,1.87803,0.010000000000000009
0.8300000000000005,accelerate,2.5,0.7118977226355153,0.714554848972993,-23.705671906105202,-8.44985356198471,0.141844485780139,1.0,0.47326356,0.47326356,1.87803,0.010000000000000009
0.8400000000000005,accelerate,2.5,0.7110459082642644,0.7124494845477558,-23.698570109563722,-8.44985375450833,0.14219924976619247,1.0,0.47326356,0.47326356,1.87803,0.010000000000000009
0.8500000000000005,accelerate,2.5,0.7212269568678279,0.7177159679397991,-23.69136658020138,-8.449855922969506,0.1425551101207037,1.0,0.47326356,0.47326356,1.87803,0.010000000000000009
0.8600000000000005,accelerate,2.5,0.7322691066832349,0.7264478511858605,-23.684052700045687,-8.449850261388608,0.14291448862370523,1.0,0.47326356,0.47326356,1.87803,0.010000000000000009
0.8700000000000006,accelerate,2.5,0.7660690450930412,0.750220567530169,-23.67637819369994,-8.449974275160717,0.1428097497705485,1.0,0.47326356,0.47326356,1.87803,0.010000000000000009
0.8800000000000006,accelerate,2.5,0.7916842789280177,0.7750987943688783,-23.668433997498106,-8.45021731665359,0.14235943453944108,1.0,0.47326356,0.47326356,1.87803,0.010000000000000009
0.8900000000000006,accelerate,2.5,0.791460292933629,0.7849156935077287,-23.660501923174817,-8.450435824485304,0.14210026158295613,1.0,0.47326356,0.47326356,1.87803,0.010000000000000009
0.9000000000000006,accelerate,2.5,0.7893788481400181,0.7875935862871024,-23.65259950131302,-8.450561719294631,0.1420483370780649,1.0,0.47326356,0.47326356,1.87803,0.010000000000000009
0.9100000000000006,accelerate,2.5,0.7879098148133762,0.7877833234028667,-23.64471881122754,-8.45047394005461,0.14218146621344835,1.0,0.47326356,0.47326356,1.87803,0.010000000000000009
0.9200000000000006,accelerate,2.5,0.7900134077389396,0.7891213740045104,-23.6368221254372,-8.450396922211722,0.14243889935940188,1.0,0.47326356,0.47326356,1.87803,0.010000000000000009
0.9300000000000006,accelerate,2.5,0.7986705032443085,0.7948508515483893,-23.628839367190515,-8.450313997357554,0.1427144846580899,1.0,0.47326356,0.47326356,1.87803,0.010000000000000009
0.9400000000000006,accelerate,2.5,0.8086328589798374,0.8031200560072581,-23.62075653520552,-8.450240376264137,0.1429875207530341,1.0,0.47326356,0.47326356,1.87803,0.010000000000000009
0.9500000000000006,accelerate,2.5,0.8386701201457835,0.8244500944903733,-23.61235325624994,-8.450049889266722,0.14284713200299387,1.0,0.47326356,0.47326356,1.87803,0.010000000000000009
0.9600000000000006,accelerate,2.5,0.8616849447495527,0.8467910046458809,-23.603708512138255,-8.449762074043056,0.1424120087067725,1.0,0.47326356,0.47326356,1.87803,0.010000000000000009
0.9700000000000006,accelerate,2.5,0.8598865600776895,0.8546483379049661,-23.59509156282725,-8.44950202718628,0.1421700341557156,1.0,0.47326356,0.47326356,1.87803,0.010000000000000009
0.9800000000000006,accelerate,2.5,0.8570892651190545,0.8561128942334191,-23.586511206896382,-8.44924837521702,0.1421291945984775,1.0,0.47326356,0.47326356,1.87803,0.010000000000000009
0.9900000000000007,accelerate,2.5,0.8567125418909476,0.8564726828279361,-23.577941328336863,-8.44916660599871,0.1422487485092268,1.0,0.47326356,0.47326356,1.87803,0.010000000000000009
1.0000000000000007,accelerate,2.5,0.8607496529464672,0.8590388648990548,-23.569334584415436,-8.449176591444928,0.14245765538128732,1.0,0.47326356,0.47326356,1.87803,0.010000000000000009
1.0100000000000007,accelerate,2.5,0.8676037245805567,0.8641777807079559,-23.56066078181063,-8.449243553770675,0.14271024243416114,1.0,0.47326356,0.47326356,1.87803,0.010000000000000009
1.0200000000000007,accelerate,2.5,0.9166781939206629,0.8956780286355801,-23.55146228083017,-8.44954674778846,0.14217810154484994,1.0,0.47326356,0.47326356,1.87803,0.010000000000000009
1.0300000000000007,accelerate,2.5,0.9151667575836911,0.9073712660044468,-23.542289814589445,-8.449834778684496,0.14186329120900082,1.0,0.47326356,0.47326356,1.87803,0.010000000000000009
1.0400000000000007,accelerate,2.5,0.9122400565095575,0.9102925403075133,-23.53315627790463,-8.45010273489059,0.14178058584786954,1.0,0.47326356,0.47326356,1.87803,0.010000000000000009
1.0500000000000007,accelerate,2.5,0.9114183842685879,0.9109680466841581,-23.524039310551878,-8.450299208520866,0.14191174772265996,1.0,0.47326356,0.47326356,1.87803,0.010000000000000009
1.0600000000000007,accelerate,2.5,0.9134386916310535,0.9124504336522954,-23.514908952414373,-8.45020012371683,0.14219917237114457,1.0,0.47326356,0.47326356,1.87803,0.010000000000000009
1.0700000000000007,accelerate,2.5,0.9205947704915305,0.9173370357558365,-23.505708777074595,-8.450036367237614,0.14253093094768637,1.0,0.47326356,0.47326356,1.87803,0.010000000000000009
1.0800000000000007,accelerate,2.5,0.9313281633976459,0.9257317123409221,-23.496400644924698,-8.449892144810585,0.14285851069875252,1.0,0.47326356,0.47326356,1.87803,0.010000000000000009
1.0900000000000007,accelerate,2.5,0.9621413125763044,0.9475774724821515,-23.486764509784184,-8.449628944185383,0.14276655047180128,1.0,0.47326356,0.47326356,1.87803,0.010000000000000009
1.1000000000000008,accelerate,2.5,0.9852348518424496,0.9701719000983304,-23.476886340391005,-8.449260254628175,0.14237435448466712,1.0,0.47326356,0.47326356,1.87803,0.010000000000000009
1.1100000000000008,accelerate,2.5,0.9836311728529396,0.978247463751096,-23.467033725972897,-8.448922570948334,0.14217169112361122,1.0,0.47326356,0.47326356,1.87803,0.010000000000000009
1.1200000000000008,accelerate,2.5,0.9810985495336811,0.979958115220647,-23.457214700653658,-8.448600283741664,0.1421643011586282,1.0,0.47326356,0.47326356,1.87803,0.010000000000000009
1.1300000000000008,accelerate,2.5,0.9806625961836923,0.9803808037984743,-23.447406113401662,-8.448293811421511,0.14230982527439195,1.0,0.47326356,0.47326356,1.87803,0.010000000000000009
1.1400000000000008,accelerate,2.5,0.9840642993247647,0.9825909011142485,-23.437566577631465,-8.448172050012356,0.14254708603754446,1.0,0.47326356,0.47326356,1.87803,0.010000000000000009
1.1500000000000008,accelerate,2.5,1.0123653754813104,1.0004555857344857,-23.427425621704764,-8.448205532851466,0.14237786869749672,1.0,0.47326356,0.47326356,1.87803,0.010000000000000009
1.1600000000000008,accelerate,2.5,1.0356310837308602,1.0215608845323105,-23.41704167610552,-8.44837086641421,0.14192520646248558,1.0,0.47326356,0.47326356,1.87803,0.010000000000000009
1.1700000000000008,accelerate,2.5,1.0315668673741212,1.0275644742373968,-23.406709169484223,-8.448532833175062,0.14172105994608214,1.0,0.47326356,0.47326356,1.87803,0.010000000000000009
1.1800000000000008,accelerate,2.5,1.0280644926939062,1.0278644853113024,-23.396421071097585,-8.448686890139063,0.14176280035751568,1.0,0.47326356,0.47326356,1.87803,0.010000000000000009
1.1900000000000008,accelerate,2.5,1.0274804573883023,1.0276340685575023,-23.386146758604763,-8.44882732617909,0.14201276012883274,1.0,0.47326356,0.47326356,1.87803,0.010000000000000009
1.2000000000000008,accelerate,2.5,1.0341114995677019,1.031520527163622,-23.37580940473072,-8.448931223240434,0.14234606910592765,1.0,0.47326356,0.47326356,1.87803,0.010000000000000009
1.2100000000000009,accelerate,2.5,1.0431221018495735,1.038481471975193,-23.36538372633931,-8.449025397971786,0.1427275450344095,1.0,0.47326356,0.47326356,1.87803,0.010000000000000009
1.2200000000000009,accelerate,2.5,1.078879490448031,1.0627202830588958,-23.354577629698177,-8.448968604127938,0.14260728667927103,1.0,0.47326356,0.47326356,1.87803,0.010000000000000009
1.2300000000000009,accelerate,2.5,1.103357109355588,1.0871023788369112,-23.343515599301963,-8.448764412823484,0.14214421684702844,1.0,0.47326356,0.47326356,1.87803,0.010000000000000009
1.2400000000000009,accelerate,2.5,1.1009020324826344,1.0953821710243452,-23.332489167237835,-8.448578942192023,0.1419038349436147,1.0,0.47326356,0.47326356,1.87803,0.010000000000000009
1.2500000000000009,accelerate,2.5,1.0968021564547592,1.0962341622825935,-23.32151326306404,-8.448388002320213,0.14189535441981843,1.0,0.47326356,0.47326356,1.87803,0.010000000000000009
1.260000000000001,accelerate,2.5,1.0943190965101495,1.095085122819127,-23.310569979829356,-8.448182397591705,0.14208865207489876,1.0,0.47326356,0.47326356,1.87803,0.010000000000000009
1.270000000000001,accelerate,2.5,1.0961793676338396,1.0957416697079545,-23.29961311458417,-8.447980828360658,0.14241371860318286,1.0,0.47326356,0.47326356,1.87803,0.010000000000000009
1.280000000000001,accelerate,2.5,1.1060348347326638,1.10191756872278,-23.28855673646866,-8.447785900841822,0.1427313356977138,1.0,0.47326356,0.47326356,1.87803,0.010000000000000009
1.290000000000001,accelerate,2.5,1.1157802080716193,1.1102351523320837,-23.277402385042755,-8.447593429691082,0.14305244103310594,1.0,0.47326356,0.47326356,1.87803,0.010000000000000009
1.300000000000001,accelerate,2.5,1.154509395544066,1.136799698259273,-23.26583298890849,-8.447412664647864,0.14278472199845238,1.0,0.47326356,0.47326356,1.87803,0.010000000000000009
1.310000000000001,accelerate,2.5,1.1842706945938457,1.1652822960600167,-23.253952617224197,-8.44725189815345,0.1421003913153942,1.0,0.47326356,0.47326356,1.87803,0.010000000000000009
1.320000000000001,accelerate,2.5,1.1773729306960634,1.1725366768416448,-23.24215549597313,-8.447095310227438,0.1416891511320356,1.0,0.47326356,0.47326356,1.87803,0.010000000000000009
1.330000000000001,accelerate,2.5,1.1692642233814539,1.1705732047655302,-23.230451226096548,-8.446940575863913,0.14157368735660786,1.0,0.47326356,0.47326356,1.87803,0.010000000000000009
1.340000000000001,accelerate,2.5,1.1633020887266137,1.1662105351421803,-23.218816366201132,-8.446781262663368,0.1417292152470598,1.0,0.47326356,0.47326356,1.87803,0.010000000000000009
1.350000000000001,accelerate,2.5,1.162599163226439,1.1640437119927354,-23.207195901685413,-8.446626721473642,0.14208379018808628,1.0,0.47326356,0.47326356,1.87803,0.010000000000000009
1.360000000000001,accelerate,2.5,1.170782235261756,1.168086825954148,-23.19549519531094,-8.446483257199809,0.1424895821904474,1.0,0.47326356,0.47326356,1.87803,0.010000000000000009
1.370000000000001,accelerate,2.5,1.1818717606630225,1.1763577867794726,-23.183683311141237,-8.44633041142958,0.14290112256768722,1.0,0.47326356,0.47326356,1.87803,0.010000000000000009
1.380000000000001,accelerate,2.5,1.2175267512840693,1.2010591654822307,-23.17148885785965,-8.446326025156592,0.14281325728078176,1.0,0.47326356,0.47326356,1.87803,0.010000000000000009
1.390000000000001,accelerate,2.5,1.2451606854183344,1.2275200774438928,-23.159002745304583,-8.44644246300043,0.1423513780581031,1.0,0.47326356,0.47326356,1.87803,0.010000000000000009
1.400000000000001,accelerate,2.5,1.244036043889085,1.2374296573110082,-23.1465390431024,-8.446535037419062,0.14208976124716233,1.0,0.47326356,0.47326356,1.87803,0.010000000000000009
1.410000000000001,accelerate,2.5,1.2409252455686404,1.2395270102655875,-23.134115951523537,-8.446613338912359,0.14204213915903235,1.0,0.47326356,0.47326356,1.87803,0.010000000000000009
1.420000000000001,accelerate,2.5,1.2386152882312302,1.238979977044973,-23.121723587805587,-8.446687259064033,0.14218697900918198,1.0,0.47326356,0.47326356,1.87803,0.010000000000000009
1.430000000000001,accelerate,2.5,1.2420523120039344,1.24082337802035,-23.109300407330213,-8.446726141459893,0.14242115156163798,1.0,0.47326356,0.47326356,1.87803,0.010000000000000009
1.440000000000001,accelerate,2.5,1.2476427676242494,1.2449150117826897,-23.096823785063435,-8.446733004144587,0.1427198719248614,1.0,0.47326356,0.47326356,1.87803,0.010000000000000009
1.450000000000001,accelerate,2.5,1.2787962934841894,1.2652437808035895,-23.08401693800244,-8.44657831293151,0.14257277613118247,1.0,0.47326356,0.47326356,1.87803,0.010000000000000009
1.460000000000001,accelerate,2.5,1.3018870694808327,1.2872297540099353,-23.07096954224452,-8.446272215514727,0.14210130880806815,1.0,0.47326356,0.47326356,1.87803,0.010000000000000009
1.470000000000001,accelerate,2.5,1.2994068915806203,1.2945360365523464,-23.05795749458819,-8.445977852635924,0.14185388480622257,1.0,0.47326356,0.47326356,1.87803,0.010000000000000009
1.480000000000001,accelerate,2.5,1.2958832192663234,1.2953443461807326,-23.044989939852954,-8.445680782230319,0.14184204267201325,1.0,0.47326356,0.47326356,1.87803,0.010000000000000009
1.490000000000001,accelerate,2.5,1.2944917856410694,1.2948328098569346,-23.032043950277473,-8.445385027270667,0.14203868453444443,1.0,0.47326356,0.47326356,1.87803,0.010000000000000009
1.500000000000001,accelerate,2.5,1.297391533023293,1.2963680437567497,-23.019073704784002,-8.445101301489233,0.1423686116206586,1.0,0.47326356,0.47326356,1.87803,0.010000000000000009
1.5100000000000011,accelerate,2.5,1.3073722558576217,1.302970571017273,-23.00600318721989,-8.444816526416682,0.14270757048468938,1.0,0.47326356,0.47326356,1.87803,0.010000000000000009
1.5200000000000011,accelerate,2.5,1.3413575951029548,1.326002785468682,-22.992569618354427,-8.444669252623777,0.14257410892129188,1.0,0.47326356,0.47326356,1.87803,0.010000000000000009
1.5300000000000011,accelerate,2.5,1.3662419147919964,1.3501462630626706,-22.978874915095023,-8.44465236612239,0.14211371228528485,1.0,0.47326356,0.47326356,1.87803,0.010000000000000009
1.5400000000000011,accelerate,2.5,1.3642053345889313,1.358581705978427,-22.96521179722526,-8.44462502132146,0.14187279409643708,1.0,0.47326356,0.47326356,1.87803,0.010000000000000009
1.5500000000000012,accelerate,2.5,1.3607980568961444,1.3599115165290576,-22.951592188788055,-8.444594019704216,0.1418609273613817,1.0,0.47326356,0.47326356,1.87803,0.010000000000000009
1.5600000000000012,accelerate,2.5,1.35896111476454,1.359341275470347,-22.937998587492476,-8.444557663336541,0.14205197280460094,1.0,0.47326356,0.47326356,1.87803,0.010000000000000009
1.5700000000000012,accelerate,2.5,1.361429255085536,1.3605940632394604,-22.924385192894338,-8.44450277381009,0.14237419559044254,1.0,0.47326356,0.47326356,1.87803,0.010000000000000009
1.5800000000000012,accelerate,2.5,1.3695202759170273,1.3659497908460005,-22.910691532591095,-8.444427544365013,0.14272688740756223,1.0,0.47326356,0.47326356,1.87803,0.010000000000000009
1.5900000000000012,accelerate,2.5,1.3800938915863656,1.3744362512902195,-22.89689064350171,-8.444359291438674,0.14307071573522934,1.0,0.47326356,0.47326356,1.87803,0.010000000000000009
1.6000000000000012,accelerate,2.5,1.4337908951706837,1.410049037618498,-22.88251545105702,-8.44400514101916,0.14250137814484087,1.0,0.47326356,0.47326356,1.87803,0.010000000000000009
1.6100000000000012,accelerate,2.5,1.432495769801674,1.4235170769284036,-22.868164705861318,-8.443678492574389,0.1421198815142607,1.0,0.47326356,0.47326356,1.87803,0.010000000000000009
1.6200000000000012,accelerate,2.5,1.4291565570581704,1.4269007650062635,-22.85385755888768,-8.443357050925632,0.14195941244621751,1.0,0.47326356,0.47326356,1.87803,0.010000000000000009
1.6300000000000012,accelerate,2.5,1.4259713422386402,1.4263431113456895,-22.83959084008206,-8.44302506923109,0.14201395527470162,1.0,0.47326356,0.47326356,1.87803,0.010000000000000009
1.6400000000000012,accelerate,2.5,1.4259055880925857,1.426080597393827,-22.825330865596438,-8.442703458959624,0.14223724678482622,1.0,0.47326356,0.47326356,1.87803,0.010000000000000009
1.6500000000000012,accelerate,2.5,1.4318464700293285,1.429540120975128,-22.811013372953973,-8.442406886094876,0.14253227034034252,1.0,0.47326356,0.47326356,1.87803,0.010000000000000009
1.6600000000000013,accelerate,2.5,1.4410491196912305,1.4364455202047894,-22.79660363210237,-8.442115012612096,0.14284639797669124,1.0,0.47326356,0.47326356,1.87803,0.010000000000000009
1.6700000000000013,accelerate,2.5,1.475260409257021,1.4597344536361283,-22.78182745097015,-8.441962221845955,0.1426746108451321,1.0,0.47326356,0.47326356,1.87803,0.010000000000000009
1.6800000000000013,accelerate,2.5,1.5006988776466907,1.4843131080424659,-22.76678442883521,-8.441940487038053,0.1421725400717319,1.0,0.47326356,0.47326356,1.87803,0.010000000000000009
1.6900000000000013,accelerate,2.5,1.4976911474803585,1.4923399317052013,-22.75178343963327,-8.441908712373824,0.14189811455440146,1.0,0.47326356,0.47326356,1.87803,0.010000000000000009
1.7000000000000013,accelerate,2.5,1.4933951693956156,1.4929730743194498,-22.73683540174354,-8.441871291081366,0.1418638180034504,1.0,0.47326356,0.47326356,1.87803,0.010000000000000009
1.7100000000000013,accelerate,2.5,1.490521409176906,1.4915020752339236,-22.72192422151647,-8.441815684947176,0.1420424558005951,1.0,0.47326356,0.47326356,1.87803,0.010000000000000009
1.7200000000000013,accelerate,2.5,1.4937343994273384,1.4928414697499726,-22.706984574393715,-8.441742820280908,0.14232549820087864,1.0,0.47326356,0.47326356,1.87803,0.010000000000000009
1.7300000000000013,accelerate,2.5,1.501329090594743,1.4979340422568348,-22.691970339902973,-8.441654033636851,0.1426589658718293,1.0,0.47326356,0.47326356,1.87803,0.010000000000000009
1.7400000000000013,accelerate,2.5,1.5346220594920534,1.519946852597966,-22.676603428775813,-8.441424936621301,0.14251876307624498,1.0,0.47326356,0.47326356,1.87803,0.010000000000000009
1.7500000000000013,accelerate,2.5,1.558000251998288,1.5427788922381591,-22.660994339550072,-8.441055043999173,0.1420631786726128,1.0,0.47326356,0.47326356,1.87803,0.010000000000000009
1.7600000000000013,accelerate,2.5,1.555321685191608,1.5503045680102283,-22.645423098353653,-8.440695751045993,0.14183622634942578,1.0,0.47326356,0.47326356,1.87803,0.010000000000000009
1.7700000000000014,accelerate,2.5,1.5516010019325583,1.5510824283636264,-22.629898441137804,-8.44033914110255,0.14184638336162206,1.0,0.47326356,0.47326356,1.87803,0.010000000000000009
1.7800000000000014,accelerate,2.5,1.549827667343445,1.5503295717515175,-22.61439917749086,-8.439968750073616,0.14206114111667428,1.0,0.47326356,0.47326356,1.87803,0.010000000000000009
1.7900000000000014,accelerate,2.5,1.553366619385282,1.5521518003317762,-22.59886821432148,-8.439610236778122,0.14239044945828216,1.0,0.47326356,0.47326356,1.87803,0.010000000000000009
1.8000000000000014,accelerate,2.5,1.5640428962625144,1.5592864578902192,-22.583228982326016,-8.439259128442627,0.14271402754820237,1.0,0.47326356,0.47326356,1.87803,0.010000000000000009
1.8100000000000014,accelerate,2.5,1.5739998719452057,1.5681145063232111,-22.567489466422774,-8.4389123798805,0.14304916140848464,1.0,0.47326356,0.47326356,1.87803,0.010000000000000009
1.8200000000000014,accelerate,2.5,1.6267431224535693,1.603291676001426,-22.551179820444915,-8.43882497950974,0.14249874863369824,1.0,0.47326356,0.47326356,1.87803,0.010000000000000009
1.8300000000000014,accelerate,2.5,1.6265629627937557,1.6172544480768236,-22.534883923199608,-8.438722790175536,0.14212965177861753,0.9990728455064206,0.47296916990519877,0.47296916990519877,1.8768617853380904,0.010000000000000009
1.8400000000000014,accelerate,2.5,1.6235645981912197,1.6210405381454613,-22.518628345544474,-8.438611411040577,0.14197497903577805,1.0,0.47326356,0.47326356,1.87803,0.010000000000000009
1.8500000000000014,accelerate,2.5,1.620493916893156,1.6207125653940782,-22.502412078549362,-8.438483163398477,0.14203245866904232,1.0,0.47326356,0.47326356,1.87803,0.010000000000000009
1.8600000000000014,accelerate,2.5,1.6204912117802601,1.6205797532257873,-22.4862015519536,-8.438339113415681,0.1422442946812528,1.0,0.47326356,0.47326356,1.87803,0.010000000000000009
1.8700000000000014,accelerate,2.5,1.6270598050778617,1.6244677843370319,-22.469928902793153,-8.438081542659242,0.1425232233865317,1.0,0.47326356,0.47326356,1.87803,0.010000000000000009
1.8800000000000014,accelerate,2.5,1.6341268441184607,1.630263220205889,-22.453586294049153,-8.437814148657058,0.14284265325818046,1.0,0.47326356,0.47326356,1.87803,0.010000000000000009
1.8900000000000015,accelerate,2.5,1.6871838222052165,1.6644155814054855,-22.436680319824553,-8.437274532188901,0.14226385938072655,0.9997455117493067,0.4731827548906398,0.4731827548906398,1.8777093448041262,0.010000000000000009
1.9000000000000015,accelerate,2.5,1.6849286735899776,1.6767234367161807,-22.419809483601497,-8.436742791464654,0.14190784144906754,0.9988063094876917,0.4728845393885319,0.4728845393885319,1.8765259499544917,0.010000000000000009
1.9100000000000015,accelerate,2.5,1.6802901591834372,1.6788634701965346,-22.40299600141829,-8.436196572256078,0.1417971573004163,1.0,0.47326356,0.47326356,1.87803,0.010000000000000009
1.9200000000000015,accelerate,2.5,1.6775102620312403,1.678051545297358,-22.386218214700243,-8.435661462767584,0.14190150506825652,1.0,0.47326356,0.47326356,1.87803,0.010000000000000009
1.9300000000000015,accelerate,2.5,1.679133959761075,1.6787009939755881,-22.369429162155598,-8.435143273939735,0.14215879784181068,1.0,0.47326356,0.47326356,1.87803,0.010000000000000009
1.9400000000000015,accelerate,2.5,1.6861318653578798,1.6831595168049631,-22.352571085457633,-8.434649466060744,0.14247610135114433,1.0,0.47326356,0.47326356,1.87803,0.010000000000000009
1.9500000000000015,accelerate,2.5,1.6959253350272212,1.6908190077383178,-22.33561442725181,-8.434155269637737,0.14280698032290692,1.0,0.47326356,0.47326356,1.87803,0.010000000000000009
1.9600000000000015,accelerate,2.5,1.7486461748045008,1.7255153079780277,-22.318088315899256,-8.433922739234994,0.14225747198838912,0.9971178890576151,0.47234843213357397,0.47234843213357397,1.874398540212595,0.010000000000000009
1.9700000000000015,accelerate,2.5,1.7473297230635436,1.7386039570293372,-22.30058782728239,-8.433686986261678,0.1419190970484893,0.9932311659054104,0.4711143197982859,0.4711143197982859,1.869501269040817,0.010000000000000009
1.9800000000000015,accelerate,2.5,1.7436273420147042,1.7416179880205576,-22.28313488425533,-8.433446452432765,0.14181653191182889,0.9938390531041383,0.471307336141626,0.471307336141626,1.8702672069112143,0.010000000000000009
1.9900000000000015,accelerate,2.5,1.7404697033911183,1.7409290172428942,-22.2657220591364,-8.433198526366255,0.141937929918215,1.0,0.47326356,0.47326356,1.87803,0.010000000000000009
2.0000000000000013,accelerate,2.5,1.74044649300744,1.7406395027016217,-22.248315717745946,-8.432924155214492,0.14222549580494906,1.0,0.47326356,0.47326356,1.87803,0.009999999999999787
2.010000000000001,accelerate,2.5,1.7466072805412904,1.744220169405423,-22.230849570302723,-8.432635274984467,0.1425787771509877,1.0,0.47326356,0.47326356,1.87803,0.009999999999999787
2.020000000000001,accelerate,2.5,1.7563779167464078,1.7515148178100137,-22.213284343257307,-8.432349996644987,0.14293688100769972,1.0,0.47326356,0.47326356,1.87803,0.009999999999999787
2.0300000000000007,accelerate,2.5,1.809876492699789,1.786531822743879,-22.195151935815836,-8.431758672302058,0.14238053984001137,0.9951158888260991,0.47171275702006304,0.47171275702006304,1.871876019920885,0.009999999999999787
2.0400000000000005,accelerate,2.5,1.8080367792066683,1.7994347966215525,-22.17704971851418,-8.431191820281107,0.14202507759543065,0.9892997861032158,0.46986602808349304,0.46986602808349304,1.8645477304900517,0.009999999999999787
2.0500000000000003,accelerate,2.5,1.8047485152686904,1.8026230278098354,-22.158991043635428,-8.43061829320805,0.1419010989381863,0.9878451566628268,0.46940415414358083,0.46940415414358083,1.862714897395162,0.009999999999999787
2.06,accelerate,2.5,1.8016418706738413,1.802034333528239,-22.140971811989445,-8.430034397523434,0.14198853981738815,0.9918780433565008,0.47068467632655614,0.47068467632655614,1.867796334629191,0.009999999999999787
2.07,accelerate,2.5,1.8022069123349473,1.802137880812264,-22.122952226426552,-8.429457895716714,0.1422341201943034,0.9999347145797888,0.4732428305733746,0.4732428305733746,1.877947740370534,0.009999999999999787
2.0799999999999996,accelerate,2.5,1.809734751740831,1.8066960033694042,-22.10485742094872,-8.428891537960823,0.14251675010744627,1.0,0.47326356,0.47326356,1.87803,0.009999999999999787
2.0899999999999994,accelerate,2.5,1.8200346675970236,1.814699201905976,-22.086657838972343,-8.428328347316391,0.14279299021601294,1.0,0.47326356,0.47326356,1.87803,0.009999999999999787
2.099999999999999,accelerate,2.5,1.8297581655159487,1.8237345800719595,-22.06835996620762,-8.42776603974299,0.1430777179568786,1.0,0.47326356,0.47326356,1.87803,0.009999999999999787
2.109999999999999,accelerate,2.5,1.892762740121537,1.865151476101706,-22.049388548387295,-8.427201118590759,0.14229608915072536,0.9874646573412258,0.469283337998986,0.469283337998986,1.8622354682499445,0.009999999999999787
2.1199999999999988,accelerate,2.5,1.8885370479019838,1.8791828191818727,-22.030475933976565,-8.426646960429906,0.14176435546156604,0.9743735543336053,0.4651266509720064,0.4651266509720064,1.8457406784603427,0.009999999999999787
2.1299999999999986,accelerate,2.5,1.8803563340282503,1.8798869280896993,-22.01165890108602,-8.426086016344316,0.14152816052295306,0.9678696939275484,0.4630615452158751,0.4630615452158751,1.8375458143487107,0.009999999999999787
2.1399999999999983,accelerate,2.5,1.8727577393082022,1.8756094148208011,-21.992928468851623,-8.425514562308809,0.14157379410047924,0.9692958667049354,0.4635143835961511,0.4635143835961511,1.8393427920482186,0.009999999999999787
2.149999999999998,accelerate,2.5,1.8693414745386245,1.8718486506514953,-21.974239524957774,-8.424946971015817,0.1418440340855797,0.976819547853678,0.4659033028344998,0.4659033028344998,1.848822630295634,0.009999999999999787
2.159999999999998,accelerate,2.5,1.8720216903373463,1.8719524744630058,-21.955527841503603,-8.42437130696697,0.142243316095291,0.9871800064789533,0.46919295565719726,0.46919295565719726,1.8618768081634811,0.009999999999999787
2.1699999999999977,accelerate,2.5,1.8824519872086212,1.878252182110375,-21.936709945985896,-8.423794852290635,0.1426364544580483,0.99649436246659,0.47215044997039163,0.47215044997039163,1.8736128967079033,0.009999999999999787
2.1799999999999975,accelerate,2.5,1.917327267937005,1.901697233606353,-21.917528071032457,-8.423014058666004,0.14256936777085588,0.9957549794315784,0.47191568106911475,0.47191568106911475,1.8726812740837886,0.009999999999999787
2.1899999999999973,accelerate,2.5,1.9424681426609212,1.9261597790390939,-21.89808763790635,-8.422121529911902,0.14219088915366235,0.9862641305618082,0.46890214673598535,0.46890214673598535,1.8607228045078783,0.009999999999999787
2.199999999999997,accelerate,2.5,1.9394670822896434,1.9341441609894234,-21.878687722177848,-8.421234453135787,0.14201699222689465,0.9784166886692919,0.46641042698627355,0.46641042698627355,1.8508350277233077,0.009999999999999787
2.209999999999997,accelerate,2.5,1.937491758593786,1.936152719552041,-21.85931534999897,-8.42036427347391,0.14203887031373813,0.9750251471973524,0.46533354473810346,0.46533354473810346,1.8465616854686644,0.009999999999999787
2.2199999999999966,accelerate,2.5,1.9377258696303152,1.9370966095990056,-21.839946251362253,-8.419507642391945,0.14222402563103226,0.9757538638078104,0.465564926836256,0.465564926836256,1.8474798683978413,0.009999999999999787
2.2299999999999964,accelerate,2.5,1.9421678030120595,1.9401393256468378,-21.820534436052366,-8.418673870460593,0.14249423571419179,0.9786493077433934,0.46648428819468235,0.46648428819468235,1.851128127756676,0.009999999999999787
2.239999999999996,accelerate,2.5,1.9483516890516646,1.945066743689734,-21.801061420225455,-8.417854045481167,0.14282164393190272,0.9822485189593825,0.46762710973998317,0.46762710973998317,1.855663133888822,0.009999999999999787
2.249999999999996,accelerate,2.5,1.9991773041953653,1.9775330799931128,-21.78103547740717,-8.417292788659633,0.1422870500996571,0.9716429308040379,0.46425962338889804,0.46425962338889804,1.8423000928130875,0.009999999999999787
2.259999999999996,accelerate,2.5,1.9966442009649323,1.9889997525762044,-21.76104709660758,-8.416730425928332,0.14196479022820346,0.9606810588878563,0.4607790098180721,0.4607790098180721,1.828488134198699,0.009999999999999787
2.2699999999999956,accelerate,2.5,1.9922487479347075,1.990949149791306,-21.741112880542754,-8.416165382863557,0.1418784390794633,0.9544456355767981,0.458799138208345,0.458799138208345,1.820631500826766,0.009999999999999787
2.2799999999999954,accelerate,2.5,1.9888803872410166,1.9897078922611324,-21.721221011533967,-8.41558046141321,0.1420126039125988,0.9536847256580552,0.4585575340909457,0.4585575340909457,1.8196727543291495,0.009999999999999787
2.289999999999995,accelerate,2.5,1.9899536059207792,1.9898553204569205,-21.701323257302313,-8.414987384136486,0.1422921246482353,0.9565691683924863,0.45947340234798234,0.45947340234798234,1.823307152174533,0.009999999999999787
2.299999999999995,accelerate,2.5,1.9969454761244239,1.9941094138574225,-21.681356599584372,-8.414378540951429,0.1426202050168815,0.960171795367564,0.46061730846510895,0.46061730846510895,1.8278464621631307,0.009999999999999787
2.3099999999999947,accelerate,2.5,2.0063568956927456,2.001457902958616,-21.661294717777878,-8.413758609858514,0.14295444481730513,0.9626636893814856,0.46140853465240933,0.46140853465240933,1.8309862486206718,0.009999999999999787
2.3199999999999945,accelerate,2.5,2.059869074952253,2.0365046061547982,-21.64067164149871,-8.412823427439832,0.14237180678514388,0.9493970130619551,0.457196099587432,0.457196099587432,1.8142702364580636,0.009999999999999787
2.3299999999999943,accelerate,2.5,2.057433948827689,2.0490622117585326,-21.620085239412692,-8.411910598702239,0.14199718038164982,0.9353098207652492,0.452723134289382,0.452723134289382,1.7965203741642142,0.009999999999999787
2.339999999999994,accelerate,2.5,2.0531998011677404,2.0515447654040573,-21.599552468690284,-8.410990820072913,0.14186421350161868,0.9258684652452189,0.4497253150846619,0.4497253150846619,1.7846242662089757,0.009999999999999787
2.349999999999994,accelerate,2.5,2.049374852730914,2.0502428178001715,-21.57906677963417,-8.410059942718323,0.14195442547003828,0.9221511094394451,0.4485449802692126,0.4485449802692126,1.7799403978937007,0.009999999999999787
2.3599999999999937,accelerate,2.5,2.0488533544012024,2.04940913976079,-21.558591797256316,-8.40913407984032,0.14221590126698413,0.9227715428212939,0.44874198027661727,0.44874198027661727,1.7807221439548304,0.009999999999999787
2.3699999999999934,accelerate,2.5,2.0538100730995104,2.052049699764022,-21.538068587432374,-8.408212771846461,0.1425494999003059,0.9250093259467181,0.449452521174602,0.449452521174602,1.783541750692865,0.009999999999999787
2.3799999999999932,accelerate,2.5,2.064688958830781,2.0596332552040773,-21.517432903401097,-8.407303670351364,0.1428488450257017,0.9258780023882798,0.44972834331832656,0.44972834331832656,1.7846362830092324,0.009999999999999787
2.389999999999993,accelerate,2.5,2.07388333318059,2.0681833019899853,-21.4967039531279,-8.406385327481802,0.14314762651102542,0.9250812357246396,0.4494753539672876,0.4494753539672876,1.7836323570130461,0.009999999999999787
2.399999999999993,accelerate,2.5,2.123939014607677,2.1016367295606004,-21.475450513980366,-8.40520130840405,0.14260726457110814,0.9095689555295186,0.4445498947597328,0.4445498947597328,1.7640868839671935,0.009999999999999787
2.4099999999999926,accelerate,2.5,2.1225098664623756,2.1141606117016654,-21.454221859670646,-8.404058305398218,0.14224747712740576,0.8932473973210276,0.4393674735973727,0.4393674735973727,1.7435217206244948,0.009999999999999787
2.4199999999999924,accelerate,2.5,2.1183614730715425,2.1166811285235916,-21.433045005391584,-8.402912414138388,0.14209450680063235,0.8815425499725927,0.4356509504672976,0.4356509504672976,1.7287736129654667,0.009999999999999787
2.429999999999992,accelerate,2.5,2.1152294587514695,2.1158101266603184,-21.41190614074721,-8.40178762512356,0.14213175198061692,0.8753278901910307,0.43367767169345606,0.43367767169345606,1.7209431416406986,0.009999999999999787
2.439999999999992,accelerate,2.5,2.114830919560573,2.115222602400471,-21.39077546113227,-8.400684297954903,0.14232046396495596,0.8733598169581772,0.4330527690805605,0.4330527690805605,1.7184633693673035,0.009999999999999787
2.4499999999999917,accelerate,2.5,2.1186447397731865,2.1172758848241005,-21.369607015690004,-8.399612972854893,0.14258533239481694,0.8733802940584493,0.43305927096943886,0.43305927096943886,1.7184891705136462,0.009999999999999787
2.4599999999999915,accelerate,2.5,2.1242935919640216,2.121486509108053,-21.348381180015018,-8.398571393162875,0.1428984952144107,0.8738230605529835,0.43319985818678336,0.43319985818678336,1.7190470562967592,0.009999999999999787
2.4699999999999913,accelerate,2.5,2.177307432937729,2.1549790634058588,-21.326578487488092,-8.39778196314413,0.14230692929484007,0.8589083516355285,0.428464139811313,0.428464139811313,1.7002545230607657,0.009999999999999787
2.479999999999991,accelerate,2.5,2.1736996691984096,2.1662114268813895,-21.304824562593755,-8.397000836068685,0.14194018596620697,0.8433824165983145,0.42353434491829683,0.42353434491829683,1.6806918449138764,0.009999999999999787
2.489999999999991,accelerate,2.5,2.1676247001370395,2.1670593908347793,-21.283141913740174,-8.396221944060468,0.14182379185657995,0.8328445278653099,0.4201883544877933,0.4201883544877933,1.6674141051102909,0.009999999999999787
2.4999999999999907,accelerate,2.5,2.162431477454171,2.1642826428064144,-21.261519335520195,-8.395445659157879,0.14194253292471165,0.828230361338238,0.4187232643321174,0.4187232643321174,1.66160025528618,0.009999999999999787
2.5099999999999905,accelerate,2.5,2.1611165033110433,2.1623829591091916,-21.23991531498185,-8.394669012829894,0.14223411849525872,0.8279053803949497,0.41862007638300447,0.41862007638300447,1.6611907792976368,0.009999999999999787
2.5199999999999902,accelerate,2.5,2.1649734812768497,2.1639372724097865,-21.218275380160186,-8.39387654160914,0.14261302416979083,0.8291771573107363,0.419023890989305,0.419023890989305,1.6627932182115277,0.009999999999999787
2.52999999999999,accelerate,2.5,2.17521032936063,2.170701106580293,-21.19653042163482,-8.393066775910858,0.14295347137343536,0.8289283666552761,0.41894489498038323,0.41894489498038323,1.6624797419856476,0.009999999999999787
2.53999999999999,accelerate,2.5,2.1848547860376444,2.1791933142547038,-21.174686447995715,-8.392251787139951,0.1432695324397762,0.8264910952790361,0.41817101257299955,0.41817101257299955,1.6594087800515855,0.009999999999999787
2.5499999999999896,accelerate,2.5,2.235690488765142,2.2130916189609664,-21.152311144672126,-8.391147396864852,0.14269570330163497,0.8086513319604106,0.4125065309240696,0.4125065309240696,1.6369306782701174,0.009999999999999787
2.5599999999999894,accelerate,2.5,2.2341748423870063,2.2257415530165905,-21.129962404827854,-8.390055560284805,0.14228093093184008,0.7896201652530245,0.40646375487114034,0.40646375487114034,1.6129514082188108,0.009999999999999787
2.569999999999989,accelerate,2.5,2.2291806357854687,2.2278050026779175,-21.10767365100757,-8.388970037841043,0.14207418825443557,0.7752110954471895,0.4018885870263916,0.4018885870263916,1.5947959802634586,0.009999999999999787
2.579999999999989,accelerate,2.5,2.2233873651896565,2.225154420184961,-21.085450550058777,-8.387891913251128,0.1420793152721304,0.7670072662175078,0.3992837071693831,0.3992837071693831,1.58445915543406,0.009999999999999787
2.5899999999999888,accelerate,2.5,2.220518671211288,2.222372970800757,-21.06326074868339,-8.386827519443461,0.1422493856774061,0.7638561973130167,0.39828317977082905,0.39828317977082905,1.580488808614401,0.009999999999999787
2.5999999999999885,accelerate,2.5,2.2215228943256844,2.2218629249157136,-21.04106331686772,-8.385770032522325,0.14252774229386284,0.7635516059423167,0.3981864659188044,0.3981864659188044,1.580105023487319,0.009999999999999787
2.6099999999999883,accelerate,2.5,2.2273539332651247,2.2251575299253603,-21.01880616834219,-8.384727864678304,0.1428304124773821,0.7634922786911857,0.39816762833002534,0.39816762833002534,1.5800302711508942,0.009999999999999787
2.619999999999988,accelerate,2.5,2.2346072733395177,2.230827375973855,-20.9964744105395,-8.38369420123296,0.14313635892241855,0.7623353465448588,0.3978002792349236,0.3978002792349236,1.5785725366465222,0.009999999999999787
2.629999999999988,accelerate,2.5,2.2856957772815516,2.2637484167584727,-20.973587510509518,-8.38289369792261,0.14255604142868022,0.7456812523762096,0.39251227125449406,0.39251227125449406,1.557588377994024,0.009999999999999787
2.6399999999999877,accelerate,2.5,2.282756439804891,2.275153230586324,-20.950742238407273,-8.382090828383031,0.14216566598606523,0.7279101627260807,0.38686959486878514,0.38686959486878514,1.5351968050348617,0.009999999999999787
2.6499999999999875,accelerate,2.5,2.276849860641648,2.2761712086195183,-20.927966042254333,-8.381290026052138,0.14199909450137554,0.7147226001441142,0.3826822799977591,0.3826822799977591,1.5185804761815838,0.009999999999999787
2.6599999999999873,accelerate,2.5,2.2712695487311736,2.273230212686512,-20.90525319035229,-8.380493609645951,0.14204634820201384,0.7073127844423627,0.380329515316139,0.380329515316139,1.509244108397377,0.009999999999999787
2.669999999999987,accelerate,2.5,2.2686096667390445,2.2704578851180313,-20.88257270732948,-8.379685286244108,0.14226282494635947,0.704455515641293,0.37942227532642336,0.37942227532642336,1.5056439497080292,0.009999999999999787
2.679999999999987,accelerate,2.5,2.2693304593228145,2.269781429640901,-20.859888519017737,-8.37886465884635,0.14259357675328996,0.7041383990848756,0.37932158447742975,0.37932158447742975,1.5052443828469435,0.009999999999999787
2.6899999999999866,accelerate,2.5,2.2759606337362563,2.2734889520981145,-20.837137683468505,-8.378018392905837,0.1429290225044898,0.7035127113176463,0.37912291609757903,0.37912291609757903,1.5044560162602343,0.009999999999999787
2.6999999999999864,accelerate,2.5,2.2849051719113143,2.2803386839860345,-20.814294604656947,-8.377154386801234,0.14321895289919617,0.7009331318791387,0.37830384803426415,0.37830384803426415,1.5012057461677148,0.009999999999999787
2.709999999999986,accelerate,2.5,2.2946961924156493,2.288953189043803,-20.791349764486448,-8.376287208571357,0.1434500304085728,0.6957983373345242,0.37667344807045816,0.37667344807045816,1.4947359050415006,0.009999999999999787
2.719999999999986,accelerate,2.5,2.3421658237978855,2.3208807698962524,-20.7679095731697,-8.37516827796269,0.14285302001906125,0.6760865736194657,0.37041456885565277,0.37041456885565277,1.469899082760527,0.009999999999999787
2.7299999999999858,accelerate,2.5,2.3395123029688216,2.332059689739794,-20.74450754239087,-8.374050345393403,0.1424058800129096,0.6555902751418503,0.36390658416304034,0.36390658416304034,1.4440737466787315,0.009999999999999787
2.7399999999999856,accelerate,2.5,2.33271067764524,2.3324502824830615,-20.721183009802576,-8.372942790625885,0.14215565878594488,0.6401598514139312,0.3590071160209515,0.3590071160209515,1.4246314127815534,0.009999999999999787
2.7499999999999853,accelerate,2.5,2.325920907767185,2.3285326576535357,-20.69793288639677,-8.37185774465842,0.14210358655354965,0.6310842897380108,0.3561254436776132,0.3561254436776132,1.4131962050698936,0.009999999999999787
2.759999999999985,accelerate,2.5,2.3211556769064234,2.3241064692052684,-20.674735171482745,-8.370787091751499,0.1422270276652072,0.6273921226135226,0.3549531067722457,0.3549531067722457,1.4085440744930384,0.009999999999999787
2.769999999999985,accelerate,2.5,2.319428309215877,2.3212995732116335,-20.651557494661297,-8.369731515787707,0.14248290926632232,0.6271713329860898,0.3548830016497433,0.3548830016497433,1.4082658795624734,0.009999999999999787
2.7799999999999847,accelerate,2.5,2.3230329833063927,2.3223396192684893,-20.62834262111237,-8.368705389901583,0.14278355952860314,0.6276891796312444,0.35504742831651276,0.35504742831651276,1.4089183663353682,0.009999999999999787
2.7899999999999845,accelerate,2.5,2.328776239563025,2.3262015914452108,-20.605065778068756,-8.367773275322582,0.14310881976685158,0.6272809244979425,0.3549177991465867,0.3549177991465867,1.4084039648674076,0.009999999999999787
2.7999999999999843,accelerate,2.5,2.376362633692808,2.356298216793769,-20.581273041841364,-8.367074951288343,0.14257954775668685,0.6120692146897059,0.35008777704827543,0.35008777704827543,1.3892372105090294,0.009999999999999787
2.809999999999984,accelerate,2.5,2.3712513425514805,2.365270092248396,-20.557542281589587,-8.366383342938333,0.14223742413874424,0.5961058059573349,0.345019075507573,0.345019075507573,1.3691233155062421,0.009999999999999787
2.819999999999984,accelerate,2.5,2.365610014103121,2.365474045361231,-20.5338765707069,-8.365697469434178,0.14210261059332593,0.5841690734103323,0.3412289241892487,0.3412289241892487,1.3540830324970188,0.009999999999999787
2.8299999999999836,accelerate,2.5,2.3602588148406674,2.362344907048893,-20.510270620465114,-8.365023933346873,0.142162840946975,0.5772354580523025,0.3390273626407671,0.3390273626407671,1.3453466771459013,0.009999999999999787
2.8399999999999834,accelerate,2.5,2.35759356300078,2.359494100620025,-20.486695857746643,-8.364347547004702,0.14237409570228357,0.5741773328559808,0.33805634672843105,0.33805634672843105,1.3414934393985358,0.009999999999999787
2.849999999999983,accelerate,2.5,2.3579230037306016,2.358551442486371,-20.463120256769848,-8.363668845155125,0.14268493857375322,0.5732186960960882,0.33775196038442995,0.33775196038442995,1.3402855570810712,0.009999999999999787
2.859999999999983,accelerate,2.5,2.361889303034251,2.360554158815099,-20.439504559085528,-8.36299202450815,0.1430241034610709,0.5723704733549,0.33748263269964784,0.33748263269964784,1.339216796427174,0.009999999999999787
2.869999999999983,accelerate,2.5,2.370524343097598,2.366536269384598,-20.41579862115788,-8.36231976545784,0.14330760292040762,0.5694675868955617,0.33656090819107876,0.33656090819107876,1.3355591594884078,0.009999999999999787
2.8799999999999826,accelerate,2.5,2.379772611586998,2.3744780747060377,-20.39199608735168,-8.36163412479538,0.14350975340378466,0.5638306579954286,0.3347710705267085,0.3347710705267085,1.3284566290742401,0.009999999999999787
2.8899999999999824,accelerate,2.5,2.387791008752897,2.3824658351341537,-20.368110042367366,-8.360943491420802,0.14364607923879996,0.5559263165233379,0.3322612840224903,0.3322612840224903,1.3184971588194059,0.009999999999999787
2.899999999999982,accelerate,2.5,2.4286293893314976,2.41016396765256,-20.34378499497029,-8.360435398976303,0.14304927651716806,0.5356070816023787,0.32580952055038725,0.32580952055038725,1.292894922818997,0.009999999999999787
2.909999999999982,accelerate,2.5,2.4247402659565194,2.418909746634936,-20.319510989624995,-8.359895635961298,0.14258812211519598,0.5153015541364724,0.3193621094694127,0.3193621094694127,1.2673099582119551,0.009999999999999787
2.9199999999999817,accelerate,2.5,2.416986201137009,2.4177556193361798,-20.295323709814372,-8.359361318605067,0.14230892335170445,0.5002422220421373,0.3145804703428195,0.3145804703428195,1.2483351997730932,0.009999999999999787
2.9299999999999815,accelerate,2.5,2.40931168320135,2.412689257655282,-20.271220565877506,-8.358812599304134,0.14221588081454217,0.49148097053059636,0.31179859776287494,0.31179859776287494,1.2372960228685514,0.009999999999999787
2.9399999999999813,accelerate,2.5,2.403272210495761,2.4070390293595696,-20.24718333932447,-8.358248037770647,0.14229345466455987,0.48810601665598263,0.31072698240860763,0.31072698240860763,1.2330435809865383,0.009999999999999787
2.949999999999981,accelerate,2.5,2.3999754841169283,2.402800902213985,-20.223182848765273,-8.35766937524367,0.1425063722720742,0.4883241783736625,0.3107962531172053,0.3107962531172053,1.2333184647508149,0.009999999999999787
2.959999999999981,accelerate,2.5,2.400220569028226,2.4012527023025294,-20.199181783612126,-8.357076740736705,0.14280402896329356,0.4900073883849371,0.3113307059599853,0.3113307059599853,1.235439309365021,0.009999999999999787
2.9699999999999807,accelerate,2.5,2.4057045690340626,2.4039238223414494,-20.175124651724587,-8.356456370369472,0.14309198560616543,0.4906161382570169,0.31152399621936805,0.31152399621936805,1.2362063342038414,0.009999999999999787
2.9799999999999804,accelerate,2.5,2.4126912937004232,2.409184305156834,-20.150995420324,-8.355811320423971,0.143345968029918,0.4889613130920599,0.3109985561329909,0.3109985561329909,1.2341212544959956,0.009999999999999787
2.9899999999999802,accelerate,2.5,2.420121791731422,2.415746797101587,-20.126789143013113,-8.355152004093261,0.14355539815714338,0.4847622296335536,0.30966526315324594,0.30966526315324594,1.2288304093382776,0.009999999999999787
2.99999999999998,accelerate,2.5,2.4469336034416003,2.434458880905595,-20.10230152848828,-8.354365516982574,0.1433222072547375,0.4719817704518931,0.3056072117538851,0.3056072117538851,1.2127270307693854,0.009999999999999787
3.00999999999998,hold,2.5,2.467066969010708,2.454023733768663,-20.07760951608786,-8.35347756938572,0.14277443435122542,0.4517489946584841,0.2991829007839619,0.2991829007839619,1.18723373326969,0.009999999999999787
3.0199999999999796,hold,2.5,2.4605310727549243,2.45792813716042,-20.052993150656942,-8.352593332854342,0.14238927638702975,0.4337957520727864,0.2934823871981512,0.2934823871981512,1.164612647611711,0.009999999999999787
3.0299999999999794,hold,2.5,2.451479471241479,2.454058937609055,-20.028475409868076,-8.35172000760821,0.14220558273876918,0.42179768280408536,0.2896727602439532,0.2896727602439532,1.1494950803331476,0.009999999999999787
3.039999999999979,accelerate,2.5,2.4427411811472357,2.4472682837319635,-20.004050950165674,-8.350855803689672,0.1422165065919069,0.41615381465010515,0.2878807192277014,0.2878807192277014,1.1423838064591325,0.009999999999999787
3.049999999999979,accelerate,2.5,2.436572465683243,2.440850792902731,-19.979691825353306,-8.350011554680037,0.14238807927773248,0.4154411997344365,0.2876544497396783,0.2876544497396783,1.1414859116653902,0.009999999999999787
3.0599999999999787,accelerate,2.5,2.4335212792083625,2.43645308468611,-19.955364891232364,-8.349194438363192,0.14267320597433258,0.41763792614747486,0.28835195431034627,0.28835195431034627,1.1442537869458185,0.009999999999999787
3.0699999999999785,accelerate,2.5,2.436839333217902,2.4366848338051854,-19.931002466964646,-8.348411386116695,0.14296199790060207,0.41971614990639733,0.28901183191827934,0.28901183191827934,1.146872348882061,0.009999999999999787
3.0799999999999783,accelerate,2.5,2.4415259124703783,2.439589481004301,-19.90659058704153,-8.347648849318329,0.14323924495112464,0.4202679488253721,0.28918703911103216,0.28918703911103216,1.147567615519969,0.009999999999999787
3.089999999999978,accelerate,2.5,2.446970935823732,2.4440183538959595,-19.88212126208172,-8.34690674784132,0.14349417868628628,0.41876281459648457,0.2887091288906758,0.2887091288906758,1.1456711463915705,0.009999999999999787
3.099999999999978,hold,2.5,2.49387084944454,2.473929851225108,-19.857147824326525,-8.346400867311566,0.14288289303600035,0.4019479276650085,0.28337006599219355,0.28337006599219355,1.124484388857911,0.009999999999999787
3.1099999999999777,hold,2.5,2.4889059638326767,2.4829155187896492,-19.83223460483727,-8.345910370717029,0.14242953826366606,0.3838711770142222,0.2776303361255558,0.2776303361255558,1.10170768303792,0.009999999999999787
3.1199999999999775,hold,2.5,2.4801509115916978,2.4812567544708783,-19.80741789325242,-8.345427081557194,0.1421824361888545,0.370416806772608,0.2733583044864385,0.2733583044864385,1.0847551765334862,0.009999999999999787
3.1299999999999772,hold,2.5,2.470975219438201,2.475087833451272,-19.782699626948332,-8.344952910134856,0.14214590979518674,0.36308488604351,0.2710302730165353,0.2710302730165353,1.0755169564148226,0.009999999999999787
3.139999999999977,hold,2.5,2.463872153471186,2.46835842546322,-19.75805754689165,-8.344465789070467,0.14228707640791288,0.3609939678996804,0.2703663646875065,0.2703663646875065,1.0728823995535972,0.009999999999999787
3.149999999999977,hold,2.5,2.4599178172404774,2.4632940605295746,-19.733458088530874,-8.343975141877625,0.1425575407387516,0.3622521596458745,0.27076586573075806,0.27076586573075806,1.0744677211538018,0.009999999999999787
3.1599999999999766,hold,2.5,2.459319423179868,2.4609092781197504,-19.70886574371629,-8.34348427739935,0.14290166306489896,0.36479151320837866,0.2715721612739244,0.2715721612739244,1.0776673066425573,0.009999999999999787
3.1699999999999764,hold,2.5,2.462605724576299,2.4619271459936796,-19.684239297200257,-8.342987208993467,0.14324853628110254,0.36655207179899163,0.2721311738376158,0.2721311738376158,1.0798856104667294,0.009999999999999787
3.179999999999976,hold,2.5,2.4703041496605564,2.4669533481938055,-19.65953176242244,-8.342465762319707,0.1435076404529793,0.3655380104724588,0.2718091890852152,0.2718091890852152,1.0786078931952983,0.009999999999999787
3.189999999999976,hold,2.5,2.477676671738117,2.4733873423203923,-19.634746573055562,-8.341928851080631,0.14368222441790302,0.36151590111615206,0.2705320889224006,0.2705320889224006,1.0735400354063516,0.009999999999999787
3.1999999999999758,hold,2.5,2.484021745082947,2.479767983977925,-19.609894688716256,-8.34138340432686,0.14378153207495312,0.35507085894808377,0.26848565913319555,0.26848565913319555,1.0654192822745856,0.009999999999999787
3.2099999999999755,hold,2.5,2.4900878888334543,2.4859599268912427,-19.584979415961023,-8.340829384227302,0.1438032623274001,0.3467437598671588,0.2658416386330203,0.2658416386330203,1.0549271374326201,0.009999999999999787
3.2199999999999753,hold,2.5,2.4953221452344723,2.4915772578971804,-19.560009979029168,-8.340267354800694,0.14375483781014387,0.3371750890260034,0.2628033942675366,0.2628033942675366,1.0428706121727644,0.009999999999999787
3.229999999999975,hold,2.5,2.499271345992889,2.4961937107546053,-19.535000322674602,-8.339699749071652,0.14365356102374632,0.32710930926907655,0.25960730787911723,0.25960730787911723,1.0301877296790367,0.009999999999999787
3.239999999999975,hold,2.5,2.5017219997807256,2.4995106841702777,-19.509966477948392,-8.339127513423273,0.14352194331501006,0.3173087487108681,0.25649543389067486,0.25649543389067486,1.017839023375694,0.009999999999999787
3.2499999999999747,hold,2.5,2.5028061310381644,2.5014879522910096,-19.484922860259008,-8.338552224530646,0.14338332931531977,0.3084138870305178,0.25367113740993,0.25367113740993,1.0066314976584525,0.009999999999999787
3.2599999999999745,hold,2.5,2.502847239416025,2.5023035245660186,-19.459880308352417,-8.337976013037402,0.14325867565399003,0.3008512508530707,0.25126984917086703,0.25126984917086703,0.9971025760748692,0.009999999999999787
3.2699999999999743,hold,2.5,2.502287717689789,2.5022940404402805,-19.43484494066805,-8.33740076992323,0.1431638784818582,0.29479009124642075,0.24934530977256356,0.24934530977256356,0.9894655149704903,0.009999999999999787
3.279999999999974,hold,2.5,2.501588307359071,2.5018706005915545,-19.4098180313225,-8.336828456540276,0.14310815432676857,0.2901516455970872,0.24787251050998718,0.24787251050998718,0.9836210734523301,0.009999999999999787
3.289999999999974,hold,2.5,2.501173083897488,2.501452090575115,-19.384796451761474,-8.336261229474244,0.14309395127477145,0.28665169773227467,0.24676120706395188,0.24676120706395188,0.9792111391426662,0.009999999999999787
3.2999999999999736,hold,2.5,2.5013383767588655,2.5013838622853655,-19.359774010993103,-8.335700833893313,0.14311738851190006,0.2838780769414148,0.24588052699043805,0.24588052699043805,0.9757163769461827,0.009999999999999787
3.3099999999999734,hold,2.5,2.5022262861373523,2.5018893165965577,-19.334743029534412,-8.335149701733886,0.14316986331263706,0.2813790752162415,0.245087043962661,0.245087043962661,0.9725676347724643,0.009999999999999787
3.319999999999973,hold,2.5,2.5038231949748435,2.5030496436235294,-19.309695992019456,-8.33460908174177,0.14324030038833627,0.2787458736604971,0.24425094980468107,0.24425094980468107,0.9692498008122264,0.009999999999999787
3.329999999999973,hold,2.5,2.506007951996127,2.5048246286470883,-19.284626619837773,-8.33408138914228,0.14331696194387195,0.2756683479229328,0.24327377383248966,0.24327377383248966,0.9653721183828955,0.009999999999999787
3.3399999999999728,hold,2.5,2.5085776061896468,2.507076415172623,-19.25953076062337,-8.333568295201701,0.14338884990655376,0.2719678491411907,0.24209879145931087,0.24209879145931087,0.9607094899179003,0.009999999999999787
3.3499999999999726,hold,2.5,2.5112902915733213,2.509604741013042,-19.234406811439136,-8.333071416605481,0.1434475256268967,0.2676052608849645,0.24071358243619395,0.24071358243619395,0.9552126287150553,0.009999999999999787
3.3599999999999723,hold,2.5,2.513898131850896,2.5121807755157546,-19.20925577957832,-8.33259236882966,0.14348774739054665,0.26266977863394103,0.23914646811184898,0.23914646811184898,0.9489939210787658,0.009999999999999787
3.369999999999972,hold,2.5,2.5166598800312605,2.5148682382250582,-19.184074951660225,-8.33220239422411,0.1435051644321388,0.2571983348550345,0.2374091752831706,0.2374091752831706,0.9420999019173436,0.009999999999999787
3.379999999999972,hold,2.5,2.5181761727591585,2.5168529989455184,-19.15887835174859,-8.331830744493393,0.14350511068025915,0.2516552551788877,0.23564913662440046,0.23564913662440046,0.9351156215253986,0.009999999999999787
3.3899999999999717,hold,2.5,2.5199937090121023,2.518737424985469,-19.133662191093286,-8.33152428561471,0.14348269587232027,0.24609465251397813,0.23388353406623835,0.23388353406623835,0.9281092621676125,0.009999999999999787
3.3999999999999715,hold,2.5,2.521493098125387,2.5203908288694197,-19.10843038586524,-8.331251271617592,0.1434416457037449,0.2406304373292385,0.23214853646077985,0.23214853646077985,0.9212243510348407,0.009999999999999787
3.4099999999999713,hold,2.5,2.5218218241131196,2.5212494260156397,-19.083195244498476,-8.331004626078183,0.14339587223217448,0.23565697990613313,0.2305693642597954,0.2305693642597954,0.9149577946817278,0.009999999999999787
3.419999999999971,hold,2.5,2.522559763651619,2.5220356285972274,-19.057952832691907,-8.330765418481736,0.14334408714244157,0.23110884960438993,0.2291252419263859,0.2291252419263859,0.9092271505015314,0.009999999999999787
3.429999999999971,hold,2.5,2.522976190394575,2.522599965675636,-19.032706622285502,-8.330535040708375,0.1432977443991527,0.22701417562586623,0.2278251010447251,0.2278251010447251,0.9040678612885916,0.009999999999999787
3.4399999999999706,hold,2.5,2.5230468142953035,2.5228680748474366,-19.007460195532524,-8.330317895839126,0.14326639298289384,0.22343679827640447,0.22668921218872395,0.22668921218872395,0.8995603658282697,0.009999999999999787
3.4499999999999704,hold,2.5,2.5231176436716267,2.5230178161419508,-18.98221354296946,-8.330113080668287,0.1432532905131419,0.2203347082803379,0.22570423657317293,0.22570423657317293,0.8956517324332259,0.009999999999999787
3.45999999999997,hold,2.5,2.5234013914890334,2.5232479613502004,-18.956964447681926,-8.329918638068223,0.1432578976628137,0.21756878388407747,0.2248260002588723,0.2248260002588723,0.8921666676939377,0.009999999999999787
3.46999999999997,hold,2.5,2.5239782049033104,2.5236861074820665,-18.931709839895603,-8.329733542064545,0.1432771887993708,0.21495890045706934,0.2239973100731287,0.2239973100731287,0.8888782145759075,0.009999999999999787
3.47999999999997,hold,2.5,2.524854159882076,2.5243869389220723,-18.906446579884523,-8.3295566121667,0.1433065971582844,0.21233024614268523,0.22316265975522545,0.22316265975522545,0.8855661101397835,0.009999999999999787
3.4899999999999696,hold,2.5,2.52595893811763,2.525330138439407,-18.88117222955363,-8.3293874322782,0.14334066351714575,0.20955200237694943,0.22228051179472902,0.22228051179472902,0.8820655229949564,0.009999999999999787
3.4999999999999694,hold,2.5,2.5272430066935736,2.526477859391907,-18.855884865971717,-8.329225517049775,0.14337368534542666,0.2065380656856975,0.2213235266165227,0.2213235266165227,0.8782679627639789,0.009999999999999787
3.509999999999969,hold,2.5,2.5285862244435684,2.5277428784229037,-18.830583823296276,-8.329070128634879,0.14340101098619412,0.20326478613536927,0.22028419489370246,0.22028419489370246,0.8741436305305653,0.009999999999999787
3.519999999999969,hold,2.5,2.52988366039392,2.5290273476055134,-18.805269529106518,-8.328921026064286,0.14341928373118415,0.19976477133345016,0.21917287019379714,0.21917287019379714,0.8697336118801474,0.009999999999999787
3.5299999999999687,hold,2.5,2.5310285391324125,2.530228062521653,-18.779943538101442,-8.328777556798757,0.1434269883610425,0.19611918557854166,0.21801532380489855,0.21801532380489855,0.8651401738289625,0.009999999999999787
3.5399999999999685,hold,2.5,2.5319740302950895,2.531275643185715,-18.754607903398856,-8.328639922034654,0.1434243015490614,0.19243066488169014,0.2168441447132343,0.2168441447132343,0.8604926377509298,0.009999999999999787
3.5499999999999683,hold,2.5,2.5326758260874223,2.5321157529267393,-18.72926515213384,-8.32850779060766,0.1434129488325692,0.18881146011046085,0.21569497481427358,0.21569497481427358,0.8559324397391809,0.009999999999999787
3.559999999999968,hold,2.5,2.533153760353047,2.5327385573825243,-18.7039176109433,-8.328381314311788,0.1433955654587033,0.18535808563914527,0.21459845935214142,0.21459845935214142,0.8515811879053231,0.009999999999999787
3.569999999999968,hold,2.5,2.5334503942473203,2.5331656595014023,-18.678567174819317,-8.328260678065043,0.14337539180316944,0.1821377165268154,0.21357592775159442,0.21357592775159442,0.8475235228237874,0.009999999999999787
3.5799999999999677,hold,2.5,2.533617442344164,2.533436729207059,-18.653215202259695,-8.328145929905983,0.14335561316480402,0.17918423932791525,0.21263813967139966,0.21263813967139966,0.8438021415531732,0.009999999999999787
3.5899999999999674,hold,2.5,2.5337224134592704,2.533608139758386,-18.627862356973036,-8.328036987113098,0.14333908694681027,0.17649569581938596,0.21178447333657147,0.21178447333657147,0.8404145767324265,0.009999999999999787
3.5999999999999672,hold,2.5,2.53380257472521,2.5337248007384803,-18.602508906903147,-8.327934595736446,0.1433281063053517,0.1740471904099033,0.21100702389895254,0.21100702389895254,0.8373294599164783,0.009999999999999787
3.609999999999967,hold,2.5,2.5339460293788894,2.5338575379227257,-18.57715420488372,-8.327839021430126,0.14332359147940038,0.17178129808357648,0.21028755776749725,0.21028755776749725,0.8344744355853065,0.009999999999999787
3.619999999999967,hold,2.5,2.5342086621741573,2.534068212473585,-18.55179702829505,-8.327750023528688,0.14332544074490625,0.16961887057234626,0.20960094378413138,0.20960094378413138,0.8317497769211563,0.009999999999999787
3.6299999999999666,hold,2.5,2.5345402812846203,2.5343514537602063,-18.526436654975846,-8.327668668323756,0.14333323193835584,0.16749891698770455,0.20892781612193598,0.20892781612193598,0.8290786354045079,0.009999999999999787
3.6399999999999664,hold,2.5,2.5349607287361695,2.534717018745784,-18.501072138836996,-8.327595850618803,0.14334527029813593,0.16536691667638562,0.20825086338308596,0.20825086338308596,0.8263923150122459,0.009999999999999787
3.649999999999966,hold,2.5,2.5354821721602545,2.5351761107944664,-18.475702401986826,-8.327531327553256,0.14335898101720487,0.163172683050065,0.20755415032205665,0.20755415032205665,0.823627580643082,0.009999999999999787
3.659999999999966,hold,2.5,2.536046040309698,2.5356980685036055,-18.45032697576655,-8.327475736934025,0.1433722932903231,0.1608918159990578,0.20682992941602088,0.20682992941602088,0.820753688158813,0.009999999999999787
3.6699999999999657,hold,2.5,2.5366012131289115,2.536239955278789,-18.42494592510664,-8.327429429766578,0.14338366524951981,0.15852732645400358,0.20607915669567523,0.20607915669567523,0.8177744313320445,0.009999999999999787
3.6799999999999655,hold,2.5,2.537090772385578,2.536750445542862,-18.399559914626145,-8.327393162821005,0.14339251538184336,0.15610894283972954,0.20531127153047096,0.20531127153047096,0.8147272679780594,0.009999999999999787
3.6899999999999653,hold,2.5,2.5374714850729507,2.5371830692609154,-18.374170043715843,-8.327368196694646,0.1433985133428422,0.15368552914035183,0.20454178921264451,0.20454178921264451,0.8116737667168433,0.009999999999999787
3.699999999999965,hold,2.5,2.5377726413461086,2.5375368125120312,-18.34877711389889,-8.327354798307322,0.14340131631382794,0.1512972640566763,0.20378346728327587,0.20378346728327587,0.8086645527114121,0.009999999999999787
3.709999999999965,hold,2.5,2.538009667256582,2.537820525358762,-18.323381771716292,-8.327353072580559,0.1434007339036477,0.14897210792915078,0.20304518370966396,0.20304518370966396,0.80573485599073,0.009999999999999787
3.7199999999999647,hold,2.5,2.53816890159007,2.538029551097547,-18.29798482018181,-8.32736362897868,0.14339739485259456,0.14673541057936895,0.20233498756716126,0.20233498756716126,0.802916617330005,0.009999999999999787
3.7299999999999645,hold,2.5,2.5382387647511493,2.5381550792897083,-18.272587190594972,-8.327386982569035,0.14339250954321053,0.14461268825905438,0.201660980776015,0.201660980776015,0.8002419872064087,0.009999999999999787
3.7399999999999642,hold,2.5,2.538253175909099,2.5382139372613426,-18.247189470376806,-8.327423827693506,0.14338731240495192,0.1426159358329504,0.20102697194567845,0.20102697194567845,0.7977260791495177,0.009999999999999787
3.749999999999964,hold,2.5,2.538233511829223,2.5382256820020705,-18.221792029575678,-8.327473731037738,0.14338302050909899,0.14074475289494837,0.20043283393920402,0.20043283393920402,0.795368388647635,0.009999999999999787
3.759999999999964,hold,2.5,2.538192487985704,2.5382057655922505,-18.196395107906007,-8.327537899385437,0.14338068595910483,0.13899088204978596,0.19987594486844806,0.19987594486844806,0.7931585113827304,0.009999999999999787
3.7699999999999636,hold,2.5,2.538167928771213,2.538183063499628,-18.170998541842476,-8.327616405593849,0.1433805343581666,0.13733249063406341,0.19934937242612785,0.19934937242612785,0.79106893819892,0.009999999999999787
3.7799999999999634,hold,2.5,2.5381894694888865,2.538186907093183,-18.14560185894209,-8.327709307706698,0.14338224112799028,0.13573643973443605,0.19884259434447815,0.19884259434447815,0.7890579140653895,0.009999999999999787
3.789999999999963,hold,2.5,2.5382475219461975,2.5382232760049916,-18.120204683030657,-8.327816448092177,0.14338536033554966,0.13417283329726418,0.19834611802854735,0.19834611802854735,0.787087769954553,0.009999999999999787
3.799999999999963,hold,2.5,2.5383337787531226,2.5382895776538703,-18.09480673093004,-8.327938166454631,0.14338954739639442,0.13261891383334165,0.19785271752036268,0.19785271752036268,0.7851298314300106,0.009999999999999787
3.8099999999999627,hold,2.5,2.5384205548554455,2.5383681639748152,-18.069407993618164,-8.328074246093156,0.14339431800490113,0.131065707536921,0.1973595434571232,0.1973595434571232,0.7831727914965206,0.009999999999999787
3.8199999999999625,hold,2.5,2.538486981526805,2.538439454506009,-18.044008685962886,-8.328224586597273,0.14339956737757054,0.12951642491777204,0.196867615239891,0.196867615239891,0.7812206953963928,0.009999999999999787
3.8299999999999623,hold,2.5,2.5385568703792774,2.53850990402997,-18.018608757455702,-8.328389474767437,0.14340430881805424,0.1279702321455918,0.19637666811086835,0.19637666811086835,0.7792724925034458,0.009999999999999787
3.839999999999962,hold,2.5,2.53861518687444,2.538573073736652,-17.993208313712735,-8.328568230133625,0.1434077842005434,0.12642991280656296,0.19588758591433988,0.19588758591433988,0.7773316901362693,0.009999999999999787
3.849999999999962,hold,2.5,2.5386792599456665,2.5386367854620606,-17.967807300901335,-8.328761906349959,0.14340942031402754,0.12489356004608965,0.1953997631858344,0.1953997631858344,0.775395885658073,0.009999999999999787
3.8599999999999617,hold,2.5,2.5386701002778005,2.5386567743515043,-17.942406477039313,-8.328969918722095,0.14340966307492964,0.12338332628362421,0.19492023376157638,0.19492023376157638,0.7734929911173666,0.009999999999999787
3.8699999999999615,hold,2.5,2.538599970492796,2.538622692036279,-17.917006461702083,-8.329191220865537,0.1434086779796037,0.1219227758918368,0.19445647980117603,0.19445647980117603,0.7716526976237144,0.009999999999999787
3.8799999999999613,hold,2.5,2.5385008022737163,2.538549558178741,-17.89160755173698,-8.329425587346451,0.1434064741923159,0.12052310334793571,0.19401205577503658,0.19401205577503658,0.7698891102183991,0.009999999999999787
3.889999999999961,hold,2.5,2.538359582341858,2.5384355726766117,-17.866210191011703,-8.329673265012486,0.1434035532398887,0.11919450064920294,0.19359019784613493,0.19359019784613493,0.7682150708179958,0.009999999999999787
3.899999999999961,hold,2.5,2.5381941440227016,2.5382907154842655,-17.840814632787986,-8.329933588444671,0.1434003093803487,0.1179400680793856,0.19319189041656654,0.19319189041656654,0.7666344857800259,0.009999999999999787
3.9099999999999606,hold,2.5,2.5380083050168984,2.5381212692038453,-17.815421083945406,-8.330205414208606,0.1433970178587381,0.11675914077516672,0.19281692237893094,0.19281692237893094,0.7651465173767101,0.009999999999999787
3.9199999999999604,hold,2.5,2.537805015094458,2.537931516738213,-17.790029736638722,-8.33048886272061,0.14339413746132162,0.11564906761647795,0.19246445194958411,0.19246445194958411,0.7637478251967623,0.009999999999999787
3.92999999999996,hold,2.5,2.537593248789824,2.5377285559691796,-17.764640679653546,-8.330783423804627,0.1433918361142306,0.11460407248379234,0.19213264509505376,0.19213264509505376,0.7624311313295784,0.009999999999999787
3.93999999999996,hold,2.5,2.5373940499305156,2.537527852345981,-17.73925378297436,-8.331088630052365,0.14339000096102467,0.11361135292427071,0.19181743678051447,0.19181743678051447,0.7611803046845812,0.009999999999999787
3.9499999999999598,hold,2.5,2.537202953271583,2.537332912901342,-17.713868956336924,-8.33140387320761,0.14338837518411449,0.11265877491311341,0.1915149742104118,0.1915149742104118,0.759980056390523,0.009999999999999787
3.9599999999999596,hold,2.5,2.5370222386372125,2.5371465083428646,-17.688486095665134,-8.33172886659571,0.14338691469169768,0.1117351085526637,0.1912216916676418,0.1912216916676418,0.7588162367763563,0.009999999999999787
3.9699999999999593,hold,2.5,2.5368451405603323,2.5369656876733453,-17.663105165431936,-8.332063015429998,0.14338570634418732,0.11083288896409671,0.19093521890388002,0.19093521890388002,0.757679440094762,0.009999999999999787
3.979999999999959,hold,2.5,2.536625228324795,2.536761412064215,-17.637726607718683,-8.332406444052323,0.14338505564644716,0.1099616409304144,0.1906585802282252,0.1906585802282252,0.7565816675723223,0.009999999999999787
3.989999999999959,hold,2.5,2.5364023741349384,2.5365459893066493,-17.61235044881585,-8.332759167522223,0.14338484137398874,0.10912256379431669,0.19039215645597146,0.19039215645597146,0.7555244303808392,0.009999999999999787
3.9999999999999587,hold,2.5,2.536184547564951,2.5363291242616306,-17.58697661849208,-8.333120489854922,0.14338467346435832,0.10831150295937698,0.1901346284196614,0.1901346284196614,0.7545024937288151,0.009999999999999787
4.009999999999959,hold,2.5,2.535972833557527,2.536115349839169,-17.561605047303278,-8.333490230362315,0.14338436240437707,0.1075227197376108,0.1898841739710862,0.1898841739710862,0.7535086268693897,0.010000000000000231
4.019999999999959,hold,2.5,2.535741098588401,2.5358907990887083,-17.536235938688137,-8.333868430651098,0.14338399447506617,0.1067590203628201,0.18964168414560267,0.18964168414560267,0.7525463656571535,0.009999999999999787
4.0299999999999585,hold,2.5,2.5354954430574455,2.5356535854699507,-17.510869435087844,-8.334255175202731,0.14338365558980157,0.10602373455540191,0.18940821619603124,0.18940821619603124,0.7516199055398065,0.009999999999999787
4.039999999999958,hold,2.5,2.5352390674248695,2.535404874642902,-17.485505648424958,-8.334650484477303,0.14338350176927406,0.10531899110364881,0.18918444605523058,0.18918444605523058,0.7507319287905975,0.009999999999999787
4.049999999999958,hold,2.5,2.5349779226114086,2.5351487034240057,-17.460144621756132,-8.335053963238403,0.1433835422176722,0.10464441382185549,0.18897025427671557,0.18897025427671557,0.749881961415538,0.009999999999999787
4.059999999999958,hold,2.5,2.534707525986239,2.5348839969613457,-17.434786459702917,-8.33546589589243,0.1433839797305461,0.10400032902997587,0.18876574447359795,0.18876574447359795,0.7490704145777697,0.009999999999999787
4.069999999999958,hold,2.5,2.534436713347527,2.5346156267930544,-17.4094311686376,-8.335886473361317,0.14338472622707188,0.10338445125777859,0.18857019096336988,0.18857019096336988,0.7482944085848011,0.009999999999999787
4.079999999999957,hold,2.5,2.534158123056383,2.5343411245510516,-17.384078818578583,-8.336315607107037,0.14338542799938164,0.10279629835194087,0.1883834406527083,0.1883834406527083,0.7475533359234456,0.009999999999999787
4.089999999999957,hold,2.5,2.5338958030269363,2.5340739316365823,-17.35872923607969,-8.336753020062696,0.14338571342331544,0.1022283363646544,0.18820310136250507,0.18820310136250507,0.7468377038194646,0.009999999999999787
4.099999999999957,hold,2.5,2.533628140743929,2.53380645710099,-17.33338248864378,-8.337199212050859,0.14338560037341286,0.10167854812991096,0.18802853260220934,0.18802853260220934,0.7461449706436878,0.009999999999999787
4.109999999999957,coast,2.5,2.533338687197568,2.533525795158937,-17.308038809942452,-8.33765432604032,0.14338535319273654,0.0,0.0,0.0,0.0,0.009999999999999787
4.119999999999957,coast,2.5,2.53919789044615,2.5369290523312644,-17.282638102246242,-8.338119008461515,0.14339270715174274,0.0,0.0,0.0,0.0,0.009999999999999787
4.129999999999956,coast,2.5,2.542619062787324,2.5403430586049,-17.257205754123127,-8.33859088169027,0.14340771087858167,0.0,0.0,0.0,0.0,0.009999999999999787
4.139999999999956,coast,2.5,2.540853178037487,2.540649130264452,-17.231793828964122,-8.33906893705892,0.14342728002878502,0.0,0.0,0.0,0.0,0.009999999999999787
4.149999999999956,coast,2.5,2.5342840633362416,2.5368300901075256,-17.20644999502491,-8.339553993392006,0.14344863900609833,0.0,0.0,0.0,0.0,0.009999999999999787
4.159999999999956,coast,2.5,2.523861403019815,2.5290488778548994,-17.181212115266266,-8.340045554790093,0.14346900498686374,0.0,0.0,0.0,0.0,0.009999999999999787
4.1699999999999555,coast,2.5,2.5109080353313096,2.5181643723407454,-17.15610481130433,-8.340543193439661,0.14348595523838933,0.0,0.0,0.0,0.0,0.009999999999999787
4.179999999999955,coast,2.5,2.496938740781127,2.5054289934049745,-17.131137640105035,-8.341045296788334,0.1434978425551911,0.0,0.0,0.0,0.0,0.009999999999999787
4.189999999999955,coast,2.5,2.483388264109864,2.4922045558279082,-17.106305942205342,-8.341551644846362,0.14350418310468968,0.0,0.0,0.0,0.0,0.009999999999999787
4.199999999999955,coast,2.5,2.4713764569673864,2.4797076965115954,-17.0815939265004,-8.342061676263882,0.14350569490723836,0.0,0.0,0.0,0.0,0.009999999999999787
4.209999999999955,coast,2.5,2.4616082450841703,2.4688480256551406,-17.0569788271494,-8.342574848347192,0.14350389012254416,0.0,0.0,0.0,0.0,0.009999999999999787
4.2199999999999545,coast,2.5,2.4543154205482973,2.4601284625910345,-17.03243570133603,-8.343091554104364,0.1435006617292804,0.0,0.0,0.0,0.0,0.009999999999999787
4.229999999999954,coast,2.5,2.449351743984001,2.4536624314268147,-17.007941206018504,-8.343610738692643,0.14349703495990374,0.0,0.0,0.0,0.0,0.009999999999999787
4.239999999999954,coast,2.5,2.44621090009198,2.4491915126259136,-16.983477250029438,-8.344130781240148,0.14349379270140067,0.0,0.0,0.0,0.0,0.009999999999999787
4.249999999999954,coast,2.5,2.444096745266236,2.446134652210107,-16.959033904464572,-8.34465112610526,0.14349219250908668,0.0,0.0,0.0,0.0,0.009999999999999787
4.259999999999954,coast,2.5,2.44215835257907,2.4437488724314846,-16.93460982451369,-8.345170685732187,0.1434935746905585,0.0,0.0,0.0,0.0,0.009999999999999787
4.269999999999953,coast,2.5,2.439706173146864,2.4413232528607125,-16.910210519470827,-8.345688886506343,0.14349803543296824,0.0,0.0,0.0,0.0,0.009999999999999787
4.279999999999953,coast,2.5,2.4362960847237396,2.4383069519785288,-16.885845814145576,-8.346205370244267,0.14350447426529978,0.0,0.0,0.0,0.0,0.009999999999999787
4.289999999999953,coast,2.5,2.4315752950154397,2.4342679578006754,-16.8615289180439,-8.346718880573757,0.14351234462924975,0.0,0.0,0.0,0.0,0.009999999999999787
4.299999999999953,coast,2.5,2.4254953172967055,2.4290043734982936,-16.83727331937197,-8.34722526098452,0.14352020454869202,0.0,0.0,0.0,0.0,0.009999999999999787
4.3099999999999525,coast,2.5,2.4184492981954127,2.4226713283165653,-16.813088581460782,-8.347727770774423,0.14352464774184798,0.0,0.0,0.0,0.0,0.009999999999999787
4.319999999999952,coast,2.5,2.4106041403285037,2.4154310155237284,-16.788982520583822,-8.348224959743076,0.14352542263242213,0.0,0.0,0.0,0.0,0.009999999999999787
4.329999999999952,coast,2.5,2.4022851572499286,2.4075435005594485,-16.764959694163487,-8.348715230463567,0.14352359247307353,0.0,0.0,0.0,0.0,0.009999999999999787
4.339999999999952,coast,2.5,2.3939276623648498,2.399373997642689,-16.74102033751497,-8.34919836645076,0.1435206437441789,0.0,0.0,0.0,0.0,0.009999999999999787
4.349999999999952,coast,2.5,2.3858964467427004,2.391287467102696,-16.71716105750748,-8.349674010409396,0.1435181556128357,0.0,0.0,0.0,0.0,0.009999999999999787
4.3599999999999515,coast,2.5,2.378452989308973,2.3835867804264623,-16.69337589220696,-8.35014271177083,0.1435171545333583,0.0,0.0,0.0,0.0,0.009999999999999787
4.369999999999951,coast,2.5,2.371795008003582,2.376511716972734,-16.66965686313477,-8.350601679156153,0.14351719930956194,0.0,0.0,0.0,0.0,0.009999999999999787
4.379999999999951,coast,2.5,2.3659756156975655,2.370190056207633,-16.6459955789876,-8.351052713044215,0.14351654713801532,0.0,0.0,0.0,0.0,0.009999999999999787
4.389999999999951,coast,2.5,2.360779397559441,2.3645436610187174,-16.622385880429867,-8.351497214815925,0.14351497718401524,0.0,0.0,0.0,0.0,0.009999999999999787
4.399999999999951,coast,2.5,2.355824206636851,2.3593119883895977,-16.598825414254318,-8.351931995523632,0.14351371834581678,0.0,0.0,0.0,0.0,0.009999999999999787
4.40999999999995,coast,2.5,2.351019466750216,2.3543364754059684,-16.57531283723171,-8.352360751116004,0.1435119980384448,0.0,0.0,0.0,0.0,0.009999999999999787
4.41999999999995,coast,2.5,2.346107231370599,2.349398928984747,-16.55184934519723,-8.352783873608104,0.1435102467408254,0.0,0.0,0.0,0.0,0.009999999999999787
4.42999999999995,coast,2.5,2.340805908282258,2.3442431165632533,-16.52843889253018,-8.353198854291083,0.14350990243093506,0.0,0.0,0.0,0.0,0.009999999999999787
4.43999999999995,coast,2.5,2.3351290201580723,2.3387746587201446,-16.505085263783563,-8.353605676579242,0.14351014812812352,0.0,0.0,0.0,0.0,0.009999999999999787
4.4499999999999496,coast,2.5,2.329162268914306,2.3330072248366416,-16.48179140972999,-8.354008077564568,0.14350953824316598,0.0,0.0,0.0,0.0,0.009999999999999787
4.459999999999949,coast,2.5,2.3228107434384735,2.3268893359977407,-16.458561156080158,-8.354405160625516,0.14350855426894252,0.0,0.0,0.0,0.0,0.009999999999999787
4.469999999999949,coast,2.5,2.31612096965047,2.3204283161893784,-16.43539779635682,-8.354793388289835,0.14350782477532076,0.0,0.0,0.0,0.0,0.009999999999999787
4.479999999999949,coast,2.5,2.309384509505318,2.313802032178942,-16.412301791011934,-8.355177037045133,0.14350554051230818,0.0,0.0,0.0,0.0,0.009999999999999787
4.489999999999949,coast,2.5,2.302702102820643,2.307142074563963,-16.38927255499052,-8.355556677666732,0.14350135443361584,0.0,0.0,0.0,0.0,0.009999999999999787
4.4999999999999485,coast,2.5,2.296054740709542,2.30048967425131,-16.366309712401595,-8.355931956781582,0.14349648690297837,0.0,0.0,0.0,0.0,0.009999999999999787
4.509999999999948,coast,2.5,2.2894807371699053,2.2938843120024672,-16.343412491892078,-8.356300907935267,0.1434925165421586,0.0,0.0,0.0,0.0,0.009999999999999787
4.519999999999948,coast,2.5,2.2831265457670136,2.287429652261195,-16.320578698116336,-8.356665155663002,0.14348912390416743,0.0,0.0,0.0,0.0,0.009999999999999787
4.529999999999948,coast,2.5,2.277052273778077,2.2812032251713243,-16.297805554514674,-8.35702670553199,0.14348587385530337,0.0,0.0,0.0,0.0,0.009999999999999787
4.539999999999948,coast,2.5,2.271132481811766,2.2751607791555895,-16.27509154398971,-8.357385662913337,0.1434835844304815,0.0,0.0,0.0,0.0,0.009999999999999787
4.549999999999947,coast,2.5,2.265258047579215,2.269219140209765,-16.25243623867039,-8.357741066779683,0.14348350265042517,0.0,0.0,0.0,0.0,0.009999999999999787
4.559999999999947,coast,2.5,2.2594038647082266,2.2633299749088422,-16.229839479112773,-8.358093566290746,0.14348627198155667,0.0,0.0,0.0,0.0,0.009999999999999787
4.569999999999947,coast,2.5,2.2535133086116352,2.257439975130518,-16.20730161865382,-8.358441599870226,0.14349172535023258,0.0,0.0,0.0,0.0,0.009999999999999787
4.579999999999947,coast,2.5,2.2476757849868236,2.2515814610443012,-16.184822159347764,-8.35878866879667,0.14349761096323319,0.0,0.0,0.0,0.0,0.009999999999999787
4.589999999999947,coast,2.5,2.241846905842398,2.2457407279231596,-16.162401010100073,-8.359135260652073,0.1435025436832769,0.0,0.0,0.0,0.0,0.009999999999999787
4.599999999999946,coast,2.5,2.2358936121666733,2.2398324584692677,-16.14003942004269,-8.359480993972182,0.143506649974819,0.0,0.0,0.0,0.0,0.009999999999999787
4.609999999999946,coast,2.5,2.2297749340180197,2.233797943798519,-16.117739031194528,-8.359824493529617,0.14351047841450632,0.0,0.0,0.0,0.0,0.009999999999999787
4.619999999999946,coast,2.5,2.223580819868305,2.2276676694403905,-16.095500596316974,-8.360166817968857,0.14351335934952691,0.0,0.0,0.0,0.0,0.009999999999999787
4.629999999999946,coast,2.5,2.2173989573922026,2.221506442211478,-16.07332399007788,-8.360509353444048,0.1435144464461699,0.0,0.0,0.0,0.0,0.009999999999999787
4.6399999999999455,coast,2.5,2.211202952473045,2.215324348368418,-16.051209350982802,-8.36085217639041,0.14351404581660104,0.0,0.0,0.0,0.0,0.009999999999999787
4.649999999999945,coast,2.5,2.204950109023849,2.2090998047616766,-16.029157241527983,-8.361194098996792,0.1435134041179878,0.0,0.0,0.0,0.0,0.009999999999999787
4.659999999999945,coast,2.5,2.198712900528352,2.202867662221682,-16.007167480660687,-8.36153420588405,0.14351247736048062,0.0,0.0,0.0,0.0,0.009999999999999787
4.669999999999945,coast,2.5,2.19262383109158,2.196721363543621,-15.98523861115424,-8.36187559877173,0.14351014659430733,0.0,0.0,0.0,0.0,0.009999999999999787
4.679999999999945,coast,2.5,2.186594068263882,2.1906449863757773,-15.963370046886746,-8.362218017087926,0.14350690375012504,0.0,0.0,0.0,0.0,0.009999999999999787
4.689999999999944,coast,2.5,2.1805228384209934,2.184571697602907,-15.941562208662333,-8.362559746833472,0.1435042676113968,0.0,0.0,0.0,0.0,0.009999999999999787
4.699999999999944,coast,2.5,2.174439074245898,2.1784921235887014,-15.919815217447603,-8.362899749350971,0.1435026364011102,0.0,0.0,0.0,0.0,0.009999999999999787
4.709999999999944,coast,2.5,2.168447340683376,2.1724652538455063,-15.89812817521585,-8.363240287293477,0.14350103298160888,0.0,0.0,0.0,0.0,0.009999999999999787
4.719999999999944,coast,2.5,2.162487255750814,2.166478454988691,-15.876500770198339,-8.363581302115325,0.1434993957757959,0.0,0.0,0.0,0.0,0.009999999999999787
4.729999999999944,coast,2.5,2.1564475398898098,2.160459905929362,-15.854933808287933,-8.36392173659478,0.1434987936285034,0.0,0.0,0.0,0.0,0.009999999999999787
4.739999999999943,coast,2.5,2.150335437121428,2.1543852246446016,-15.833427989170948,-8.364259538090497,0.14349957753499104,0.0,0.0,0.0,0.0,0.009999999999999787
4.749999999999943,coast,2.5,2.144265077870976,2.148313136580426,-15.81198290815919,-8.36459711845255,0.14350052836555705,0.0,0.0,0.0,0.0,0.009999999999999787
4.759999999999943,coast,2.5,2.1382186086946917,2.1422564198489855,-15.790598313995147,-8.364934292270563,0.14350123560878064,0.0,0.0,0.0,0.0,0.009999999999999787
4.769999999999943,coast,2.5,2.1320968747506344,2.136160692789975,-15.769274960579931,-8.365270280486593,0.1435025140619393,0.0,0.0,0.0,0.0,0.009999999999999787
4.7799999999999425,coast,2.5,2.1259092226863854,2.130009810727821,-15.748013476842669,-8.365602708044651,0.14350500697868232,0.0,0.0,0.0,0.0,0.009999999999999787
4.789999999999942,coast,2.5,2.119781598660862,2.1238728834876457,-15.726813256013907,-8.36593317797519,0.14350746606847728,0.0,0.0,0.0,0.0,0.009999999999999787
4.799999999999942,coast,2.5,2.113726971161189,2.1177853360917718,-15.705673568021487,-8.366262743459487,0.1435092628650403,0.0,0.0,0.0,0.0,0.009999999999999787
4.809999999999942,coast,2.5,2.1076318337515887,2.111693234687662,-15.684594810202793,-8.36658998647606,0.14351118944796057,0.0,0.0,0.0,0.0,0.009999999999999787
4.819999999999942,coast,2.5,2.101503880281853,2.1055796220441767,-15.66357728826911,-8.366912763196705,0.14351388549325586,0.0,0.0,0.0,0.0,0.009999999999999787
4.8299999999999415,coast,2.5,2.0954464177091476,2.099499699443159,-15.642620298679969,-8.367232740980798,0.14351620365213769,0.0,0.0,0.0,0.0,0.009999999999999787
4.839999999999941,coast,2.5,2.0894736239095186,2.0934840541229747,-15.62172299447285,-8.367550613277842,0.14351748606157058,0.0,0.0,0.0,0.0,0.009999999999999787
4.849999999999941,coast,2.5,2.0834507256136208,2.087464057017362,-15.60088588225197,-8.367865395648371,0.14351851721337788,0.0,0.0,0.0,0.0,0.009999999999999787
4.859999999999941,coast,2.5,2.077389249108152,2.0814191722718363,-15.580109338472454,-8.368175770952416,0.1435196245992742,0.0,0.0,0.0,0.0,0.009999999999999787
4.869999999999941,coast,2.5,2.0713440992287997,2.0753741284460143,-15.559393196586536,-8.368482031027979,0.14352023473934766,0.0,0.0,0.0,0.0,0.009999999999999787
4.87999999999994,coast,2.5,2.065353781732727,2.069361920418042,-15.53873690358289,-8.36878478368288,0.1435194076366107,0.0,0.0,0.0,0.0,0.009999999999999787
4.88999999999994,coast,2.5,2.0593856521500027,2.0633761594572184,-15.518140236199121,-8.369083913880297,0.14351684184135577,0.0,0.0,0.0,0.0,0.009999999999999787
4.89999999999994,coast,2.5,2.0533864275885265,2.0573823203360035,-15.497603517079995,-8.369379230891552,0.14351297867451995,0.0,0.0,0.0,0.0,0.009999999999999787
4.90999999999994,coast,2.5,2.0473170114903696,2.051343135028623,-15.477127460662746,-8.369670102006436,0.14350875148017447,0.0,0.0,0.0,0.0,0.009999999999999787
4.9199999999999395,coast,2.5,2.0412074130303686,2.0452617018296704,-15.456712472637935,-8.369956164894058,0.1435046080162194,0.0,0.0,0.0,0.0,0.009999999999999787
4.929999999999939,coast,2.5,2.0351059095883226,2.0391682264848616,-15.436358481312979,-8.370238195620114,0.14350053298281432,0.0,0.0,0.0,0.0,0.009999999999999787
4.939999999999939,coast,2.5,2.0290054324442983,2.0330705500605237,-15.416065477338936,-8.37051600278142,0.14349682258128532,0.0,0.0,0.0,0.0,0.009999999999999787
4.949999999999939,coast,2.5,2.0228759517000077,2.026953791044214,-15.39583376960638,-8.370790130157761,0.14349422620099428,0.0,0.0,0.0,0.0,0.009999999999999787
4.959999999999939,coast,2.5,2.016704539800756,2.020804240298139,-15.375663782862095,-8.371060026533367,0.1434937044945346,0.0,0.0,0.0,0.0,0.009999999999999787
4.9699999999999385,coast,2.5,2.0105134435528274,2.014629762250952,-15.355555713987084,-8.371325328783007,0.14349591389729324,0.0,0.0,0.0,0.0,0.009999999999999787
4.979999999999938,coast,2.5,2.004349854928801,2.008461817857661,-15.335509250705243,-8.371584680104739,0.14350026654605857,0.0,0.0,0.0,0.0,0.009999999999999787
4.989999999999938,coast,2.5,1.9983259257309351,2.0023802825816253,-15.315523001755832,-8.371841515444888,0.14350482346705223,0.0,0.0,0.0,0.0,0.009999999999999787
4.999999999999938,coast,2.5,1.992335727178561,1.9963535493397866,-15.29559662116996,-8.372095691165589,0.14350920102385167,0.0,0.0,0.0,0.0,0.009999999999999787
5.009999999999938,coast,2.5,1.9863006128400076,1.990321787439919,-15.275730534218265,-8.372344771849942,0.1435137354642538,0.0,0.0,0.0,0.0,0.009999999999999787
5.019999999999937,coast,2.5,1.9803137814666336,1.9843169838559478,-15.255924257638245,-8.37259054584362,0.14351697171140376,0.0,0.0,0.0,0.0,0.009999999999999787
5.029999999999937,coast,2.5,1.9744153857825586,1.9783760250119142,-15.236176908231949,-8.37283443255586,0.14351768772120016,0.0,0.0,0.0,0.0,0.009999999999999787
5.039999999999937,coast,2.5,1.9684863360776483,1.9724422116513547,-15.216488809387428,-8.373076404659368,0.14351638612393242,0.0,0.0,0.0,0.0,0.009999999999999787
5.049999999999937,coast,2.5,1.9624559871487763,1.9664504769498077,-15.1968609922301,-8.373315346884452,0.14351451169617038,0.0,0.0,0.0,0.0,0.009999999999999787
5.0599999999999365,coast,2.5,1.9563572433159133,1.960394536769471,-15.177294175372708,-8.37355217741894,0.14351324211154015,0.0,0.0,0.0,0.0,0.009999999999999787
5.069999999999936,coast,2.5,1.9501981194894806,1.9542766864014767,-15.15778896713702,-8.373786154967657,0.14351352953637803,0.0,0.0,0.0,0.0,0.009999999999999787
5.079999999999936,coast,2.5,1.9440344417763777,1.9481313396264173,-15.138345415953506,-8.374017489983196,0.14351572414618752,0.0,0.0,0.0,0.0,0.009999999999999787
5.089999999999936,coast,2.5,1.9379201896558513,1.942004649644078,-15.11896299220063,-8.374245593399529,0.14351866174593403,0.0,0.0,0.0,0.0,0.009999999999999787
5.099999999999936,coast,2.5,1.9319555337034233,1.9359751800796852,-15.099640206642913,-8.374473995867943,0.14352042112981453,0.0,0.0,0.0,0.0,0.009999999999999787
5.1099999999999355,coast,2.5,1.925987403904809,1.9299825143747595,-15.080377094033846,-8.374702123179084,0.14352120785779357,0.0,0.0,0.0,0.0,0.009999999999999787
5.119999999999935,coast,2.5,1.9199573666688738,1.923967425751228,-15.061174268726594,-8.374928010613647,0.14352188275240346,0.0,0.0,0.0,0.0,0.009999999999999787
5.129999999999935,coast,2.5,1.9139276769911004,1.9179435764951513,-15.04203171344555,-8.375151135470134,0.1435219036740723,0.0,0.0,0.0,0.0,0.009999999999999787
5.139999999999935,coast,2.5,1.9079920593501614,1.9119726662081573,-15.022948508909579,-8.375374882460298,0.14351995970409598,0.0,0.0,0.0,0.0,0.009999999999999787
5.149999999999935,coast,2.5,1.9020400285563432,1.906013083617069,-15.003924831287843,-8.375599015817318,0.1435165210572695,0.0,0.0,0.0,0.0,0.009999999999999787
5.159999999999934,coast,2.5,1.895992718622003,1.9000008646200293,-14.984961646534202,-8.375822027256497,0.1435130431423211,0.0,0.0,0.0,0.0,0.009999999999999787
5.169999999999934,coast,2.5,1.8898687429761873,1.8939215916337242,-14.966059727255399,-8.376042722058399,0.14351062765555608,0.0,0.0,0.0,0.0,0.009999999999999787
5.179999999999934,coast,2.5,1.8837614666850728,1.8878255166645335,-14.947218902589844,-8.376262162192761,0.14350853602101404,0.0,0.0,0.0,0.0,0.009999999999999787
5.189999999999934,coast,2.5,1.8777411074967103,1.8817748711638396,-14.928438305249113,-8.37648203835234,0.14350590888066322,0.0,0.0,0.0,0.0,0.009999999999999787
5.199999999999934,coast,2.5,1.8716927626009912,1.8757256060261307,-14.909718223048904,-8.376701910433265,0.1435034691910689,0.0,0.0,0.0,0.0,0.009999999999999787
5.209999999999933,coast,2.5,1.865579463891494,1.8696379207453486,-14.891059312739994,-8.376920754920004,0.14350236177864328,0.0,0.0,0.0,0.0,0.009999999999999787
5.219999999999933,coast,2.5,1.8594321729595689,1.8635144720738808,-14.87246190602276,-8.377137256745119,0.14350323890766575,0.0,0.0,0.0,0.0,0.009999999999999787
5.229999999999933,coast,2.5,1.8533277590453938,1.8574024442567887,-14.853925564239114,-8.377352563039588,0.14350513472319176,0.0,0.0,0.0,0.0,0.009999999999999787
5.239999999999933,coast,2.5,1.8473356495548672,1.8513623674356359,-14.835449153130435,-8.377568061809274,0.14350675962174747,0.0,0.0,0.0,0.0,0.009999999999999787
5.2499999999999325,coast,2.5,1.8413352916971384,1.8453461219925373,-14.81703275199971,-8.377782945807217,0.1435084098249368,0.0,0.0,0.0,0.0,0.009999999999999787
5.259999999999932,coast,2.5,1.8352882871856355,1.839311421108396,-14.798676826320172,-8.377996016863214,0.14351074294453328,0.0,0.0,0.0,0.0,0.009999999999999787
5.269999999999932,coast,2.5,1.8292400648773501,1.8332686073697684,-14.78038137645988,-8.378206753497972,0.14351349472156028,0.0,0.0,0.0,0.0,0.009999999999999787
5.279999999999932,coast,2.5,1.8232433336763956,1.8272534431537446,-14.762145885437647,-8.378416467343438,0.14351576338770225,0.0,0.0,0.0,0.0,0.009999999999999787
5.289999999999932,coast,2.5,1.8172860148593626,1.8212729861771153,-14.743969951249653,-8.378625191421126,0.14351703493218707,0.0,0.0,0.0,0.0,0.009999999999999787
5.299999999999931,coast,2.5,1.8113107555461345,1.815295647798527,-14.72585376085424,-8.378832810695457,0.1435176331114048,0.0,0.0,0.0,0.0,0.009999999999999787
5.309999999999931,coast,2.5,1.8052811717104713,1.8092869621456935,-14.707797869553463,-8.379038748619019,0.14351845188227214,0.0,0.0,0.0,0.0,0.009999999999999787
5.319999999999931,coast,2.5,1.7991976513348784,1.8032333756592045,-14.68980280891355,-8.379241157995358,0.14352023118111637,0.0,0.0,0.0,0.0,0.009999999999999787
5.329999999999931,coast,2.5,1.7931672611922016,1.7971937069790027,-14.671868043715335,-8.3794418082477,0.14352184675790783,0.0,0.0,0.0,0.0,0.009999999999999787
5.339999999999931,coast,2.5,1.7872089972905782,1.791202881165948,-14.653992848677039,-8.379641763539835,0.14352246666061308,0.0,0.0,0.0,0.0,0.009999999999999787
5.34999999999993,coast,2.5,1.7811980194561288,1.7851999641400564,-14.636177751622307,-8.379839518250098,0.14352286943933557,0.0,0.0,0.0,0.0,0.009999999999999787
5.35999999999993,coast,2.5,1.7751612023938663,1.7791767070923425,-14.61842298993773,-8.380033114826038,0.14352302125488342,0.0,0.0,0.0,0.0,0.009999999999999787
5.36999999999993,coast,2.5,1.7692054452288088,1.7731939499742222,-14.600727763688269,-8.380225557475246,0.1435216654420492,0.0,0.0,0.0,0.0,0.009999999999999787
5.37999999999993,coast,2.5,1.7632548801056027,1.7672305080530504,-14.583092027606295,-8.380416697218369,0.14351901911923906,0.0,0.0,0.0,0.0,0.009999999999999787
5.3899999999999295,coast,2.5,1.7572225208736905,1.7612257157454343,-14.565516613870901,-8.380605223927367,0.14351638706146844,0.0,0.0,0.0,0.0,0.009999999999999787
5.399999999999929,coast,2.5,1.7511293080832282,1.7551678711481107,-14.548002136636573,-8.380790019104069,0.14351469212199774,0.0,0.0,0.0,0.0,0.009999999999999787
5.409999999999929,coast,2.5,1.7450674000785136,1.7491075885063525,-14.530548276960499,-8.380971985791371,0.1435132278135301,0.0,0.0,0.0,0.0,0.009999999999999787
5.419999999999929,coast,2.5,1.7390769412722733,1.743089200165905,-14.513154320895637,-8.38115262356268,0.14351123584985845,0.0,0.0,0.0,0.0,0.009999999999999787
5.429999999999929,coast,2.5,1.7330462430570945,1.7370634259006188,-14.495820676045188,-8.381330932316846,0.14350948957300122,0.0,0.0,0.0,0.0,0.009999999999999787
5.4399999999999284,coast,2.5,1.7269614638684159,1.731002248681297,-14.478547892664801,-8.38150624058812,0.14350889455794683,0.0,0.0,0.0,0.0,0.009999999999999787
5.449999999999928,coast,2.5,1.7208603026848677,1.7249170810834393,-14.461336115133502,-8.381676927573686,0.1435094549134237,0.0,0.0,0.0,0.0,0.009999999999999787
5.459999999999928,coast,2.5,1.7148595786363858,1.7188825796152072,-14.444184338063362,-8.381846022146922,0.14350959689580473,0.0,0.0,0.0,0.0,0.009999999999999787
5.469999999999928,coast,2.5,1.7088985886446586,1.712892185032878,-14.42709216232169,-8.382013763076339,0.14350905736140118,0.0,0.0,0.0,0.0,0.009999999999999787
5.479999999999928,coast,2.5,1.7028698361922934,1.7068787757285273,-14.410060274798798,-8.382178898071045,0.14350890024246724,0.0,0.0,0.0,0.0,0.009999999999999787
5.489999999999927,coast,2.5,1.6968034685517854,1.7008335914224821,-14.393089059078992,-8.382341240123987,0.14350965668204615,0.0,0.0,0.0,0.0,0.009999999999999787
5.499999999999927,coast,2.5,1.6907291963730606,1.6947709543928293,-14.376178600726442,-8.38250110516522,0.14351163498342417,0.0,0.0,0.0,0.0,0.009999999999999787
5.509999999999927,coast,2.5,1.6846583429130537,1.688703387504964,-14.359328838927457,-8.382656824321483,0.1435144646079369,0.0,0.0,0.0,0.0,0.009999999999999787
5.519999999999927,coast,2.5,1.6787057964291812,1.6827048328594942,-14.342538585825398,-8.3828115234076,0.14351635991325,0.0,0.0,0.0,0.0,0.009999999999999787
5.5299999999999265,coast,2.5,1.6727782207943724,1.676748865620421,-14.325807591283368,-8.382965342238473,0.1435171198046255,0.0,0.0,0.0,0.0,0.009999999999999787
5.539999999999926,coast,2.5,1.666789305369127,1.6707731294696446,-14.309136476933409,-8.383117095544886,0.14351763227965159,0.0,0.0,0.0,0.0,0.009999999999999787
5.549999999999926,coast,2.5,1.6607580304748066,1.6647640700727417,-14.292525684403277,-8.38326711287373,0.14351863617001995,0.0,0.0,0.0,0.0,0.009999999999999787
5.559999999999926,coast,2.5,1.6546955547613853,1.6587229608859277,-14.275975508200991,-8.383412980487282,0.1435205016905397,0.0,0.0,0.0,0.0,0.009999999999999787
5.569999999999926,coast,2.5,1.6487111265368992,1.6527158602765106,-14.259485170919158,-8.383558025426385,0.1435217837044904,0.0,0.0,0.0,0.0,0.009999999999999787
5.5799999999999255,coast,2.5,1.6427852796713651,1.6467575119134232,-14.243054082583,-8.38370288781988,0.14352189268806909,0.0,0.0,0.0,0.0,0.009999999999999787
5.589999999999925,coast,2.5,1.6368006191410551,1.6407833762500024,-14.226682840167715,-8.383846459758105,0.14352168848556382,0.0,0.0,0.0,0.0,0.009999999999999787
5.599999999999925,coast,2.5,1.6307697816693487,1.63477521950161,-14.210371905676434,-8.383987577649426,0.14352169697507083,0.0,0.0,0.0,0.0,0.009999999999999787
5.609999999999925,coast,2.5,1.62475266232453,1.6287616851953621,-14.19412114630921,-8.384127411215918,0.14352156700331425,0.0,0.0,0.0,0.0,0.009999999999999787
5.619999999999925,coast,2.5,1.6187700071288742,1.6227666783554695,-14.17793021424745,-8.384266390386149,0.1435209083170414,0.0,0.0,0.0,0.0,0.009999999999999787
5.629999999999924,coast,2.5,1.6127804555809981,1.6167749446907866,-14.161799189777318,-8.384404992624004,0.14352002729460253,0.0,0.0,0.0,0.0,0.009999999999999787
5.639999999999924,coast,2.5,1.606747133809028,1.6107582581617315,-14.145728520312758,-8.38454246156164,0.14351979278680277,0.0,0.0,0.0,0.0,0.009999999999999787
5.649999999999924,coast,2.5,1.6006701677184476,1.6047054038957613,-14.129718647584198,-8.384678002177123,0.14352095273451462,0.0,0.0,0.0,0.0,0.009999999999999787
5.659999999999924,coast,2.5,1.594622066106564,1.598655401222243,-14.113769261441139,-8.384811304172315,0.14352268546064914,0.0,0.0,0.0,0.0,0.009999999999999787
5.6699999999999235,coast,2.5,1.5886932123266309,1.5926780878848756,-14.097879161186276,-8.38494503746652,0.143523368326122,0.0,0.0,0.0,0.0,0.009999999999999787
5.679999999999923,coast,2.5,1.5827420280662443,1.5867164519936967,-14.082048574954252,-8.385078681767213,0.1435233513216777,0.0,0.0,0.0,0.0,0.009999999999999787
5.689999999999923,coast,2.5,1.5767424074899705,1.5807320252914612,-14.066277992475122,-8.385211114386953,0.14352332677612462,0.0,0.0,0.0,0.0,0.009999999999999787
5.699999999999923,coast,2.5,1.570716817863391,1.574722900834619,-14.050567665071615,-8.38534107301255,0.14352340129657382,0.0,0.0,0.0,0.0,0.009999999999999787
5.709999999999923,coast,2.5,1.5647626061850743,1.5687467240448922,-14.034916877785918,-8.385471054692658,0.1435223503312946,0.0,0.0,0.0,0.0,0.009999999999999787
5.7199999999999225,coast,2.5,1.5588283895116537,1.5627957233249492,-14.019325435977446,-8.385601498490631,0.14352013010807935,0.0,0.0,0.0,0.0,0.009999999999999787
5.729999999999922,coast,2.5,1.5528184693477591,1.5568093709386353,-14.003794111527563,-8.385731123795736,0.14351797140283137,0.0,0.0,0.0,0.0,0.009999999999999787
5.739999999999922,coast,2.5,1.546751876894057,1.5507748745118883,-13.988323485453495,-8.3858595270381,0.143516836638905,0.0,0.0,0.0,0.0,0.009999999999999787
5.749999999999922,coast,2.5,1.540673062011066,1.544713787011395,-13.97291366990819,-8.385985681411814,0.14351681503864516,0.0,0.0,0.0,0.0,0.009999999999999787
5.759999999999922,coast,2.5,1.5346747643504415,1.538690373414823,-13.957563854494628,-8.386111823761375,0.14351680403330938,0.0,0.0,0.0,0.0,0.009999999999999787
5.769999999999921,coast,2.5,1.5286827415941466,1.532685794322417,-13.942273977088723,-8.386237825963555,0.1435169280235068,0.0,0.0,0.0,0.0,0.009999999999999787
5.779999999999921,coast,2.5,1.5226443407036905,1.526660922151181,-13.927044499368398,-8.386361980517481,0.1435178492685407,0.0,0.0,0.0,0.0,0.009999999999999787
5.789999999999921,coast,2.5,1.5166396013311012,1.5206481296591332,-13.911875070582443,-8.386484574448252,0.14351877787875042,0.0,0.0,0.0,0.0,0.009999999999999787
5.799999999999921,coast,2.5,1.5107127162441396,1.514686881610137,-13.896764907035438,-8.386607181456226,0.1435187642783915,0.0,0.0,0.0,0.0,0.009999999999999787
5.809999999999921,coast,2.5,1.5047620416326375,1.5087319776236372,-13.88171425407703,-8.386729284637147,0.1435183003721918,0.0,0.0,0.0,0.0,0.009999999999999787
5.81999999999992,coast,2.5,1.4987514060173037,1.5027436346598373,-13.866723717713649,-8.386849405197639,0.14351828120807203,0.0,0.0,0.0,0.0,0.009999999999999787
5.82999999999992,coast,2.5,1.4927312733070959,1.4967362178481924,-13.851793389848044,-8.38696757612229,0.14351855752120268,0.0,0.0,0.0,0.0,0.009999999999999787
5.83999999999992,coast,2.5,1.4867686918418337,1.4907557022443771,-13.836922686961453,-8.387084817480941,0.14351832043026494,0.0,0.0,0.0,0.0,0.009999999999999787
5.84999999999992,coast,2.5,1.48082201600717,1.4847954905020528,-13.822111452451944,-8.387201490086323,0.14351750377994488,0.0,0.0,0.0,0.0,0.009999999999999787
5.8599999999999195,coast,2.5,1.4748206781161046,1.478810603070484,-13.807360244756262,-8.387316666845724,0.14351705047693836,0.0,0.0,0.0,0.0,0.009999999999999787
5.869999999999919,coast,2.5,1.4687824383078065,1.4727937042128776,-13.79266942985229,-8.387429061478208,0.14351737457413793,0.0,0.0,0.0,0.0,0.009999999999999787
5.879999999999919,coast,2.5,1.4627899288461077,1.4667914389928156,-13.77803854348121,-8.387539972971107,0.14351767343308447,0.0,0.0,0.0,0.0,0.009999999999999787
5.889999999999919,coast,2.5,1.456842687767876,1.4608221882578518,-13.763467128622358,-8.38765009205974,0.14351745660034282,0.0,0.0,0.0,0.0,0.009999999999999787
5.899999999999919,coast,2.5,1.4508580348884819,1.4548436962362299,-13.748955569051049,-8.387758770723142,0.1435174267571767,0.0,0.0,0.0,0.0,0.009999999999999787
5.909999999999918,coast,2.5,1.444834891349903,1.4488384133044336,-13.734504258924067,-8.387865508812485,0.143518278893961,0.0,0.0,0.0,0.0,0.009999999999999787
5.919999999999918,coast,2.5,1.438797952282153,1.4428141366910654,-13.720113321599905,-8.387968549716415,0.1435200301310595,0.0,0.0,0.0,0.0,0.009999999999999787
5.929999999999918,coast,2.5,1.4328419180597787,1.4368308055122934,-13.70578194132834,-8.388070850893495,0.14352124461364593,0.0,0.0,0.0,0.0,0.009999999999999787
5.939999999999918,coast,2.5,1.4269285338875548,1.4308894425374503,-13.691509684427842,-8.388172410563676,0.1435214914471604,0.0,0.0,0.0,0.0,0.009999999999999787
5.949999999999918,coast,2.5,1.4209617642291539,1.4249328355524726,-13.677297093573651,-8.38827204952672,0.1435215498572188,0.0,0.0,0.0,0.0,0.009999999999999787
5.959999999999917,coast,2.5,1.41495874569271,1.418948381636615,-13.66314453704762,-8.388369317743255,0.14352184266638823,0.0,0.0,0.0,0.0,0.009999999999999787
5.969999999999917,coast,2.5,1.4089556716259495,1.4129527556302157,-13.649052019897454,-8.38846500215308,0.14352231167563806,0.0,0.0,0.0,0.0,0.009999999999999787
5.979999999999917,coast,2.5,1.402953972932716,1.4069534860117159,-13.635019534020795,-8.388559519936532,0.14352312081490193,0.0,0.0,0.0,0.0,0.009999999999999787
5.989999999999917,coast,2.5,1.3969216484390872,1.4009343834681385,-13.621047388066225,-8.388651895272979,0.1435248100323411,0.0,0.0,0.0,0.0,0.009999999999999787
5.9999999999999165,coast,2.5,1.3909127091848725,1.394921378898179,-13.607135328297158,-8.388741543130608,0.14352665944397983,0.0,0.0,0.0,0.0,0.009999999999999787
6.009999999999916,coast,2.5,1.385008085623097,1.38897340293313,-13.593282298403457,-8.388830809379158,0.14352714626325386,0.0,0.0,0.0,0.0,0.009999999999999787
6.019999999999916,coast,2.5,1.379093037048958,1.3830451834026267,-13.579488409712127,-8.38891971611736,0.1435264772567941,0.0,0.0,0.0,0.0,0.009999999999999787
6.029999999999916,coast,2.5,1.3731217249347039,1.3770911083218729,-13.56575423340145,-8.38900677296544,0.14352550007773132,0.0,0.0,0.0,0.0,0.009999999999999787
6.039999999999916,coast,2.5,1.3671235043569692,1.3711105459429307,-13.552080043551161,-8.389091888842803,0.14352444617395702,0.0,0.0,0.0,0.0,0.009999999999999787
6.0499999999999154,coast,2.5,1.361146719068134,1.3651322498180525,-13.53846562471089,-8.389175904604098,0.14352293849523695,0.0,0.0,0.0,0.0,0.009999999999999787
6.059999999999915,coast,2.5,1.3551891081740761,1.3591663648316668,-13.524910786172,-8.389259222113218,0.14352085239450177,0.0,0.0,0.0,0.0,0.009999999999999787
6.069999999999915,coast,2.5,1.3492109314630214,1.3531931048104795,-13.511415747378829,-8.38934203638956,0.1435187946599461,0.0,0.0,0.0,0.0,0.009999999999999787
6.079999999999915,coast,2.5,1.3431761643737492,1.3471829405484415,-13.497981080179978,-8.389422666358337,0.14351768078767863,0.0,0.0,0.0,0.0,0.009999999999999787
6.089999999999915,coast,2.5,1.3371742419605301,1.3411777213956948,-13.484606447508156,-8.389502084837822,0.14351682779631567,0.0,0.0,0.0,0.0,0.009999999999999787
6.099999999999914,coast,2.5,1.3312314364180486,1.3352099504091073,-13.471291251956995,-8.389581446451658,0.1435155625970776,0.0,0.0,0.0,0.0,0.009999999999999787
6.109999999999914,coast,2.5,1.3252623111411153,1.329241366848312,-13.45803576723155,-8.389660507090749,0.14351447676650994,0.0,0.0,0.0,0.0,0.009999999999999787
6.119999999999914,coast,2.5,1.3192490955789196,1.3232460040866765,-13.444840444649364,-8.389738556485819,0.14351436713443105,0.0,0.0,0.0,0.0,0.009999999999999787
6.129999999999914,coast,2.5,1.3132138830093452,1.3172267314402777,-13.431705511778503,-8.38981560036466,0.1435157234210966,0.0,0.0,0.0,0.0,0.009999999999999787
6.1399999999999135,coast,2.5,1.3071589756181121,1.3111860779469784,-13.418631166106326,-8.389891060076296,0.14351890736659217,0.0,0.0,0.0,0.0,0.009999999999999787
6.149999999999913,coast,2.5,1.3011546694131502,1.3051672328266815,-13.40561687596229,-8.389964824600467,0.14352279978513466,0.0,0.0,0.0,0.0,0.009999999999999787
6.159999999999913,coast,2.5,1.2952649828477447,1.2992258828393193,-13.392661474779121,-8.390039273516667,0.14352564313132782,0.0,0.0,0.0,0.0,0.009999999999999787
6.169999999999913,coast,2.5,1.2893753870347653,1.293315585356587,-13.379764958554102,-8.390113659061683,0.14352740664056185,0.0,0.0,0.0,0.0,0.009999999999999787
6.179999999999913,coast,2.5,1.2834382376049336,1.287389176705595,-13.366927812470294,-8.39018727261706,0.14352868114549514,0.0,0.0,0.0,0.0,0.009999999999999787
6.1899999999999125,coast,2.5,1.2774752563212255,1.2814408244749733,-13.354150305898969,-8.390260462275581,0.1435298605164359,0.0,0.0,0.0,0.0,0.009999999999999787
6.199999999999912,coast,2.5,1.271475379647438,1.2754615575784523,-13.341432818378905,-8.390333053820822,0.1435315373835029,0.0,0.0,0.0,0.0,0.009999999999999787
6.209999999999912,coast,2.5,1.2654582538677914,1.2694595753520557,-13.328775513957407,-8.390403245948788,0.1435339128325199,0.0,0.0,0.0,0.0,0.009999999999999787
6.219999999999912,coast,2.5,1.25951531905824,1.2634930215757663,-13.31617764001191,-8.390473657963856,0.14353569941238242,0.0,0.0,0.0,0.0,0.009999999999999787
6.229999999999912,coast,2.5,1.2536031612257297,1.2575591053657442,-13.303638884602018,-8.390544595185716,0.14353656180031907,0.0,0.0,0.0,0.0,0.009999999999999787
6.239999999999911,coast,2.5,1.2476428333567218,1.2516093421603307,-13.291159728437947,-8.390613646134245,0.14353710501526667,0.0,0.0,0.0,0.0,0.009999999999999787
6.249999999999911,coast,2.5,1.2417158924548224,1.2456732723370258,-13.278739830062268,-8.390682121472887,0.14353649061354629,0.0,0.0,0.0,0.0,0.009999999999999787
6.259999999999911,coast,2.5,1.235846280024468,1.2397770769494911,-13.266378610027136,-8.39075093705529,0.1435340207039212,0.0,0.0,0.0,0.0,0.009999999999999787
6.269999999999911,coast,2.5,1.2299250391962182,1.2338658542975274,-13.254076603673862,-8.390819511169882,0.14353065847846427,0.0,0.0,0.0,0.0,0.009999999999999787
6.2799999999999105,coast,2.5,1.2239397594407155,1.2279101973834403,-13.241834471968684,-8.390887240325252,0.14352754471602308,0.0,0.0,0.0,0.0,0.009999999999999787
6.28999999999991,coast,2.5,1.2179043310811601,1.2219066776020722,-13.22965272459567,-8.39095276668847,0.14352552461479667,0.0,0.0,0.0,0.0,0.009999999999999787
6.29999999999991,coast,2.5,1.2119147064149631,1.2159114948898067,-13.217530892846437,-8.391017421562974,0.14352377140264852,0.0,0.0,0.0,0.0,0.009999999999999787
6.30999999999991,coast,2.5,1.205975818749661,1.2099500892057193,-13.205468464092638,-8.391082319477555,0.14352173536167798,0.0,0.0,0.0,0.0,0.009999999999999787
6.31999999999991,coast,2.5,1.1999975045821298,1.2039785384315658,-13.193465841936169,-8.391146486519277,0.1435201456325851,0.0,0.0,0.0,0.0,0.009999999999999787
6.3299999999999095,coast,2.5,1.1939845029665384,1.1979821171525493,-13.181523383245715,-8.391209521339324,0.14351966164871408,0.0,0.0,0.0,0.0,0.009999999999999787
6.339999999999909,coast,2.5,1.1879469637376179,1.1919610251035904,-13.169641339909429,-8.391271250565529,0.14352075822332339,0.0,0.0,0.0,0.0,0.009999999999999787
6.349999999999909,coast,2.5,1.1819045064870153,1.1859271139336454,-13.157819759573547,-8.391331373188715,0.14352357732746795,0.0,0.0,0.0,0.0,0.009999999999999787
6.359999999999909,coast,2.5,1.1759170336289977,1.1799210657508568,-13.146058069233263,-8.39139006809494,0.14352703523419744,0.0,0.0,0.0,0.0,0.009999999999999787
6.369999999999909,coast,2.5,1.1700114228494496,1.1739752800100125,-13.134355430965561,-8.391448524043623,0.14352987610699747,0.0,0.0,0.0,0.0,0.009999999999999787
6.379999999999908,coast,2.5,1.1640840478298922,1.1680405407019403,-13.122712061418909,-8.391505805225048,0.14353222291126494,0.0,0.0,0.0,0.0,0.009999999999999787
6.389999999999908,coast,2.5,1.1581670848040817,1.1621164671632251,-13.11112784244528,-8.391561204931943,0.14353347936947683,0.0,0.0,0.0,0.0,0.009999999999999787
6.399999999999908,coast,2.5,1.1523089949673735,1.1562319838457142,-13.09960217519532,-8.391616216448234,0.14353261766877584,0.0,0.0,0.0,0.0,0.009999999999999787
6.409999999999908,coast,2.5,1.1464354152661191,1.1503540426979573,-13.088135227275092,-8.391671397243732,0.14352994397397129,0.0,0.0,0.0,0.0,0.009999999999999787
6.419999999999908,coast,2.5,1.1404890711553362,1.1444350597723847,-13.076727746219557,-8.391725500713413,0.14352664609574187,0.0,0.0,0.0,0.0,0.009999999999999787
6.429999999999907,coast,2.5,1.1344821465893404,1.1384633118625582,-13.065380357120793,-8.391778036424544,0.1435238030547113,0.0,0.0,0.0,0.0,0.009999999999999787
6.439999999999907,coast,2.5,1.1284563488709205,1.1324591340675756,-13.054093249233782,-8.391828440356253,0.14352165661941566,0.0,0.0,0.0,0.0,0.009999999999999787
6.449999999999907,coast,2.5,1.12249067404894,1.1264780580563942,-13.042865814806433,-8.391878702965005,0.14351946241287916,0.0,0.0,0.0,0.0,0.009999999999999787
6.459999999999907,coast,2.5,1.1165216466147638,1.1205042111914159,-13.031698092431856,-8.391928629052725,0.14351755711757083,0.0,0.0,0.0,0.0,0.009999999999999787
6.4699999999999065,coast,2.5,1.110511988436095,1.1145088775382233,-13.020590499347074,-8.391977478690688,0.14351671809533037,0.0,0.0,0.0,0.0,0.009999999999999787
6.479999999999906,coast,2.5,1.1044928587872611,1.1084992662876458,-13.009543136390713,-8.39202550363039,0.14351728377581252,0.0,0.0,0.0,0.0,0.009999999999999787
6.489999999999906,coast,2.5,1.0984655330892905,1.1024790263686326,-12.998556090054484,-8.392072715603366,0.14351959052767055,0.0,0.0,0.0,0.0,0.009999999999999787
6.499999999999906,coast,2.5,1.0924429590740856,1.0964573859919045,-12.987629310663882,-8.392119206960189,0.14352363209317925,0.0,0.0,0.0,0.0,0.009999999999999787
6.509999999999906,coast,2.5,1.0864386420049035,1.0904461395997038,-12.976762609892498,-8.392164977681166,0.1435292390475075,0.0,0.0,0.0,0.0,0.009999999999999787
6.519999999999905,coast,2.5,1.080462186616509,1.084455767809787,-12.965955685415585,-8.39220841642973,0.14353570517947198,0.0,0.0,0.0,0.0,0.009999999999999787
6.529999999999905,coast,2.5,1.0746196951611087,1.07855412422058,-12.955207159661432,-8.392252130215635,0.1435405330946506,0.0,0.0,0.0,0.0,0.009999999999999787
6.539999999999905,coast,2.5,1.0688347440331554,1.0727224961081252,-12.944516440913622,-8.392296617687302,0.1435426300796721,0.0,0.0,0.0,0.0,0.009999999999999787
6.549999999999905,coast,2.5,1.0629981787427076,1.0668879056888747,-12.933884054802283,-8.39234064697201,0.14354251355860229,0.0,0.0,0.0,0.0,0.009999999999999787
6.559999999999905,coast,2.5,1.0571048874230329,1.0610180947293695,-12.923310588090882,-8.392384209341083,0.14354096901010108,0.0,0.0,0.0,0.0,0.009999999999999787
6.569999999999904,coast,2.5,1.0511498671865334,1.055097158203668,-12.912796675197054,-8.3924266252891,0.1435389112376438,0.0,0.0,0.0,0.0,0.009999999999999787
6.579999999999904,coast,2.5,1.0451869136249083,1.0491510114564122,-12.90234239851588,-8.39246823832051,0.14353640311220606,0.0,0.0,0.0,0.0,0.009999999999999787
6.589999999999904,coast,2.5,1.039247815772938,1.0432090940463277,-12.891947521814227,-8.3925104406805,0.14353325036811632,0.0,0.0,0.0,0.0,0.009999999999999787
6.599999999999904,coast,2.5,1.0332610906756632,1.037240292023929,-12.881612536485761,-8.392552411190103,0.1435303986721204,0.0,0.0,0.0,0.0,0.009999999999999787
6.6099999999999035,coast,2.5,1.0272442187940487,1.0312426480860009,-12.871337748481684,-8.39259308865596,0.14352836928984875,0.0,0.0,0.0,0.0,0.009999999999999787
6.619999999999903,coast,2.5,1.0212781663622101,1.0252639590517263,-12.861122641247485,-8.392633865873336,0.14352651034496736,0.0,0.0,0.0,0.0,0.009999999999999787
6.629999999999903,coast,2.5,1.0153418361363624,1.019310685302508,-12.850966915567017,-8.392675139810098,0.14352465918570545,0.0,0.0,0.0,0.0,0.009999999999999787
6.639999999999903,coast,2.5,1.009370453200815,1.0133465460414923,-12.840870932921751,-8.392715885696322,0.14352358652514696,0.0,0.0,0.0,0.0,0.009999999999999787
6.649999999999903,coast,2.5,1.00337977621716,1.0073664841468928,-12.830834895495153,-8.392756067491877,0.1435238034184341,0.0,0.0,0.0,0.0,0.009999999999999787
6.659999999999902,coast,2.5,0.9973809414091366,1.001375158504239,-12.820858887742142,-8.392795655806934,0.14352553337121696,0.0,0.0,0.0,0.0,0.009999999999999787
6.669999999999902,coast,2.5,0.9913807212427426,0.9953784961473412,-12.810942923733887,-8.39283478121118,0.14352884428312124,0.0,0.0,0.0,0.0,0.009999999999999787
6.679999999999902,coast,2.5,0.9853843523862758,0.989382009890702,-12.801086961200161,-8.39287325215761,0.14353368045350873,0.0,0.0,0.0,0.0,0.009999999999999787
6.689999999999902,coast,2.5,0.9794015151065295,0.9833937130201984,-12.79129085253921,-8.392910373616447,0.14353966219303532,0.0,0.0,0.0,0.0,0.009999999999999787
6.699999999999902,coast,2.5,0.9734822262427405,0.9774468209537237,-12.781553920600839,-8.392945443244374,0.14354490506638376,0.0,0.0,0.0,0.0,0.009999999999999787
6.709999999999901,coast,2.5,0.9677188364114082,0.9716100302283344,-12.771874566585861,-8.392981905821866,0.14354664570523828,0.0,0.0,0.0,0.0,0.009999999999999787
6.719999999999901,coast,2.5,0.9619755983044792,0.9658293710740213,-12.762252582745335,-8.39301847211633,0.14354458411969984,0.0,0.0,0.0,0.0,0.009999999999999787
6.729999999999901,coast,2.5,0.9561507887451525,0.9600222216767,-12.752688811060583,-8.393054489952986,0.14353986707124153,0.0,0.0,0.0,0.0,0.009999999999999787
6.739999999999901,coast,2.5,0.950240905719082,0.9541534321021292,-12.743184132042414,-8.393089536775866,0.14353387761982606,0.0,0.0,0.0,0.0,0.009999999999999787
6.7499999999999005,coast,2.5,0.9442528695860432,0.9482130945924776,-12.733739355521383,-8.393123548670065,0.14352798274103093,0.0,0.0,0.0,0.0,0.009999999999999787
6.7599999999999,coast,2.5,0.938217236983164,0.9422155800268894,-12.724354977322916,-8.393156623893475,0.14352321788233877,0.0,0.0,0.0,0.0,0.009999999999999787
6.7699999999999,coast,2.5,0.9321468366168334,0.9361743339808558,-12.715031361941312,-8.393189114906454,0.1435204917512869,0.0,0.0,0.0,0.0,0.009999999999999787
6.7799999999999,coast,2.5,0.9260651044956575,0.9301087962897369,-12.705768627955718,-8.393220580437895,0.1435203402088822,0.0,0.0,0.0,0.0,0.009999999999999787
6.7899999999999,coast,2.5,0.9200245297719712,0.9240582363790775,-12.696566346033475,-8.39325010610546,0.14352224105565797,0.0,0.0,0.0,0.0,0.009999999999999787
6.7999999999998995,coast,2.5,0.9140906504907218,0.9180776848460641,-12.687423422904901,-8.393279764887287,0.1435246177479899,0.0,0.0,0.0,0.0,0.009999999999999787
6.809999999999899,coast,2.5,0.9081850323816154,0.9121420933673949,-12.678339567817247,-8.393309275872197,0.14352711705007007,0.0,0.0,0.0,0.0,0.009999999999999787
6.819999999999899,coast,2.5,0.9022730140878668,0.906220645799678,-12.669314844128031,-8.393338124745373,0.1435297636342121,0.0,0.0,0.0,0.0,0.009999999999999787
6.829999999999899,coast,2.5,0.896354990694486,0.9003012527365628,-12.660349307308113,-8.393365169636922,0.1435324955743096,0.0,0.0,0.0,0.0,0.009999999999999787
6.839999999999899,coast,2.5,0.8904788862798555,0.8944078328625384,-12.651442521608889,-8.393391271129754,0.14353429631057069,0.0,0.0,0.0,0.0,0.009999999999999787
6.849999999999898,coast,2.5,0.8846525496872708,0.8885546629573778,-12.64259397581126,-8.393417763102473,0.14353417320883233,0.0,0.0,0.0,0.0,0.009999999999999787
6.859999999999898,coast,2.5,0.8787799652351113,0.8826898443240179,-12.633804139791016,-8.393443709435864,0.14353253771749414,0.0,0.0,0.0,0.0,0.009999999999999787
6.869999999999898,coast,2.5,0.8728531141425778,0.8767878062151537,-12.625073573010665,-8.393468827481568,0.14353018622835587,0.0,0.0,0.0,0.0,0.009999999999999787
6.879999999999898,coast,2.5,0.8668799189841754,0.8708430738765667,-12.61640275656744,-8.393493429862023,0.14352792753068944,0.0,0.0,0.0,0.0,0.009999999999999787
6.8899999999998975,coast,2.5,0.860871237463313,0.8648599720286145,-12.607792051870987,-8.393516148281815,0.14352636392202314,0.0,0.0,0.0,0.0,0.009999999999999787
6.899999999999897,coast,2.5,0.8549074872029138,0.858888481133194,-12.599240995623168,-8.393538083143003,0.1435246832466805,0.0,0.0,0.0,0.0,0.009999999999999787
6.909999999999897,coast,2.5,0.84901555253237,0.8529647239726996,-12.590748856328362,-8.393560275556158,0.14352206677638346,0.0,0.0,0.0,0.0,0.009999999999999787
6.919999999999897,coast,2.5,0.8431038143031481,0.8470481781709687,-12.582315843769244,-8.393582397007032,0.14351910694138398,0.0,0.0,0.0,0.0,0.009999999999999787
6.929999999999897,coast,2.5,0.8371552078868468,0.8411123960004956,-12.573942341496316,-8.393603733811101,0.1435166363056664,0.0,0.0,0.0,0.0,0.009999999999999787
6.9399999999998965,coast,2.5,0.8311807029716681,0.8351533801831992,-12.565628621839181,-8.393624528699178,0.14351530439421745,0.0,0.0,0.0,0.0,0.009999999999999787
6.949999999999896,coast,2.5,0.8251908105275354,0.8291758383898009,-12.557374844874726,-8.393644469156012,0.1435155273723237,0.0,0.0,0.0,0.0,0.009999999999999787
6.959999999999896,coast,2.5,0.8192057160388279,0.8231937649792171,-12.549180961139212,-8.393663637171239,0.1435172965872756,0.0,0.0,0.0,0.0,0.009999999999999787
6.969999999999896,coast,2.5,0.8132610934011199,0.8172341620323588,-12.541046548528488,-8.393681969818964,0.14351982882628828,0.0,0.0,0.0,0.0,0.009999999999999787
6.979999999999896,coast,2.5,0.8073732957266903,0.8113176422489576,-12.53297102389501,-8.393701097335708,0.14352215913058766,0.0,0.0,0.0,0.0,0.009999999999999787
6.989999999999895,coast,2.5,0.8014703419996425,0.8054092620993685,-12.524954537603104,-8.393719895288395,0.14352437027831896,0.0,0.0,0.0,0.0,0.009999999999999787
6.999999999999895,coast,2.5,0.7955535007876199,0.7994958053123193,-12.516997231142586,-8.393738462037865,0.14352655663538946,0.0,0.0,0.0,0.0,0.009999999999999787
7.009999999999895,coast,2.5,0.7896237402816744,0.7935725662939324,-12.509099232777059,-8.393756108333816,0.1435287678662896,0.0,0.0,0.0,0.0,0.009999999999999787
7.019999999999895,coast,2.5,0.7837113551404116,0.7876558396018198,-12.50126035820501,-8.393773040483294,0.14353045592512195,0.0,0.0,0.0,0.0,0.009999999999999787
7.0299999999998946,coast,2.5,0.7778478654585625,0.7817710551158654,-12.49348010341804,-8.39379032575769,0.1435306975785867,0.0,0.0,0.0,0.0,0.009999999999999787
7.039999999999894,coast,2.5,0.7719740626299969,0.7758928596243443,-12.48575857683505,-8.393808320662236,0.14352963259465706,0.0,0.0,0.0,0.0,0.009999999999999787
7.049999999999894,coast,2.5,0.7660571307569278,0.7699914223038944,-12.47809622228094,-8.39382594281227,0.14352797727236133,0.0,0.0,0.0,0.0,0.009999999999999787
7.059999999999894,coast,2.5,0.7601070068344352,0.7640607730222189,-12.470493385581976,-8.393843369115029,0.14352637943333396,0.0,0.0,0.0,0.0,0.009999999999999787
7.069999999999894,coast,2.5,0.7541347079680905,0.7581051339897418,-12.462950300148211,-8.393860480161337,0.14352545636317654,0.0,0.0,0.0,0.0,0.009999999999999787
7.0799999999998935,coast,2.5,0.7481469673831592,0.7521302340257923,-12.455467127115437,-8.393877430490395,0.14352557290296078,0.0,0.0,0.0,0.0,0.009999999999999787
7.089999999999893,coast,2.5,0.7421639592980716,0.7461504691891598,-12.448043813653255,-8.393893384863476,0.14352663502404928,0.0,0.0,0.0,0.0,0.009999999999999787
7.099999999999893,coast,2.5,0.7362680452290701,0.740221014813106,-12.440679463039455,-8.39390907334763,0.1435273256775187,0.0,0.0,0.0,0.0,0.009999999999999787
7.109999999999893,coast,2.5,0.7304198789959699,0.7343403333228243,-12.433373587905063,-8.393925813020251,0.1435269473153178,0.0,0.0,0.0,0.0,0.009999999999999787
7.119999999999893,coast,2.5,0.7245385735843264,0.7284592774797256,-12.426126528344842,-8.39394271895432,0.14352597126909458,0.0,0.0,0.0,0.0,0.009999999999999787
7.129999999999892,coast,2.5,0.7186390298889169,0.7225671289252404,-12.418938476433237,-8.393959248575015,0.14352490226940698,0.0,0.0,0.0,0.0,0.009999999999999787
7.139999999999892,coast,2.5,0.7126990122956435,0.7166462589474822,-12.4118098496749,-8.393976117927455,0.14352425017030063,0.0,0.0,0.0,0.0,0.009999999999999787
7.149999999999892,coast,2.5,0.7067388653297242,0.7107018227768274,-12.40474085463919,-8.393992252887099,0.14352443908512694,0.0,0.0,0.0,0.0,0.009999999999999787
7.159999999999892,coast,2.5,0.7007693672667243,0.7047423494707655,-12.397731590498605,-8.394008305341876,0.14352570436163437,0.0,0.0,0.0,0.0,0.009999999999999787
7.169999999999892,coast,2.5,0.6947848266505424,0.6987678357786317,-12.39078220730405,-8.39402423169397,0.14352808819111537,0.0,0.0,0.0,0.0,0.009999999999999787
7.179999999999891,coast,2.5,0.6888180651582213,0.6927979734063854,-12.38389252295537,-8.394040009708217,0.14353144470199725,0.0,0.0,0.0,0.0,0.009999999999999787
7.189999999999891,coast,2.5,0.682872459685012,0.6868426651735613,-12.377062321486836,-8.394055732121299,0.1435356014030213,0.0,0.0,0.0,0.0,0.009999999999999787
7.199999999999891,coast,2.5,0.6769144637598337,0.6808857443253247,-12.370291720891485,-8.39407166858822,0.14354026228147326,0.0,0.0,0.0,0.0,0.009999999999999787
7.209999999999891,coast,2.5,0.6709903183457092,0.6749484887375554,-12.363580373612871,-8.394087351591741,0.14354507502355113,0.0,0.0,0.0,0.0,0.009999999999999787
7.2199999999998905,coast,2.5,0.6650804869535996,0.6690276876671819,-12.35692813128015,-8.39410299728594,0.14354976107005807,0.0,0.0,0.0,0.0,0.009999999999999787
7.22999999999989,coast,2.5,0.6591984051332134,0.6631301181468008,-12.350334712237592,-8.394118931495829,0.14355407204519505,0.0,0.0,0.0,0.0,0.009999999999999787
7.23999999999989,coast,2.5,0.6533060306365253,0.6572356656406355,-12.34380021401044,-8.39413422661825,0.14355783909374562,0.0,0.0,0.0,0.0,0.009999999999999787
7.24999999999989,coast,2.5,0.6474385872987501,0.6513574186355042,-12.3373243748424,-8.39414952473979,0.14356033869752596,0.0,0.0,0.0,0.0,0.009999999999999787
7.25999999999989,coast,2.5,0.641611936309768,0.6455101292400625,-12.330906764825368,-8.394163920175021,0.1435605574010777,0.0,0.0,0.0,0.0,0.009999999999999787
7.269999999999889,coast,2.5,0.6358551048929172,0.6397171146317753,-12.32454666904316,-8.394179527716151,0.14355730574173511,0.0,0.0,0.0,0.0,0.009999999999999787
7.279999999999889,coast,2.5,0.6300450359795992,0.6339138674404696,-12.318244640532921,-8.394195063319122,0.14355157507089328,0.0,0.0,0.0,0.0,0.009999999999999787
7.289999999999889,coast,2.5,0.6241639805478562,0.6280639353049016,-12.312001417685671,-8.3942103338848,0.1435446549657296,0.0,0.0,0.0,0.0,0.009999999999999787
7.299999999999889,coast,2.5,0.618206409926175,0.6221494200776656,-12.305817793316233,-8.3942252155743,0.1435378620765964,0.0,0.0,0.0,0.0,0.009999999999999787
7.309999999999889,coast,2.5,0.6121916513998805,0.6161747588709945,-12.299694363193776,-8.394239722962464,0.14353239179644367,0.0,0.0,0.0,0.0,0.009999999999999787
7.319999999999888,coast,2.5,0.6061915019048653,0.610184804691317,-12.293630978458634,-8.39425292529225,0.14352831291358745,0.0,0.0,0.0,0.0,0.009999999999999787
7.329999999999888,coast,2.5,0.6002068381337408,0.6041980247567712,-12.28762748324844,-8.394265623242562,0.14352556081432183,0.0,0.0,0.0,0.0,0.009999999999999787
7.339999999999888,coast,2.5,0.594225006001691,0.5982142135037231,-12.281683852779478,-8.394277560404905,0.14352440339568423,0.0,0.0,0.0,0.0,0.009999999999999787
7.349999999999888,coast,2.5,0.5882740770016287,0.5922501316024664,-12.27579976867639,-8.394289674855731,0.1435243427302415,0.0,0.0,0.0,0.0,0.009999999999999787
7.3599999999998875,coast,2.5,0.5823311784607623,0.5862987597174439,-12.269975146544974,-8.394300424986577,0.14352538328847983,0.0,0.0,0.0,0.0,0.009999999999999787
7.369999999999887,coast,2.5,0.5764236030186606,0.580373665698174,-12.264209626580344,-8.394310772647994,0.1435271301543577,0.0,0.0,0.0,0.0,0.009999999999999787
7.379999999999887,coast,2.5,0.5705149058247261,0.5744584097741052,-12.25850321051569,-8.394320967838587,0.14352909951816437,0.0,0.0,0.0,0.0,0.009999999999999787
7.389999999999887,coast,2.5,0.5646143296861791,0.5685519617213495,-12.252855812702615,-8.394330131972783,0.14353116544508351,0.0,0.0,0.0,0.0,0.009999999999999787
7.399999999999887,coast,2.5,0.5587104933261564,0.5626470806842336,-12.247267461077596,-8.39433779252154,0.14353314331261968,0.0,0.0,0.0,0.0,0.009999999999999787
7.4099999999998865,coast,2.5,0.552855140722958,0.5567719167074683,-12.241737653501108,-8.394345523131225,0.14353402150379835,0.0,0.0,0.0,0.0,0.009999999999999787
7.419999999999886,coast,2.5,0.5470157371046568,0.5509182089457814,-12.23626622461887,-8.39435376481223,0.14353343011789577,0.0,0.0,0.0,0.0,0.009999999999999787
7.429999999999886,coast,2.5,0.5411332531712929,0.5450472354810882,-12.23085361473838,-8.394360879841914,0.14353193834301953,0.0,0.0,0.0,0.0,0.009999999999999787
7.439999999999886,coast,2.5,0.5352032236231653,0.5391408283663345,-12.22550031158797,-8.394367538943424,0.1435300390959708,0.0,0.0,0.0,0.0,0.009999999999999787
7.449999999999886,coast,2.5,0.5290451524336715,0.5330834228067367,-12.220208309882473,-8.39426037114622,0.14352702060066808,0.0,0.0,0.0,0.0,0.009999999999999787
7.459999999999885,coast,2.5,0.5230720766100762,0.5270766150887404,-12.21497603465337,-8.394171238174113,0.14352176368089237,0.0,0.0,0.0,0.0,0.009999999999999787
7.469999999999885,coast,2.5,0.5171014510164904,0.5210915166453904,-12.209803747053474,-8.39421792282077,0.1435141079275451,0.0,0.0,0.0,0.0,0.009999999999999787
7.479999999999885,coast,2.5,0.511325187601467,0.5152317192190363,-12.204689207388816,-8.394259950349156,0.14350591663328283,0.0,0.0,0.0,0.0,0.009999999999999787
7.489999999999885,coast,2.5,0.50553991361243,0.5094166358550726,-12.199632579309938,-8.394299640433186,0.14350012338518559,0.0,0.0,0.0,0.0,0.009999999999999787
7.4999999999998845,coast,2.5,0.499753549575474,0.5036187840873134,-12.194633896235628,-8.394337011481053,0.1434976013013678,0.0,0.0,0.0,0.0,0.009999999999999787
7.509999999999884,coast,2.5,0.49394518800167114,0.4978146264359281,-12.189693386850104,-8.394372968103927,0.14349857117846807,0.0,0.0,0.0,0.0,0.009999999999999787
7.519999999999884,coast,2.5,0.48808024078604145,0.49197399504599615,-12.184811611133544,-8.39440782057211,0.14350268520207715,0.0,0.0,0.0,0.0,0.009999999999999787
7.529999999999884,coast,2.5,0.4821349387635673,0.4860705612765388,-12.17998935584278,-8.394441535279919,0.14350917403669378,0.0,0.0,0.0,0.0,0.009999999999999787
7.539999999999884,coast,2.5,0.47616978213576644,0.4801300937920754,-12.175226791938144,-8.39447289683422,0.14351692806537092,0.0,0.0,0.0,0.0,0.009999999999999787
7.5499999999998835,coast,2.5,0.4699098759689376,0.47399796309819275,-12.170526537396935,-8.394388740250417,0.143523537387436,0.0,0.0,0.0,0.0,0.009999999999999787
7.559999999999883,coast,2.5,0.46386888017021943,0.4679205133414088,-12.165886810504151,-8.394388555563413,0.14352533358379355,0.0,0.0,0.0,0.0,0.009999999999999787
7.569999999999883,coast,2.5,0.4580732005875344,0.4620121256890842,-12.161304988927188,-8.394444353472121,0.1435180220301232,0.0,0.0,0.0,0.0,0.009999999999999787
7.579999999999883,coast,2.5,0.4523477721950484,0.4562135135926627,-12.156780349602077,-8.394494359995017,0.14350741663573685,0.0,0.0,0.0,0.0,0.009999999999999787
7.589999999999883,coast,2.5,0.4466477564248899,0.450474059291999,-12.152312688518476,-8.394541010378823,0.1434953541079254,0.0,0.0,0.0,0.0,0.009999999999999787
7.599999999999882,coast,2.5,0.4406774303730453,0.44459608194062683,-12.147904445243071,-8.394474336803688,0.14348252043726276,0.0,0.0,0.0,0.0,0.009999999999999787
7.609999999999882,coast,2.5,0.434858055382556,0.43875326600578435,-12.143554416552316,-8.39442024973887,0.14346869744233387,0.0,0.0,0.0,0.0,0.009999999999999787
7.619999999999882,coast,2.5,0.4288247611312311,0.4327961630810524,-12.139265058712256,-8.394494883485278,0.14345370086142067,0.0,0.0,0.0,0.0,0.009999999999999787
7.629999999999882,coast,2.5,0.4231455981077575,0.42700582409707544,-12.135032521680959,-8.394562844569231,0.14344021952237965,0.0,0.0,0.0,0.0,0.009999999999999787
7.6399999999998816,coast,2.5,0.4172813353077531,0.421171130823482,-12.130858747965238,-8.394624910007156,0.1434322562679078,0.0,0.0,0.0,0.0,0.009999999999999787
7.649999999999881,coast,2.5,0.41120475265534867,0.415191303922602,-12.126745576326858,-8.394575700172794,0.14342950076405692,0.0,0.0,0.0,0.0,0.009999999999999787
7.659999999999881,coast,2.5,0.4052331755021164,0.4092164268703107,-12.122692229126244,-8.39453565696343,0.14343026053303726,0.0,0.0,0.0,0.0,0.009999999999999787
7.669999999999881,coast,2.5,0.3992591305846631,0.40324204909892214,-12.11869890525298,-8.3945562086951,0.1434355287131381,0.0,0.0,0.0,0.0,0.009999999999999787
7.679999999999881,coast,2.5,0.3931960894777939,0.3972144733262452,-12.114766337587294,-8.394627334606195,0.14344000584329736,0.0,0.0,0.0,0.0,0.009999999999999787
7.6899999999998805,coast,2.5,0.3872851381094119,0.39125687219614524,-12.110892936923278,-8.39469106312216,0.1434477280958612,0.0,0.0,0.0,0.0,0.009999999999999787
7.69999999999988,coast,2.5,0.3812877922010836,0.38527542419910826,-12.107079266734862,-8.39464766443213,0.14345694232070644,0.0,0.0,0.0,0.0,0.009999999999999787
7.70999999999988,coast,2.5,0.3754072231710359,0.37935450358226486,-12.10332440728494,-8.394612112291123,0.14346504557966738,0.0,0.0,0.0,0.0,0.009999999999999787
7.71999999999988,coast,2.5,0.3696232978461066,0.37351578014056985,-12.099627411733227,-8.394583383787303,0.14347289423077064,0.0,0.0,0.0,0.0,0.009999999999999787
7.72999999999988,coast,2.5,0.3637708175566006,0.3676688025901883,-12.095989143323695,-8.3946495263299,0.14347734162983888,0.0,0.0,0.0,0.0,0.009999999999999787
7.739999999999879,coast,2.5,0.3579528123591034,0.3618392084515374,-12.09240898766143,-8.394709150487971,0.14347907512845992,0.0,0.0,0.0,0.0,0.009999999999999787
7.749999999999879,coast,2.5,0.3520915786827415,0.3559906305902598,-12.088887180290964,-8.394673766111861,0.14347970931190196,0.0,0.0,0.0,0.0,0.009999999999999787
7.759999999999879,coast,2.5,0.34625231093588943,0.3501476387976376,-12.085423756759365,-8.394645767279423,0.14347845443641002,0.0,0.0,0.0,0.0,0.009999999999999787
7.769999999999879,coast,2.5,0.3404671739768055,0.3443393599051383,-12.082018221812035,-8.394623780902656,0.14347751102044354,0.0,0.0,0.0,0.0,0.009999999999999787
7.779999999999879,coast,2.5,0.33460912480757776,0.338501218846602,-12.078671481005435,-8.394683545860914,0.14347545248891136,0.0,0.0,0.0,0.0,0.009999999999999787
7.789999999999878,coast,2.5,0.3287303130935813,0.3326386753947896,-12.075383524288124,-8.39473697319362,0.14347348138445795,0.0,0.0,0.0,0.0,0.009999999999999787
7.799999999999878,coast,2.5,0.3228685599260772,0.3267766061135622,-12.072154133539698,-8.394744669741419,0.14347395627346524,0.0,0.0,0.0,0.0,0.009999999999999787
7.809999999999878,coast,2.5,0.3169056418446871,0.32085402755223713,-12.068984283402319,-8.394716641518114,0.14347430301531428,0.0,0.0,0.0,0.0,0.009999999999999787
7.819999999999878,coast,2.5,0.3110723811703155,0.3149850397230841,-12.065872830754161,-8.394695921065795,0.143476188476275,0.0,0.0,0.0,0.0,0.009999999999999787
7.8299999999998775,coast,2.5,0.3052338281463569,0.3091343127770478,-12.062819910197359,-8.394714705506766,0.14347911407768174,0.0,0.0,0.0,0.0,0.009999999999999787
7.839999999999877,coast,2.5,0.2993367908241868,0.3032557996053312,-12.059826020397983,-8.3947645329811,0.1434804329577925,0.0,0.0,0.0,0.0,0.009999999999999787
7.849999999999877,coast,2.5,0.2935135723124715,0.2974104632296154,-12.056890381545026,-8.394808683637725,0.14348278280875806,0.0,0.0,0.0,0.0,0.009999999999999787
7.859999999999877,coast,2.5,0.28763862505905574,0.29154736032727957,-12.05401331912902,-8.394779008132645,0.143485707049641,0.0,0.0,0.0,0.0,0.009999999999999787
7.869999999999877,coast,2.5,0.2818088110797671,0.28570423077877205,-12.051194571401274,-8.394757044766667,0.14348787682552308,0.0,0.0,0.0,0.0,0.009999999999999787
7.879999999999876,coast,2.5,0.2760180398229432,0.2798925162052747,-12.04843375836469,-8.394740229092983,0.1434900230031301,0.0,0.0,0.0,0.0,0.009999999999999787
7.889999999999876,coast,2.5,0.2702276172495165,0.2740935768318198,-12.045731009243056,-8.394788154901786,0.14349056467646293,0.0,0.0,0.0,0.0,0.009999999999999787
7.899999999999876,coast,2.5,0.26440865724982093,0.26828262508262046,-12.043086425890943,-8.394829345772342,0.14349026218591915,0.0,0.0,0.0,0.0,0.009999999999999787
7.909999999999876,coast,2.5,0.2586324673698206,0.2624925304549406,-12.040499539720424,-8.394835378506858,0.1434906871050155,0.0,0.0,0.0,0.0,0.009999999999999787
7.919999999999876,coast,2.5,0.2527950289542633,0.2566740295545342,-12.037970949435199,-8.394815029440185,0.14349027002574827,0.0,0.0,0.0,0.0,0.009999999999999787
7.929999999999875,coast,2.5,0.24701409501471866,0.2508780688306449,-12.035500207730477,-8.394801652914767,0.143490145454037,0.0,0.0,0.0,0.0,0.009999999999999787
7.939999999999875,coast,2.5,0.2412538901582731,0.2451035616272218,-12.033087172026553,-8.394817881618355,0.14349028148601378,0.0,0.0,0.0,0.0,0.009999999999999787
7.949999999999875,coast,2.5,0.2354600805011924,0.23931747295160416,-12.03073212657376,-8.394856141342997,0.1434893822573321,0.0,0.0,0.0,0.0,0.009999999999999787
7.959999999999875,coast,2.5,0.22971097900609838,0.2335535765843007,-12.028434521753862,-8.3948617136754,0.14348967971383247,0.0,0.0,0.0,0.0,0.009999999999999787
7.9699999999998745,coast,2.5,0.22392308897805446,0.22777528402055297,-12.026194743585465,-8.394844880059845,0.14348985278553014,0.0,0.0,0.0,0.0,0.009999999999999787
7.979999999999874,coast,2.5,0.21820678036731148,0.22203418182860807,-12.024012176745252,-8.394835289235914,0.14349069749177218,0.0,0.0,0.0,0.0,0.009999999999999787
7.989999999999874,coast,2.5,0.21251700093090736,0.21632387328998764,-12.021886607573466,-8.394851151934617,0.14349220364708032,0.0,0.0,0.0,0.0,0.009999999999999787
7.999999999999874,coast,2.5,0.2068136226771351,0.2106177229222761,-12.019818126071552,-8.394885614292892,0.14349320076219516,0.0,0.0,0.0,0.0,0.009999999999999787
8.009999999999874,coast,2.5,0.20115831662686334,0.20494207914502843,-12.017806150050731,-8.394889594802525,0.1434952653164201,0.0,0.0,0.0,0.0,0.009999999999999787
8.019999999999873,coast,2.5,0.19549193327598227,0.19927199162360074,-12.015850790598835,-8.39487353271852,0.14349710237951052,0.0,0.0,0.0,0.0,0.009999999999999787
8.029999999999873,coast,2.5,0.18989919485724738,0.19364831356378873,-12.013951397254205,-8.394866260347403,0.14349894876813313,0.0,0.0,0.0,0.0,0.009999999999999787
8.039999999999873,coast,2.5,0.18433936489437663,0.18806294436214147,-12.012107680253644,-8.394881471283151,0.1435008379206252,0.0,0.0,0.0,0.0,0.009999999999999787
8.049999999999873,coast,2.5,0.1787774101236635,0.1824916238190547,-12.010319623054666,-8.39491322008854,0.14350180459602094,0.0,0.0,0.0,0.0,0.009999999999999787
8.059999999999873,coast,2.5,0.17328648617234596,0.17696854123102945,-12.008586353571008,-8.394893199911579,0.14350316732984805,0.0,0.0,0.0,0.0,0.009999999999999787
8.069999999999872,coast,2.5,0.16787785534137437,0.1715141296972364,-12.006907211494033,-8.394892946215485,0.14350316883987846,0.0,0.0,0.0,0.0,0.009999999999999787
8.079999999999872,coast,2.5,0.16250449194325223,0.1661083470448459,-12.005281806978076,-8.394898305143823,0.1435019451933361,0.0,0.0,0.0,0.0,0.009999999999999787
8.089999999999872,coast,2.5,0.15722160579868844,0.16077630229715142,-12.003709251047555,-8.394910800988885,0.14350006790427738,0.0,0.0,0.0,0.0,0.009999999999999787
8.099999999999872,coast,2.5,0.15204084564209566,0.15553502830411797,-12.002188459891766,-8.394906165531589,0.14349779173740088,0.0,0.0,0.0,0.0,0.009999999999999787
8.109999999999872,coast,2.5,0.1469432021082453,0.15037993258659438,-12.000718702839183,-8.394922213208385,0.143494878027424,0.0,0.0,0.0,0.0,0.009999999999999787
8.119999999999871,coast,2.5,0.1419235254587597,0.14530608830989356,-11.999299110435992,-8.39491929875871,0.14349234312143175,0.0,0.0,0.0,0.0,0.009999999999999787
8.129999999999871,coast,2.5,0.13694673750634537,0.14029047782776463,-11.997929352487695,-8.39492895881077,0.14349069080574367,0.0,0.0,0.0,0.0,0.009999999999999787
8.139999999999871,coast,2.5,0.13203633750599703,0.13533799363470406,-11.996608730891227,-8.394933896503892,0.1434906178466397,0.0,0.0,0.0,0.0,0.009999999999999787
8.14999999999987,coast,2.5,0.1271907949106653,0.1304496744002808,-11.995336594374088,-8.39493308691314,0.1434921523560453,0.0,0.0,0.0,0.0,0.009999999999999787
8.15999999999987,coast,2.5,0.12242840206586948,0.125636910999634,-11.994112164439791,-8.394947930480017,0.14349497358276225,0.0,0.0,0.0,0.0,0.009999999999999787
8.16999999999987,coast,2.5,0.1177066158592831,0.12087873391542346,-11.99293492131861,-8.394943088536415,0.14349835746126383,0.0,0.0,0.0,0.0,0.009999999999999787
8.17999999999987,coast,2.5,0.1130173128587962,0.1161618812814471,-11.99180461721117,-8.394950508229112,0.1435016718528673,0.0,0.0,0.0,0.0,0.009999999999999787
8.18999999999987,coast,2.5,0.10840014854953126,0.11150484164229758,-11.990720487702351,-8.394953970607574,0.1435050713459376,0.0,0.0,0.0,0.0,0.009999999999999787
8.19999999999987,coast,2.5,0.10386508492770477,0.10692098761354189,-11.989681708847343,-8.394954276895655,0.14350830567959943,0.0,0.0,0.0,0.0,0.009999999999999787
8.20999999999987,coast,2.5,0.099454949827989,0.10244136494221015,-11.988687046459823,-8.394961104255481,0.14351075702823343,0.0,0.0,0.0,0.0,0.009999999999999787
8.21999999999987,coast,2.5,0.09513593420266793,0.09805810649848481,-11.98773554529386,-8.394959481299633,0.1435123254811393,0.0,0.0,0.0,0.0,0.009999999999999787
8.229999999999869,coast,2.5,0.09089033803054138,0.09375744541771874,-11.986826504864672,-8.394960947103614,0.14351308208007066,0.0,0.0,0.0,0.0,0.009999999999999787
8.239999999999869,coast,2.5,0.08679294538535219,0.08957874539829883,-11.985958454297515,-8.394967647072864,0.14351332402070177,0.0,0.0,0.0,0.0,0.009999999999999787
8.249999999999869,coast,2.5,0.08282151599824772,0.08552440775826817,-11.98513009518918,-8.394965953916403,0.143513032964866,0.0,0.0,0.0,0.0,0.009999999999999787
8.259999999999868,coast,2.5,0.07894485869976697,0.08157667832316745,-11.98434052100875,-8.394969477977892,0.14351238874002228,0.0,0.0,0.0,0.0,0.009999999999999787
8.269999999999868,coast,2.5,0.07519063293801251,0.07774505109207448,-11.983588494442957,-8.394970447125566,0.1435119180096312,0.0,0.0,0.0,0.0,0.009999999999999787
8.279999999999868,coast,2.5,0.07154990688090161,0.07402796456537077,-11.982872890996378,-8.394972034763303,0.14351174650125179,0.0,0.0,0.0,0.0,0.009999999999999787
8.289999999999868,coast,2.5,0.06802898566586534,0.0704285772256675,-11.982192516109148,-8.394974967685364,0.14351199964646716,0.0,0.0,0.0,0.0,0.009999999999999787
8.299999999999867,coast,2.5,0.06461192062694142,0.06693858326643184,-11.981546321983886,-8.394975888842211,0.14351273077760107,0.0,0.0,0.0,0.0,0.009999999999999787
8.309999999999867,coast,2.5,0.061311822523420184,0.06356252682062485,-11.980933143480154,-8.394977382018075,0.14351382018816336,0.0,0.0,0.0,0.0,0.009999999999999787
8.319999999999867,coast,2.5,0.05812301643173825,0.06029882058729289,-11.980351865923831,-8.394979556776061,0.14351518226352797,0.0,0.0,0.0,0.0,0.009999999999999787
8.329999999999867,coast,2.5,0.05506099324729203,0.05715612418329237,-11.979801213757622,-8.394980551875708,0.143516698432595,0.0,0.0,0.0,0.0,0.009999999999999787
8.339999999999867,coast,2.5,0.05210894089626012,0.05412781421107302,-11.979280091323854,-8.394982995806744,0.14351818839187253,0.0,0.0,0.0,0.0,0.009999999999999787
8.349999999999866,coast,2.5,0.04929503563200183,0.05122814706363031,-11.978787106220851,-8.39498346009422,0.14351959515841292,0.0,0.0,0.0,0.0,0.009999999999999787
8.359999999999866,coast,2.5,0.0465855754047451,0.048442604068299186,-11.978321219598305,-8.394984891642302,0.1435207634521911,0.0,0.0,0.0,0.0,0.009999999999999787
8.369999999999866,coast,2.5,0.04401004915971793,0.04578307112315043,-11.97788108727249,-8.39498565435918,0.14352169656105773,0.0,0.0,0.0,0.0,0.009999999999999787
8.379999999999866,coast,2.5,0.04154994509529661,0.04324319550643814,-11.97746555891857,-8.394987500114336,0.14352234116226953,0.0,0.0,0.0,0.0,0.009999999999999787
8.389999999999866,coast,2.5,0.0392020807170135,0.040818526632783354,-11.977073506860936,-8.394988175307759,0.1435227872164585,0.0,0.0,0.0,0.0,0.009999999999999787
8.399999999999865,coast,2.5,0.036977997583266295,0.03851420920307312,-11.976703700408276,-8.394990282571719,0.14352304044899922,0.0,0.0,0.0,0.0,0.009999999999999787
8.409999999999865,coast,2.5,0.0348680601402566,0.0363265197653832,-11.976354989948208,-8.394990471201664,0.1435232096091566,0.0,0.0,0.0,0.0,0.009999999999999787
8.419999999999865,coast,2.5,0.03285419274482968,0.03424312355305109,-11.976026422572206,-8.394991296736858,0.14352336031477275,0.0,0.0,0.0,0.0,0.009999999999999787
