t,phase,target,v_raw,v_filtered,x,y,z,u,torque_L,torque_R,u_motor,dt
0.0,accelerate,1.0,0.0,0.0,-24.0,-8.45,0.14903219044208527,0.0,0.0,0.0,0.0,0.0
0.01,accelerate,1.0,-0.011289783673201966,-0.006773870203921179,-24.00010959452687,-8.449792254183235,0.14713729486312008,0.008975979440902171,0.15859361299207528,0.15859361299207528,0.6293397340955368,0.01
0.02,accelerate,1.0,-0.015082767077163864,-0.01175920832786679,-24.00024954940798,-8.449322178983156,0.1448896981782269,0.020442190005885555,0.1622343641706688,0.1622343641706688,0.6437871594074159,0.01
0.03,accelerate,1.0,-0.01607173288382842,-0.014346723061443767,-24.00039054401827,-8.449278290624033,0.14267209601967118,0.03514852361711351,0.1669039192189059,0.1669039192189059,0.6623171397575631,0.009999999999999998
0.04,accelerate,1.0,-0.01061181022480209,-0.01210577535945876,-24.000472279063942,-8.449398177832393,0.1408226291987063,0.05501207046522774,0.17321099261411912,0.17321099261411912,0.687345208786187,0.010000000000000002
0.05,accelerate,1.0,-0.0012491891917560682,-0.0055918236588371455,-24.0004630350358,-8.449460556473674,0.13956099046019327,0.08130313167603549,0.1815589303697748,0.1815589303697748,0.7204719459118047,0.010000000000000002
0.060000000000000005,accelerate,1.0,0.010127109796818549,0.003839536414556271,-24.000349825040736,-8.449496640053924,0.1389858885052212,0.10358358383373568,0.18863341953888776,0.18863341953888776,0.748545315630507,0.010000000000000002
0.07,accelerate,1.0,0.022038915226461907,0.014759163701699652,-24.00013159774892,-8.449522237893525,0.1390805333077773,0.12253906820637224,0.19465216493688733,0.19465216493688733,0.772429225940029,0.010000000000000002
0.08,accelerate,1.0,0.03328520684299379,0.025874789586476134,-23.999815283671687,-8.44954000926687,0.1397333573869229,0.13865328171021415,0.1997687500086272,0.1997687500086272,0.7927331349548699,0.009999999999999995
0.09,accelerate,1.0,0.04312323561775725,0.036223857205244805,-23.999411578160853,-8.44953922472035,0.14076862964551012,0.15282677781014112,0.20426911849027604,0.20426911849027604,0.8105917400407779,0.009999999999999995
0.09999999999999999,accelerate,1.0,0.05135321821738584,0.04530147381252943,-23.99893095060082,-8.44953834643871,0.1419805233460672,0.1660554828047487,0.20846949690016384,0.20846949690016384,0.8272599083339834,0.009999999999999995
0.10999999999999999,accelerate,1.0,0.05795954479274766,0.052896316400660365,-23.998383633942147,-8.449537268367692,0.14316755181713578,0.17925809569909698,0.21266159054637732,0.21266159054637732,0.8438952005808623,0.009999999999999995
0.11999999999999998,accelerate,1.0,0.0630887405494573,0.05901177088993853,-23.997779443785436,-8.44953556898836,0.14416025320081077,0.19317814364800717,0.21708148417111528,0.21708148417111528,0.8614344609964892,0.009999999999999995
0.12999999999999998,accelerate,1.0,0.06717191170015918,0.06390785537607092,-23.99712557746825,-8.44953569011199,0.14483729798534833,0.20828169441082492,0.22187716360932513,0.22187716360932513,0.8804649349576394,0.009999999999999995
0.13999999999999999,accelerate,1.0,0.0697547684431047,0.0674160032162912,-23.996436123254632,-8.449536662583633,0.14515293817419084,0.22504032093892878,0.2271983627045287,0.2271983627045287,0.9015808043830504,0.010000000000000009
0.15,accelerate,1.0,0.07171428977601602,0.06999497515212608,-23.995717712671798,-8.449538298877023,0.14511424584877722,0.2435955601532262,0.2330900222598524,0.2330900222598524,0.924960405793065,0.010000000000000009
0.16,accelerate,1.0,0.07344099108376985,0.07206258471111233,-23.994974122759412,-8.449537399847708,0.1447785227454986,0.2638436155845416,0.23951918482040369,0.23951918482040369,0.9504729556365226,0.010000000000000009
0.17,accelerate,1.0,0.07527978863140991,0.07399290706329087,-23.99420636464917,-8.449536160926135,0.14423749772344224,0.2855048993782006,0.24639707565056626,0.24639707565056626,0.9777661732165328,0.010000000000000009
0.18000000000000002,accelerate,1.0,0.07758500073955521,0.07614816326904947,-23.993412348637353,-8.449538354720861,0.14359970024877963,0.30816291399360396,0.25359144845124915,0.25359144845124915,1.006315271631941,0.010000000000000009
0.19000000000000003,accelerate,1.0,0.08058101649942795,0.07880787520727656,-23.99258791629153,-8.449537803612975,0.14297155547259838,0.3313333426560918,0.2609485229601623,0.2609485229601623,1.0355100117466758,0.010000000000000009
0.20000000000000004,accelerate,1.0,0.08438690368236829,0.0821552922923316,-23.991727603989414,-8.449535856632577,0.14244243231721535,0.35452716231912673,0.2683130245795691,0.2683130245795691,1.0647342245220996,0.010000000000000009
0.21000000000000005,accelerate,1.0,0.08902115913840417,0.08627481239997514,-23.9908253071071,-8.449536419624419,0.1420743956586054,0.37730318774591903,0.27554486817308427,0.27554486817308427,1.093432016559858,0.010000000000000009
0.22000000000000006,accelerate,1.0,0.09438932365128916,0.09114351915076355,-23.989875059487254,-8.449538649054059,0.14189659288099143,0.3993153262888813,0.2825341624032456,0.2825341624032456,1.1211673111239904,0.010000000000000009
0.23000000000000007,accelerate,1.0,0.10028933498552954,0.09663100865162313,-23.988871941040536,-8.449537150853965,0.14190701059450733,0.42035122560623583,0.28921348115449197,0.28921348115449197,1.1476725442638571,0.010000000000000009
0.24000000000000007,accelerate,1.0,0.10654859418940447,0.10258155997429194,-23.98781170652681,-8.449539150013148,0.14207590714555093,0.4403199830419303,0.2955539610154737,0.2955539610154737,1.172833178632832,0.010000000000000009
0.25000000000000006,accelerate,1.0,0.11294243594468666,0.10879808555652876,-23.98669154218889,-8.449535068296019,0.14235549961287747,0.4592510768841691,0.3015649619322614,0.3015649619322614,1.1966863568740531,0.009999999999999981
0.26000000000000006,accelerate,1.0,0.11933190966123934,0.11511838001935511,-23.985509498250735,-8.449537608296316,0.1426882171107858,0.4772530078214524,0.3072809350434676,0.3072809350434676,1.21936878985503,0.010000000000000009
0.2700000000000001,accelerate,1.0,0.1254655425958643,0.12132667756526061,-23.984266083233056,-8.44953760031465,0.14301813538180236,0.49452728472408414,0.3127658634455912,0.3127658634455912,1.2411343787523461,0.010000000000000009
0.2800000000000001,accelerate,1.0,0.131376513075751,0.12735657887155483,-23.982961726703575,-8.44953899415634,0.1432975053673092,0.5112714223043653,0.3180824620100821,0.3180824620100821,1.2622319921035003,0.010000000000000009
0.2900000000000001,accelerate,1.0,0.13698255496546669,0.13313216452790194,-23.981598168240986,-8.449541598236406,0.14349198503000465,0.5276852979903436,0.32329419581789387,0.32329419581789387,1.2829134754678329,0.010000000000000009
0.3000000000000001,accelerate,1.0,0.14235944416616847,0.13866853231086185,-23.98017708971233,-8.449542156348436,0.14358604757110208,0.5439225166235474,0.3284498374783088,0.3284498374783088,1.30337237094567,0.010000000000000009
0.3100000000000001,accelerate,1.0,0.147470312921599,0.14394960067730414,-23.97870112092732,-8.449540978843528,0.14357985689537847,0.5601162402278878,0.3335916685971589,0.3335916685971589,1.3237764626871384,0.010000000000000009
0.3200000000000001,accelerate,1.0,0.1525670462098692,0.14912006799684316,-23.977170940163692,-8.449545490882162,0.1434891277322286,0.5762973718906655,0.33872950152272413,0.33872950152272413,1.3441646885822387,0.010000000000000009
0.3300000000000001,accelerate,1.0,0.15764354305131784,0.15423415302952798,-23.975587617645186,-8.449535767559139,0.14333852491126114,0.5924624012524236,0.34386222164566954,0.34386222164566954,1.3645326255780537,0.010000000000000009
0.34000000000000014,accelerate,1.0,0.16295528450774915,0.15946683191646066,-23.973949908503045,-8.449549161903587,0.1431586740386335,0.6085153024661143,0.3489593388390406,0.3489593388390406,1.384759281107304,0.010000000000000009
0.35000000000000014,accelerate,1.0,0.16854732913580175,0.1649151302480653,-23.972256085041135,-8.449538320984717,0.14297840040558318,0.6243265160062431,0.3539797153623023,0.3539797153623023,1.4046814101678664,0.010000000000000009
0.36000000000000015,accelerate,1.0,0.17447304688060955,0.17064988022759187,-23.970503856783754,-8.449552969334114,0.14282445767745527,0.639752989687563,0.35887792928559503,0.35887792928559503,1.4241187670063296,0.010000000000000009
0.37000000000000016,accelerate,1.0,0.18067862285837152,0.17666712580605964,-23.96869109081227,-8.449515562169749,0.14271297191891646,0.6546803930865456,0.36361767841284,0.36361767841284,1.4429272952890475,0.010000000000000009
0.38000000000000017,accelerate,1.0,0.18714010363566286,0.18295091250382156,-23.96681562963637,-8.449547965089764,0.14265219261228046,0.6690238200417866,0.3681720033396681,0.3681720033396681,1.4610000132526513,0.010000000000000009
0.3900000000000002,accelerate,1.0,0.19360913996965956,0.18934584898332435,-23.964877495299667,-8.44950878703607,0.14264332321529777,0.6827966142019187,0.37254514094139324,0.37254514094139324,1.4783537338944177,0.010000000000000009
0.4000000000000002,accelerate,1.0,0.20072410152822157,0.1961728005102627,-23.962870042747866,-8.44960633087946,0.14268066603375912,0.6958370095202291,0.37668572726286315,0.37668572726286315,1.4947846319954887,0.010000000000000009
0.4100000000000002,accelerate,1.0,0.20772932149338139,0.2031067131001339,-23.96079396771594,-8.449531999008718,0.1427535237920607,0.7081864729357245,0.38060692888655123,0.38060692888655123,1.5103449558990127,0.010000000000000009
0.4200000000000002,accelerate,1.0,0.21500720068569976,0.21024700565147342,-23.958645830408592,-8.449560932588707,0.14284470769607113,0.7198242401614532,0.3843021527360646,0.3843021527360646,1.525008542603431,0.010000000000000009
0.4300000000000002,accelerate,1.0,0.22210360595379913,0.21736096583286885,-23.956426700253942,-8.449586567021338,0.14293677080047776,0.7308567562054293,0.38780519723034795,0.38780519723034795,1.538909512818841,0.010000000000000009
0.4400000000000002,accelerate,1.0,0.22905061733483462,0.2243747567340483,-23.95413766751218,-8.449550308949132,0.1430201694741377,0.7414088641476492,0.39115570254416154,0.39115570254416154,1.5522051688260379,0.010000000000000009
0.45000000000000023,accelerate,1.0,0.2360795637560235,0.23139764094723342,-23.951777415928373,-8.449519017989164,0.14308337236390037,0.7515226841502326,0.39436704267138184,0.39436704267138184,1.564948582029293,0.010000000000000009
0.46000000000000024,accelerate,1.0,0.24298310423382422,0.2383489189191879,-23.949346930809593,-8.449553681563128,0.14311991977275407,0.7612750229506731,0.39746360528729774,0.39746360528729774,1.5772365289178483,0.010000000000000009
0.47000000000000025,accelerate,1.0,0.24992337942618625,0.24529359522338692,-23.946845832518655,-8.449525873181596,0.1431297525482183,0.7706930497358447,0.4004540171521255,0.4004540171521255,1.5891032426671645,0.010000000000000009
0.48000000000000026,accelerate,1.0,0.2552420110951164,0.2512626447464246,-23.94429037702845,-8.449520719945955,0.14311352209211275,0.7803169745025932,0.40350980574406337,0.40350980574406337,1.6012293878732673,0.010000000000000009
0.49000000000000027,accelerate,1.0,0.2634276322737212,0.25856163726280257,-23.94165195205526,-8.449550895932887,0.14307379848626958,0.7893523148065048,0.40637870699736145,0.40637870699736145,1.6126139166561961,0.010000000000000009
0.5000000000000002,accelerate,1.0,0.2699007861057213,0.2653651265685538,-23.938948170251166,-8.449571868262964,0.14302181592337154,0.7981307888102175,0.40916604806302026,0.40916604806302026,1.623674793900874,0.009999999999999953
0.5100000000000002,accelerate,1.0,0.27613344804206524,0.27182611945266066,-23.936181999156545,-8.449548389816275,0.14297063789263992,0.8068393809342106,0.4119312002342306,0.4119312002342306,1.6346476199771054,0.010000000000000009
0.5200000000000002,accelerate,1.0,0.28389760656644103,0.2790690117209289,-23.93333828047942,-8.449557516097013,0.14292454127123605,0.815028524433713,0.41453141707819263,0.41453141707819263,1.6449659407864787,0.010000000000000009
0.5300000000000002,accelerate,1.0,0.291459427205749,0.286503261011821,-23.93041947013991,-8.449570319370252,0.14289316554927584,0.8226490327806412,0.4169510808885092,0.4169510808885092,1.654567781303608,0.010000000000000009
0.5400000000000003,accelerate,1.0,0.2988622131544167,0.2939186322973784,-23.927427331728254,-8.44958287302036,0.14288017847473475,0.8297726929933277,0.4192129854792414,0.4192129854792414,1.663543593171593,0.010000000000000009
0.5500000000000003,accelerate,1.0,0.3063946620771387,0.30140425016523464,-23.924360566177928,-8.449594848178995,0.14288529166912742,0.8364093851780922,0.4213202679817478,0.4213202679817478,1.6719058253243961,0.010000000000000009
0.5600000000000003,accelerate,1.0,0.3140136263802947,0.30896987589427066,-23.921218141827513,-8.449539158884914,0.14290470355433207,0.8425612994097128,0.423273623788572,0.423273623788572,1.679657237256238,0.010000000000000009
0.5700000000000003,accelerate,1.0,0.3219901004318755,0.31678201061683353,-23.91799608357232,-8.449493101453601,0.14292927399531674,0.8481405495871783,0.4250451473049209,0.4250451473049209,1.6866870924798447,0.010000000000000009
0.5800000000000003,accelerate,1.0,0.32996236129200757,0.32469022102193795,-23.914694289998412,-8.449493472967893,0.14295541839692713,0.853155583088102,0.4266375207421342,0.4266375207421342,1.6930060346910087,0.010000000000000009
0.5900000000000003,accelerate,1.0,0.33771243965204467,0.33250355220000194,-23.91131482515446,-8.449532064279527,0.14297986314207,0.8577146461614232,0.4280851144491751,0.4280851144491751,1.698750454163393,0.010000000000000009
0.6000000000000003,accelerate,1.0,0.34551673966224683,0.34031146467734885,-23.90785714826273,-8.44956581771436,0.14300252543192132,0.8618571385792996,0.42940043864169924,0.42940043864169924,1.7039699946099176,0.010000000000000009
0.6100000000000003,accelerate,1.0,0.3533129823592739,0.34811237528650385,-23.90432120066271,-8.449553120510274,0.143020011858706,0.8656154650849612,0.43059378247377694,0.43059378247377694,1.7087054860070514,0.010000000000000009
0.6200000000000003,accelerate,1.0,0.36108774237968594,0.3558975955424131,-23.90070693883941,-8.449503088980608,0.1430269090522145,0.8690202468255737,0.4316748687720562,0.4316748687720562,1.7129955110002228,0.010000000000000009
0.6300000000000003,accelerate,1.0,0.3849705744168373,0.37334138286706764,-23.896838935069066,-8.449530483438105,0.14267728027365756,0.8669203628305765,0.43100811360596464,0.43100811360596464,1.7103496571665264,0.010000000000000009
0.6400000000000003,accelerate,1.0,0.40206563039384896,0.3905759313831364,-23.89279374242704,-8.449551701664483,0.1421086943913195,0.8604065824984125,0.42893985807489593,0.42893985807489593,1.7021422939479998,0.010000000000000009
0.6500000000000004,accelerate,1.0,0.3986718243145429,0.3954334671419803,-23.888791633294723,-8.449534670434133,0.14174553945733134,0.8568627450820179,0.4278146188184423,0.4278146188184423,1.6976770588033425,0.010000000000000009
0.6600000000000004,accelerate,1.0,0.39386849209104235,0.3944944821114176,-23.884845844090744,-8.449544835189085,0.1416112557286947,0.8587619978702594,0.42841766956376476,0.42841766956376476,1.700070117316527,0.010000000000000009
0.6700000000000004,accelerate,1.0,0.38980442074031846,0.3916804452887581,-23.880948062301076,-8.44941320681953,0.14168715483045485,0.8660254484261956,0.43072396038428556,0.43072396038428556,1.7092220650170062,0.010000000000000009
0.6800000000000004,accelerate,1.0,0.3899284027950858,0.3906292197925547,-23.877055354857276,-8.449399195980927,0.14193212153764795,0.876656851394392,0.4340996434547474,0.4340996434547474,1.722617632756934,0.010000000000000009
0.6900000000000004,accelerate,1.0,0.3968404994874515,0.39435598760949275,-23.873097066727144,-8.4493978340246,0.14225648083068612,0.8874337484483393,0.43752152380731674,0.43752152380731674,1.7361965230449077,0.010000000000000009
0.7000000000000004,accelerate,1.0,0.40818726124809174,0.40265475179265214,-23.869024932593913,-8.44939482065013,0.1425655893748789,0.8958549353402405,0.4401954190692332,0.4401954190692332,1.7468072185287031,0.010000000000000009
0.7100000000000004,accelerate,1.0,0.41905278596047574,0.41249357229334627,-23.864844048619393,-8.449391740778665,0.14286915001781167,0.9015095326233415,0.4419908667985634,0.4419908667985634,1.7539320111054104,0.010000000000000009
0.7200000000000004,accelerate,1.0,0.46859919188582816,0.44615694404883544,-23.860131133514948,-8.449511429483495,0.14233331930349286,0.8921358515545823,0.43901453558561104,0.43901453558561104,1.742121172958774,0.010000000000000009
0.7300000000000004,accelerate,1.0,0.46500739655604173,0.45746721555315917,-23.855463735456002,-8.449549682909032,0.14197874856075762,0.8824628128364198,0.43594315233182,0.43594315233182,1.729933144173889,0.010000000000000009
0.7400000000000004,accelerate,1.0,0.46416758223243154,0.4614874355607226,-23.850812998623248,-8.44941507325345,0.1418173320099237,0.8763712936489713,0.43400897315942133,0.43400897315942133,1.7222578299977036,0.010000000000000009
0.7500000000000004,accelerate,1.0,0.4623491343565741,0.4620044548382335,-23.846187149811083,-8.449403283474146,0.14183931204196373,0.874991060936619,0.4335707216685953,0.4335707216685953,1.72051873678014,0.010000000000000009
0.7600000000000005,accelerate,1.0,0.4608704822271776,0.4613240712715999,-23.841581864039618,-8.4493865227434,0.14201654488959986,0.8780168487910186,0.43453146982812424,0.43453146982812424,1.7243312294766835,0.010000000000000009
0.7700000000000005,accelerate,1.0,0.4646874492683885,0.4633420980696731,-23.836942606113418,-8.449366363567886,0.1422979105295284,0.8831285662386679,0.43615454235210177,0.43615454235210177,1.7307719934607213,0.010000000000000009
0.7800000000000005,accelerate,1.0,0.47215402828000946,0.4686292561958749,-23.83222930266898,-8.449307905743417,0.142589670705428,0.8881459159127816,0.4377476512206265,0.4377476512206265,1.737093854050105,0.010000000000000009
0.7900000000000005,accelerate,1.0,0.48184091865208106,0.4765562536695986,-23.827417875074453,-8.449338728261623,0.1428533408330579,0.8916384472102593,0.43885659975820157,0.43885659975820157,1.7414944434849269,0.010000000000000009
0.8000000000000005,accelerate,1.0,0.5127906838340246,0.4982969117682542,-23.82227714961534,-8.449406503033911,0.1426732835057796,0.8864653263897736,0.43721403043528095,0.43721403043528095,1.734976311251115,0.010000000000000009
0.8100000000000005,accelerate,1.0,0.5357467935746262,0.5207668408520774,-23.816896189357898,-8.449519387142823,0.14219245742098474,0.8738173392911618,0.43319804157172975,0.43319804157172975,1.719039847506864,0.010000000000000009
0.8200000000000005,accelerate,1.0,0.5321314699120425,0.5275856182880565,-23.81156028907454,-8.449568464048374,0.14190411187383706,0.863405535798059,0.4298920857265997,0.4298920857265997,1.7059209751055544,0.010000000000000009
0.8300000000000005,accelerate,1.0,0.5280925121562682,0.5278897546089835,-23.806272817686196,-8.449473106490611,0.14182064029543778,0.8582202807438645,0.4282456635417919,0.4282456635417919,1.6993875537372694,0.010000000000000009
0.8400000000000005,accelerate,1.0,0.5258969208013258,0.5266940543243889,-23.80101406161796,-8.449387354428932,0.14192325490947927,0.8580165480705041,0.42818097434334645,0.42818097434334645,1.6991308505688352,0.010000000000000009
0.8500000000000005,accelerate,1.0,0.5268268662176185,0.5267737414603266,-23.795751675841842,-8.449308629666811,0.14217358852193204,0.8611240709338184,0.429167675002906,0.429167675002906,1.703046329376611,0.010000000000000009
0.8600000000000005,accelerate,1.0,0.5334656418740373,0.5307888817085531,-23.790425076294223,-8.449248302378397,0.14247489720575265,0.8647745730014463,0.43032678241941924,0.43032678241941924,1.7076459619818223,0.010000000000000009
0.8700000000000006,accelerate,1.0,0.5431312676015015,0.5381943132443222,-23.785001690555465,-8.449194242736025,0.14277203222172424,0.8670175466119524,0.4310389714002271,0.4310389714002271,1.71047210873106,0.010000000000000009
0.8800000000000006,accelerate,1.0,0.5537204285726101,0.5475099824412949,-23.7794711965937,-8.44913677188004,0.14304364107315046,0.8670606822872666,0.4310526678398529,0.4310526678398529,1.710526459681956,0.010000000000000009
0.8900000000000006,accelerate,1.0,0.6039449904962905,0.5813709872742923,-23.77340288058702,-8.449331122669182,0.14249013014640569,0.8521469833647753,0.4263172701579835,0.4263172701579835,1.691735199039617,0.010000000000000009
0.9000000000000006,accelerate,1.0,0.6011880099781433,0.5932612008966028,-23.767372141899045,-8.449497733878085,0.1421247629467111,0.836785163027926,0.42143958496462713,0.42143958496462713,1.672379305415187,0.010000000000000009
0.9100000000000006,accelerate,1.0,0.5963754843196528,0.5951297709504328,-23.76139832733055,-8.449653397540022,0.14196917843851206,0.8263431933733714,0.4181240507599128,0.4181240507599128,1.6592224236504478,0.010000000000000009
0.9200000000000006,accelerate,1.0,0.592251382384424,0.5934027378108275,-23.755473436119757,-8.449723407124386,0.14201763711896284,0.8217476719827634,0.4166648808079671,0.4166648808079671,1.653432066698282,0.010000000000000009
0.9300000000000006,accelerate,1.0,0.5901121191658792,0.5914283666238586,-23.74957624086255,-8.449715775757442,0.14223329969420564,0.8219737242906298,0.4167366569367608,0.4167366569367608,1.6537168926061938,0.010000000000000009
0.9400000000000006,accelerate,1.0,0.5923865180062472,0.5920032574532917,-23.74366050192946,-8.449703895928113,0.14255156163947297,0.824707000976809,0.41760452695015643,0.41760452695015643,1.6571608212307796,0.010000000000000009
0.9500000000000006,accelerate,1.0,0.6001348312753109,0.5968822017465032,-23.737667603483473,-8.449678413032972,0.14287491951120118,0.8271393643267113,0.41837685096101734,0.41837685096101734,1.6602255990516561,0.010000000000000009
0.9600000000000006,accelerate,1.0,0.6102680958228102,0.6049137381922873,-23.73157152911521,-8.449658759000034,0.14315857742243354,0.8276102075959131,0.41852635311585434,0.41852635311585434,1.6608188615708506,0.010000000000000009
0.9700000000000006,accelerate,1.0,0.6402723577898355,0.6261289099508163,-23.725155157999847,-8.449520343312534,0.14299608127948704,0.8194023691531155,0.4159202002534973,0.4159202002534973,1.6504769851329257,0.010000000000000009
0.9800000000000006,accelerate,1.0,0.6627749079099351,0.6481165087262876,-23.718503024408257,-8.449276534987515,0.14252953996867657,0.8036898306843445,0.4109311550388931,0.4109311550388931,1.6306791866622743,0.010000000000000009
0.9900000000000007,accelerate,1.0,0.6588033253568064,0.6545285987045989,-23.711899469588385,-8.449047830611292,0.14224460284167784,0.7901525162098472,0.4066327869469507,0.4066327869469507,1.6136221704244076,0.010000000000000009
1.0000000000000007,accelerate,1.0,0.6545065279697254,0.6545153562636747,-23.70534667104879,-8.448838248276513,0.14215424280910108,0.7817480491452116,0.4039642005645876,0.4039642005645876,1.6030325419229667,0.010000000000000009
1.0100000000000007,accelerate,1.0,0.6514405660768167,0.6526704821515599,-23.698831240916896,-8.44864289663335,0.14224492376732134,0.7784298756496388,0.4029106141162733,0.4029106141162733,1.598851643318545,0.010000000000000009
1.0200000000000007,accelerate,1.0,0.6512159243373846,0.6517977474630547,-23.692323052049108,-8.4486710025011,0.14247659199850965,0.77867355653647,0.40298798767145994,0.40298798767145994,1.5991586812359522,0.010000000000000009
1.0300000000000007,accelerate,1.0,0.6555098328500598,0.6540249986952578,-23.685773433091427,-8.44875462058852,0.14275086200796605,0.7801143376044649,0.40344546447616975,0.40344546447616975,1.600974065381626,0.010000000000000009
1.0400000000000007,accelerate,1.0,0.664774702940395,0.6604748212423401,-23.679129761242585,-8.448834774060341,0.14299700047746366,0.7802381324053049,0.4034847718013324,0.4034847718013324,1.6011300468306842,0.010000000000000009
1.0500000000000007,accelerate,1.0,0.6753786058322339,0.6694170919962763,-23.67237790569327,-8.448907504010132,0.14320110836483121,0.7779297296439247,0.402751807756539,0.402751807756539,1.5982214593513453,0.010000000000000009
1.0600000000000007,accelerate,1.0,0.7037701848179487,0.6900289476892798,-23.665323478737687,-8.449084038797652,0.14299482152711096,0.7673697449950897,0.3993988014308409,0.3993988014308409,1.5849158786938131,0.010000000000000009
1.0700000000000007,accelerate,1.0,0.7246685568680475,0.7108127131965405,-23.65805082042562,-8.449333025723401,0.1425157294776216,0.7499722400958123,0.39387474567522235,0.39387474567522235,1.5629950225207236,0.010000000000000009
1.0800000000000007,accelerate,1.0,0.7208627948356825,0.7168427621800257,-23.65082574650573,-8.449414279836079,0.14221869334634601,0.73485247097785,0.38907391658488694,0.38907391658488694,1.543944113432091,0.010000000000000009
1.0900000000000007,accelerate,1.0,0.7156970008763173,0.7161553053978007,-23.643660531239973,-8.44936031603965,0.14211941400091094,0.7251065457267104,0.38597939039914514,0.38597939039914514,1.5316642476156552,0.010000000000000009
1.1000000000000008,accelerate,1.0,0.7117491830675537,0.7135116319996526,-23.636541076357197,-8.449312815260994,0.1421950780491969,0.7207110836560233,0.38458374328246053,0.38458374328246053,1.5261259654065895,0.010000000000000009
1.1100000000000008,accelerate,1.0,0.7107883194951463,0.7118776444969488,-23.629436258880116,-8.449256691011023,0.14240897346328207,0.7200743158894226,0.3843815567812095,0.3843815567812095,1.5253236380206725,0.010000000000000009
1.1200000000000008,accelerate,1.0,0.7128610865706485,0.7124677097411687,-23.62231428102068,-8.44919884662621,0.14271425706088298,0.7212660732590058,0.3847599635811995,0.3847599635811995,1.5268252523063472,0.010000000000000009
1.1300000000000008,accelerate,1.0,0.7204395397283277,0.7172508077334641,-23.615116186045384,-8.449129145993705,0.14301257714150728,0.7216732477606062,0.38488924962894766,0.38488924962894766,1.5273382921783638,0.010000000000000009
1.1400000000000008,accelerate,1.0,0.7309929615270494,0.7254961000096153,-23.607809386986773,-8.44906411864239,0.14324384860155215,0.7195670003400113,0.3842204739479604,0.3842204739479604,1.5246844204284142,0.010000000000000009
1.1500000000000008,accelerate,1.0,0.740868787691191,0.7347197126185607,-23.600401002471006,-8.449002282767184,0.14341877143675225,0.7148688969576823,0.38272873216200326,0.38272873216200326,1.5187648101666795,0.010000000000000009
1.1600000000000008,accelerate,1.0,0.7498406749464603,0.7437922900153005,-23.59290046661371,-8.448929605773287,0.1435451541136597,0.7081135473562334,0.38058377355655126,0.38058377355655126,1.5102530696688543,0.010000000000000009
1.1700000000000008,accelerate,1.0,0.7942342027918319,0.7740574376812193,-23.584925718852034,-8.448646355971784,0.14290036289182326,0.6883108676437006,0.37429602669422785,0.37429602669422785,1.485301693231063,0.010000000000000009
1.1800000000000008,accelerate,1.0,0.7909050515221441,0.7841660059857741,-23.576994105008453,-8.448393512886401,0.1424131456201486,0.6686422377669691,0.36805084333576804,0.36805084333576804,1.4605192195863812,0.010000000000000009
1.1900000000000008,accelerate,1.0,0.7839472883818033,0.7840347754233916,-23.5691410201627,-8.448152851408707,0.1421306051742061,0.654488380174558,0.3635567104730257,0.3635567104730257,1.442685359019943,0.010000000000000009
1.2000000000000008,accelerate,1.0,0.7767039632337788,0.7796362881096239,-23.561368001289413,-8.447927521097485,0.14206471936408613,0.6470302413855311,0.36118860224473387,0.36118860224473387,1.4332881041457692,0.010000000000000009
1.2100000000000009,accelerate,1.0,0.7714055236871409,0.7746978294561342,-23.553654197465033,-8.44779207247932,0.14219485471381899,0.6452483517171592,0.3606228166372324,0.3606228166372324,1.4310429231636206,0.010000000000000009
1.2200000000000009,accelerate,1.0,0.7692353219851854,0.7714203249735649,-23.54596700464679,-8.447727854481206,0.14247136382882924,0.6471534200744433,0.3612277139420373,0.3612277139420373,1.4334433092937988,0.010000000000000009
1.2300000000000009,accelerate,1.0,0.773868125583202,0.7728890053393471,-23.53823480341934,-8.447692802234332,0.14278604478688792,0.6494917884897622,0.36197019268126934,0.36197019268126934,1.4363896534971006,0.010000000000000009
1.2400000000000009,accelerate,1.0,0.7803210603054834,0.7773482383190289,-23.53043855956752,-8.447674851572952,0.14311578609354428,0.6505665705405121,0.3623114574780234,0.3623114574780234,1.4377438788810453,0.010000000000000009
1.2500000000000009,accelerate,1.0,0.8100100350195988,0.7969453163393708,-23.522325249144863,-8.44779506288689,0.1429887624665574,0.6425005217719959,0.35975032567304416,0.35975032567304416,1.427580657432715,0.010000000000000009
1.260000000000001,accelerate,1.0,0.8327351862616337,0.8184192382927284,-23.513973157552158,-8.448031743888347,0.1425301729996676,0.625980517297761,0.35450489385238515,0.35450489385238515,1.406765451795179,0.010000000000000009
1.270000000000001,accelerate,1.0,0.8281616941621116,0.8242647118143583,-23.505675420177926,-8.448249199899132,0.14225462317325535,0.6109082507162521,0.34971914776742435,0.34971914776742435,1.3877743959024775,0.010000000000000009
1.280000000000001,accelerate,1.0,0.8224872858016319,0.8231982562067225,-23.49744195596455,-8.448455239664398,0.1421777230781711,0.6006511382184296,0.34646230940711575,0.34646230940711575,1.3748504341552212,0.010000000000000009
1.290000000000001,accelerate,1.0,0.8178146395420679,0.8199680862079297,-23.489261553179443,-8.448646623809692,0.14228348839001578,0.5954112013760787,0.3447985246609325,0.3447985246609325,1.3682481137338591,0.010000000000000009
1.300000000000001,accelerate,1.0,0.8155130867738462,0.8172950865474795,-23.481109232586817,-8.44882264739417,0.14253262661960195,0.5939095301170834,0.3443217140027763,0.3443217140027763,1.366356007947525,0.010000000000000009
1.310000000000001,accelerate,1.0,0.8172839341969959,0.8172883951371893,-23.472942460401764,-8.448840879175014,0.14285063858622163,0.59399070740856,0.344347489416366,0.344347489416366,1.3664582913347858,0.010000000000000009
1.320000000000001,accelerate,1.0,0.8241332010096669,0.821395278660676,-23.46470589088321,-8.448831310202403,0.14313672603068575,0.5931374477907155,0.344076562422508,0.344076562422508,1.3653831842163016,0.010000000000000009
1.330000000000001,accelerate,1.0,0.8315438001311087,0.8274843915429356,-23.456393580854414,-8.448802015668466,0.14338779524036943,0.5904473977538064,0.3432224177347886,0.3432224177347886,1.3619937211697961,0.010000000000000009
1.340000000000001,accelerate,1.0,0.8395155521943611,0.8347030879337909,-23.44799921139344,-8.44876433977539,0.1435909375081243,0.585640964414371,0.3416962790208511,0.3416962790208511,1.3559376151621074,0.010000000000000009
1.350000000000001,accelerate,1.0,0.884203629504459,0.8644034128761917,-23.439127590666104,-8.44849745297312,0.14299550387240104,0.5670632222831016,0.33579747433933044,0.33579747433933044,1.332529660076708,0.010000000000000009
1.360000000000001,accelerate,1.0,0.8806134122795534,0.8741294125182087,-23.430300480134953,-8.448250551869219,0.14254164176381262,0.5479467948794736,0.32972762631013053,0.32972762631013053,1.308442961548137,0.010000000000000009
1.370000000000001,accelerate,1.0,0.8735984449409753,0.8738108319718687,-23.421551423192135,-8.448012000947042,0.14227390700086875,0.5337051876612358,0.3252056311861956,0.3252056311861956,1.2904985364531572,0.010000000000000009
1.380000000000001,accelerate,1.0,0.866234890076927,0.8692652668349037,-23.412882794988683,-8.447785191867737,0.14220544236932453,0.5256271034111186,0.32264067787509837,0.32264067787509837,1.2803201502980095,0.010000000000000009
1.390000000000001,accelerate,1.0,0.8604471506610091,0.8639743971305669,-23.404277813767173,-8.447570619440008,0.14231929641857952,0.5229103944350008,0.3217780684410015,0.3217780684410015,1.276897096988101,0.010000000000000009
1.400000000000001,accelerate,1.0,0.85770319422576,0.8602116753876827,-23.39570483799716,-8.447367631176583,0.14257133710377176,0.5237022626066355,0.32202950242285894,0.32202950242285894,1.2778948508843608,0.010000000000000009
1.410000000000001,accelerate,1.0,0.8614902276679266,0.860978806755829,-23.38709478223182,-8.447201901857168,0.14285140947709335,0.5249038601342714,0.32241103366983387,0.32241103366983387,1.279408863769182,0.010000000000000009
1.420000000000001,accelerate,1.0,0.8671913317051911,0.8647063217254463,-23.378426781021652,-8.44719703966824,0.14312498077206245,0.524844066000344,0.3223920478364292,0.3223920478364292,1.2793335231604335,0.010000000000000009
1.430000000000001,accelerate,1.0,0.8734811981570764,0.8699712475844243,-23.369694894477256,-8.447195195715796,0.14338146064427892,0.5229265511065706,0.32178319850735826,0.32178319850735826,1.2769174543942787,0.010000000000000009
1.440000000000001,accelerate,1.0,0.9012458090759586,0.888735984479345,-23.360666384238503,-8.447324053476837,0.14318765691653318,0.5122636062196785,0.31839750024687236,0.31839750024687236,1.2634821438367951,0.010000000000000009
1.450000000000001,accelerate,1.0,0.9223110142778415,0.9088810023584428,-23.35141744087678,-8.447553065400195,0.14267355257384112,0.493734513853492,0.3125141428387608,0.3125141428387608,1.2401354874553998,0.010000000000000009
1.460000000000001,accelerate,1.0,0.9164344783442214,0.9134130879499099,-23.342235612836276,-8.447770647557636,0.14233021918418332,0.4771244071525988,0.30724010175909316,0.30724010175909316,1.2192067530122745,0.010000000000000009
1.470000000000001,accelerate,1.0,0.9089358943646205,0.9107267717987363,-23.333136012500233,-8.447975021323158,0.14218299982689905,0.46587960931711275,0.3036696535503697,0.3036696535503697,1.205038307739562,0.010000000000000009
1.480000000000001,accelerate,1.0,0.9019354513212197,0.9054519795122263,-23.324112508505173,-8.448161687870806,0.14222626279897324,0.46033069751941563,0.30190776307636485,0.30190776307636485,1.1980466788744637,0.010000000000000009
1.490000000000001,accelerate,1.0,0.8970523388552623,0.9004121951180479,-23.315142851928535,-8.448329284352223,0.14242833111197148,0.4592496888755578,0.3015645212117671,0.3015645212117671,1.1966846079832028,0.010000000000000009
1.500000000000001,accelerate,1.0,0.8952270922250627,0.8973011333822568,-23.306195952213866,-8.448330440133834,0.1427410692168297,0.4607464146232934,0.3020397615711881,0.3020397615711881,1.1985704824253496,0.010000000000000009
1.5100000000000011,accelerate,1.0,0.8991506910190107,0.898410867964309,-23.297210344018197,-8.448252338228732,0.14306115302472835,0.46206897928640817,0.30245970230302033,0.30245970230302033,1.2002369139008744,0.010000000000000009
1.5200000000000011,accelerate,1.0,0.9057778210284465,0.9028310398027916,-23.288156440202766,-8.448100901413154,0.14332850942173508,0.46147336300756164,0.30227058222216097,0.30227058222216097,1.1994864373895275,0.010000000000000009
1.5300000000000011,accelerate,1.0,0.913487842738427,0.9092251215641728,-23.279022629366125,-8.447936625790215,0.1435339768392798,0.458256218963526,0.30124907464529876,0.30124907464529876,1.1954328358940427,0.010000000000000009
1.5400000000000011,accelerate,1.0,0.9207743608305725,0.9161546651240126,-23.26981322008904,-8.447774347209178,0.14368161397831494,0.4526106220728339,0.29945648472056624,0.29945648472056624,1.1883193838117707,0.010000000000000009
1.5500000000000012,accelerate,1.0,0.928079432866266,0.9233095257693646,-23.260527783697576,-8.447615310518199,0.14376374751934684,0.44485321145914886,0.29699335170250896,0.29699335170250896,1.1785450464385276,0.010000000000000009
1.5600000000000012,accelerate,1.0,0.9349998640892125,0.9303237287612733,-23.251170330659118,-8.447458436130262,0.14377913331626266,0.4354315176871441,0.294001775496022,0.294001775496022,1.1666737122858017,0.010000000000000009
1.5700000000000012,accelerate,1.0,0.94085742538039,0.9366439467327433,-23.24175219681651,-8.447306494952468,0.1437383774318036,0.42500057995347496,0.29068974414682736,0.29068974414682736,1.1535307307413785,0.010000000000000009
1.5800000000000012,accelerate,1.0,0.9452395671016101,0.9418013189540634,-23.232289047924887,-8.447159111898307,0.1436579319117226,0.41434012800100417,0.2873048374428789,0.2873048374428789,1.1400985612812653,0.010000000000000009
1.5900000000000012,accelerate,1.0,0.9485936527281016,0.9458767192184863,-23.222791743096135,-8.447023454231235,0.14354937780268223,0.40403881806488284,0.2840339655119616,0.2840339655119616,1.1271189107617523,0.010000000000000009
1.6000000000000012,accelerate,1.0,0.9508079218526052,0.9488354407989577,-23.21327247064997,-8.446898055515883,0.14343257588254255,0.3945937170359042,0.28103495703324033,0.28103495703324033,1.1152180834652394,0.010000000000000009
1.6100000000000012,accelerate,1.0,0.9519109766003082,0.9506807622797679,-23.203742998953135,-8.446784406268549,0.14332797521965018,0.38640854113489503,0.27843599998115187,0.27843599998115187,1.1049047618299677,0.010000000000000009
1.6200000000000012,accelerate,1.0,0.9523154363880217,0.9516615667447202,-23.194210723951382,-8.44668240892532,0.1432515925633381,0.3796809046893799,0.2762998408569719,0.2762998408569719,1.0964279399086188,0.010000000000000009
1.6300000000000012,accelerate,1.0,0.9525058213892094,0.9521681195314138,-23.18467795349371,-8.446586161133073,0.1432122568918313,0.3743661588248737,0.2746123027500739,0.2746123027500739,1.089731360119341,0.010000000000000009
1.6400000000000012,accelerate,1.0,0.9531930685297435,0.9527830889304116,-23.175139452396586,-8.446503488044687,0.14320681048356657,0.37012017666808494,0.27326411849565035,0.27326411849565035,1.0843814226017872,0.010000000000000009
1.6500000000000012,accelerate,1.0,0.9545888257283693,0.9538665310091863,-23.165587879236085,-8.446436990254814,0.14323051542547022,0.36647426780799663,0.2721064695143951,0.2721064695143951,1.0797875774380759,0.010000000000000009
1.6600000000000013,accelerate,1.0,0.9565916572151236,0.9555016067327486,-23.1560168902943,-8.446387610981542,0.1432768835439322,0.36300570949075583,0.27100513287750483,0.27100513287750483,1.0754171939583526,0.010000000000000009
1.6700000000000013,accelerate,1.0,0.9594570627684973,0.9578748803541979,-23.146417353583697,-8.446348807512832,0.14333150934183708,0.3592726502023586,0.26981981189225296,0.26981981189225296,1.070713539254972,0.010000000000000009
1.6800000000000013,accelerate,1.0,0.9629910174689893,0.9609445626230728,-23.136782229731114,-8.446318019724659,0.1433839673915532,0.35493879859531335,0.2684437273299839,0.2684437273299839,1.0652528862300947,0.010000000000000009
1.6900000000000013,accelerate,1.0,0.9666402715933002,0.9643619880052092,-23.127110224840777,-8.446298158233148,0.14342963301043848,0.34991678279187266,0.26684913687207545,0.26684913687207545,1.0589251463177598,0.010000000000000009
1.7000000000000013,accelerate,1.0,0.9701273821653377,0.9678212245012863,-23.11740291920299,-8.446288368549077,0.1434659331189275,0.34429794470768244,0.26506504340358333,0.26506504340358333,1.0518454103316799,0.010000000000000009
1.7100000000000013,accelerate,1.0,0.9732681632109029,0.9710893877270562,-23.107663774850792,-8.446290262505105,0.143491573418148,0.3382796583430343,0.26315411711708026,0.26315411711708026,1.0442623695122233,0.010000000000000009
1.7200000000000013,accelerate,1.0,0.9763377401336891,0.9742383991710359,-23.097893341791874,-8.446300277567456,0.14350045603579453,0.33198268241469725,0.2611547013203147,0.2611547013203147,1.0363281798425186,0.010000000000000009
1.7300000000000013,accelerate,1.0,0.979130334678152,0.9771735604753056,-23.088094475225844,-8.446316613340427,0.14349332771193563,0.3255551215800461,0.25911382220409623,0.25911382220409623,1.028229453190858,0.010000000000000009
1.7400000000000013,hold,1.0,0.9813334873080747,0.979669516574967,-23.07827328004228,-8.44634354974377,0.14347536270722677,0.3192375214756792,0.2571078578189577,0.2571078578189577,1.0202692770593558,0.010000000000000009
1.7500000000000013,hold,1.0,0.9831914878306623,0.9817826993283842,-23.068433315644487,-8.446374674833963,0.14344855414426005,0.31319520200308265,0.2551893005400188,0.2551893005400188,1.0126559545238842,0.010000000000000009
1.7600000000000013,hold,1.0,0.984867087570932,0.9836333322739129,-23.058576527967176,-8.446408631530947,0.14341639873113485,0.3074987789038489,0.2533805722775501,0.2533805722775501,1.0054784614188497,0.010000000000000009
1.7700000000000014,hold,1.0,0.9862381544485386,0.9851962255786884,-23.048706166245985,-8.446447887936081,0.14338548699837958,0.30222005918048966,0.2517044731909891,0.2517044731909891,0.998827274567417,0.010000000000000009
1.7800000000000014,hold,1.0,0.9874349921352362,0.986539485512617,-23.0388241003747,-8.446492198108276,0.14336031896378837,0.2973820657580996,0.2501683135195118,0.2501683135195118,0.9927314028552056,0.010000000000000009
1.7900000000000014,hold,1.0,0.9886798728283734,0.9878237179020708,-23.028929886330197,-8.446537848816408,0.14334257890315513,0.29291883029324145,0.24875114699471004,0.24875114699471004,0.9871077261694843,0.010000000000000009
1.8000000000000014,hold,1.0,0.9900353025929701,0.9891506687166105,-23.01902244205523,-8.446583917695552,0.14333367959618243,0.2887235572102617,0.2474190638854023,0.2474190638854023,0.9818216820849298,0.010000000000000009
1.8100000000000014,hold,1.0,0.9914955553487155,0.9905576006958734,-23.009100718686764,-8.446630690534306,0.14333418642616078,0.284690575453956,0.24613851151814012,0.24613851151814012,0.9767401250719846,0.010000000000000009
1.8200000000000014,hold,1.0,0.9930961169137124,0.9920807104265768,-22.99916327377585,-8.446677635997522,0.14334325115172133,0.280715423138114,0.24487632115481398,0.24487632115481398,0.9717314331540237,0.010000000000000009
1.8300000000000014,hold,1.0,0.9948240254008471,0.9937266994111389,-22.98920876105688,-8.44672393243937,0.1433588237345011,0.2767101322057136,0.24360456117795823,0.24360456117795823,0.9666847665791993,0.010000000000000009
1.8400000000000014,hold,1.0,0.9966534357281537,0.9954827412013478,-22.979236080873832,-8.446768648941031,0.143378347654684,0.27261033020615355,0.2423027920470579,0.2423027920470579,0.9615190160597535,0.010000000000000009
1.8500000000000014,hold,1.0,0.9985189721439575,0.9973044797669136,-22.969244798958847,-8.446810804889438,0.14339950368841198,0.26838747928551837,0.2409619524227378,0.2409619524227378,0.9561982238997532,0.010000000000000009
1.8600000000000014,hold,1.0,1.0003408663056375,0.9991263116901479,-22.9592353126001,-8.44684980364811,0.14342095179895645,0.2640533871117115,0.23958579147571069,0.23958579147571069,0.9507372677607567,0.010000000000000009
1.8700000000000014,hold,1.0,1.0020087285691968,1.0008557618175773,-22.94920915164655,-8.446889549402794,0.1434423587579748,0.25966697337266026,0.2381930173852871,0.2381930173852871,0.9452103864495519,0.010000000000000009
1.8800000000000014,hold,1.0,1.003687210692614,1.0025546311425995,-22.93916606543727,-8.446926855271533,0.1434592723141798,0.25524295695980936,0.23678830369387868,0.23678830369387868,0.9396361257693598,0.010000000000000009
1.8900000000000015,hold,1.0,1.0054528967952103,1.0042935905341661,-22.929105069782715,-8.446957184072804,0.14346806692220085,0.2507555181370423,0.2353634521188737,0.2353634521188737,0.9339819528526734,0.010000000000000009
1.9000000000000015,hold,1.0,1.0069699568564747,1.0058994103275514,-22.919028694502778,-8.44697880717408,0.1434695536868997,0.24627639835562834,0.23394124200587912,0.23394124200587912,0.9283382619280918,0.010000000000000009
1.9100000000000015,hold,1.0,1.0084962473600005,1.0074575125470209,-22.90893676057755,-8.446999757971577,0.14346110734292375,0.24181822197078814,0.23252568184016467,0.23252568184016467,0.9227209596831931,0.010000000000000009
1.9200000000000015,hold,1.0,1.0099499484015833,1.0089529740597583,-22.898830089242136,-8.4470168399011,0.1434449643050486,0.23739940636577234,0.23112261950926005,0.23112261950926005,0.9171532520208732,0.010000000000000009
1.9300000000000015,hold,1.0,1.0111124597657883,1.0102486654833762,-22.888711780556555,-8.44702916454344,0.14342642143381235,0.23310848815170576,0.22976016715792966,0.22976016715792966,0.9117466950711495,0.010000000000000009
1.9400000000000015,hold,1.0,1.0119823645480144,1.011288884922159,-22.878584944982528,-8.447036339231428,0.14341115638091534,0.22904749552232004,0.2284707207782471,0.2284707207782471,0.9066298443581233,0.010000000000000009
1.9500000000000015,hold,1.0,1.0126950001960264,1.0121325540864796,-22.868451159475,-8.447038006106014,0.14339971478301955,0.22526831622144486,0.2272707557666332,0.2272707557666332,0.9018680784390206,0.010000000000000009
1.9600000000000015,hold,1.0,1.013772712554495,1.013116649167289,-22.858306619430255,-8.447034085495128,0.14338791452381666,0.22163355403390636,0.22611664607684595,0.22611664607684595,0.897288278082722,0.010000000000000009
1.9700000000000015,hold,1.0,1.014825634854086,1.0141420405793673,-22.848151676355563,-8.447024998282698,0.1433789207258381,0.21808534333424262,0.22499001821548872,0.22499001821548872,0.8928175326011457,0.010000000000000009
1.9800000000000015,hold,1.0,1.0157239111445646,1.0150911629184858,-22.83798798267281,-8.44701081626139,0.14337609525978395,0.21464000003902767,0.22389605281239208,0.22389605281239208,0.8884764000491749,0.010000000000000009
1.9900000000000015,hold,1.0,1.0164799909497761,1.0159244597372599,-22.827817016335374,-8.446986000153716,0.1433811845602244,0.21133227346438216,0.22284578347041065,0.22284578347041065,0.8843086645651216,0.010000000000000009
2.0000000000000013,hold,1.0,1.0173789618479152,1.016797161003653,-22.817637184323186,-8.44695587325182,0.1433897323426029,0.20810772580898465,0.22182192509886883,0.22182192509886883,0.8802457345193208,0.009999999999999787
2.010000000000001,hold,1.0,1.0184758785920476,1.0178043915566897,-22.807446398292765,-8.446925442623678,0.14339873085527682,0.2048716392117665,0.22079440288252014,0.22079440288252014,0.8761682654068259,0.009999999999999787
2.020000000000001,hold,1.0,1.0195603017775665,1.0188579376892157,-22.797244790117265,-8.446890481678993,0.14340802029424407,0.20159449201219368,0.21975384310371174,0.21975384310371174,0.872039059935364,0.009999999999999787
2.0300000000000007,accelerate,1.0,1.0205287665955007,1.0198604350329867,-22.787033519291892,-8.446847737787081,0.14341719837135358,0.19830443260979344,0.21870918344226165,0.21870918344226165,0.8678935850883398,0.009999999999999787
2.0400000000000005,accelerate,1.0,1.0215061081996109,1.0208478389329612,-22.77681242055022,-8.446799625032407,0.14342390332445515,0.19500510095615603,0.21766157965559868,0.21766157965559868,0.8637364272047566,0.009999999999999787
2.0500000000000003,accelerate,1.0,1.0224951287896882,1.0218362128469973,-22.766581333835795,-8.446748361114707,0.14342673333677433,0.19169092071670601,0.21660926114596848,0.21660926114596848,0.8595605601030495,0.009999999999999787
2.06,accelerate,1.0,1.0234110861324488,1.0227811368182682,-22.756341015590746,-8.446692353441442,0.1434260786943517,0.1883811887105871,0.21555835503938567,0.21555835503938567,0.8553902977753399,0.009999999999999787
2.07,accelerate,1.0,1.0241993822856583,1.0236320840987023,-22.74609277944502,-8.446630815820598,0.14342277701866485,0.18511867835293183,0.21452244275062296,0.21452244275062296,0.8512795347246943,0.009999999999999787
2.0799999999999996,accelerate,1.0,1.0249054408715748,1.0243960981624256,-22.735837467970946,-8.446564547502572,0.14341739574129825,0.18193449795402475,0.21351140179036196,0.21351140179036196,0.8472674674220713,0.009999999999999787
2.0899999999999994,accelerate,1.0,1.0255574368800235,1.0250929013929844,-22.72557564495978,-8.446494371182585,0.143410693086023,0.17884359121941318,0.2125299770839881,0.2125299770839881,0.8433729249364608,0.009999999999999787
2.099999999999999,accelerate,1.0,1.026146930997358,1.0257253191556086,-22.71530797381297,-8.44642024276068,0.1434038776008739,0.17585687201896907,0.21158163400346308,0.21158163400346308,0.8396096587439011,0.009999999999999787
2.109999999999999,accelerate,1.0,1.0266690531679645,1.0262915595630222,-22.705035165655993,-8.446341999520087,0.14339817343452158,0.17298448080655826,0.2106695923456984,0.2106695923456984,0.8359904458162635,0.009999999999999787
2.1199999999999988,accelerate,1.0,1.0271552308849963,1.0268097623562067,-22.6947575979608,-8.446260087034968,0.14339432531249105,0.17022528842533474,0.2097934935808123,0.2097934935808123,0.8325138634159218,0.009999999999999787
2.1299999999999986,accelerate,1.0,1.0276322469489452,1.0273032531118498,-22.6844753678782,-8.446175053214095,0.143392721296439,0.16756624862959343,0.20894919526486852,0.20894919526486852,0.8291634732732878,0.009999999999999787
2.1399999999999983,accelerate,1.0,1.0281088344585176,1.0277866019198505,-22.674188481251782,-8.446087171649634,0.14339358237194527,0.16498930240893706,0.2081309633008857,0.2081309633008857,0.8259165210352607,0.009999999999999787
2.149999999999998,accelerate,1.0,1.0285780358088445,1.0282614622532469,-22.66389700593919,-8.44599665604329,0.14339686140919708,0.16247918894060595,0.20733395207242122,0.20733395207242122,0.8227537780651636,0.009999999999999787
2.159999999999998,accelerate,1.0,1.0290458816182306,1.0287321138722372,-22.653600937628234,-8.44590418432591,0.14340218492105952,0.1600214693140085,0.20655357693658402,0.20655357693658402,0.8196570513356509,0.009999999999999787
2.1699999999999977,accelerate,1.0,1.0295139691561228,1.0292012270425686,-22.643300255017966,-8.445810174790209,0.14340909483980152,0.15760319326949762,0.20578572592693092,0.20578572592693092,0.8166100235195671,0.009999999999999787
2.1799999999999975,accelerate,1.0,1.0299744653388387,1.0296651700203308,-22.632995019435302,-8.445714994461541,0.14341725141278067,0.15521595435148816,0.20502772982568454,0.20502772982568454,0.8136021024828751,0.009999999999999787
2.1899999999999973,accelerate,1.0,1.0304066764572808,1.0301100738825006,-22.622685507678607,-8.44561952944537,0.14342668638714537,0.15286048346067738,0.20427982070843428,0.20427982070843428,0.8106342091604535,0.009999999999999787
2.199999999999997,accelerate,1.0,1.030760666401484,1.0305004293938906,-22.612372538074645,-8.445520880307393,0.14343813179774645,0.1505564960322576,0.20354825862016243,0.20354825862016243,0.8077311850006446,0.009999999999999787
2.209999999999997,accelerate,1.0,1.0311643914955604,1.0308988066548925,-22.602055523106298,-8.445419538077518,0.14344892808097165,0.14828667124912853,0.20282754385502333,0.20282754385502333,0.8048712057739021,0.009999999999999787
2.2199999999999966,accelerate,1.0,1.0316971373834554,1.0313778050920301,-22.59173305437361,-8.445322052027432,0.14345650692068518,0.14599825561217242,0.202100926121977,0.202100926121977,0.8019878020713372,0.009999999999999787
2.2299999999999964,accelerate,1.0,1.0321668619667597,1.0318512392168677,-22.581405807727947,-8.445224252816121,0.1434613535594918,0.14369459121017522,0.20136946660105487,0.20136946660105487,0.799085184924821,0.009999999999999787
2.239999999999996,accelerate,1.0,1.0325512639925112,1.0322712540822536,-22.571074631556293,-8.445126384504114,0.1434631128610135,0.14140399306107793,0.2006421558767535,0.2006421558767535,0.7961990312569583,0.009999999999999787
2.249999999999996,accelerate,1.0,1.0330169829678013,1.0327186914135824,-22.560738629468382,-8.44503125796352,0.14345950587827283,0.13910623679096343,0.19991257230586673,0.19991257230586673,0.793303858356614,0.009999999999999787
2.259999999999996,accelerate,1.0,1.0334725609265398,1.0331710131213567,-22.550397960400467,-8.444936279639325,0.1434515008313027,0.13679700882131748,0.19917934624094474,0.19917934624094474,0.7903942311148601,0.009999999999999787
2.2699999999999956,accelerate,1.0,1.0337354468586868,1.0335096733637548,-22.54005465639376,-8.444839838664915,0.1434417415018418,0.13453624612406828,0.19846150886931416,0.19846150886931416,0.787545670116326,0.009999999999999787
2.2799999999999954,accelerate,1.0,1.033920817370838,1.0337563597680048,-22.52970949982177,-8.444745046132445,0.14343097342934324,0.13236109102644886,0.19777085362271807,0.19777085362271807,0.7848049746933257,0.009999999999999787
2.289999999999995,accelerate,1.0,1.0340579864282673,1.0339373357641624,-22.51936300790485,-8.444652830986666,0.14342053490457346,0.13028785027203302,0.19711255821837595,0.19711255821837595,0.7821926913427617,0.009999999999999787
2.299999999999995,accelerate,1.0,1.0341021769191197,1.0340362404571368,-22.509016177796035,-8.444561530580545,0.14341235084217208,0.12833878230740986,0.1964936901582488,0.1964936901582488,0.7797368657073365,0.009999999999999787
2.3099999999999947,accelerate,1.0,1.0340622708945817,1.0340518587196037,-22.498669886139957,-8.444470239576262,0.14340759292489372,0.1265329184820916,0.19592029227643376,0.19592029227643376,0.7774614772874355,0.009999999999999787
2.3199999999999945,accelerate,1.0,1.0340420119259746,1.034045950643426,-22.488323914948477,-8.444379701462788,0.14340605413760638,0.12485302523155481,0.19538689257152328,0.19538689257152328,0.7753448117917591,0.009999999999999787
2.3299999999999943,accelerate,1.0,1.0340600543643337,1.0340544128759706,-22.477977851738082,-8.444290438740863,0.1434071926391433,0.1232662616822101,0.19488306340933537,0.19488306340933537,0.7733454897195848,0.009999999999999787
2.339999999999994,accelerate,1.0,1.0341032834075787,1.0340837351949355,-22.467631430007614,-8.44420155710394,0.14341053771736492,0.12174278251195632,0.1943993283031964,0.1943993283031964,0.7714259059650651,0.009999999999999787
2.349999999999994,accelerate,1.0,1.0341701459345936,1.0341355816387303,-22.45728439337183,-8.444112161813695,0.1434153692195564,0.1202576751819585,0.19392777702377548,0.19392777702377548,0.7695546707292678,0.009999999999999787
2.3599999999999937,accelerate,1.0,1.0342724729493409,1.0342177164250965,-22.44693634714365,-8.444022639878582,0.14342056756923965,0.11878669813578321,0.1934607123920739,0.1934607123920739,0.7677012396510869,0.009999999999999787
2.3699999999999934,accelerate,1.0,1.0344050240840705,1.034330101020481,-22.43658696189616,-8.443932725802101,0.1434251831088902,0.11731026672533659,0.1929919158906289,0.1929919158906289,0.7658409360739241,0.009999999999999787
2.3799999999999932,accelerate,1.0,1.0345398212103079,1.0344559331343772,-22.426236200944665,-8.443841993535706,0.1434285668992342,0.11582149070890148,0.19251919972989043,0.19251919972989043,0.763965078293216,0.009999999999999787
2.389999999999993,accelerate,1.0,1.0346537144787067,1.034574601940975,-22.415884271646608,-8.443749985277757,0.1434304190455619,0.11432579055228297,0.19204428501616091,0.19204428501616091,0.7620804960958767,0.009999999999999787
2.399999999999993,accelerate,1.0,1.034743296555971,1.0346758187099727,-22.405531418178743,-8.443656569186299,0.14343060922236867,0.11283305724198753,0.1915703123354759,0.1915703123354759,0.7601996521249044,0.009999999999999787
2.4099999999999926,accelerate,1.0,1.0348032051435303,1.0347522505701072,-22.39517794931017,-8.443561351729583,0.1434293015255982,0.11135524881760941,0.19110107860456735,0.19110107860456735,0.7583376135101879,0.009999999999999787
2.4199999999999924,accelerate,1.0,1.0348094508623447,1.0347865707454496,-22.384824418506057,-8.443464056382467,0.14342686371418284,0.10991137503030803,0.1906426197996234,0.1906426197996234,0.7565183325381881,0.009999999999999787
2.429999999999992,accelerate,1.0,1.0347803538092701,1.034782840583742,-22.37447119813633,-8.443364317880055,0.1434237522982841,0.1085147656417623,0.1901991683865724,0.1901991683865724,0.7547586047086206,0.009999999999999787
2.439999999999992,accelerate,1.0,1.0347091922378253,1.034738651576192,-22.36411872717677,-8.44326202063882,0.14342051232602687,0.10717763936587876,0.18977460405145385,0.18977460405145385,0.7530738256010073,0.009999999999999787
2.4499999999999917,accelerate,1.0,1.0346116384797013,1.0346624437182976,-22.353767286560092,-8.443156795438313,0.14341761093688604,0.10590553898811211,0.18937068673950538,0.18937068673950538,0.7514709791250214,0.009999999999999787
2.4599999999999915,accelerate,1.0,1.0344920943182327,1.0345602340782587,-22.34341710706483,-8.443048454215404,0.14341539125633834,0.10469990373729154,0.18898787343466483,0.18898787343466483,0.7499518787089874,0.009999999999999787
2.4699999999999913,accelerate,1.0,1.0343731760401822,1.0344479992554128,-22.333068189740338,-8.44293677130467,0.14341408632223757,0.10355351952830986,0.18862387352062898,0.18862387352062898,0.7485074346056706,0.009999999999999787
2.479999999999991,accelerate,1.0,1.034241703293834,1.0343242216784656,-22.322720662243636,-8.442821837375083,0.14341384838682572,0.10246149717000336,0.18827713458141948,0.18827713458141948,0.7471314864342042,0.009999999999999787
2.489999999999991,accelerate,1.0,1.0341087335688477,1.0341949288126948,-22.31237454010784,-8.442703161571195,0.1434145826230579,0.10141678141479626,0.18794541643482612,0.18794541643482612,0.7458151445826433,0.009999999999999787
2.4999999999999907,accelerate,1.0,1.0339905389855926,1.0340722949164334,-22.302029662599367,-8.442581039021468,0.14341599192238388,0.1004072534434416,0.1876248711133616,0.1876248711133616,0.7445431393387365,0.009999999999999787
2.5099999999999905,accelerate,1.0,1.0338801490487328,1.033957007395813,-22.291685949567114,-8.442455163078844,0.1434179034935172,0.09942280382547469,0.18731228867066474,0.18731228867066474,0.7433027328200982,0.009999999999999787
2.5199999999999902,accelerate,1.0,1.033761701429654,1.0338398238161177,-22.28134347468978,-8.442325455143237,0.1434200370898339,0.0984602382944675,0.18700665486325935,0.18700665486325935,0.7420899002510292,0.009999999999999787
2.52999999999999,accelerate,1.0,1.033658340185214,1.0337309336375755,-22.2710020725742,-8.442192271115903,0.1434220111863702,0.097511563348469,0.1867054315944059,0.1867054315944059,0.740894569819071,0.009999999999999787
2.53999999999999,accelerate,1.0,1.0335392178072245,1.0336159041393649,-22.260661898231394,-8.44205545690841,0.1434236228940174,0.09657804763774987,0.18640902168593837,0.18640902168593837,0.739718340023565,0.009999999999999787
2.5499999999999896,accelerate,1.0,1.0334060357525692,1.0334899831072875,-22.250323090832627,-8.44191495850605,0.143424736619955,0.09566329149236043,0.18611856831465431,0.18611856831465431,0.7385657472803743,0.009999999999999787
2.5599999999999894,accelerate,1.0,1.0332644045268602,1.033354635959031,-22.239985728590604,-8.44177116986506,0.14342523076597846,0.09476946741861503,0.18583476129475865,0.18583476129475865,0.7374395289474549,0.009999999999999787
2.569999999999989,accelerate,1.0,1.0331024527346964,1.0332033260244304,-22.229650020026558,-8.441623969714161,0.14342517308276664,0.09390187652291684,0.18555928383355658,0.18555928383355658,0.7363463644188752,0.009999999999999787
2.579999999999989,accelerate,1.0,1.0329201988305872,1.0330334497081246,-22.219316172864925,-8.441473553303101,0.1434247457838328,0.09306626435341091,0.18529396025749506,0.18529396025749506,0.7352934930852979,0.009999999999999787
2.5899999999999888,accelerate,1.0,1.0327159669533819,1.0328429600552789,-22.20898440959577,-8.441320169174125,0.143424106537763,0.09226845243412175,0.18504063901688236,0.18504063901688236,0.7342882500669935,0.009999999999999787
2.5999999999999885,accelerate,1.0,1.0324982093836894,1.032636109652325,-22.19865487082872,-8.441163753855307,0.14342339515589422,0.09151096714388375,0.184800122287526,0.184800122287526,0.7333338186012935,0.009999999999999787
2.6099999999999883,accelerate,1.0,1.0322719865941858,1.0324176358174415,-22.188327637110753,-8.441004798558357,0.14342267201206743,0.0907934096457898,0.18457228343073118,0.18457228343073118,0.7324296961536951,0.009999999999999787
2.619999999999988,accelerate,1.0,1.0320400459426475,1.032191081892565,-22.17800277040977,-8.440843272507024,0.1434220836588255,0.09011364654640147,0.1843564450514134,0.1843564450514134,0.7315731946484659,0.009999999999999787
2.629999999999988,accelerate,1.0,1.0317968362948118,1.031954534533913,-22.167680385915112,-8.440679379756507,0.1434217963158411,0.08947105133052172,0.1841524082184673,0.1841524082184673,0.7307635246764574,0.009999999999999787
2.6399999999999877,accelerate,1.0,1.031549139691349,1.0317112976283747,-22.157360525485025,-8.440513441478965,0.14342185461333365,0.0888634251605435,0.18395947475697577,0.18395947475697577,0.7299979157022848,0.009999999999999787
2.6499999999999875,accelerate,1.0,1.0313066104653033,1.0314684853305318,-22.147043134738432,-8.440345556521926,0.14342222669647867,0.08828524972050825,0.18377589249125578,0.18377589249125578,0.7292694146478405,0.009999999999999787
2.6599999999999873,accelerate,1.0,1.0310542238688554,1.031219928453526,-22.136728305396527,-8.440176007551168,0.1434228063181588,0.08773540790036445,0.18360130671652372,0.18360130671652372,0.7285766139544592,0.009999999999999787
2.669999999999987,accelerate,1.0,1.03081472114883,1.0309768040707084,-22.126415902215903,-8.440005065553718,0.143423505498562,0.08720706648988215,0.1834335477518674,0.1834335477518674,0.7279109037772516,0.009999999999999787
2.679999999999987,accelerate,1.0,1.0305672628887446,1.03073107936153,-22.116106007484188,-8.439832651652827,0.14342437295880556,0.08669901845241174,0.1832722323390098,0.1832722323390098,0.7272707632500389,0.009999999999999787
2.6899999999999866,accelerate,1.0,1.0303093797207767,1.030478059577078,-22.105798718814338,-8.439659041069662,0.14342530704570994,0.08621282805158659,0.1831178571629398,0.1831178571629398,0.7266581633449992,0.009999999999999787
2.6999999999999864,accelerate,1.0,1.0300531372748913,1.0302231061957658,-22.095494013057202,-8.43948454206356,0.14342622263564908,0.0857469293728889,0.1829699250144797,0.1829699250144797,0.7260711310098401,0.009999999999999787
2.709999999999986,accelerate,1.0,1.0297833859311207,1.0299592740369787,-22.085192021855597,-8.439309455793218,0.14342713960867823,0.08530379889151149,0.18282922222403275,0.18282922222403275,0.7255127866033045,0.009999999999999787
2.719999999999986,accelerate,1.0,1.0295026833691123,1.029685319636259,-22.0748928627743,-8.439133357489856,0.1434281331771116,0.08488614519253579,0.182696608821534,0.182696608821534,0.7249865429425952,0.009999999999999787
2.7299999999999858,accelerate,1.0,1.029215338470781,1.0294033309369721,-22.064596596200083,-8.438956615455854,0.14342919111916563,0.08449508895001989,0.18257244064341036,0.18257244064341036,0.7244938120770252,0.009999999999999787
2.7399999999999856,accelerate,1.0,1.0289251166366973,1.0291164023568071,-22.054303244120174,-8.43877946787541,0.1434302225402186,0.08412992742983663,0.18245649455752175,0.18245649455752175,0.7240337085615942,0.009999999999999787
2.7499999999999853,accelerate,1.0,1.0286346817003815,1.0288273699629518,-22.04401280747417,-8.43860214125808,0.14343132192429292,0.083788615727905,0.18234812126592442,0.18234812126592442,0.7236036558171604,0.009999999999999787
2.759999999999985,accelerate,1.0,1.0283211315012326,1.0285236268859204,-22.0337255233813,-8.43842465754919,0.1434327188428255,0.08347627732283083,0.18224894757554527,0.18224894757554527,0.723210109426767,0.009999999999999787
2.769999999999985,accelerate,1.0,1.0279980380811053,1.0282082736030314,-22.02344149374659,-8.438247007761444,0.14343467224977588,0.08319545521691568,0.18215978094047508,0.18215978094047508,0.7228562735733138,0.009999999999999787
2.7799999999999847,accelerate,1.0,1.027663233280148,1.0278812494093015,-22.013160842496784,-8.438069379960513,0.14343756858462253,0.08294829756060783,0.18208130344144421,0.18208130344144421,0.7225448549263659,0.009999999999999787
2.7899999999999845,accelerate,1.0,1.0273124621340877,1.027539977044173,-22.002883737058376,-8.437891981735678,0.14344186856563257,0.08273798340504011,0.18201452449076838,0.18201452449076838,0.7222798590903508,0.009999999999999787
2.7999999999999843,accelerate,1.0,1.0269367165971464,1.027178020775957,-21.99261047386286,-8.437713159046039,0.1434484063157499,0.08257059884477229,0.18196137654519212,0.18196137654519212,0.7220689545444132,0.009999999999999787
2.809999999999984,accelerate,1.0,1.0266069559785809,1.0268353818975313,-21.98234060644825,-8.437527033144574,0.14345474300444894,0.08242975685108413,0.18191665639535623,0.18191665639535623,0.7218914936323659,0.009999999999999787
2.819999999999984,accelerate,1.0,1.026615832676721,1.026703652365045,-21.97207035440733,-8.437348058280886,0.14345535562096692,0.08219971088273105,0.18184361219948478,0.18184361219948478,0.7216016357122412,0.009999999999999787
2.8299999999999836,accelerate,1.0,1.0265822260402384,1.026630796570161,-21.961800296549505,-8.437170276131225,0.14345181243439736,0.08186772639175617,0.18173820048391046,0.18173820048391046,0.7211833352536129,0.009999999999999787
2.8399999999999834,accelerate,1.0,1.0263958055328226,1.026489801947758,-21.951532069707206,-8.436992562420881,0.1434467203626144,0.08149115534597082,0.18161863164545267,0.18161863164545267,0.7207088557359232,0.009999999999999787
2.849999999999983,accelerate,1.0,1.0260080753383058,1.0262007659820869,-21.941267847323378,-8.436810212069341,0.1434426705146948,0.08115910413734227,0.18151319874568894,0.18151319874568894,0.7202904712130513,0.009999999999999787
2.859999999999983,accelerate,1.0,1.025702458812647,1.025901781680423,-21.931006636694143,-8.436629262055412,0.1434372908001223,0.08087001440995499,0.18142140697544892,0.18142140697544892,0.7199262181565433,0.009999999999999787
2.869999999999983,accelerate,1.0,1.0254880856831132,1.0256535640820372,-21.920747522011744,-8.436449009694524,0.14343006748142234,0.08059022657141861,0.18133256874095685,0.18133256874095685,0.7195736854799875,0.009999999999999787
2.8799999999999826,accelerate,1.0,1.0251511306021892,1.0253521039941285,-21.910491821002005,-8.436268822212586,0.14342356945345677,0.08034810249904643,0.18125568950549723,0.18125568950549723,0.7192686091487985,0.009999999999999787
2.8899999999999824,accelerate,1.0,1.024649539553594,1.0249305653298078,-21.90024129795058,-8.436086670628184,0.1434206672116872,0.08020246169860137,0.18120944563853994,0.18120944563853994,0.7190851017402379,0.009999999999999787
2.899999999999982,accelerate,1.0,1.0241054225575583,1.024435479666458,-21.88999640992686,-8.435900419785382,0.14342153252858855,0.08017630593082874,0.18120114065915677,0.18120114065915677,0.7190521454728444,0.009999999999999787
2.909999999999982,accelerate,1.0,1.0236980884452713,1.023993044933746,-21.879755605960163,-8.435716674331843,0.14342411089396206,0.0802210355409464,0.18121534320496133,0.18121534320496133,0.7191085047815926,0.009999999999999787
2.9199999999999817,accelerate,1.0,1.023329257073718,1.0235947722177292,-21.869518537660063,-8.435532970363678,0.14342843217818477,0.08030194381757329,0.1812410332009559,0.1812410332009559,0.7192104492101424,0.009999999999999787
2.9299999999999815,accelerate,1.0,1.0229294092538903,1.0231955544394258,-21.859285579342234,-8.435345292378324,0.14343445866899768,0.08041508854474302,0.18127695891472684,0.18127695891472684,0.7193530115663763,0.009999999999999787
2.9399999999999813,accelerate,1.0,1.0226520678617688,1.0228694624928316,-21.849055335019397,-8.43515851193682,0.14343940982247252,0.08051769463683071,0.18130953840108652,0.18130953840108652,0.7194822952424068,0.009999999999999787
2.949999999999981,accelerate,1.0,1.0225041570939823,1.0226502792535221,-21.8388264747176,-8.434971939984782,0.14344166730723093,0.08055695630608162,0.18132200476630705,0.18132200476630705,0.719531764945663,0.009999999999999787
2.959999999999981,accelerate,1.0,1.0223198535403828,1.0224520238256385,-21.82859943439343,-8.434783150562103,0.1434419614042534,0.08053588034062543,0.1813153127257554,0.1813153127257554,0.7195052092291881,0.009999999999999787
2.9699999999999807,accelerate,1.0,1.0220523472329734,1.0222122178700395,-21.818375096278686,-8.434590261578492,0.1434406032625299,0.0804901515877265,0.18130079293213494,0.18130079293213494,0.7194475910005355,0.009999999999999787
2.9799999999999804,accelerate,1.0,1.0218350499762312,1.0219859171337544,-21.808152854463934,-8.434397958107663,0.14343674296148873,0.08041915395422958,0.18127824976354698,0.18127824976354698,0.7193581339823293,0.009999999999999787
2.9899999999999802,accelerate,1.0,1.021588438800429,1.0217474301337592,-21.79793306771342,-8.434204573064786,0.14343137763617017,0.08033604497249318,0.18125186099966606,0.18125186099966606,0.7192534166653415,0.009999999999999787
2.99999999999998,accelerate,1.0,1.0212525121768548,1.0214504793596166,-21.78771670770033,-8.434008547154287,0.14342605619712273,0.08027619444033404,0.1812328572586949,0.1812328572586949,0.719178004994821,0.009999999999999787
3.00999999999998,accelerate,1.0,1.020842802293294,1.0210858731198231,-21.777504546735308,-8.433809373377734,0.14342161265729972,0.08027322499737895,0.1812319144011678,0.1812319144011678,0.7191742634966976,0.009999999999999787
3.0199999999999796,accelerate,1.0,1.0204444603160776,1.020701025437576,-21.767296439729556,-8.433608523773259,0.14341800617886907,0.08032914184117837,0.18124966911741097,0.18124966911741097,0.7192447187198848,0.009999999999999787
3.0299999999999794,accelerate,1.0,1.0200529985517022,1.0203122093060517,-21.75709232971969,-8.433405689370145,0.14341554932704456,0.08043698476852032,0.1812839114037006,0.1812839114037006,0.7193806008083357,0.009999999999999787
3.039999999999979,hold,1.0,1.019658433907615,1.0199199440669897,-21.74689226723538,-8.433200269318231,0.1434146288381321,0.0805909355481497,0.1813327938552485,0.1813327938552485,0.7195745787906687,0.009999999999999787
3.049999999999979,hold,1.0,1.0192668956666533,1.0195281150267879,-21.736696227671146,-8.432991817335694,0.1434152658815645,0.08078428509989226,0.18139418620491782,0.18139418620491782,0.7198181992258643,0.009999999999999787
3.0599999999999787,hold,1.0,1.0189175571949043,1.0191617803276576,-21.726503768195155,-8.432780351928642,0.14341688608530284,0.0809982570001335,0.1814621265626824,0.1814621265626824,0.7200878038201682,0.009999999999999787
3.0699999999999785,hold,1.0,1.0186103492943488,1.0188309217076723,-21.71631443285914,-8.432566778597653,0.14341896702614237,0.081212311419725,0.18153009312199112,0.18153009312199112,0.7203575123888536,0.009999999999999787
3.0799999999999783,hold,1.0,1.0183230428580579,1.0185261943979036,-21.706128034791035,-8.432350134447333,0.14342128741265092,0.08141476761417077,0.18159437701285153,0.18159437701285153,0.7206126071938552,0.009999999999999787
3.089999999999978,hold,1.0,1.0180447263971828,1.0182373135974712,-21.695944479648425,-8.43213029497498,0.1434235747365466,0.0816016004371734,0.1816537001708113,0.1816537001708113,0.7208480165508385,0.009999999999999787
3.099999999999978,hold,1.0,1.0177795582727631,1.0179626604026464,-21.685763616690515,-8.431907634469571,0.14342537242815329,0.08177034495962447,0.18170727993157998,0.18170727993157998,0.7210606346491268,0.009999999999999787
3.1099999999999777,hold,1.0,1.0175292994116198,1.0177026438080303,-21.675585288525095,-8.431682263095626,0.14342639947364072,0.08191871083288639,0.1817543890636581,0.1817543890636581,0.7212475756494369,0.009999999999999787
3.1199999999999775,hold,1.0,1.0172693686486347,1.017442678712393,-21.665409597102517,-8.431454061286114,0.14342665022738918,0.08205256635100573,0.18179689086777134,0.18179689086777134,0.7214162336022673,0.009999999999999787
3.1299999999999772,hold,1.0,1.0169954622184927,1.0171743488160527,-21.6552366917667,-8.431222861993744,0.14342624005244536,0.08218110850905645,0.18183770557379564,0.18183770557379564,0.7215781967214112,0.009999999999999787
3.139999999999977,hold,1.0,1.0167013591012337,1.0168905549871612,-21.645066779288122,-8.430988815092949,0.14342535694739775,0.08231555149224164,0.18188039390981658,0.18188039390981658,0.7217475948802246,0.009999999999999787
3.149999999999977,hold,1.0,1.0163982419721032,1.0165951671781264,-21.634899946433876,-8.43075231747589,0.14342412026626494,0.08246290447171328,0.18192718142785844,0.18192718142785844,0.7219332596343588,0.009999999999999787
3.1599999999999766,hold,1.0,1.016088229198191,1.0162910043901652,-21.62473626850609,-8.430513463287138,0.14342278755688465,0.08262734777660295,0.18197939546602698,0.18197939546602698,0.7221404581985198,0.009999999999999787
3.1699999999999764,hold,1.0,1.0157586121798015,1.015971569063947,-21.614575950143028,-8.430272271463075,0.14342165315929778,0.08281576328931024,0.18203922115962182,0.18203922115962182,0.722377861744531,0.009999999999999787
3.179999999999976,hold,1.0,1.0154228494946442,1.0156423373223653,-21.604419056750878,-8.430028748947066,0.14342087082193708,0.08303083369777467,0.18210751031571742,0.18210751031571742,0.7226488504591961,0.009999999999999787
3.189999999999976,hold,1.0,1.0151000409374,1.0153169594913862,-21.594265455218032,-8.429783077278529,0.14342048580782457,0.08326747080286347,0.18218264732932524,0.18218264732932524,0.722947013211608,0.009999999999999787
3.1999999999999758,hold,1.0,1.0147790586798697,1.0149942190044765,-21.584115120616495,-8.42953549021522,0.1434204667205113,0.0835222279309915,0.18226353781264845,0.18226353781264845,0.7232680071930494,0.009999999999999787
3.2099999999999755,hold,1.0,1.0144795679780623,1.014685428388628,-21.57396783088097,-8.429286269238142,0.14342081326417053,0.08378627707994156,0.18234737869842307,0.18234737869842307,0.7236007091207265,0.009999999999999787
3.2199999999999753,hold,1.0,1.014177493667574,1.0143806675559957,-21.563823618056404,-8.429035235853165,0.14342162145395027,0.0840577654458395,0.182433581684363,0.182433581684363,0.7239427844617579,0.009999999999999787
3.229999999999975,hold,1.0,1.0138759354939695,1.0140778283187801,-21.553682467141186,-8.428782724183078,0.14342281717060476,0.08433631045757618,0.18252202529648962,0.18252202529648962,0.724293751176546,0.009999999999999787
3.239999999999975,hold,1.0,1.0135986609989855,1.0137903279269034,-21.543544124253486,-8.428528916025353,0.14342418322755068,0.08461441437838814,0.18261032885342582,0.18261032885342582,0.7246441621167691,0.009999999999999787
3.2499999999999747,hold,1.0,1.013332897684569,1.0135158697815028,-21.533408466069936,-8.428274111096405,0.14342566517814456,0.08488720032733871,0.1826969438479366,0.1826969438479366,0.7249878724124469,0.009999999999999787
3.2599999999999745,hold,1.0,1.013067273534975,1.013246712033586,-21.52327549492944,-8.428018345081906,0.14342741127890526,0.08515481739316413,0.1827819176186775,0.1827819176186775,0.7253250699153868,0.009999999999999787
3.2699999999999743,hold,1.0,1.012785154321974,1.0129697774066186,-21.513145383602044,-8.42776159238766,0.1434296685736825,0.08542434408701689,0.18286749773450964,0.18286749773450964,0.7256646735496414,0.009999999999999787
3.279999999999974,hold,1.0,1.0124936038698,1.0126840732845275,-21.503018223456724,-8.42750446905115,0.14343284571597875,0.08570202870557155,0.1829556681545931,0.1829556681545931,0.7260145561690202,0.009999999999999787
3.289999999999974,hold,1.0,1.0121771750142277,1.0123799343223476,-21.492894285213303,-8.427247246618077,0.1434379662099499,0.08599810223218979,0.18304967742076492,0.18304967742076492,0.7263876088125591,0.009999999999999787
3.2999999999999736,hold,1.0,1.0118240731434702,1.0120464176150212,-21.482774086048753,-8.42698314908721,0.14344495780555758,0.08632673295164757,0.18315402424680716,0.18315402424680716,0.726801683519076,0.009999999999999787
3.3099999999999734,hold,1.0,1.0116871246980934,1.0118308418648645,-21.47265508799753,-8.426723071837507,0.1434499023981007,0.08662064563024251,0.1832473474005146,0.1832473474005146,0.7271720134941055,0.009999999999999787
3.319999999999973,hold,1.0,1.0115813184021498,1.0116811277872357,-21.46253705718896,-8.42646395610603,0.14345291028712553,0.08685305691159578,0.18332114263056992,0.18332114263056992,0.7274648517086107,0.009999999999999787
3.329999999999973,hold,1.0,1.0113966391142277,1.011510434583431,-21.452420931147703,-8.426200388298728,0.14345447294252497,0.08704853890620333,0.1833832120734977,0.1833832120734977,0.7277111590218163,0.009999999999999787
3.3399999999999728,hold,1.0,1.0112885841375312,1.011377324315891,-21.442305753078863,-8.425938012682977,0.1434525371526723,0.08719556545293922,0.1834298959426173,0.1834298959426173,0.7278964124707036,0.009999999999999787
3.3499999999999726,hold,1.0,1.0112026070723097,1.0112724939697422,-21.43219130746553,-8.425677126297296,0.14344725572187506,0.08728962965530632,0.18345976320815288,0.18345976320815288,0.728014933365686,0.009999999999999787
3.3599999999999723,hold,1.0,1.01101942081125,1.0111206500746468,-21.422078686274588,-8.425415221958001,0.14344031204084304,0.08736721004328782,0.18348439653294477,0.18348439653294477,0.7281126846545427,0.009999999999999787
3.369999999999972,hold,1.0,1.0107447285157223,1.010895097139292,-21.411968878938982,-8.42515090571499,0.1434328785545019,0.0874721006235653,0.18351770138999446,0.18351770138999446,0.7282448467856923,0.009999999999999787
3.379999999999972,hold,1.0,1.0104791762983218,1.01064554463471,-21.401861732120686,-8.424886780161817,0.14342499377604084,0.08761325799776361,0.18356252167944992,0.18356252167944992,0.7284227050771822,0.009999999999999787
3.3899999999999717,hold,1.0,1.0101884249292867,1.0103712728114562,-21.39175753890889,-8.424622368199037,0.14341765686609032,0.08779840051012007,0.18362130812997335,0.18362130812997335,0.7286559846427514,0.009999999999999787
3.3999999999999715,hold,1.0,1.0098394615252269,1.0100521860397187,-21.381656952629783,-8.424356263413316,0.14341215237891572,0.08804462703320462,0.18369948997558316,0.18369948997558316,0.7289662300618379,0.009999999999999787
3.4099999999999713,hold,1.0,1.0094713369008896,1.0097036765564211,-21.371560170741105,-8.424088481048955,0.14340885187739996,0.08835769552295843,0.18379889548244976,0.18379889548244976,0.7293606963589276,0.009999999999999787
3.419999999999971,hold,1.0,1.0091384736479247,1.0093645548113233,-21.36146681172057,-8.42381959348903,0.14340747625505917,0.08872165471249388,0.1839144598043111,0.1839144598043111,0.7298192849377424,0.009999999999999787
3.429999999999971,hold,1.0,1.0088361007846018,1.0090474823952904,-21.351376562394933,-8.423549602739659,0.1434079181064447,0.08911690392302056,0.1840399593336375,0.1840399593336375,0.730317298943006,0.009999999999999787
3.4399999999999706,hold,1.0,1.0085526814482821,1.0087506018270855,-21.34128925389894,-8.423277494994355,0.1434101379837996,0.08952860201866447,0.18417068171296636,0.18417068171296636,0.7308360385435173,0.009999999999999787
3.4499999999999704,hold,1.0,1.0083034668352338,1.0084823208319744,-21.331204522768594,-8.423003233540385,0.1434135026871031,0.08994023661477445,0.1843013839299232,0.1843013839299232,0.7313546981346158,0.009999999999999787
3.45999999999997,hold,1.0,1.0081076304000682,1.0082575065728308,-21.321121790627977,-8.422727503524694,0.14341718496506245,0.09033044367448047,0.18442528247552106,0.18442528247552106,0.7318463590298455,0.009999999999999787
3.46999999999997,hold,1.0,1.007930396579555,1.0080612405768652,-21.311040876369532,-8.422449661762734,0.14342078163273853,0.09068980908407705,0.18453938818037616,0.18453938818037616,0.7322991594459372,0.009999999999999787
3.47999999999997,hold,1.0,1.0077598862670898,1.007880427991,-21.300961710620562,-8.42216951887961,0.14342400482290601,0.09101760746115409,0.18464347072106566,0.18464347072106566,0.7327121854010542,0.009999999999999787
3.4899999999999696,hold,1.0,1.007604798041586,1.0077150500213516,-21.29088411997045,-8.421887349909111,0.14342639771844715,0.09131316038064063,0.18473731468406104,0.18473731468406104,0.7330845820796074,0.009999999999999787
3.4999999999999694,hold,1.0,1.0074582924577393,1.0075609954831841,-21.280808021076936,-8.421602915976832,0.14342775353495582,0.09157801654400004,0.1848214118130509,0.1848214118130509,0.73341830084544,0.009999999999999787
3.509999999999969,hold,1.0,1.007293854941286,1.0074007111580452,-21.27073359580884,-8.421316330491477,0.14342815400082973,0.09182272662025459,0.18489911215646326,0.18489911215646326,0.7337266355415208,0.009999999999999787
3.519999999999969,hold,1.0,1.0071126155206664,1.007227853775618,-21.260661035387237,-8.421027036542384,0.1434277904303792,0.09205916840275043,0.18497418715124134,0.18497418715124134,0.7340245521874657,0.009999999999999787
3.5299999999999687,hold,1.0,1.006920366385587,1.0070433613415994,-21.250590435694516,-8.420735739486735,0.1434267590424679,0.09229643030451774,0.1850495225502905,0.1850495225502905,0.7343235021836925,0.009999999999999787
3.5399999999999685,hold,1.0,1.0067234368863531,1.0068514066684517,-21.24052186217292,-8.42044204425722,0.1434252851912996,0.09253963204667441,0.1851267439674601,0.1851267439674601,0.7346299363788099,0.009999999999999787
3.5499999999999683,hold,1.0,1.0065131719021823,1.00664846580869,-21.230455455673845,-8.420146019444442,0.1434236468324474,0.09279480695369309,0.18520776710393663,0.18520776710393663,0.7349514567616533,0.009999999999999787
3.559999999999968,hold,1.0,1.006302168525869,1.0064406874389975,-21.22039122622927,-8.41984783111359,0.1434220732664462,0.09306356904643272,0.18529310444362335,0.18529310444362335,0.7352900969985053,0.009999999999999787
3.569999999999968,hold,1.0,1.0060903315697178,1.0062304739174297,-21.210329199399748,-8.41954706172863,0.14342075485279268,0.09334595814259021,0.18538276862943526,0.18538276862943526,0.7356459072596637,0.009999999999999787
3.5799999999999677,hold,1.0,1.005889158427924,1.0060256846237263,-21.200269256489456,-8.419244218890082,0.1434197678901667,0.0936378183742255,0.18547544009018407,0.18547544009018407,0.7360136511515241,0.009999999999999787
3.5899999999999674,hold,1.0,1.0056924142910162,1.0058257224241003,-21.19021136354055,-8.41893893229616,0.14341911777268893,0.09393610654396757,0.1855701525498406,0.1855701525498406,0.7363894942453992,0.009999999999999787
3.5999999999999672,hold,1.0,1.0055055666606605,1.0056336289660364,-21.180155409361095,-8.418631579520559,0.14341874418047043,0.09423672702285672,0.18566560556429748,0.18566560556429748,0.7367682760487996,0.009999999999999787
3.609999999999967,hold,1.0,1.00533161454873,1.0054524203156525,-21.170101273204537,-8.418321928787815,0.14341869450937733,0.09453473463116115,0.1857602289400863,0.1857602289400863,0.7371437656352632,0.009999999999999787
3.619999999999967,hold,1.0,1.0051524329226635,1.0052724278798593,-21.160048998565973,-8.41801018556636,0.14341885217450892,0.0948312697287445,0.185854384764271,0.185854384764271,0.7375173998582182,0.009999999999999787
3.6299999999999666,hold,1.0,1.00499968186592,1.0051087802714957,-21.149998311842275,-8.41769644799098,0.1434189990779882,0.09511914228212666,0.18594579005742087,0.18594579005742087,0.7378801192754797,0.009999999999999787
3.6399999999999664,hold,1.0,1.004840509913177,1.0049478180565043,-21.139949273587142,-8.417380876043518,0.1434191330692166,0.09539979364795231,0.18603490247909785,0.18603490247909785,0.7382337399964201,0.009999999999999787
3.649999999999966,hold,1.0,1.004676201815731,1.0047848483120403,-21.12990194306001,-8.417063174880784,0.14341920542648046,0.09567686882750558,0.18612287939010957,0.18612287939010957,0.7385828547226571,0.009999999999999787
3.659999999999966,hold,1.0,1.0045210725434477,1.0046265828508847,-21.11985621436562,-8.416743680430827,0.14341905421367582,0.09594970705468216,0.18620951098400268,0.18620951098400268,0.7389266308888995,0.009999999999999787
3.6699999999999657,hold,1.0,1.0043651024786608,1.0044696946275504,-21.10981209607389,-8.41642242980837,0.14341869563749512,0.09621952675595105,0.1862951841355496,0.1862951841355496,0.7392666037124984,0.009999999999999787
3.6799999999999655,hold,1.0,1.0042069886209248,1.0043120710235751,-21.099769608348712,-8.416099439190855,0.14341808299470346,0.0964884232827001,0.18638056416072296,0.18638056416072296,0.7396054133362022,0.009999999999999787
3.6899999999999653,hold,1.0,1.0040514708451267,1.004155710916506,-21.089728722502663,-8.415774892007798,0.14341729015198224,0.09675700866421628,0.18646584539106198,0.18646584539106198,0.7399438309169126,0.009999999999999787
3.699999999999965,hold,1.0,1.0038908629345968,1.0039968021273604,-21.079689494554422,-8.415448689435717,0.14341637696252235,0.09702780319520658,0.18655182807054202,0.18655182807054202,0.7402850320259604,0.009999999999999787
3.709999999999965,hold,1.0,1.0037286204118807,1.0038358930980724,-21.069651935823995,-8.415121053218092,0.1434153898777012,0.09730254753577638,0.18663906489355975,0.18663906489355975,0.7406312098950784,0.009999999999999787
3.7199999999999647,hold,1.0,1.0035693083940067,1.003675942275633,-21.059616021224343,-8.414791887738502,0.14341436828972678,0.09758106544655083,0.18672749990058884,0.18672749990058884,0.7409821424626541,0.009999999999999787
3.7299999999999645,hold,1.0,1.0034197163651286,1.0035222067293303,-21.049581648363535,-8.414461471710203,0.14341342188611989,0.09786039669651285,0.18681619315907677,0.18681619315907677,0.7413340998376062,0.009999999999999787
3.7399999999999642,hold,1.0,1.0032657553011612,1.003368335872429,-21.0395488729771,-8.41412951224331,0.14341265532573147,0.09814152715781936,0.1869054577031508,0.1869054577031508,0.7416883242188524,0.009999999999999787
3.749999999999964,hold,1.0,1.0031176352926927,1.0032179155245873,-21.029517632233777,-8.413796099644525,0.14341201951599905,0.0984233280618529,0.18699493512619955,0.18699493512619955,0.7420433933579347,0.009999999999999787
3.759999999999964,hold,1.0,1.0029779780075794,1.0030739530143826,-21.01948782468056,-8.413461777179913,0.14341151386930956,0.0987032633193671,0.18708382016916547,0.18708382016916547,0.7423961117824026,0.009999999999999787
3.7699999999999636,hold,1.0,1.0028419628794896,1.0029347589334467,-21.009459430945718,-8.413126094606984,0.14341124440542682,0.09898016268757848,0.18717174125655994,0.18717174125655994,0.742745004986349,0.009999999999999787
3.7799999999999634,hold,1.0,1.0027054590405682,1.0027971789977197,-20.999432452221097,-8.412789185043827,0.14341122773643417,0.09925474413522742,0.18725892635781743,0.18725892635781743,0.7430909776103867,0.009999999999999787
3.789999999999963,hold,1.0,1.0025757641287418,1.002664330076333,-20.98940681881305,-8.412450987194415,0.1434113593199465,0.09952590321330446,0.18734502478828843,0.18734502478828843,0.7434326380487636,0.009999999999999787
3.799999999999963,hold,1.0,1.0024556413950059,1.0025391168675366,-20.979382426268803,-8.412111645714392,0.143411508101435,0.09979116923193779,0.1874292520545249,0.1874292520545249,0.7437668732322417,0.009999999999999787
3.8099999999999627,hold,1.0,1.0023362750436497,1.0024174117732045,-20.969359267748967,-8.411771170234035,0.143411700081786,0.10005072045423935,0.1875116647586301,0.1875116647586301,0.7440939077723416,0.009999999999999787
3.8199999999999625,hold,1.0,1.0022175531035031,1.0022974965713836,-20.959337338729163,-8.411429557069718,0.14341199272109534,0.10030559418264239,0.18759259226487263,0.18759259226487263,0.7444150486701294,0.009999999999999787
3.8299999999999623,hold,1.0,1.0020914326817913,1.0021738582376283,-20.949316718686074,-8.41108660984021,0.14341235913703082,0.10055955719792421,0.1876732306014849,0.1876732306014849,0.7447350420693846,0.009999999999999787
3.839999999999962,hold,1.0,1.0019809254644378,1.002058098573714,-20.939297240653378,-8.410742526064913,0.14341266451953816,0.10080944202268043,0.1877525740310415,0.1877525740310415,0.7450498969485774,0.009999999999999787
3.849999999999962,hold,1.0,1.001876277953745,1.0019490062017327,-20.92927884644568,-8.410397238201975,0.14341285021759137,0.1010533076114794,0.18783000623279694,0.18783000623279694,0.745357167590464,0.009999999999999787
3.8599999999999617,hold,1.0,1.0017677563634406,1.0018402562987574,-20.919261587413523,-8.410050446035346,0.14341299929542234,0.10129293823719822,0.1879060937490752,0.1879060937490752,0.7456591021788698,0.009999999999999787
3.8699999999999615,hold,1.0,1.0016621181821121,1.0017333734287703,-20.90924542609607,-8.409702392745675,0.1434130859060886,0.10152894327912504,0.1879810300699878,0.1879810300699878,0.7459564685316976,0.009999999999999787
3.8799999999999613,hold,1.0,1.0015599652995164,1.0016293285512181,-20.899230335108815,-8.409352921096557,0.14341318139271267,0.10176127770815555,0.1880548008978936,0.1880548008978936,0.7462492099122762,0.009999999999999787
3.889999999999961,hold,1.0,1.0014547651905372,1.0015245905348096,-20.88921633969722,-8.409002229063336,0.14341332346626037,0.10199177479029999,0.18812798833141606,0.18812798833141606,0.746539636235778,0.009999999999999787
3.899999999999961,hold,1.0,1.0013512709615662,1.0014205987908635,-20.87920343511692,-8.408649990138747,0.14341355887420226,0.102221135905283,0.18820081507264547,0.18820081507264547,0.7468286312406566,0.009999999999999787
3.9099999999999606,hold,1.0,1.0012493116072476,1.001317826480694,-20.869191600107555,-8.408296332758109,0.1434138322188077,0.10244966379167413,0.1882733772471324,0.1882733772471324,0.7471165763775095,0.009999999999999787
3.9199999999999604,hold,1.0,1.0011618251048486,1.0012242256551867,-20.859180697668194,-8.407940999793272,0.14341411824414965,0.10267333775706855,0.18834439820462442,0.18834439820462442,0.7473984055739065,0.009999999999999787
3.92999999999996,hold,1.0,1.001075314476328,1.0011348789478713,-20.849170710912915,-8.40758423627018,0.1434144411420832,0.10289150783821147,0.1884136715687889,0.1884136715687889,0.7476732998761465,0.009999999999999787
3.93999999999996,hold,1.0,1.000994834319954,1.001050852171121,-20.839161589564977,-8.407225738765229,0.14341479157506332,0.10310305407605214,0.1884808417302281,0.1884808417302281,0.7479398481358258,0.009999999999999787
3.9499999999999598,hold,1.0,1.0009075896578754,1.0009648946631737,-20.82915339677028,-8.406865606909015,0.1434151149716651,0.1033109223678786,0.18854684407024883,0.18854684407024883,0.7482017621835271,0.009999999999999787
3.9599999999999596,hold,1.0,1.0008322286444147,1.0008852950519183,-20.819146015147194,-8.406503747428523,0.14341534475628803,0.10351304853071924,0.188611023169474,0.188611023169474,0.7484564411487064,0.009999999999999787
3.9699999999999593,hold,1.0,1.000755582922373,1.0008074677741912,-20.80913946036314,-8.406140066467819,0.14341544509706733,0.10371018998921232,0.18867361952537473,0.18867361952537473,0.7487048393864076,0.009999999999999787
3.979999999999959,hold,1.0,1.0006895352476062,1.0007367082582403,-20.799133633763976,-8.405774413002993,0.14341546945350264,0.10390010722262112,0.18873392204532669,0.18873392204532669,0.7489441351005027,0.009999999999999787
3.989999999999959,hold,1.0,1.000611080485045,1.0006613315943231,-20.789128664460435,-8.405406784012513,0.14341555167671205,0.1040872105667362,0.18879333109915009,0.18879333109915009,0.7491798853140876,0.009999999999999787
3.9999999999999587,hold,1.0,1.0005304562080386,1.0005828063625524,-20.77912456897607,-8.405037354379434,0.14341571183823626,0.10427427491986535,0.18885272777255566,0.18885272777255566,0.7494155863990304,0.009999999999999787
4.009999999999959,hold,1.0,1.0004485335665623,1.0005022426849584,-20.769121372866422,-8.404665776732138,0.14341595691232747,0.10446294832534361,0.18891263535226313,0.18891263535226313,0.749653314889933,0.010000000000000231
4.019999999999959,hold,1.0,1.0003748338106035,1.0004257973603454,-20.75911898254293,-8.404292296569883,0.1434161958531005,0.10465126959959942,0.1889724311232648,0.1889724311232648,0.7498905996954953,0.009999999999999787
4.0299999999999585,hold,1.0,1.0003121732925775,1.0003576229196847,-20.749117287293274,-8.403916888227439,0.14341638477129043,0.10483541936323515,0.18903090235621445,0.18903090235621445,0.7501226283976764,0.009999999999999787
4.039999999999958,hold,1.0,1.0002498207214536,1.0002929416007462,-20.73911628661427,-8.403539500058654,0.14341653224535417,0.10501484031933801,0.18908787209819622,0.18908787209819622,0.750348698802366,0.009999999999999787
4.049999999999958,coast,1.0,1.0001810221448901,1.0002257899272327,-20.72911604245052,-8.403160277179698,0.14341670401849824,0.0,0.0,0.0,0.0,0.009999999999999787
4.059999999999958,coast,1.0,1.0062713659544784,1.0038531355435802,-20.719055636434174,-8.402778327479869,0.14342473680475334,0.0,0.0,0.0,0.0,0.009999999999999787
4.069999999999958,coast,1.0,1.0098211771136505,1.0074339604856224,-20.708960923190347,-8.402393737748557,0.14344201132271245,0.0,0.0,0.0,0.0,0.009999999999999787
4.079999999999957,coast,1.0,1.0080886119266022,1.0078267513502102,-20.698884690401563,-8.402008405270431,0.14346544415656495,0.0,0.0,0.0,0.0,0.009999999999999787
4.089999999999957,coast,1.0,1.0016039092029334,1.004093046061844,-20.688874190102286,-8.401623781262588,0.14349081709590145,0.0,0.0,0.0,0.0,0.009999999999999787
4.099999999999957,coast,1.0,0.9913261920634934,0.9964329336628337,-20.67896698321649,-8.401241869225231,0.14351392521779271,0.0,0.0,0.0,0.0,0.009999999999999787
4.109999999999957,coast,1.0,0.9785707431139214,0.9857156193334864,-20.669187530228335,-8.400864016448358,0.14353140368877854,0.0,0.0,0.0,0.0,0.009999999999999787
4.119999999999957,coast,1.0,0.9648319585287062,0.9731854228506183,-20.65954543766986,-8.400490760436009,0.14354149629646962,0.0,0.0,0.0,0.0,0.009999999999999787
4.129999999999956,coast,1.0,0.9514987033868666,0.9601733911723673,-20.650036468543302,-8.400122201748793,0.143543432397746,0.0,0.0,0.0,0.0,0.009999999999999787
4.139999999999956,coast,1.0,0.9396973291346818,0.9478877539497561,-20.64064513995667,-8.39975867020384,0.1435381871234294,0.0,0.0,0.0,0.0,0.009999999999999787
4.149999999999956,coast,1.0,0.9301303395016401,0.9372333052808866,-20.631349007091753,-8.399399675681579,0.14352801491079528,0.0,0.0,0.0,0.0,0.009999999999999787
4.159999999999956,coast,1.0,0.9230295732285521,0.928711066049486,-20.62212335304963,-8.399045034421329,0.14351569095145228,0.0,0.0,0.0,0.0,0.009999999999999787
4.1699999999999555,coast,1.0,0.9181981795390349,0.9224033341432153,-20.612945587236908,-8.398692488614746,0.14350404701617142,0.0,0.0,0.0,0.0,0.009999999999999787
4.179999999999955,coast,1.0,0.915161303279094,0.9180581156247425,-20.603797840439807,-8.39834208476821,0.14349436611141947,0.0,0.0,0.0,0.0,0.009999999999999787
4.189999999999955,coast,1.0,0.913206407432117,0.9151470907091672,-20.59466935119567,-8.397995795708125,0.14348719021084044,0.0,0.0,0.0,0.0,0.009999999999999787
4.199999999999955,coast,1.0,0.9114494032905351,0.9129284782579881,-20.58555835856736,-8.397652640574298,0.1434837537048657,0.0,0.0,0.0,0.0,0.009999999999999787
4.209999999999955,coast,1.0,0.909168228114959,0.9106723281721707,-20.576470279321295,-8.397312215897648,0.14348468695064623,0.0,0.0,0.0,0.0,0.009999999999999787
4.2199999999999545,coast,1.0,0.9058545997753232,0.9077816911340622,-20.56741553490073,-8.396974585418684,0.14348975862108948,0.0,0.0,0.0,0.0,0.009999999999999787
4.229999999999954,coast,1.0,0.9012458645862855,0.9038601952053962,-20.558407123372582,-8.396639176488852,0.1434978328740612,0.0,0.0,0.0,0.0,0.009999999999999787
4.239999999999954,coast,1.0,0.8953891353777735,0.8987775593088226,-20.549457389349723,-8.396308261472525,0.14350629428376013,0.0,0.0,0.0,0.0,0.009999999999999787
4.249999999999954,coast,1.0,0.8884242608670312,0.8925655802437478,-20.54057733359854,-8.395982365977831,0.14351345593453668,0.0,0.0,0.0,0.0,0.009999999999999787
4.259999999999954,coast,1.0,0.8806432428821696,0.8854121778268009,-20.531775093980183,-8.395660528566605,0.1435187160954396,0.0,0.0,0.0,0.0,0.009999999999999787
4.269999999999953,coast,1.0,0.8724713976926877,0.877647709746333,-20.523054512111422,-8.395342808131414,0.14352174090511657,0.0,0.0,0.0,0.0,0.009999999999999787
4.279999999999953,coast,1.0,0.8643284839709043,0.8696561742810758,-20.514415245354066,-8.3950290745005,0.14352264171000645,0.0,0.0,0.0,0.0,0.009999999999999787
4.289999999999953,coast,1.0,0.8565615314845191,0.8617993886031419,-20.50585349648933,-8.394719123886961,0.1435219386472328,0.0,0.0,0.0,0.0,0.009999999999999787
4.299999999999953,coast,1.0,0.8494054660272344,0.8543630350575974,-20.49736314565246,-8.394412485926505,0.1435203987166159,0.0,0.0,0.0,0.0,0.009999999999999787
4.3099999999999525,coast,1.0,0.8429564658727163,0.8475190935466688,-20.488937099608414,-8.39410955182745,0.1435189079579262,0.0,0.0,0.0,0.0,0.009999999999999787
4.319999999999952,coast,1.0,0.8372149715653388,0.8413366203578707,-20.480568324719062,-8.39380919779924,0.1435177569053875,0.0,0.0,0.0,0.0,0.009999999999999787
4.329999999999952,coast,1.0,0.8320698557483053,0.8357765615921315,-20.472250856836453,-8.39351158205427,0.14351658371863002,0.0,0.0,0.0,0.0,0.009999999999999787
4.339999999999952,coast,1.0,0.827294764580127,0.8306874833849287,-20.46398107743671,-8.393215198944677,0.14351530379227778,0.0,0.0,0.0,0.0,0.009999999999999787
4.349999999999952,coast,1.0,0.8225936519549326,0.825831184526931,-20.45575826031586,-8.392921054765704,0.14351456002504986,0.0,0.0,0.0,0.0,0.009999999999999787
4.3599999999999515,coast,1.0,0.8177531613061662,0.8209843705944722,-20.447583872259564,-8.39262845498295,0.14351488547142935,0.0,0.0,0.0,0.0,0.009999999999999787
4.369999999999951,coast,1.0,0.8126122006796294,0.8159610686455665,-20.439460940507438,-8.39233771798828,0.14351655714604514,0.0,0.0,0.0,0.0,0.009999999999999787
4.379999999999951,coast,1.0,0.8071262273217183,0.8106601638512576,-20.431392936416263,-8.392048122478254,0.14351852886487104,0.0,0.0,0.0,0.0,0.009999999999999787
4.389999999999951,coast,1.0,0.8013596166992729,0.8050798355600668,-20.423382553509466,-8.391761684828227,0.1435186326526393,0.0,0.0,0.0,0.0,0.009999999999999787
4.399999999999951,coast,1.0,0.795254760603786,0.7991847905862983,-20.415433199593192,-8.391477593188764,0.14351666140098687,0.0,0.0,0.0,0.0,0.009999999999999787
4.40999999999995,coast,1.0,0.7888344065478451,0.7929745601632263,-20.407548050910094,-8.391195496329821,0.14351342455488106,0.0,0.0,0.0,0.0,0.009999999999999787
4.41999999999995,coast,1.0,0.7822284040959329,0.7865268665228502,-20.39972898945232,-8.390914731435966,0.14350971427848336,0.0,0.0,0.0,0.0,0.009999999999999787
4.42999999999995,coast,1.0,0.7755764425621758,0.7799566121464456,-20.391976454564166,-8.390635778900364,0.1435062895533437,0.0,0.0,0.0,0.0,0.009999999999999787
4.43999999999995,coast,1.0,0.76899461879601,0.7733794161361843,-20.384289783074898,-8.390357505488163,0.1435038292613481,0.0,0.0,0.0,0.0,0.009999999999999787
4.4499999999999496,coast,1.0,0.7626058606750582,0.7669152828595087,-20.376666998703115,-8.39008071476253,0.14350223797402922,0.0,0.0,0.0,0.0,0.009999999999999787
4.459999999999949,coast,1.0,0.7564546339162525,0.760638893493555,-20.369105713267157,-8.389805432416498,0.14350135132009106,0.0,0.0,0.0,0.0,0.009999999999999787
4.469999999999949,coast,1.0,0.7505010748332935,0.7545562022973982,-20.361603965756267,-8.389531410877977,0.14350160524657873,0.0,0.0,0.0,0.0,0.009999999999999787
4.479999999999949,coast,1.0,0.7447142134246133,0.7486510089737273,-20.35416016643583,-8.389256668415962,0.14350307044721267,0.0,0.0,0.0,0.0,0.009999999999999787
4.489999999999949,coast,1.0,0.7391068310769727,0.7429245022356745,-20.346772425613512,-8.388983291530412,0.1435046232019182,0.0,0.0,0.0,0.0,0.009999999999999787
4.4999999999999485,coast,1.0,0.7335543734834609,0.7373024249843463,-20.3394402070037,-8.388711046405138,0.14350602790591427,0.0,0.0,0.0,0.0,0.009999999999999787
4.509999999999948,coast,1.0,0.7279635768939009,0.731699116130079,-20.332163911792705,-8.388439854810931,0.14350752749852524,0.0,0.0,0.0,0.0,0.009999999999999787
4.519999999999948,coast,1.0,0.722280062783128,0.7260476841219083,-20.324944492934296,-8.388169341761735,0.14350930046520854,0.0,0.0,0.0,0.0,0.009999999999999787
4.529999999999948,coast,1.0,0.7164808112786542,0.7203075604159559,-20.317783132016523,-8.387898982998994,0.14351131625964003,0.0,0.0,0.0,0.0,0.009999999999999787
4.539999999999948,coast,1.0,0.7106000968525247,0.7144830822778971,-20.310680614122838,-8.387629255377334,0.14351290560690627,0.0,0.0,0.0,0.0,0.009999999999999787
4.549999999999947,coast,1.0,0.7046039611582451,0.7085556096061059,-20.303638049488335,-8.38736124574326,0.14351387320976652,0.0,0.0,0.0,0.0,0.009999999999999787
4.559999999999947,coast,1.0,0.6985309935979302,0.7025408400012005,-20.296656266455003,-8.38709339838282,0.14351441908370594,0.0,0.0,0.0,0.0,0.009999999999999787
4.569999999999947,coast,1.0,0.6924321431193663,0.6964756218721,-20.28973545309248,-8.38682716885691,0.1435139237944455,0.0,0.0,0.0,0.0,0.009999999999999787
4.579999999999947,coast,1.0,0.6863007116074133,0.690370675713288,-20.282875938675488,-8.38656256091906,0.1435127295588891,0.0,0.0,0.0,0.0,0.009999999999999787
4.589999999999947,coast,1.0,0.6801894434144679,0.6842619363339959,-20.27607753100711,-8.386299421650468,0.1435112097963111,0.0,0.0,0.0,0.0,0.009999999999999787
4.599999999999946,coast,1.0,0.6740965648696058,0.6781627134553618,-20.269340043325325,-8.386038088313583,0.1435099987757027,0.0,0.0,0.0,0.0,0.009999999999999787
4.609999999999946,coast,1.0,0.6680395876843025,0.6720888379927262,-20.262663132062283,-8.385778362400686,0.14350960518573866,0.0,0.0,0.0,0.0,0.009999999999999787
4.619999999999946,coast,1.0,0.662047604262719,0.6660640977547219,-20.256046182220697,-8.385519441855548,0.14351035303459336,0.0,0.0,0.0,0.0,0.009999999999999787
4.629999999999946,coast,1.0,0.6561451548701421,0.660112732023974,-20.249488234553137,-8.385262773670002,0.14351180555282875,0.0,0.0,0.0,0.0,0.009999999999999787
4.6399999999999455,coast,1.0,0.6502761120296932,0.6542107600274054,-20.242988950280424,-8.38500853950698,0.14351400804885164,0.0,0.0,0.0,0.0,0.009999999999999787
4.649999999999945,coast,1.0,0.6443958495241049,0.6483218137254251,-20.236548466202482,-8.384756128371693,0.14351693052746295,0.0,0.0,0.0,0.0,0.009999999999999787
4.659999999999945,coast,1.0,0.6385825250502485,0.6424782405203191,-20.230166088719407,-8.384505815318034,0.14351984238466348,0.0,0.0,0.0,0.0,0.009999999999999787
4.669999999999945,coast,1.0,0.632739654196232,0.6366350887258669,-20.223842086887153,-8.384258116387588,0.14352227651696406,0.0,0.0,0.0,0.0,0.009999999999999787
4.679999999999945,coast,1.0,0.6268918357409843,0.6307891369349373,-20.217576494179088,-8.384013298877655,0.1435238468413256,0.0,0.0,0.0,0.0,0.009999999999999787
4.689999999999944,coast,1.0,0.6210105766844128,0.6249220007846226,-20.21136965022857,-8.38377124023999,0.14352450059236135,0.0,0.0,0.0,0.0,0.009999999999999787
4.699999999999944,coast,1.0,0.6150960329327994,0.6190264200735287,-20.205221893046485,-8.383531856902966,0.14352429510690676,0.0,0.0,0.0,0.0,0.009999999999999787
4.709999999999944,coast,1.0,0.6091191380586488,0.6130820508646008,-20.199133835545904,-8.383295671983959,0.1435236485908892,0.0,0.0,0.0,0.0,0.009999999999999787
4.719999999999944,coast,1.0,0.6031064536461929,0.607096692533556,-20.193105883965554,-8.38306161425133,0.1435229838548823,0.0,0.0,0.0,0.0,0.009999999999999787
4.729999999999944,coast,1.0,0.597109644688855,0.6011044638267353,-20.187137831434782,-8.382830849350826,0.14352217727355948,0.0,0.0,0.0,0.0,0.009999999999999787
4.739999999999943,coast,1.0,0.5910983988305352,0.5951008248290153,-20.181229842336897,-8.382602980449652,0.14352152691551584,0.0,0.0,0.0,0.0,0.009999999999999787
4.749999999999943,coast,1.0,0.585099492986407,0.5891000257234502,-20.175381801507207,-8.382377939630082,0.1435213750022799,0.0,0.0,0.0,0.0,0.009999999999999787
4.759999999999943,coast,1.0,0.5790890154463525,0.5830934195571915,-20.169593832740603,-8.382155626551953,0.14352196082454488,0.0,0.0,0.0,0.0,0.009999999999999787
4.769999999999943,coast,1.0,0.5731454599060801,0.5771246437665247,-20.163865353105557,-8.381933332407868,0.14352257805369711,0.0,0.0,0.0,0.0,0.009999999999999787
4.7799999999999425,coast,1.0,0.567357755281769,0.5712645106756713,-20.1581945790095,-8.38171570652403,0.14352088799973042,0.0,0.0,0.0,0.0,0.009999999999999787
4.789999999999942,coast,1.0,0.5615900754320542,0.565459849529501,-20.15258133106765,-8.381502015044365,0.1435164367394163,0.0,0.0,0.0,0.0,0.009999999999999787
4.799999999999942,coast,1.0,0.5557743571686925,0.5596485541130158,-20.14702616783402,-8.381290896650484,0.143510332031426,0.0,0.0,0.0,0.0,0.009999999999999787
4.809999999999942,coast,1.0,0.5498974006066487,0.5537978620091956,-20.14152974751132,-8.38108183261021,0.14350370791817696,0.0,0.0,0.0,0.0,0.009999999999999787
4.819999999999942,coast,1.0,0.5439365769234236,0.5478810909577323,-20.13609292220384,-8.38087514919187,0.1434977370876301,0.0,0.0,0.0,0.0,0.009999999999999787
4.8299999999999415,coast,1.0,0.537893745756469,0.5418886838369743,-20.130716557411013,-8.380670178680067,0.14349337879274887,0.0,0.0,0.0,0.0,0.009999999999999787
4.839999999999941,coast,1.0,0.5318461435592601,0.5358631596703458,-20.125400705057185,-8.38046692888709,0.14349093328325016,0.0,0.0,0.0,0.0,0.009999999999999787
4.849999999999941,coast,1.0,0.5258414117981427,0.529850110947024,-20.120144858710812,-8.380267079878099,0.14348985537251613,0.0,0.0,0.0,0.0,0.009999999999999787
4.859999999999941,coast,1.0,0.5198152378631772,0.5238291870967159,-20.11494930708674,-8.380068763696528,0.14349035913998207,0.0,0.0,0.0,0.0,0.009999999999999787
4.869999999999941,coast,1.0,0.5137973963269833,0.5178101126348763,-20.109813950018708,-8.379872327819463,0.14349234579808307,0.0,0.0,0.0,0.0,0.009999999999999787
4.87999999999994,coast,1.0,0.5078084910274837,0.5118091396704407,-20.104738475257435,-8.379678192420473,0.1434955588645928,0.0,0.0,0.0,0.0,0.009999999999999787
4.88999999999994,coast,1.0,0.5018402632716116,0.5058278138311432,-20.09972268552314,-8.379485849467708,0.14349957410322087,0.0,0.0,0.0,0.0,0.009999999999999787
4.89999999999994,coast,1.0,0.49591024214278673,0.49987727081812927,-20.09476616340182,-8.379295916194307,0.1435038630513648,0.0,0.0,0.0,0.0,0.009999999999999787
4.90999999999994,coast,1.0,0.49000527460847326,0.49395407309233563,-20.089868646728235,-8.379108447013783,0.14350797673547183,0.0,0.0,0.0,0.0,0.009999999999999787
4.9199999999999395,coast,1.0,0.4841116005684563,0.488048589578008,-20.085030045309832,-8.378922726930638,0.14351168490967683,0.0,0.0,0.0,0.0,0.009999999999999787
4.929999999999939,coast,1.0,0.4781974812832642,0.4821379246011617,-20.080250560947185,-8.37873875038032,0.143514805702257,0.0,0.0,0.0,0.0,0.009999999999999787
4.939999999999939,coast,1.0,0.4723064703048745,0.4762390520233894,-20.075529953547218,-8.378556688421138,0.14351720533679865,0.0,0.0,0.0,0.0,0.009999999999999787
4.949999999999939,coast,1.0,0.4664005482125225,0.47033594973686926,-20.07086835149588,-8.378377068287195,0.14351882050089454,0.0,0.0,0.0,0.0,0.009999999999999787
4.959999999999939,coast,1.0,0.4604842993084615,0.46442495947982465,-20.066265862685388,-8.378199776050119,0.14351963322308692,0.0,0.0,0.0,0.0,0.009999999999999787
4.9699999999999385,coast,1.0,0.4545676521137133,0.45851057506015785,-20.061722498275575,-8.378024685642114,0.14351973662437573,0.0,0.0,0.0,0.0,0.009999999999999787
4.979999999999938,coast,1.0,0.4486494600815476,0.4525939060729917,-20.05723829560473,-8.37785129978431,0.1435192557463282,0.0,0.0,0.0,0.0,0.009999999999999787
4.989999999999938,coast,1.0,0.44274937715324925,0.4466871887211462,-20.052813038845706,-8.377680370254549,0.14351790096693234,0.0,0.0,0.0,0.0,0.009999999999999787
4.999999999999938,coast,1.0,0.436833881850213,0.44077520459858627,-20.04844688775293,-8.37751194479919,0.14351600097625763,0.0,0.0,0.0,0.0,0.009999999999999787
5.009999999999938,coast,1.0,0.43088911713500344,0.43484355212043657,-20.044140161686833,-8.377345650948815,0.14351412458433563,0.0,0.0,0.0,0.0,0.009999999999999787
5.019999999999937,coast,1.0,0.4249287857460589,0.42889469229581,-20.039893029997465,-8.377181378710452,0.14351272340570534,0.0,0.0,0.0,0.0,0.009999999999999787
5.029999999999937,coast,1.0,0.41895842277247436,0.42293293058180864,-20.035705593472454,-8.37701926984057,0.14351209147156996,0.0,0.0,0.0,0.0,0.009999999999999787
5.039999999999937,coast,1.0,0.4129894612112898,0.4169668489594973,-20.03157784085898,-8.376859340816305,0.1435124150155011,0.0,0.0,0.0,0.0,0.009999999999999787
5.049999999999937,coast,1.0,0.40702161201904374,0.4109997067952252,-20.027509761157937,-8.376701599055702,0.14351373762691205,0.0,0.0,0.0,0.0,0.009999999999999787
5.0599999999999365,coast,1.0,0.40106355374370445,0.40503801496431274,-20.02350125586715,-8.376545984894017,0.14351594718372654,0.0,0.0,0.0,0.0,0.009999999999999787
5.069999999999936,coast,1.0,0.39513947262465576,0.39909888956051853,-20.019551987719357,-8.37639210230543,0.14351847091420022,0.0,0.0,0.0,0.0,0.009999999999999787
5.079999999999936,coast,1.0,0.3892665466558853,0.39319948381773856,-20.01566138834149,-8.376240854113231,0.14352027228321,0.0,0.0,0.0,0.0,0.009999999999999787
5.089999999999936,coast,1.0,0.3833966124612946,0.38731776100387216,-20.011829430416405,-8.376092089230227,0.14352117168056058,0.0,0.0,0.0,0.0,0.009999999999999787
5.099999999999936,coast,1.0,0.37751122834625056,0.3814338414092992,-20.008056295639484,-8.375945190496576,0.1435212978446371,0.0,0.0,0.0,0.0,0.009999999999999787
5.1099999999999355,coast,1.0,0.37163595873768834,0.3755551118063327,-20.004341885026374,-8.375799919764825,0.14352029800245586,0.0,0.0,0.0,0.0,0.009999999999999787
5.119999999999935,coast,1.0,0.36577467201019886,0.36968684792865236,-20.000686002678577,-8.375657515476451,0.14351774264804587,0.0,0.0,0.0,0.0,0.009999999999999787
5.129999999999935,coast,1.0,0.3598798035919872,0.36380262132665325,-19.997089021715603,-8.375517376763042,0.1435142561415053,0.0,0.0,0.0,0.0,0.009999999999999787
5.139999999999935,coast,1.0,0.35393939467947017,0.3578846853383434,-19.99355142231672,-8.375379289632804,0.14351059042917996,0.0,0.0,0.0,0.0,0.009999999999999787
5.149999999999935,coast,1.0,0.34796343701935806,0.3519319363469522,-19.990073572958817,-8.375243294010716,0.1435074306870308,0.0,0.0,0.0,0.0,0.009999999999999787
5.159999999999934,coast,1.0,0.34196870069784463,0.34595399495748763,-19.9866556799677,-8.375109195304068,0.14350531989266327,0.0,0.0,0.0,0.0,0.009999999999999787
5.169999999999934,coast,1.0,0.3359986953951658,0.33998081522009455,-19.98329750130028,-8.374976664971795,0.14350394796515098,0.0,0.0,0.0,0.0,0.009999999999999787
5.179999999999934,coast,1.0,0.33007535938931704,0.33403754172162803,-19.97999851041651,-8.374846899558836,0.14350270283433703,0.0,0.0,0.0,0.0,0.009999999999999787
5.189999999999934,coast,1.0,0.3241466767381959,0.32810302273156877,-19.976758788763448,-8.37471929414708,0.14350180511167315,0.0,0.0,0.0,0.0,0.009999999999999787
5.199999999999934,coast,1.0,0.3182131463454187,0.3221690968998787,-19.973578389660435,-8.374593811714046,0.14350141955548573,0.0,0.0,0.0,0.0,0.009999999999999787
5.209999999999933,coast,1.0,0.31228020746510127,0.31623576323901226,-19.970457308165813,-8.374470474715814,0.14350164150886088,0.0,0.0,0.0,0.0,0.009999999999999787
5.219999999999933,coast,1.0,0.30634856308490677,0.31030344314654895,-19.96739552968504,-8.374349329932553,0.1435024873909569,0.0,0.0,0.0,0.0,0.009999999999999787
5.229999999999933,coast,1.0,0.3004207984463436,0.3043738563264258,-19.96439301255532,-8.374230419161432,0.1435039076110744,0.0,0.0,0.0,0.0,0.009999999999999787
5.239999999999933,coast,1.0,0.2945041213205947,0.29845201532292714,-19.961449641767025,-8.374113782802215,0.1435057927574621,0.0,0.0,0.0,0.0,0.009999999999999787
5.2499999999999325,coast,1.0,0.2886000502952051,0.2925408363062939,-19.958565309327945,-8.373998806018731,0.14350788165128697,0.0,0.0,0.0,0.0,0.009999999999999787
5.259999999999932,coast,1.0,0.28275672805065366,0.28667037135290974,-19.955739373144148,-8.37388566602293,0.1435088780021722,0.0,0.0,0.0,0.0,0.009999999999999787
5.269999999999932,coast,1.0,0.27698212065892214,0.28085742093651717,-19.952971064900147,-8.373775780630746,0.14350753465789948,0.0,0.0,0.0,0.0,0.009999999999999787
5.279999999999932,coast,1.0,0.27119012006577764,0.2750570404140735,-19.950260600199112,-8.37366830045671,0.14350420907498695,0.0,0.0,0.0,0.0,0.009999999999999787
5.289999999999932,coast,1.0,0.265358149530999,0.2692377058842288,-19.947608406440615,-8.37356294905408,0.14349964970065196,0.0,0.0,0.0,0.0,0.009999999999999787
5.299999999999931,coast,1.0,0.25948164399592843,0.26338406875124853,-19.945014948991208,-8.373459704020437,0.14349472911237376,0.0,0.0,0.0,0.0,0.009999999999999787
5.309999999999931,coast,1.0,0.25357018839455375,0.2574957405372317,-19.94248059480154,-8.373358576117095,0.14349028889444426,0.0,0.0,0.0,0.0,0.009999999999999787
5.319999999999931,coast,1.0,0.24763950765388032,0.2515820008072209,-19.94000554809577,-8.373259610123892,0.14348699899784917,0.0,0.0,0.0,0.0,0.009999999999999787
5.329999999999931,coast,1.0,0.2417115610715014,0.2456597369657892,-19.937589787565436,-8.373162857083965,0.14348527751283452,0.0,0.0,0.0,0.0,0.009999999999999787
5.339999999999931,coast,1.0,0.23580043528940126,0.2397441559599564,-19.935233144546,-8.373068374801193,0.14348525043286292,0.0,0.0,0.0,0.0,0.009999999999999787
5.34999999999993,coast,1.0,0.22991982663524888,0.23384955836513188,-19.932935308813782,-8.372976203456048,0.14348679032228503,0.0,0.0,0.0,0.0,0.009999999999999787
5.35999999999993,coast,1.0,0.2240787555570719,0.2279870766802959,-19.93069587616565,-8.372886377153646,0.1434895724229523,0.0,0.0,0.0,0.0,0.009999999999999787
5.36999999999993,coast,1.0,0.21828133218358955,0.2221636299822721,-19.92851439893031,-8.3727989277592,0.14349314705485203,0.0,0.0,0.0,0.0,0.009999999999999787
5.37999999999993,coast,1.0,0.2125271999157722,0.21638177194237218,-19.926390432481295,-8.372713881232379,0.14349702028652236,0.0,0.0,0.0,0.0,0.009999999999999787
5.3899999999999295,coast,1.0,0.20680919511453033,0.21063822584566705,-19.924323605007096,-8.372631252865045,0.14350072433707445,0.0,0.0,0.0,0.0,0.009999999999999787
5.399999999999929,coast,1.0,0.20112562317933544,0.2049306642458681,-19.922313563861334,-8.37255104902249,0.14350387518443516,0.0,0.0,0.0,0.0,0.009999999999999787
5.409999999999929,coast,1.0,0.19547127680567217,0.19925503178175052,-19.920360011349246,-8.372473280165108,0.14350622855902379,0.0,0.0,0.0,0.0,0.009999999999999787
5.419999999999929,coast,1.0,0.18983534237652394,0.19360321813861459,-19.918462761636043,-8.372397948553267,0.14350769637828462,0.0,0.0,0.0,0.0,0.009999999999999787
5.429999999999929,coast,1.0,0.1842208055983404,0.1879737706144501,-19.91662160254692,-8.372325035483227,0.1435083229813102,0.0,0.0,0.0,0.0,0.009999999999999787
5.4399999999999284,coast,1.0,0.17862140630728943,0.1823623520301537,-19.91483638615085,-8.372254528112991,0.14350824182827013,0.0,0.0,0.0,0.0,0.009999999999999787
5.449999999999928,coast,1.0,0.17304850022570878,0.17677404094748672,-19.913106852604045,-8.372186406359415,0.14350766199701046,0.0,0.0,0.0,0.0,0.009999999999999787
5.459999999999928,coast,1.0,0.167501068708035,0.1712102576038157,-19.911432752955147,-8.372120650444618,0.143506831192001,0.0,0.0,0.0,0.0,0.009999999999999787
5.469999999999928,coast,1.0,0.16198878738071276,0.16567737546995392,-19.90981374182646,-8.372057224502122,0.1435059921561476,0.0,0.0,0.0,0.0,0.009999999999999787
5.479999999999928,coast,1.0,0.15652529603469598,0.16018612780879915,-19.908249336335782,-8.371996094563757,0.14350534842632484,0.0,0.0,0.0,0.0,0.009999999999999787
5.489999999999927,coast,1.0,0.15111314607314122,0.1547423387674044,-19.906739026716885,-8.371937227330651,0.14350504164961436,0.0,0.0,0.0,0.0,0.009999999999999787
5.499999999999927,coast,1.0,0.14576252170403883,0.14935444852938506,-19.90528220020994,-8.371880577950401,0.14350514153058358,0.0,0.0,0.0,0.0,0.009999999999999787
5.509999999999927,coast,1.0,0.1404817496794343,0.14403082921941462,-19.90387815927959,-8.371826099777753,0.143505644740007,0.0,0.0,0.0,0.0,0.009999999999999787
5.519999999999927,coast,1.0,0.13527474409790263,0.13877717814650742,-19.90252616594109,-8.371773747550359,0.14350648727084486,0.0,0.0,0.0,0.0,0.009999999999999787
5.5299999999999265,coast,1.0,0.1301442531087389,0.13359742312384632,-19.9012254537654,-8.371723479012253,0.1435075630804333,0.0,0.0,0.0,0.0,0.009999999999999787
5.539999999999926,coast,1.0,0.12509678115393424,0.1284970379418991,-19.89997519161608,-8.371675231295175,0.14350874468641675,0.0,0.0,0.0,0.0,0.009999999999999787
5.549999999999926,coast,1.0,0.12013367104998604,0.12347901780675127,-19.89877453387479,-8.371628964162024,0.14350989453015317,0.0,0.0,0.0,0.0,0.009999999999999787
5.559999999999926,coast,1.0,0.11525610502859776,0.11854527013985916,-19.897622623564406,-8.371584639577943,0.14351090149999435,0.0,0.0,0.0,0.0,0.009999999999999787
5.569999999999926,coast,1.0,0.1104718592907314,0.1137012236303825,-19.89651852698137,-8.371542211348517,0.14351169427137173,0.0,0.0,0.0,0.0,0.009999999999999787
5.5799999999999255,coast,1.0,0.10577601123280894,0.10894609619183837,-19.895461360687214,-8.371501628694075,0.14351224307869528,0.0,0.0,0.0,0.0,0.009999999999999787
5.589999999999925,coast,1.0,0.10117920504778993,0.10428596150540931,-19.894450135514965,-8.371462838043893,0.14351255615395447,0.0,0.0,0.0,0.0,0.009999999999999787
5.599999999999925,coast,1.0,0.09668100909058326,0.09972299005651368,-19.89348386702377,-8.371425790517542,0.1435126746739984,0.0,0.0,0.0,0.0,0.009999999999999787
5.609999999999925,coast,1.0,0.09229277468459172,0.0952648608333605,-19.89256145735406,-8.371390440526627,0.1435126607524806,0.0,0.0,0.0,0.0,0.009999999999999787
5.619999999999925,coast,1.0,0.088016462260428,0.090915821689601,-19.891681789513946,-8.371356733222859,0.14351258731224834,0.0,0.0,0.0,0.0,0.009999999999999787
5.629999999999924,coast,1.0,0.08385411207309619,0.08667879591969811,-19.890843725116238,-8.371324637147161,0.14351252763811345,0.0,0.0,0.0,0.0,0.009999999999999787
5.639999999999924,coast,1.0,0.07980711837901058,0.0825557893952856,-19.890046113106216,-8.37129408381089,0.1435125504473705,0.0,0.0,0.0,0.0,0.009999999999999787
5.649999999999924,coast,1.0,0.07588457690120484,0.07855306189883715,-19.889287710101677,-8.371265022972038,0.1435126954892169,0.0,0.0,0.0,0.0,0.009999999999999787
5.659999999999924,coast,1.0,0.07208844813839682,0.07467429364257296,-19.88856725259672,-8.371237405925886,0.14351297940269872,0.0,0.0,0.0,0.0,0.009999999999999787
5.6699999999999235,coast,1.0,0.06841862133366773,0.07092089025722982,-19.88788347775831,-8.371211185420693,0.14351339752425593,0.0,0.0,0.0,0.0,0.009999999999999787
5.679999999999923,coast,1.0,0.064875545034792,0.06729368312376713,-19.88723511813139,-8.371186310319585,0.14351392797740045,0.0,0.0,0.0,0.0,0.009999999999999787
5.689999999999923,coast,1.0,0.061464122477068645,0.06379594673574804,-19.886620856731206,-8.37116273671472,0.1435145371450522,0.0,0.0,0.0,0.0,0.009999999999999787
5.699999999999923,coast,1.0,0.05818009114251461,0.06042643337980798,-19.88603941951846,-8.371140412607662,0.14351518701092866,0.0,0.0,0.0,0.0,0.009999999999999787
5.709999999999923,coast,1.0,0.055024283168720226,0.057185143253155324,-19.885489523820304,-8.371119295535289,0.14351584087018443,0.0,0.0,0.0,0.0,0.009999999999999787
5.7199999999999225,coast,1.0,0.05199951977671513,0.0540737691672912,-19.88496985923104,-8.371099333787354,0.1435164684052042,0.0,0.0,0.0,0.0,0.009999999999999787
5.729999999999922,coast,1.0,0.04909943791500765,0.05108917041592107,-19.884479179046238,-8.371080480446881,0.14351704948209373,0.0,0.0,0.0,0.0,0.009999999999999787
5.739999999999922,coast,1.0,0.046325376581299316,0.04823089411514802,-19.88401622329789,-8.371062690202667,0.14351757488322742,0.0,0.0,0.0,0.0,0.009999999999999787
5.749999999999922,coast,1.0,0.043674437659530815,0.045497020241777694,-19.88357976114543,-8.371045919416936,0.14351804605035845,0.0,0.0,0.0,0.0,0.009999999999999787
5.759999999999922,coast,1.0,0.04114826429446005,0.042887766673387104,-19.883168545647457,-8.371030118990149,0.1435184722212908,0.0,0.0,0.0,0.0,0.009999999999999787
5.769999999999921,coast,1.0,0.038740974703587214,0.04039969149150717,-19.88278138876484,-8.371015241554868,0.14351886861520086,0.0,0.0,0.0,0.0,0.009999999999999787
5.779999999999921,coast,1.0,0.036452168615319344,0.03803117776579447,-19.882417106250717,-8.371001246319144,0.14351925259938764,0.0,0.0,0.0,0.0,0.009999999999999787
5.789999999999921,coast,1.0,0.034278997253159554,0.03577986945821352,-19.88207454243627,-8.370988090703735,0.14351964049634203,0.0,0.0,0.0,0.0,0.009999999999999787
5.799999999999921,coast,1.0,0.03221500209000758,0.03364094903728995,-19.88175260630569,-8.370975730905824,0.14352004510962296,0.0,0.0,0.0,0.0,0.009999999999999787
