t,phase,target,v_raw,v_filtered,x,y,z,u,torque_L,torque_R,u_motor,dt
0.0,accelerate,1.5,0.0,0.0,-24.0,-8.45,0.14903219044208527,0.0,0.0,0.0,0.0,0.0
0.01,accelerate,1.5,-0.011289776350065095,-0.006773865810039056,-24.000109594454752,-8.449792254038034,0.14713729486335111,0.015275981791629107,0.1605939897384781,0.1605939897384781,0.6372777370574528,0.01
0.02,accelerate,1.5,-0.01513931440626255,-0.011793134967773154,-24.000250077774037,-8.4493221755174,0.14488963303570696,0.035264041164874374,0.16694059835067093,0.16694059835067093,0.6624626918677418,0.01
0.03,accelerate,1.5,-0.016230875755251745,-0.01445577944026031,-24.000392509156278,-8.449277989950522,0.1426718120454371,0.06024742192591555,0.17487332140991674,0.17487332140991674,0.6939417516266537,0.009999999999999998
0.04,accelerate,1.5,-0.010883909994612181,-0.012312657772871431,-24.000476642047154,-8.449398129674709,0.14082189735133324,0.09177950617071973,0.18488538879932695,0.18488538879932695,0.733672177775107,0.010000000000000002
0.05,accelerate,1.5,-0.0015423451518869723,-0.0058504702002807555,-24.00046989435871,-8.449460872392617,0.13955945285809043,0.13087625531348898,0.19729938858713905,0.19729938858713905,0.7829340816949962,0.010000000000000002
0.060000000000000005,accelerate,1.5,0.0099667484367281,0.003639860981924558,-24.00035793844502,-8.44949740467722,0.1389830992207435,0.16704238610819572,0.2087828584370743,0.2087828584370743,0.8285034064963266,0.010000000000000002
0.07,accelerate,1.5,0.022197021163870376,0.01477415709109205,-24.000138162688373,-8.449523786481665,0.13907599449021366,0.20049296329868305,0.21940408570659786,0.21940408570659786,0.8706511337563407,0.010000000000000002
0.08,accelerate,1.5,0.03396677651088594,0.026289728742968387,-23.999815737718215,-8.449542192348721,0.1397266008048685,0.2314891751176814,0.22924600288336622,0.22924600288336622,0.9097063606482786,0.009999999999999995
0.09,accelerate,1.5,0.04454617361429208,0.0372435956657626,-23.9993993405488,-8.449539799983564,0.14075935959148805,0.2607417976679844,0.2385342955955384,0.2385342955955384,0.9465646650616604,0.009999999999999995
0.09999999999999999,accelerate,1.5,0.05375295287092997,0.04714920998886302,-23.998897019759607,-8.449535862251759,0.14196852730247164,0.28908368687570773,0.24753341225677472,0.24753341225677472,0.9822754454633917,0.009999999999999995
0.10999999999999999,accelerate,1.5,0.06190927121924734,0.0560052467270936,-23.998312654205655,-8.449538685471033,0.14314488086759852,0.317189174117011,0.2564574665656334,0.2564574665656334,1.0176883593874342,0.009999999999999995
0.11999999999999998,accelerate,1.5,0.07125514013475198,0.06515518277168864,-23.997626884223823,-8.449543823296436,0.14406583161519787,0.3448863113991056,0.265251861595444,0.265251861595444,1.0525867523628731,0.009999999999999995
0.12999999999999998,accelerate,1.5,0.07606966807539968,0.07170387395391525,-23.996883380011173,-8.449544317702053,0.1446704374694204,0.3735843851628882,0.27436407397692025,0.27436407397692025,1.0887463253052392,0.009999999999999995
0.13999999999999999,accelerate,1.5,0.07813014757172038,0.07555963812459832,-23.996109718887602,-8.449542825092992,0.1449462533238887,0.4044780832249215,0.2841734409855771,0.2841734409855771,1.1276723848634012,0.010000000000000009
0.15,accelerate,1.5,0.08013267798228399,0.07830346203920972,-23.99530671895418,-8.44954020955755,0.14490079572860698,0.43769617841335884,0.2947208505698097,0.2947208505698097,1.169527184800832,0.010000000000000009
0.16,accelerate,1.5,0.08255648959997844,0.08085527857567096,-23.99447133934694,-8.449538630684742,0.1445872866572176,0.47285730848282753,0.3058852125894674,0.3058852125894674,1.2138302086883626,0.010000000000000009
0.17,accelerate,1.5,0.08574986652081926,0.08379203134275993,-23.993597814835017,-8.449539125643062,0.14408995142011277,0.5093490628579802,0.3174720744386659,0.3174720744386659,1.259809819201055,0.010000000000000009
0.18000000000000002,accelerate,1.5,0.08997833044041262,0.08750381080135154,-23.992678348427845,-8.449536649333838,0.1435073697432814,0.5464701201283565,0.3292587525431558,0.3292587525431558,1.3065823513617294,0.010000000000000009
0.19000000000000003,accelerate,1.5,0.09538378698199766,0.09223179650973921,-23.991704112951577,-8.44953680230715,0.14293621272539908,0.5835249669150607,0.3410244074948701,0.3410244074948701,1.3532714583129766,0.010000000000000009
0.20000000000000004,accelerate,1.5,0.10192483149041318,0.09804761749814359,-23.990666676576968,-8.449536899469132,0.1424568898758592,0.6199117575400596,0.35257794125411973,0.35257794125411973,1.3991188145004751,0.010000000000000009
0.21000000000000005,accelerate,1.5,0.10954145850243723,0.10494392210071976,-23.989557775476023,-8.44953573565584,0.14212555675668884,0.6551453337551933,0.363765306373949,0.363765306373949,1.4435131205315437,0.010000000000000009
0.22000000000000006,accelerate,1.5,0.11802867780485331,0.11279477552319989,-23.98837025021185,-8.449536023196455,0.141967561115174,0.6888973806915685,0.37448225631718685,0.37448225631718685,1.4860406996713764,0.010000000000000009
0.23000000000000007,accelerate,1.5,0.1270505567636308,0.12134824426745844,-23.987099193038826,-8.449541641197538,0.14198036679391207,0.7210333490338279,0.384686068985221,0.384686068985221,1.526532019782623,0.010000000000000009
0.24000000000000007,accelerate,1.5,0.13641156816122485,0.13038623860371829,-23.98574048109149,-8.44953567168691,0.14213690504672938,0.7515573590278642,0.39437805263852743,0.39437805263852743,1.5649922723751089,0.010000000000000009
0.25000000000000006,accelerate,1.5,0.14586933567553276,0.13967609684680699,-23.98429145686382,-8.449538893493294,0.14239251072825296,0.7805937891928147,0.4035976999445025,0.4035976999445025,1.6015781743829465,0.009999999999999981
0.26000000000000006,accelerate,1.5,0.15607729256628305,0.14951681427849262,-23.982741655438314,-8.449541596932914,0.142678299215587,0.8080804168208957,0.4123252539489708,0.4123252539489708,1.6362113251943284,0.010000000000000009
0.2700000000000001,accelerate,1.5,0.1658630058341453,0.15932452921188422,-23.981093099817286,-8.449542324604867,0.14294509094274066,0.8342759737340466,0.4206428671800346,0.4206428671800346,1.6692177269048991,0.010000000000000009
0.2800000000000001,accelerate,1.5,0.17415699853939692,0.16822401080839183,-23.979359760595408,-8.44953891145239,0.14317128371990473,0.8598559249059525,0.4287650132761381,0.4287650132761381,1.7014484653815003,0.010000000000000009
0.2900000000000001,accelerate,1.5,0.20002463954051897,0.1873043880476681,-23.97734901887498,-8.449618813707906,0.142955121833856,0.8794343159448057,0.4349815439987948,0.4349815439987948,1.7261172380904555,0.010000000000000009
0.3000000000000001,accelerate,1.5,0.21584763728522588,0.20443033759020277,-23.975170419784533,-8.449589331190213,0.14244115270081575,0.8951235150542985,0.4399631785000409,0.4399631785000409,1.7458856289684164,0.010000000000000009
0.3100000000000001,accelerate,1.5,0.20962215222368308,0.20754542637029094,-23.97306048073589,-8.449499630812584,0.14207459075630363,0.9150772894814142,0.44629890095613867,0.44629890095613867,1.771027384746582,0.010000000000000009
0.3200000000000001,accelerate,1.5,0.20486913493173853,0.20593965150715948,-23.97100403489388,-8.44953544508934,0.14188392007461012,0.94094658059029,0.45451291826902884,0.45451291826902884,1.8036226915437652,0.010000000000000009
0.3300000000000001,accelerate,1.5,0.201374161381376,0.2032003574316894,-23.968988563430663,-8.44950812308075,0.14187298311688065,0.9721659582472171,0.46442569506265635,0.46442569506265635,1.8429591073914935,0.010000000000000009
0.34000000000000014,accelerate,1.5,0.20237674629170718,0.20270619074770008,-23.966968864261553,-8.449520703928776,0.142015116106626,1.0,0.47326356,0.47326356,1.87803,0.010000000000000009
0.35000000000000014,accelerate,1.5,0.211999396512397,0.2082821142065182,-23.96485526300628,-8.449530877143854,0.14220732279074405,1.0,0.47326356,0.47326356,1.87803,0.010000000000000009
0.36000000000000015,accelerate,1.5,0.22503279442418384,0.21833252233711758,-23.962612346762803,-8.449461965983346,0.14241694247416342,1.0,0.47326356,0.47326356,1.87803,0.010000000000000009
0.37000000000000016,accelerate,1.5,0.25964287331176694,0.24311873292190722,-23.960003933030496,-8.449651928023469,0.14222259969208864,1.0,0.47326356,0.47326356,1.87803,0.010000000000000009
0.38000000000000017,accelerate,1.5,0.2846722193609758,0.26805082478534836,-23.957135221329057,-8.449614281781887,0.14177561448724424,1.0,0.47326356,0.47326356,1.87803,0.010000000000000009
0.3900000000000002,accelerate,1.5,0.28393103708750755,0.27757895216664386,-23.954285103137526,-8.449435005303533,0.14156791463067397,1.0,0.47326356,0.47326356,1.87803,0.010000000000000009
0.4000000000000002,accelerate,1.5,0.28364646159358625,0.2812194578228093,-23.951447303209328,-8.449393776234725,0.14159157240931183,1.0,0.47326356,0.47326356,1.87803,0.010000000000000009
0.4100000000000002,accelerate,1.5,0.2835616106543078,0.2826247495217084,-23.948618159211712,-8.449455212200316,0.14180831657220588,1.0,0.47326356,0.47326356,1.87803,0.010000000000000009
0.4200000000000002,accelerate,1.5,0.2872756470553311,0.28541528804188204,-23.945757617200236,-8.449524513168106,0.1421560880179617,1.0,0.47326356,0.47326356,1.87803,0.010000000000000009
0.4300000000000002,accelerate,1.5,0.29813923654812785,0.2930496571456295,-23.942788477733323,-8.449486155340136,0.142497023593744,1.0,0.47326356,0.47326356,1.87803,0.010000000000000009
0.4400000000000002,accelerate,1.5,0.3073036594615606,0.3016020585351882,-23.939727009188424,-8.44941770721025,0.14281720773731227,1.0,0.47326356,0.47326356,1.87803,0.010000000000000009
0.45000000000000023,accelerate,1.5,0.3378304472218276,0.3233390917471718,-23.93633964016135,-8.449520023679579,0.1426908089180221,1.0,0.47326356,0.47326356,1.87803,0.010000000000000009
0.46000000000000024,accelerate,1.5,0.36056212775435265,0.3456729133514803,-23.932713047133884,-8.449676222919095,0.1422523261653022,1.0,0.47326356,0.47326356,1.87803,0.010000000000000009
0.47000000000000025,accelerate,1.5,0.35755492317913107,0.3528021192480708,-23.929124889036,-8.4496143870943,0.1419974073683739,1.0,0.47326356,0.47326356,1.87803,0.010000000000000009
0.48000000000000026,accelerate,1.5,0.3534141706774501,0.3531693501056984,-23.925585585863804,-8.449524434136245,0.14193265765374086,1.0,0.47326356,0.47326356,1.87803,0.010000000000000009
0.49000000000000027,accelerate,1.5,0.35208114194698437,0.35251642521047,-23.92206637793668,-8.449443730527452,0.14204269409719944,1.0,0.47326356,0.47326356,1.87803,0.010000000000000009
0.5000000000000002,accelerate,1.5,0.3555130877308948,0.3543144227227249,-23.91851775190526,-8.44937585150438,0.1422691585826397,1.0,0.47326356,0.47326356,1.87803,0.009999999999999953
0.5100000000000002,accelerate,1.5,0.3648826178117605,0.3606553397761463,-23.914876815667505,-8.44932335028157,0.1425239106988295,1.0,0.47326356,0.47326356,1.87803,0.010000000000000009
0.5200000000000002,accelerate,1.5,0.3758222765397229,0.3697555018342923,-23.911126888553305,-8.449360977835022,0.14278676430847775,1.0,0.47326356,0.47326356,1.87803,0.010000000000000009
0.5300000000000002,accelerate,1.5,0.4081832668815626,0.39281216086265447,-23.907032688445675,-8.449523733320286,0.14262479971468411,1.0,0.47326356,0.47326356,1.87803,0.010000000000000009
0.5400000000000003,accelerate,1.5,0.43366495908215213,0.41732383979435306,-23.902672396571838,-8.449698050297538,0.1421776962985085,1.0,0.47326356,0.47326356,1.87803,0.010000000000000009
0.5500000000000003,accelerate,1.5,0.43131177282008026,0.42571659960978936,-23.898346011609966,-8.449647977186952,0.141944965560938,1.0,0.47326356,0.47326356,1.87803,0.010000000000000009
0.5600000000000003,accelerate,1.5,0.42829379315396415,0.42726291573629427,-23.89405873441228,-8.449611713630828,0.14192583795347308,1.0,0.47326356,0.47326356,1.87803,0.010000000000000009
0.5700000000000003,accelerate,1.5,0.42734303089743675,0.4273109848329798,-23.889788600247865,-8.44957905562375,0.14209405847310236,1.0,0.47326356,0.47326356,1.87803,0.010000000000000009
0.5800000000000003,accelerate,1.5,0.429437866952924,0.4285871141049463,-23.885503538187212,-8.44954764083543,0.14239999892022553,1.0,0.47326356,0.47326356,1.87803,0.010000000000000009
0.5900000000000003,accelerate,1.5,0.4390672292147708,0.434875183170841,-23.881122258681096,-8.449518579636957,0.1427042247572688,1.0,0.47326356,0.47326356,1.87803,0.010000000000000009
0.6000000000000003,accelerate,1.5,0.44888181720271464,0.4432791635899652,-23.876642774655775,-8.449490208963272,0.14300514622950275,1.0,0.47326356,0.47326356,1.87803,0.010000000000000009
0.6100000000000003,accelerate,1.5,0.48054595621401636,0.46563923916439587,-23.87182493186669,-8.44959560116082,0.14285604043057648,1.0,0.47326356,0.47326356,1.87803,0.010000000000000009
0.6200000000000003,accelerate,1.5,0.504561633804669,0.4889926759485598,-23.866754440587222,-8.449801836752654,0.14238883662185675,1.0,0.47326356,0.47326356,1.87803,0.010000000000000009
0.6300000000000003,accelerate,1.5,0.5017640416713578,0.4966554953822386,-23.861721682325868,-8.449764824257992,0.14212186195720014,1.0,0.47326356,0.47326356,1.87803,0.010000000000000009
0.6400000000000003,accelerate,1.5,0.49753868879351776,0.4971854114290061,-23.856739524029315,-8.449679085124066,0.14205696223943298,1.0,0.47326356,0.47326356,1.87803,0.010000000000000009
0.6500000000000004,accelerate,1.5,0.49621923511964466,0.49660570564338924,-23.85177786703591,-8.449600482218973,0.14217475494606452,1.0,0.47326356,0.47326356,1.87803,0.010000000000000009
0.6600000000000004,accelerate,1.5,0.4987737855742681,0.49790655360191655,-23.846796347836992,-8.449527884193122,0.14242629893190084,1.0,0.47326356,0.47326356,1.87803,0.010000000000000009
0.6700000000000004,accelerate,1.5,0.507615661150059,0.503732018130802,-23.841727798260486,-8.44946865691612,0.14270778129961276,1.0,0.47326356,0.47326356,1.87803,0.010000000000000009
0.6800000000000004,accelerate,1.5,0.5180061144154037,0.512296475901563,-23.836555768692598,-8.44940825650502,0.14299837062384999,1.0,0.47326356,0.47326356,1.87803,0.010000000000000009
0.6900000000000004,accelerate,1.5,0.5513245309578368,0.5357133089353273,-23.83102847686546,-8.449487867716126,0.14283902092119488,1.0,0.47326356,0.47326356,1.87803,0.010000000000000009
0.7000000000000004,accelerate,1.5,0.5762041976419917,0.560007842159326,-23.82523984234222,-8.449669406017744,0.14236084221450565,1.0,0.47326356,0.47326356,1.87803,0.010000000000000009
0.7100000000000004,accelerate,1.5,0.5739899934815661,0.56839713295267,-23.819483462975867,-8.449835954850274,0.142082100848667,1.0,0.47326356,0.47326356,1.87803,0.010000000000000009
0.7200000000000004,accelerate,1.5,0.5708761787366008,0.5698845604230285,-23.813767388539947,-8.449914412913028,0.1420185555686925,1.0,0.47326356,0.47326356,1.87803,0.010000000000000009
0.7300000000000004,accelerate,1.5,0.5689003561755465,0.5692940378745392,-23.808078709901057,-8.449779414068583,0.14214629147538654,1.0,0.47326356,0.47326356,1.87803,0.010000000000000009
0.7400000000000004,accelerate,1.5,0.5700063967807295,0.5697214532182534,-23.802385000787734,-8.449661997367597,0.14241725081641443,1.0,0.47326356,0.47326356,1.87803,0.010000000000000009
0.7500000000000004,accelerate,1.5,0.5788122999247081,0.5751759612421262,-23.796604169186224,-8.449562127093193,0.14270932344395137,1.0,0.47326356,0.47326356,1.87803,0.010000000000000009
0.7600000000000005,accelerate,1.5,0.5891055748371841,0.5835337293991609,-23.79072022413362,-8.449465496108303,0.14299917698031545,1.0,0.47326356,0.47326356,1.87803,0.010000000000000009
0.7700000000000005,accelerate,1.5,0.622528571273517,0.6069306345237746,-23.784479156813784,-8.449516124219056,0.14281384964971425,1.0,0.47326356,0.47326356,1.87803,0.010000000000000009
0.7800000000000005,accelerate,1.5,0.6478323928838066,0.6314716895397938,-23.77797231590865,-8.449683810677595,0.14228911186884077,0.9982454888232443,0.4727064676111565,0.4727064676111565,1.8758193159172876,0.010000000000000009
0.7900000000000005,accelerate,1.5,0.6448157329374888,0.6394781155784108,-23.771506677017268,-8.449832029133649,0.14198686396409968,0.998638140124401,0.47283114225229983,0.47283114225229983,1.8763140565567453,0.010000000000000009
0.8000000000000005,accelerate,1.5,0.6404846001044441,0.6400820062940308,-23.76509408937098,-8.449968857904189,0.14192062844616465,1.0,0.47326356,0.47326356,1.87803,0.010000000000000009
0.8100000000000005,accelerate,1.5,0.637826636913075,0.6387287846654572,-23.758716393507818,-8.449962437328638,0.14206622091088364,1.0,0.47326356,0.47326356,1.87803,0.010000000000000009
0.8200000000000005,accelerate,1.5,0.6394736080773762,0.6391756787126086,-23.75232817926727,-8.449949717806522,0.14235532808077123,1.0,0.47326356,0.47326356,1.87803,0.010000000000000009
0.8300000000000005,accelerate,1.5,0.6490335338886686,0.6450903918182446,-23.74584485406377,-8.44992888267968,0.14265729460921547,1.0,0.47326356,0.47326356,1.87803,0.010000000000000009
0.8400000000000005,accelerate,1.5,0.6594705107553609,0.6537184631805144,-23.739257115171803,-8.449912663471608,0.14296126793293684,1.0,0.47326356,0.47326356,1.87803,0.010000000000000009
0.8500000000000005,accelerate,1.5,0.6912618280469119,0.6762444821003529,-23.732330331012996,-8.44976993184,0.14283221505856267,1.0,0.47326356,0.47326356,1.87803,0.010000000000000009
0.8600000000000005,accelerate,1.5,0.7153476778482118,0.6997063995490682,-23.725150433945064,-8.44951386496171,0.14238975537574333,0.9968108818772092,0.47225095121365146,0.47225095121365146,1.8740117111652836,0.010000000000000009
0.8700000000000006,accelerate,1.5,0.7136225671167519,0.7080561000896783,-23.717997652833088,-8.449287221857173,0.14214259315619507,0.9953945527929067,0.47180123840280375,0.47180123840280375,1.8722271365190624,0.010000000000000009
0.8800000000000006,accelerate,1.5,0.7108931861315791,0.7097583517148188,-23.71088090987917,-8.449074649673188,0.14210085589706833,0.9988943922053868,0.47291250741305435,0.47291250741305435,1.8766369341787872,0.010000000000000009
0.8900000000000006,accelerate,1.5,0.7096776349924517,0.7097099216813986,-23.703783693971598,-8.449021614893969,0.14224059218569934,1.0,0.47326356,0.47326356,1.87803,0.010000000000000009
0.9000000000000006,accelerate,1.5,0.713428155217753,0.7119408618032113,-23.696652717469494,-8.448982152767488,0.14247301645709395,1.0,0.47326356,0.47326356,1.87803,0.010000000000000009
0.9100000000000006,accelerate,1.5,0.7198505825451174,0.716686694248355,-23.689460198952013,-8.449029967989173,0.14277037713913837,1.0,0.47326356,0.47326356,1.87803,0.010000000000000009
0.9200000000000006,accelerate,1.5,0.7508175777816266,0.737165224368318,-23.681937181999327,-8.44924835058662,0.1426264374550299,1.0,0.47326356,0.47326356,1.87803,0.010000000000000009
0.9300000000000006,accelerate,1.5,0.7745332310556515,0.7595860283807181,-23.674166070076982,-8.449570312087964,0.1421983468652012,0.9965165103325324,0.47215748236078564,0.47215748236078564,1.8736408030189906,0.010000000000000009
0.9400000000000006,accelerate,1.5,0.7717691930265621,0.7668959271682245,-23.66643287075512,-8.449871123367156,0.14199014476440872,0.9950018205485774,0.47167653806058435,0.47167653806058435,1.8717322938912078,0.010000000000000009
0.9500000000000006,accelerate,1.5,0.7692954018318832,0.7683356119664198,-23.658733637566684,-8.45007043484585,0.14200276433499592,0.9981515658642014,0.47267664519320124,0.47267664519320124,1.8757009729888938,0.010000000000000009
0.9600000000000006,accelerate,1.5,0.7687170463372908,0.7685644725889423,-23.651048040708297,-8.450048403764317,0.14220459022215914,1.0,0.47326356,0.47326356,1.87803,0.010000000000000009
0.9700000000000006,accelerate,1.5,0.7741607563178903,0.7719222428263111,-23.64331121928977,-8.450017637695906,0.14248560659274498,1.0,0.47326356,0.47326356,1.87803,0.010000000000000009
0.9800000000000006,accelerate,1.5,0.783814609591908,0.7790576628856692,-23.635478333100146,-8.449982328955858,0.14278280821487196,1.0,0.47326356,0.47326356,1.87803,0.010000000000000009
0.9900000000000007,accelerate,1.5,0.8151771437307367,0.8007293513927097,-23.62731152962842,-8.449824308760377,0.14264726308016776,1.0,0.47326356,0.47326356,1.87803,0.010000000000000009
1.0000000000000007,accelerate,1.5,0.8379226171226822,0.8230453108306932,-23.618906825284263,-8.449558804601057,0.1422271697998399,0.9933177607554083,0.47114181539505734,0.47114181539505734,1.8696103785518148,0.010000000000000009
1.0100000000000007,accelerate,1.5,0.8349335615798018,0.8301782612801585,-23.610542266138488,-8.4493133960463,0.14202232357813022,0.9888945236934562,0.46973734916314624,0.46973734916314624,1.864037099853755,0.010000000000000009
1.0200000000000007,accelerate,1.5,0.8316047271872854,0.8310341408244346,-23.602219839706205,-8.449080940364748,0.1420337000309316,0.9895867906587457,0.4699571577699649,0.4699571577699649,1.8649093562300194,0.010000000000000009
1.0300000000000007,accelerate,1.5,0.8307482690311911,0.8308626177484886,-23.593913005208044,-8.448863226506147,0.1422231534446347,0.9949151300908373,0.4716490121064426,0.4716490121064426,1.8716230639144549,0.010000000000000009
1.0400000000000007,accelerate,1.5,0.8343780880663942,0.8329718999392319,-23.585573579867514,-8.44873580379444,0.14250463557669985,1.0,0.47326356,0.47326356,1.87803,0.010000000000000009
1.0500000000000007,accelerate,1.5,0.8413439953595054,0.837995157191396,-23.57716546238145,-8.448688300482205,0.142814749169095,1.0,0.47326356,0.47326356,1.87803,0.010000000000000009
1.0600000000000007,accelerate,1.5,0.8934503171009639,0.8712682531371367,-23.56819825945562,-8.448906957249056,0.14225655435188628,0.9934219578647102,0.4711749000612027,0.4711749000612027,1.8697416669095346,0.010000000000000009
1.0700000000000007,accelerate,1.5,0.8917540381415767,0.8835597241398008,-23.559259128291107,-8.449117697085333,0.14191557136279295,0.9859847093980931,0.46881342492808253,0.46881342492808253,1.8603707338415973,0.010000000000000009
1.0800000000000007,accelerate,1.5,0.8882757437680109,0.8863893359167269,-23.550364645103276,-8.449314374007916,0.14181111937934684,0.9828361502551655,0.4678136944290202,0.4678136944290202,1.8564035493215088,0.010000000000000009
1.0900000000000007,accelerate,1.5,0.8861867897702549,0.8862678082288437,-23.541499561976593,-8.449495448839048,0.14192699242943632,0.9846775949024238,0.4683983899334176,0.4683983899334176,1.858723769577054,0.010000000000000009
1.1000000000000008,accelerate,1.5,0.8881403727486408,0.887391346940722,-23.532621057552298,-8.449653518784734,0.1421977064028274,0.9898457827517736,0.4700393929393432,0.4700393929393432,1.865235686267235,0.010000000000000009
1.1100000000000008,accelerate,1.5,0.8948970692220319,0.8918947803095079,-23.523678208733934,-8.449704296656696,0.14254039659383572,0.9958592567503679,0.47194879120337685,0.47194879120337685,1.8728126635054636,0.010000000000000009
1.1200000000000008,accelerate,1.5,0.9038813303897886,0.8990867103576763,-23.51464651758716,-8.449688297089775,0.14290640335921478,1.0,0.47326356,0.47326356,1.87803,0.010000000000000009
1.1300000000000008,accelerate,1.5,0.9559013528553448,0.9331754958562775,-23.50505631928688,-8.449393831394058,0.14239293452603036,0.9901447593144957,0.4701343239775387,0.4701343239775387,1.8656123967362646,0.010000000000000009
1.1400000000000008,accelerate,1.5,0.9543808086317911,0.9458986835215857,-23.495492111624316,-8.449128200408008,0.14207841942000302,0.9794214328941585,0.4667294533725532,0.4667294533725532,1.8521010054466398,0.010000000000000009
1.1500000000000008,accelerate,1.5,0.9513682003583285,0.9491803936236314,-23.485967602202162,-8.44886972188403,0.14198391517833855,0.9729657660686432,0.46467965004211553,0.46467965004211553,1.8439668652464902,0.010000000000000009
1.1600000000000008,accelerate,1.5,0.9490752901613903,0.9491173315462867,-23.476474071367925,-8.448620568576038,0.14209456482590724,0.9716907080642448,0.46427479362455903,0.46427479362455903,1.8423602921609485,0.010000000000000009
1.1700000000000008,accelerate,1.5,0.9503991152996754,0.94988640179832,-23.466972854290905,-8.44838998797296,0.14234919687168585,0.9741153877550645,0.46504467791998816,0.46504467791998816,1.8454153885713815,0.010000000000000009
1.1800000000000008,accelerate,1.5,0.9558561259657495,0.9534682362987776,-23.457419558901183,-8.448176958018221,0.14266963304732322,0.977989645237387,0.46627483215577514,0.46627483215577514,1.8502969529991078,0.010000000000000009
1.1900000000000008,accelerate,1.5,0.9876177885566987,0.9739579676535304,-23.447527151689307,-8.448120923694402,0.14252199538049432,0.9739527672943609,0.4649930426713055,0.4649930426713055,1.8452104867908947,0.010000000000000009
1.2000000000000008,accelerate,1.5,1.0115194964223593,0.9964948849148277,-23.43738391742274,-8.448215378830955,0.14204703625079124,0.9623483084315712,0.4613083948931925,0.4613083948931925,1.8305888686237797,0.010000000000000009
1.2100000000000009,accelerate,1.5,1.007973084421768,1.003381804618992,-23.427286951943156,-8.448298791835585,0.14180758156769932,0.9529047751052078,0.45830988419140556,0.45830988419140556,1.8186900166325617,0.010000000000000009
1.2200000000000009,accelerate,1.5,1.0038384243690976,1.0036557764690555,-23.417240653183956,-8.448382419086979,0.14180924562216318,0.9486797008720002,0.45696833862087743,0.45696833862087743,1.8133664230987199,0.010000000000000009
1.2300000000000009,accelerate,1.5,1.0020181163521829,1.002673180398932,-23.40722039443424,-8.448463892559857,0.14202061772709088,0.9492997399476668,0.45716521342818317,0.45716521342818317,1.8141476723340602,0.010000000000000009
1.2400000000000009,accelerate,1.5,1.0043542733503656,1.0036818361697921,-23.39718251189885,-8.448539015256753,0.14237760992040907,0.9527374281079973,0.45825674817285134,0.45825674817285134,1.8184791594160767,0.010000000000000009
1.2500000000000009,accelerate,1.5,1.0145363903667384,1.0101945686879599,-23.387042134743904,-8.448613254962446,0.1427283012588474,0.9554774938858535,0.4591267738586362,0.4591267738586362,1.8219316422961753,0.010000000000000009
1.260000000000001,accelerate,1.5,1.0243839834521,1.018708217546444,-23.37680298557649,-8.448682678438217,0.14308199073153288,0.9565433823880337,0.4594652147758484,0.4594652147758484,1.8232746618089222,0.010000000000000009
1.270000000000001,accelerate,1.5,1.0634145385021316,1.0455320101198566,-23.366145808167666,-8.448724858051389,0.14284320116945218,0.9464144066401771,0.456249062396389,0.456249062396389,1.810512152366623,0.010000000000000009
1.280000000000001,accelerate,1.5,1.0929156991867734,1.0739622235600068,-23.35518028599251,-8.44874348799891,0.14218331055875225,0.9262823377805723,0.44985672789208736,0.44985672789208736,1.7851457456035214,0.010000000000000009
1.290000000000001,accelerate,1.5,1.0863533236311427,1.0813968836026884,-23.344293935062,-8.44875721867201,0.14177774797780068,0.9091814040051339,0.4444268393997101,0.4444268393997101,1.7635985690464686,0.010000000000000009
1.300000000000001,accelerate,1.5,1.0782232791385453,1.0794927209242025,-23.333499963309183,-8.448759827757302,0.14164890647663142,0.8994496058325543,0.44133679884395266,0.44133679884395266,1.7513365033490185,0.010000000000000009
1.310000000000001,accelerate,1.5,1.0718346082104384,1.0748978532959441,-23.322778849682017,-8.44875632525348,0.14177446632712878,0.8970659724291394,0.4405799475657004,0.4405799475657004,1.748333125260716,0.010000000000000009
1.320000000000001,accelerate,1.5,1.0692905204015366,1.0715334535592995,-23.31209041668745,-8.448744585187905,0.14210034628550866,0.8999347345924408,0.44149083692779184,0.44149083692779184,1.7519477655864755,0.010000000000000009
1.330000000000001,accelerate,1.5,1.0745583930267832,1.0733484172397898,-23.301351888708396,-8.448702870073513,0.1424939640893394,0.9042580045791044,0.44286356161395724,0.44286356161395724,1.7573950857696716,0.010000000000000009
1.340000000000001,accelerate,1.5,1.0843146217744488,1.0799281399605851,-23.290515095981224,-8.448660479418546,0.1428808994565295,0.9071830299921314,0.44379231568310157,0.44379231568310157,1.7610806177900855,0.010000000000000009
1.350000000000001,accelerate,1.5,1.1188834931521163,1.103301351875504,-23.279309716634003,-8.448479706964978,0.1427562794538267,0.8999588849683473,0.4414985051551497,0.4414985051551497,1.7519781950601179,0.010000000000000009
1.360000000000001,accelerate,1.5,1.1439269016934588,1.127676681766277,-23.267842510859225,-8.448177543691006,0.14228859101970495,0.883915657994628,0.4364044597264543,0.4364044597264543,1.7317637290732313,0.010000000000000009
1.370000000000001,accelerate,1.5,1.1406398797437527,1.1354546005527624,-23.256418657262422,-8.44789119364828,0.14203456333457198,0.8695261530925189,0.4318355041299366,0.4318355041299366,1.7136329528965737,0.010000000000000009
1.380000000000001,accelerate,1.5,1.1362582370311949,1.1359367824398219,-23.245047692729393,-8.447598054791438,0.14200221449461572,0.8603083996573854,0.4289086830592131,0.4289086830592131,1.702018583568306,0.010000000000000009
1.390000000000001,accelerate,1.5,1.1338842128006263,1.1347052406563045,-23.23370741644467,-8.447316033441462,0.1421558633125928,0.8561415142863816,0.42758561361621195,0.42758561361621195,1.696768308000841,0.010000000000000009
1.400000000000001,accelerate,1.5,1.1359404159992488,1.135446345862071,-23.222350654133116,-8.44705756333368,0.14242387566820772,0.8549685780198995,0.42721318289287846,0.42721318289287846,1.6952904083050733,0.010000000000000009
1.410000000000001,accelerate,1.5,1.1425602965388697,1.1397147162681502,-23.210928434728796,-8.446827996026997,0.14272432341384156,0.8542985264184269,0.42700042810837896,0.42700042810837896,1.694446143287218,0.010000000000000009
1.420000000000001,accelerate,1.5,1.1495619521539664,1.1456230577996398,-23.199436843714885,-8.446614107439453,0.1430527481053982,0.8531235194040248,0.42662733988116597,0.42662733988116597,1.6929656344490713,0.010000000000000009
1.430000000000001,accelerate,1.5,1.2005541141189304,1.1785816915912142,-23.187396740322843,-8.446673870062956,0.1424909504758678,0.8370312833094133,0.421517733076405,0.421517733076405,1.6726894169698612,0.010000000000000009
1.440000000000001,accelerate,1.5,1.1980581965428545,1.1902675945621983,-23.175392248913102,-8.4467249727197,0.142117338080667,0.8201554645031092,0.4161593230890272,0.4161593230890272,1.6514258852739174,0.010000000000000009
1.450000000000001,accelerate,1.5,1.1932500171947145,1.192057048141708,-23.163445066243085,-8.44677334871292,0.1419613459906608,0.8078655786310928,0.4122570385269446,0.4122570385269446,1.635940629075177,0.010000000000000009
1.460000000000001,accelerate,1.5,1.1889459910188054,1.1901904138679664,-23.15154866464208,-8.44681726689353,0.14201774290113808,0.8011879199329395,0.41013674833710695,0.41013674833710695,1.6275267791155037,0.010000000000000009
1.470000000000001,accelerate,1.5,1.187001249371299,1.188276915169966,-23.139678011727277,-8.446854080809313,0.14225228420582128,0.7990381818807714,0.40945416351078257,0.40945416351078257,1.624818109169772,0.010000000000000009
1.480000000000001,accelerate,1.5,1.1896456268104578,1.189098142154261,-23.12778462826339,-8.446867007037136,0.14258772113656032,0.7990610965962492,0.4094614393912411,0.4094614393912411,1.624846981711274,0.010000000000000009
1.490000000000001,accelerate,1.5,1.1973181236588177,1.194030131056995,-23.115814410520606,-8.446863227387379,0.1429306805244676,0.7986171273105891,0.4093204702636583,0.4093204702636583,1.6242875804113426,0.010000000000000009
1.500000000000001,accelerate,1.5,1.2073876354389612,1.2020446336861748,-23.103741286742654,-8.446862204115616,0.14323969864745503,0.7961159820580508,0.40852630662307227,0.40852630662307227,1.6211361373931439,0.010000000000000009
1.5100000000000011,accelerate,1.5,1.2581779342551764,1.2357246140275757,-23.09112617152674,-8.446580519774804,0.14266330295350732,0.7781819639375674,0.40283189718945644,0.40283189718945644,1.5985392745613352,0.010000000000000009
1.5200000000000011,accelerate,1.5,1.2557734830715155,1.2477539354539395,-23.07854544091418,-8.446325314038742,0.14225953148532888,0.7592489901798831,0.3968202993619165,0.3968202993619165,1.5746837276266528,0.010000000000000009
1.5300000000000011,accelerate,1.5,1.2505739780404697,1.2494459610058577,-23.066026028186958,-8.446070724813293,0.14206603429206804,0.7449630999552819,0.3922842434978011,0.3922842434978011,1.5566835059436552,0.010000000000000009
1.5400000000000011,accelerate,1.5,1.245280313619049,1.2469465725737723,-23.05356734269937,-8.445814174650376,0.14208387080382892,0.7366254388597255,0.38963686934674,0.38963686934674,1.546178052963254,0.010000000000000009
1.5500000000000012,accelerate,1.5,1.2421012675634422,1.2440393895675743,-23.041146552757876,-8.445553368028365,0.14227734603526268,0.73328202688358,0.3885752691760743,0.3885752691760743,1.5419653538733107,0.010000000000000009
1.5600000000000012,accelerate,1.5,1.2427254500164113,1.2432510258368765,-23.02872342244238,-8.445306540232837,0.14258784843149805,0.7328207961716139,0.38842881920041084,0.38842881920041084,1.5413842031762335,0.010000000000000009
1.5700000000000012,accelerate,1.5,1.2492627592590164,1.2468580658901605,-23.016234648349155,-8.44508366308554,0.1429106902849256,0.732319287992676,0.3882695803234345,0.3882695803234345,1.540752302870772,0.010000000000000009
1.5800000000000012,accelerate,1.5,1.257709406150929,1.2533688700466217,-23.003659758421133,-8.444868579942527,0.1432118763175399,0.7302067947645877,0.3875988214736519,0.3875988214736519,1.5380905614033804,0.010000000000000009
1.5900000000000012,accelerate,1.5,1.268005761807293,1.2621510051030245,-22.990978477887523,-8.444655193707877,0.14345238168976696,0.7255447758366153,0.3861185372236421,0.3861185372236421,1.5322164175541353,0.010000000000000009
1.6000000000000012,accelerate,1.5,1.3179865746727635,1.295652346844868,-22.97775991750808,-8.44468910003409,0.14281944460422918,0.7055568858266299,0.3797719823876715,0.3797719823876715,1.5070316761415536,0.010000000000000009
1.6100000000000012,accelerate,1.5,1.31541536979786,1.3075101606166633,-22.964577996606295,-8.444708534217508,0.14234732006740183,0.6846530770228171,0.37313460501628487,0.37313460501628487,1.4806928770487495,0.010000000000000009
1.6200000000000012,accelerate,1.5,1.3090702891746406,1.3084462377514496,-22.951469081948225,-8.444722274038986,0.14208152123569281,0.6687766575883395,0.36809352431744957,0.36809352431744957,1.460688588561308,0.010000000000000009
1.6300000000000012,accelerate,1.5,1.302259387168684,1.3047341274017903,-22.93843625663434,-8.444727766378413,0.14203364720355718,0.659402377413565,0.3651170028763552,0.3651170028763552,1.448876995541092,0.010000000000000009
1.6400000000000012,accelerate,1.5,1.2971063248023718,1.3001574458421392,-22.925461552921593,-8.444719964004786,0.14218306294844701,0.6557183390163462,0.36394724700447023,0.36394724700447023,1.444235107160596,0.010000000000000009
1.6500000000000012,accelerate,1.5,1.2951973527162093,1.2971813899665812,-22.912510998180206,-8.4446923134028,0.14248086688309686,0.6557621960710998,0.3639611724964956,0.3639611724964956,1.4442903670495857,0.010000000000000009
1.6600000000000013,accelerate,1.5,1.299904484344419,1.2988152465932838,-22.899514324264324,-8.444640398583688,0.14281103930514777,0.6563428986898506,0.3641455571920014,0.3641455571920014,1.4450220523492119,0.010000000000000009
1.6700000000000013,accelerate,1.5,1.306148530035788,1.3032152166587863,-22.886455211694006,-8.44456780487065,0.14315106823259496,0.6558617700736545,0.3639927892337868,0.3639927892337868,1.4444158302928047,0.010000000000000009
1.6800000000000013,accelerate,1.5,1.3367576699297385,1.3233406886213577,-22.87307138653428,-8.444341616500745,0.1430065307533875,0.6460872331641104,0.36088917827426836,0.36088917827426836,1.4320999137867791,0.010000000000000009
1.6900000000000013,accelerate,1.5,1.3592834568971197,1.344906349586815,-22.85945330726326,-8.443967507478702,0.14249795022393952,0.627966590199606,0.35513551172017893,0.35513551172017893,1.4092679036515037,0.010000000000000009
1.7000000000000013,accelerate,1.5,1.35469647294207,1.3507804235999679,-22.84589032693298,-8.443612630703672,0.1421770493539641,0.611413101783858,0.34987944807841065,0.34987944807841065,1.3884105082476612,0.010000000000000009
1.7100000000000013,accelerate,1.5,1.3479344455358426,1.3490728367614926,-22.832403189058784,-8.443252114434213,0.14207079107707993,0.6001284070446441,0.3462963318048154,0.3462963318048154,1.3741917928762515,0.010000000000000009
1.7200000000000013,accelerate,1.5,1.3422203652026599,1.3449613538261929,-22.818979761418962,-8.442886419395354,0.14216109452710995,0.5943567847663278,0.3444637262990044,0.3444637262990044,1.366919548805573,0.010000000000000009
1.7300000000000013,accelerate,1.5,1.339500610668208,1.341684907931402,-22.805588192090152,-8.44253250942531,0.14240242807020356,0.5925776560206046,0.3438988173396624,0.3438988173396624,1.3646778465859617,0.010000000000000009
1.7400000000000013,accelerate,1.5,1.3402307148085058,1.3408123920576642,-22.79219230603194,-8.442185638950521,0.14273991861998891,0.5927293546609559,0.34394698469194673,0.34394698469194673,1.3648689868728046,0.010000000000000009
1.7500000000000013,accelerate,1.5,1.346968498899758,1.3445060561629205,-22.778727599490317,-8.44185783910076,0.14306171487637628,0.5919889165325212,0.34371188077740616,0.34371188077740616,1.3639360348309768,0.010000000000000009
1.7600000000000013,accelerate,1.5,1.354901555500736,1.3507433557656099,-22.76518107084548,-8.441545819350457,0.14334421985333204,0.5891480683491941,0.34280985466223607,0.34280985466223607,1.3603565661199843,0.010000000000000009
1.7700000000000014,accelerate,1.5,1.3631004410646503,1.358157606945034,-22.751549703623347,-8.441242781244354,0.1435781314502592,0.5839535619311813,0.34116049498438866,0.34116049498438866,1.3538114880332883,0.010000000000000009
1.7800000000000014,accelerate,1.5,1.4103374375658813,1.3894655053175424,-22.73741039253834,-8.441169048026426,0.1429636884899551,0.5640411279188638,0.33483789893679766,0.33483789893679766,1.3287218211777685,0.010000000000000009
1.7900000000000014,accelerate,1.5,1.407133611354438,1.4000663689396797,-22.72331299416792,-8.441091678708425,0.14249092442179895,0.5432134601339436,0.3282246978617298,0.3282246978617298,1.3024789597687692,0.010000000000000009
1.8000000000000014,accelerate,1.5,1.3999416073369477,1.3999915119780404,-22.709296332912974,-8.44100859770202,0.14220954001950184,0.5272909097979066,0.32316896967903136,0.32316896967903136,1.2824165463453625,0.010000000000000009
1.8100000000000014,accelerate,1.5,1.3920151999991082,1.395205724790681,-22.695366286775787,-8.44091752872434,0.14213582385785792,0.5178133250904681,0.3201596469827255,0.3201596469827255,1.27047478961399,0.010000000000000009
1.8200000000000014,accelerate,1.5,1.3854667387798227,1.389362333184166,-22.68150785402831,-8.4408085685197,0.14225347978061773,0.514091031760468,0.3189777444045838,0.3189777444045838,1.2657847000181897,0.010000000000000009
1.8300000000000014,accelerate,1.5,1.3821484556385915,1.3850340066568214,-22.66768711461085,-8.440687427370827,0.14251542803935788,0.5142033154563082,0.319013396723687,0.319013396723687,1.2659261774749484,0.010000000000000009
1.8400000000000014,accelerate,1.5,1.3837004700566728,1.3842338846967324,-22.653852913706704,-8.440550627516659,0.14284340150635097,0.5155259696150302,0.3194333658721644,0.3194333658721644,1.267592721714938,0.010000000000000009
1.8500000000000014,accelerate,1.5,1.3899184411527643,1.3876446185703517,-22.63995554353948,-8.440388828258579,0.1431523687957913,0.5155697131267443,0.3194472553120039,0.3194472553120039,1.267647838539698,0.010000000000000009
1.8600000000000014,accelerate,1.5,1.3962997300032836,1.3928376854301108,-22.625993012931787,-8.440210282801758,0.1434388712656103,0.513612904836152,0.31882592954357497,0.31882592954357497,1.2651822600935514,0.010000000000000009
1.8700000000000014,accelerate,1.5,1.4251521763159958,1.4122263799616417,-22.611725011718487,-8.43988547740501,0.14324527405526125,0.5024246428312984,0.31527343259179386,0.31527343259179386,1.251085049967436,0.010000000000000009
1.8800000000000014,accelerate,1.5,1.446834143758257,1.432991038239611,-22.597233185049852,-8.439429532209799,0.14270172167144346,0.4829793563889705,0.3090991652406259,0.3090991652406259,1.226583989050103,0.010000000000000009
1.8900000000000015,accelerate,1.5,1.4407689340178493,1.4376577757065538,-22.582810928773213,-8.438984218894761,0.14232617692407057,0.46539548542261644,0.3035159345313892,0.3035159345313892,1.2044283116324968,0.010000000000000009
1.9000000000000015,accelerate,1.5,1.4326295614094409,1.434640847128286,-22.568477726511873,-8.438542779158572,0.14215290371585335,0.45337884100896053,0.2997004095971652,0.2997004095971652,1.1892873396712904,0.010000000000000009
1.9100000000000015,accelerate,1.5,1.4248246196105023,1.4287511106176158,-22.55422872292645,-8.438107852675836,0.14218061857017125,0.4473740485813464,0.2977937679055491,0.2977937679055491,1.1817213012124965,0.010000000000000009
1.9200000000000015,accelerate,1.5,1.4191415437134662,1.422985370475126,-22.540041385581425,-8.437681339178082,0.14237951176699806,0.4461536278411638,0.2974062599121264,0.2974062599121264,1.1801835710798665,0.010000000000000009
1.9300000000000015,accelerate,1.5,1.4167606495485219,1.4192505379191636,-22.525881320683972,-8.437258556485123,0.14269780875930316,0.4477145290731318,0.29790187727130085,0.29790187727130085,1.1821503066321462,0.010000000000000009
1.9400000000000015,accelerate,1.5,1.4202908454452432,1.4198747224348114,-22.51168565146765,-8.436859043135804,0.14303402487817912,0.44919455757740046,0.2983718159219762,0.2983718159219762,1.1840151425475247,0.010000000000000009
1.9500000000000015,accelerate,1.5,1.42690748287343,1.4240943786979825,-22.497420803325806,-8.436497745190119,0.14332696730682687,0.44868194122297517,0.2982090499771191,0.2982090499771191,1.1833692459409488,0.010000000000000009
1.9600000000000015,accelerate,1.5,1.4336407778627556,1.4298222181968465,-22.483085750254737,-8.436152744781634,0.14357317415841037,0.4457387933566568,0.29727454166660566,0.29727454166660566,1.1796608796293875,0.010000000000000009
1.9700000000000015,hold,1.5,1.4824965376319952,1.4614268098579357,-22.46822622066808,-8.436059878234483,0.14292387735140075,0.42696706299754145,0.2913141418429794,0.2913141418429794,1.1560084993769022,0.010000000000000009
1.9800000000000015,hold,1.5,1.4771323257742361,1.4708501194077162,-22.453430737203018,-8.43595477535821,0.1424341403347515,0.4071782204321111,0.2850307885516039,0.2850307885516039,1.1310745577444599,0.010000000000000009
1.9900000000000015,accelerate,1.5,1.4679741944747675,1.469124564447947,-22.438735445198425,-8.435852957522844,0.14215074432157296,0.39247436744738934,0.2803620211518951,0.2803620211518951,1.1125477029837108,0.010000000000000009
2.0000000000000013,accelerate,1.5,1.4582680165035005,1.462610635681279,-22.42414412733472,-8.43575638645229,0.14208710688171447,0.38441236499864395,0.2778021741343694,0.2778021741343694,1.1023895798982912,0.009999999999999787
2.010000000000001,accelerate,1.5,1.4503147696940917,1.4552331160889667,-22.409637840481384,-8.435660661858783,0.14221880509922538,0.38217146157176574,0.2770906424782671,0.2770906424782671,1.099566041580425,0.009999999999999787
2.020000000000001,accelerate,1.5,1.445749683660399,1.4495430566318261,-22.39518142438891,-8.435557393165798,0.1424964358205696,0.38373628882721056,0.2775875064284159,0.2775875064284159,1.1015377239222852,0.009999999999999787
2.0300000000000007,accelerate,1.5,1.4449836130928886,1.4468073905084635,-22.380735252312544,-8.435447596139333,0.14286060141651927,0.38680493061114263,0.27856186156765006,0.27856186156765006,1.1054042125700398,0.009999999999999787
2.0400000000000005,accelerate,1.5,1.4487149170503029,1.447951906433567,-22.366251764986572,-8.435325576824924,0.14323336006995024,0.3890198762847986,0.2792651511179493,0.2792651511179493,1.1081950441188464,0.009999999999999787
2.0500000000000003,accelerate,1.5,1.4570207271189901,1.4533931988448208,-22.351681759044276,-8.435176191326335,0.14352332164735618,0.3882450780386677,0.2790191371788378,0.2790191371788378,1.1072187983287214,0.009999999999999787
2.06,accelerate,1.5,1.4651843844394106,1.4604679102015747,-22.33702613670842,-8.435020907303535,0.14372798224008315,0.38416651647398586,0.27772411231082,0.27772411231082,1.1020798107572223,0.009999999999999787
2.07,hold,1.5,1.4731753045281033,1.4680923467974918,-22.322286788885226,-8.434851359251784,0.14384373724737354,0.37710131827201376,0.2754807705777298,0.2754807705777298,1.0931776610227373,0.009999999999999787
2.0799999999999996,hold,1.5,1.4801646309954395,1.4753357173162605,-22.307474351539632,-8.434670967899386,0.14387768085206318,0.3677973100553124,0.27252656188876284,0.27252656188876284,1.0814546106696938,0.009999999999999787
2.0899999999999994,hold,1.5,1.4860580663111151,1.4817691267131732,-22.292600531074605,-8.434482672880307,0.14383788570105385,0.3570848794333892,0.26912515091768974,0.26912515091768974,1.0679569480860704,0.009999999999999787
2.099999999999999,hold,1.5,1.490526613444792,1.4870236187521444,-22.277680707375996,-8.43428268790089,0.14374087676592504,0.3458313978080088,0.265551945431999,0.265551945431999,1.0537775612380913,0.009999999999999787
2.109999999999999,hold,1.5,1.4933517614274807,1.4908205043573461,-22.26273237591733,-8.434069151786657,0.14360676633560637,0.33488811337765656,0.2620772337596735,0.2620772337596735,1.0399890228558473,0.009999999999999787
2.1199999999999988,hold,1.5,1.494833203364978,1.4932281237619254,-22.24776972963533,-8.433850694357087,0.1434583661893217,0.32490966592142345,0.2589088771233704,0.2589088771233704,1.0274161790609937,0.009999999999999787
2.1299999999999986,hold,1.5,1.4950325364937096,1.494310771400996,-22.232806385596525,-8.433623408255517,0.14332084901803593,0.3163950946032007,0.2562053304384083,0.2562053304384083,1.016687819200033,0.009999999999999787
2.1399999999999983,hold,1.5,1.4943447207591027,1.49433114101586,-22.217851658872217,-8.433384962370546,0.14321426027769335,0.3096123644048633,0.2540516779458322,0.2540516779458322,1.0081415791501278,0.009999999999999787
2.149999999999998,hold,1.5,1.4934018254965813,1.4937735517042927,-22.202908154020317,-8.433136089397893,0.14314924531850332,0.30452417254077085,0.2524360752651456,0.2524360752651456,1.0017304574013715,0.009999999999999787
2.159999999999998,hold,1.5,1.4928276893411687,1.4932060342864184,-22.187971989190533,-8.43287895437481,0.1431279859327619,0.3008008260061296,0.2512538382734663,0.2512538382734663,0.9970390407677234,0.009999999999999787
2.1699999999999977,hold,1.5,1.4929330642570753,1.4930422522688125,-22.17303609648532,-8.432613320715665,0.14314664356777684,0.29795732991783086,0.25035097139550966,0.25035097139550966,0.9934562356964669,0.009999999999999787
2.1799999999999975,hold,1.5,1.4938946814188043,1.4935537097588076,-22.15809156482471,-8.43233775121014,0.14319632928852935,0.2954576075241628,0.24955725954107222,0.24955725954107222,0.9903065854804453,0.009999999999999787
2.1899999999999973,hold,1.5,1.495719045690365,1.494852911317742,-22.143129333819115,-8.432051883586476,0.1432646298435118,0.29280788080688674,0.2487159183138027,0.2487159183138027,0.9869679298166774,0.009999999999999787
2.199999999999997,hold,1.5,1.4982822796330875,1.4969105323069494,-22.128141565242803,-8.43175634432907,0.1433380793456392,0.28962330182461576,0.24770475079535204,0.24770475079535204,0.982955360299016,0.009999999999999787
2.209999999999997,hold,1.5,1.5013416119922391,1.4995691801181232,-22.11312295149119,-8.431450589796723,0.14340468797593392,0.2856748883336723,0.24645105054370767,0.24645105054370767,0.9779803593004273,0.009999999999999787
2.2199999999999966,hold,1.5,1.5045840733091709,1.5025781160327518,-22.09807144093944,-8.431134516480716,0.14345542089698904,0.2809093925657644,0.24493791032748152,0.24493791032748152,0.9719758346328632,0.009999999999999787
2.2299999999999964,hold,1.5,1.5076988868774484,1.5056505785395697,-22.082988235807832,-8.430808323383769,0.14348490979804715,0.27543518169806125,0.24319973889276844,0.24319973889276844,0.9650783289395573,0.009999999999999787
2.239999999999996,hold,1.5,1.5104659607780924,1.5085398078826833,-22.06787688164606,-8.430472331570689,0.14349179159729814,0.269470521255556,0.24130583990906415,0.24130583990906415,0.9575628567820006,0.009999999999999787
2.249999999999996,hold,1.5,1.5127170942788928,1.511046179720409,-22.05274272014517,-8.430126581389656,0.14347837770887675,0.2632981053131897,0.239345974399044,0.239345974399044,0.949785612694619,0.009999999999999787
2.259999999999996,hold,1.5,1.5143882414459797,1.5130514167557516,-22.03759177324338,-8.429771672170292,0.14344961867426756,0.25721004748734555,0.23741289427818196,0.23741289427818196,0.9421146598340554,0.009999999999999787
2.2699999999999956,hold,1.5,1.5155126332098428,1.5145281466282063,-22.022429740105114,-8.429407963376084,0.14341210524724712,0.2514581908276167,0.23558656475158488,0.23558656475158488,0.9348673204427971,0.009999999999999787
2.2799999999999954,hold,1.5,1.5161887985722395,1.5155245377946263,-22.007261290345,-8.429036256234006,0.1433727890387759,0.24622193919940155,0.23392395013459397,0.23392395013459397,0.9282696433912458,0.009999999999999787
2.289999999999995,hold,1.5,1.5165868585783446,1.5161619302648572,-21.992089341706965,-8.428657198142975,0.14333803674280604,0.24158326116069345,0.2324510770837434,0.2324510770837434,0.9224249090624739,0.009999999999999787
2.299999999999995,hold,1.5,1.5168809753650547,1.5165933573249757,-21.97691500576523,-8.428271512196458,0.14331277101994225,0.23752837174070962,0.2311635685951101,0.2311635685951101,0.9173157483932941,0.009999999999999787
2.3099999999999947,hold,1.5,1.5172124970627043,1.5169648411676129,-21.96173792410358,-8.427879827185757,0.14330006267448558,0.23396956284763681,0.23003357559538162,0.23003357559538162,0.9128316491880223,0.009999999999999787
2.3199999999999945,hold,1.5,1.5177103998023147,1.5174121763484338,-21.94655638381949,-8.427483341403818,0.14330096947604712,0.23076443752326609,0.22901588420238744,0.22901588420238744,0.9087931912793152,0.009999999999999787
2.3299999999999943,hold,1.5,1.5184369064380485,1.5180270144022026,-21.93136802808062,-8.427082599630006,0.14331492190199074,0.2277495136705642,0.22805858558067754,0.22805858558067754,0.9049943872249109,0.009999999999999787
2.339999999999994,hold,1.5,1.5194111732871731,1.518857509733185,-21.916170271100732,-8.426678982499972,0.14334027915916092,0.22476707048551173,0.2271116002205597,0.2271116002205597,0.9012365088117449,0.009999999999999787
2.349999999999994,hold,1.5,1.5205659635566644,1.5198825820272726,-21.900961437095937,-8.426262228674261,0.14337406582027223,0.22170069969200057,0.22613796616620402,0.22613796616620402,0.8973728816119207,0.009999999999999787
2.3599999999999937,hold,1.5,1.5221859268116378,1.5212645888978917,-21.88573626120728,-8.4258457742276,0.14340627454817234,0.21836905130721948,0.22508010117106836,0.22508010117106836,0.8931750046470966,0.009999999999999787
2.3699999999999934,hold,1.5,1.5239546442605743,1.5228786221155013,-21.870493068720002,-8.42543321544466,0.1434326055796366,0.21469137270568825,0.22391236466151013,0.22391236466151013,0.8885411296091672,0.009999999999999787
2.3799999999999932,hold,1.5,1.5256562166150187,1.5245451788152118,-21.855232652340334,-8.425018039208343,0.14345078078773876,0.21069747163530966,0.22264422119364355,0.22264422119364355,0.8835088142604902,0.009999999999999787
2.389999999999993,hold,1.5,1.5271952431691729,1.5261352174275884,-21.839956683375753,-8.424598500393001,0.1434593193295736,0.20647986386967881,0.22130504637590043,0.22130504637590043,0.8781946284757953,0.009999999999999787
2.399999999999993,hold,1.5,1.5285331547685523,1.5275739798321668,-21.824667092382647,-8.424179334370823,0.14345764494712615,0.20215309324873157,0.21993121016833725,0.21993121016833725,0.8727428974934017,0.009999999999999787
2.4099999999999926,hold,1.5,1.5296027232343847,1.5287912258734977,-21.809366632549747,-8.423761493072153,0.14344757543486603,0.1978474322610366,0.21856407669152436,0.21856407669152436,0.8673177646489062,0.009999999999999787
2.4199999999999924,accelerate,1.5,1.5303571272734904,1.5297307667134934,-21.7940586014357,-8.423343775772294,0.14343233054289412,0.19369871054036844,0.21724677457077785,0.21724677457077785,0.8620903752808644,0.009999999999999787
2.429999999999992,accelerate,1.5,1.5308661749934898,1.5304120116814912,-21.77874553347137,-8.422926458839095,0.1434148580264116,0.18980715173896062,0.21601112682015478,0.21601112682015478,0.8571870111910904,0.009999999999999787
2.439999999999992,accelerate,1.5,1.5312251037008955,1.5308998668931337,-21.763428975038927,-8.422510204941776,0.14339778821471966,0.1862200180778352,0.21487214014007425,0.21487214014007425,0.8526672227780724,0.009999999999999787
2.4499999999999917,accelerate,1.5,1.53149585449315,1.5312574594531436,-21.748109842067812,-8.422095437138811,0.14338349759434807,0.18294270006107763,0.2138315261233934,0.2138315261233934,0.848537802076958,0.009999999999999787
2.4599999999999915,accelerate,1.5,1.5317483452495806,1.5315519909310058,-21.7327883634266,-8.421681235843325,0.14337377671319734,0.17994446909084333,0.21287952782572458,0.21287952782572458,0.8447600310544626,0.009999999999999787
2.4699999999999913,accelerate,1.5,1.5320565680196574,1.5318547371841968,-21.717463976687874,-8.421267448897959,0.14336927854550435,0.17716305113268163,0.21199637199564908,0.21199637199564908,0.8412554444271789,0.009999999999999787
2.479999999999991,accelerate,1.5,1.5324670921718238,1.532222150176773,-21.70213563860853,-8.420853780124807,0.1433698208486098,0.17451836765483467,0.21115663209776314,0.21115663209776314,0.8379231432450919,0.009999999999999787
2.489999999999991,accelerate,1.5,1.5329807179406496,1.532677290835099,-21.686802282669504,-8.42044011631343,0.14337457105831614,0.1719335655691153,0.21033590573950553,0.21033590573950553,0.8346662926170855,0.009999999999999787
2.4999999999999907,accelerate,1.5,1.533596122872914,1.533228590057788,-21.67146286305991,-8.420025801573136,0.14338219729523466,0.16934203778055548,0.209513043836082,0.209513043836082,0.8314009676034999,0.009999999999999787
2.5099999999999905,accelerate,1.5,1.534283657876303,1.533861630748897,-21.656116630731805,-8.419610342128417,0.14339124115629978,0.16669753864955977,0.20867336247200827,0.20867336247200827,0.8280688986984455,0.009999999999999787
2.5199999999999902,accelerate,1.5,1.5349977854574923,1.5345433235740542,-21.6407633023392,-8.419193136305477,0.14340029051701111,0.16398020226806184,0.20781055382415503,0.20781055382415503,0.8246450548577581,0.009999999999999787
2.52999999999999,accelerate,1.5,1.5356865619907674,1.535229266624082,-21.625403109070405,-8.418774053193008,0.14340806054862282,0.16119755036608022,0.2069270061922378,0.2069270061922378,0.8211389134612611,0.009999999999999787
2.53999999999999,accelerate,1.5,1.536330811292019,1.5358901934248443,-21.61003651417989,-8.41835202366076,0.14341374037349014,0.15837122813971855,0.20602959235892346,0.20602959235892346,0.8175777474560455,0.009999999999999787
2.5499999999999896,accelerate,1.5,1.536891632822329,1.5364910570633352,-21.594664359674745,-8.41792679453965,0.14341694909071953,0.1555374769580627,0.20512981968372407,0.20512981968372407,0.814007220967159,0.009999999999999787
2.5599999999999894,accelerate,1.5,1.537344037508679,1.5370028453305415,-21.57928775288906,-8.417497869714484,0.143417700069425,0.15274123189033928,0.20424195594982056,0.20424195594982056,0.8104839521818276,0.009999999999999787
2.569999999999989,accelerate,1.5,1.5376928620927826,1.5374168553878862,-21.56390775428566,-8.417064941954319,0.14341637547195968,0.15002372053816737,0.20337909174527893,0.20337909174527893,0.807059887878091,0.009999999999999787
2.579999999999989,accelerate,1.5,1.5379536377435947,1.5377389248013114,-21.54852528666688,-8.41662719664743,0.14341362443313052,0.14741548633253218,0.20255092522030563,0.20255092522030563,0.8037735127789906,0.009999999999999787
2.5899999999999888,accelerate,1.5,1.5381383874598686,1.537978602396446,-21.533141124562682,-8.416184851874613,0.14341024917449482,0.14493649898101787,0.20176379715645282,0.20176379715645282,0.8006499887160826,0.009999999999999787
2.5999999999999885,accelerate,1.5,1.5382551600752585,1.5381445370037334,-21.517755982046356,-8.415737036470274,0.14340685267367986,0.1425986838681325,0.20102149410180944,0.20102149410180944,0.797704341673847,0.009999999999999787
2.6099999999999883,accelerate,1.5,1.5383457003773067,1.5382652350278774,-21.502370176545462,-8.415282413883826,0.14340426497109748,0.14039684657588106,0.2003223667247738,0.2003223667247738,0.7949300266856103,0.009999999999999787
2.619999999999988,accelerate,1.5,1.5384608214137008,1.5383825868593715,-21.486983450499935,-8.414821761121143,0.14340301359829413,0.13830473686703543,0.19965808005002111,0.19965808005002111,0.7922939684524647,0.009999999999999787
2.629999999999988,accelerate,1.5,1.538616541684044,1.538522959754175,-21.47159538981441,-8.414355091744566,0.14340296274829234,0.13628727149322345,0.19901749444452835,0.19901749444452835,0.7897519620814617,0.009999999999999787
2.6399999999999877,accelerate,1.5,1.5388161287376958,1.5386988611442876,-21.456205566801483,-8.41388197055583,0.1434040535273989,0.13430953123218442,0.1983895223568432,0.1983895223568432,0.7872600093525524,0.009999999999999787
2.6499999999999875,accelerate,1.5,1.5390111021956852,1.538886205775126,-21.440814046295053,-8.413401855018263,0.14340624879102326,0.1323562176178446,0.19776930621801805,0.19776930621801805,0.7847988341984843,0.009999999999999787
2.6599999999999873,accelerate,1.5,1.539212575966685,1.5390820278900614,-21.425420761102245,-8.412914589983732,0.14340916153669983,0.13041659845445644,0.19715343834125904,0.19715343834125904,0.7823549140526153,0.009999999999999787
2.669999999999987,accelerate,1.5,1.5394193661230067,1.5392844308298286,-21.410025650951503,-8.412420198590784,0.143412386085355,0.12848304335574007,0.19653949592631462,0.19653949592631462,0.7799186346282326,0.009999999999999787
2.679999999999987,accelerate,1.5,1.5395923120871218,1.5394691595842045,-21.39462902838404,-8.411919492774484,0.14341566841102,0.12656237837736706,0.1959296463823816,0.1959296463823816,0.7774985967554826,0.009999999999999787
2.6899999999999866,accelerate,1.5,1.5397078584855908,1.5396123789250362,-21.379231508689845,-8.411410797426688,0.14341854479440014,0.12467293993023426,0.195329711886648,0.195329711886648,0.7751179043120953,0.009999999999999787
2.6999999999999864,accelerate,1.5,1.5398042242669534,1.5397274861301864,-21.363833283159398,-8.410894391195267,0.14342109948184967,0.12282252016529743,0.19474216660288526,0.19474216660288526,0.7727863754082749,0.009999999999999787
2.709999999999986,accelerate,1.5,1.5398862014928227,1.5398227153477682,-21.348434465074135,-8.41037110848573,0.14342304557008265,0.12101314431903043,0.19416765358417856,0.19416765358417856,0.7705065618419784,0.009999999999999787
2.719999999999986,accelerate,1.5,1.5399463692479973,1.5398969076879057,-21.333035252534604,-8.409841405760432,0.14342408626549924,0.11924719173260889,0.193606928318938,0.193606928318938,0.7682814615830873,0.009999999999999787
2.7299999999999858,accelerate,1.5,1.539967621945832,1.5399393362426614,-21.317636044449976,-8.409305179813654,0.1434243222230528,0.11753245203286199,0.19306246416947434,0.19306246416947434,0.7661208895614061,0.009999999999999787
2.7399999999999856,accelerate,1.5,1.5399591316521322,1.539951213488344,-21.30223716296807,-8.408761927388083,0.14342395821244716,0.11587473059292569,0.1925361044578658,0.1925361044578658,0.7640321605470864,0.009999999999999787
2.7499999999999853,accelerate,1.5,1.539918164568954,1.53993138413671,-21.286838915741484,-8.40821230531389,0.1434230912560687,0.11427950364968245,0.19202958799884717,0.19202958799884717,0.7620221745985999,0.009999999999999787
2.759999999999985,accelerate,1.5,1.5398602884050892,1.5398887266977375,-21.271441465032645,-8.407656690886261,0.1434218886666831,0.11274662413598117,0.19154286809565677,0.19154286809565677,0.7600907464113363,0.009999999999999787
2.769999999999985,accelerate,1.5,1.5397841139077895,1.5398259590237688,-21.256045004831854,-8.4070950336921,0.14342064408977678,0.11127468014370921,0.19107549643923058,0.19107549643923058,0.7582360969810737,0.009999999999999787
2.7799999999999847,accelerate,1.5,1.5396957022580302,1.5397478049643256,-21.24064964948928,-8.406527643514869,0.1434194237451912,0.10986015565852739,0.19062635662469563,0.19062635662469563,0.7564537961297445,0.009999999999999787
2.7899999999999845,accelerate,1.5,1.5396105983603499,1.5396654810019401,-21.225255357783972,-8.405954872821741,0.1434183300949034,0.1084943447555079,0.1901926843467689,0.1901926843467689,0.75473287439194,0.009999999999999787
2.7999999999999843,accelerate,1.5,1.5395082538290443,1.5395711446982028,-21.209862282086807,-8.405377519142528,0.14341753494441378,0.10717450758857822,0.18977360964952536,0.18977360964952536,0.7530698795616085,0.009999999999999787
2.809999999999984,accelerate,1.5,1.5393881734979487,1.5394613619780504,-21.194470613563162,-8.404795055910078,0.14341690626469297,0.10590037359742858,0.18936904662465553,0.18936904662465553,0.75146447073276,0.009999999999999787
2.819999999999984,accelerate,1.5,1.5392667941897515,1.5393446213050712,-21.17908036898316,-8.404207543541249,0.14341655226110755,0.1046672931307064,0.1889775189148619,0.1889775189148619,0.74991078934469,0.009999999999999787
2.8299999999999836,accelerate,1.5,1.5391651534700628,1.539236940604066,-21.163691311679283,-8.403616016083955,0.14341627021058456,0.10346302558323094,0.1885951398831875,0.1885951398831875,0.748393412234871,0.009999999999999787
2.8399999999999834,accelerate,1.5,1.5390521634321512,1.5391260743009172,-21.148303539400214,-8.403020849378294,0.14341585765245435,0.10228426643320673,0.18822086027787183,0.18822086027787183,0.7469081757058406,0.009999999999999787
2.849999999999983,accelerate,1.5,1.53893229439066,1.5390098063547628,-21.132917110345844,-8.402422387811459,0.1434152620655558,0.10112957994427355,0.18785422422390574,0.18785422422390574,0.7454532707297847,0.009999999999999787
2.859999999999983,accelerate,1.5,1.5387759315495297,1.538869481471623,-21.117532408341535,-8.401820203384627,0.14341448851785757,0.10000783592112343,0.18749804806167514,0.18749804806167514,0.7440398732606156,0.009999999999999787
2.869999999999983,accelerate,1.5,1.5386163008078144,1.5387175730733378,-21.10214943846807,-8.401214954990039,0.1434133636133264,0.0989196253253846,0.18715251943331612,0.18715251943331612,0.7426687279099846,0.009999999999999787
2.8799999999999826,accelerate,1.5,1.5384250341285923,1.5385420497064906,-21.086768509514457,-8.400606915800285,0.1434119259755086,0.09787193883854346,0.18681985802001436,0.18681985802001436,0.7413486429365649,0.009999999999999787
2.8899999999999824,accelerate,1.5,1.5382082423310692,1.5383417652812377,-21.07138988277225,-8.399996011529929,0.14341028457389207,0.09687114746863541,0.18650208674424112,0.18650208674424112,0.7400876458104807,0.009999999999999787
2.899999999999982,accelerate,1.5,1.5379694432019038,1.5381183720336373,-21.05601377220513,-8.399382551959388,0.1434086511473781,0.0959216374032065,0.18620059830826616,0.18620059830826616,0.7388912631280403,0.009999999999999787
2.909999999999982,accelerate,1.5,1.5377067169002807,1.5378713789536234,-21.04064041934104,-8.398766601126457,0.14340723520115853,0.09502734204443539,0.18591664164594915,0.18591664164594915,0.7377644509759886,0.009999999999999787
2.9199999999999817,accelerate,1.5,1.5374358202487317,1.5376100437306883,-21.025269880223888,-8.39814887925791,0.143406182481419,0.09418662044901338,0.18564969572497075,0.18564969572497075,0.736705141765757,0.009999999999999787
2.9299999999999815,accelerate,1.5,1.537132124946224,1.5373232924600098,-21.009902524541424,-8.397528158607226,0.14340549126131352,0.093404184796374,0.1854012567565447,0.1854012567565447,0.7357192728434313,0.009999999999999787
2.9399999999999813,accelerate,1.5,1.5368522672800455,1.5370406773520313,-20.994538091448035,-8.396905145138128,0.14340535951966982,0.09266817230981089,0.18516755807181118,0.18516755807181118,0.7347918971103619,0.009999999999999787
2.949999999999981,accelerate,1.5,1.5366011695432744,1.536776972666777,-20.979176267330825,-8.396280180939184,0.1434054198950155,0.09196115958570723,0.18494306739165378,0.18494306739165378,0.7339010610779912,0.009999999999999787
2.959999999999981,accelerate,1.5,1.5363657619042435,1.536530246209257,-20.963816882885702,-8.395653426111078,0.14340547096594197,0.09127010925253014,0.18472364508986341,0.18472364508986341,0.7330303376581881,0.009999999999999787
2.9699999999999807,accelerate,1.5,1.5361301769429596,1.5362902046494784,-20.948459957586145,-8.395024485825266,0.14340556085523087,0.09058997949700517,0.18450769028988911,0.18450769028988911,0.7321733741662266,0.009999999999999787
2.9799999999999804,accelerate,1.5,1.535887032819495,1.5360483015514883,-20.93310558032252,-8.394393089107412,0.14340573916157023,0.08992126241746357,0.18429535924279303,0.18429535924279303,0.731330790646004,0.009999999999999787
2.9899999999999802,accelerate,1.5,1.5356300962885332,1.535797378393715,-20.91775388316656,-8.393759379868754,0.14340596681115153,0.08926819453237853,0.18408799712792084,0.18408799712792084,0.730507925110797,0.009999999999999787
2.99999999999998,accelerate,1.5,1.5353628418910898,1.5355366564921398,-20.90240498078067,-8.393123049671264,0.14340619662960025,0.0886346447928973,0.18388683241464077,0.18388683241464077,0.7297096524390506,0.009999999999999787
3.00999999999998,accelerate,1.5,1.5350900213792875,1.5352686754244285,-20.8870589307061,-8.392484156181052,0.1434065671626101,0.08802241827709291,0.18369243825134257,0.18369243825134257,0.7289382470291372,0.009999999999999787
3.0199999999999796,accelerate,1.5,1.5347851005444233,1.5349785304964252,-20.871716065347236,-8.391842542180697,0.14340725063913273,0.08744098387296015,0.1835078211993423,0.1835078211993423,0.7282056396799298,0.009999999999999787
3.0299999999999794,accelerate,1.5,1.5344728240547576,1.5346751066314246,-20.856376474760726,-8.39119774829578,0.1434082176695362,0.08689331840395428,0.18333392645962357,0.18333392645962357,0.7275155811889824,0.009999999999999787
3.039999999999979,accelerate,1.5,1.5341580785333655,1.534364889772589,-20.84104016765104,-8.390550010419378,0.14340929323799026,0.08637842630180667,0.18317043791934967,0.18317043791934967,0.7268668171402765,0.009999999999999787
3.049999999999979,accelerate,1.5,1.5338452728119287,1.5340531195961928,-20.82570712490173,-8.389899143202864,0.14341029188712923,0.08589275543605242,0.18301622770605538,0.18301622770605538,0.7262548718494262,0.009999999999999787
3.0599999999999787,accelerate,1.5,1.5335336157046904,1.5337414172612913,-20.81037736559424,-8.389244482682656,0.14341132437206866,0.08543260765544798,0.18287012158275787,0.18287012158275787,0.7256750856458646,0.009999999999999787
3.0699999999999785,accelerate,1.5,1.5332301093121912,1.533434632491831,-20.795050788266433,-8.38858639801166,0.14341221966445453,0.08499242936179661,0.18273035617095768,0.18273035617095768,0.7251204609958638,0.009999999999999787
3.0799999999999783,accelerate,1.5,1.5329318159703624,1.53313294257895,-20.779727350689832,-8.387924562956906,0.143412806528601,0.08456764840282413,0.18259547972086473,0.18259547972086473,0.7245852369875585,0.009999999999999787
3.089999999999978,accelerate,1.5,1.5326391267083064,1.5328366530565638,-20.76440700154678,-8.38725893189602,0.14341311111895472,0.08415440793207009,0.1824642676065909,0.1824642676065909,0.7240645539944084,0.009999999999999787
3.099999999999978,accelerate,1.5,1.5323282371582578,1.5325316035175802,-20.74908994774488,-8.386589092532644,0.1434132896024124,0.08375716048742712,0.18233813359796788,0.18233813359796788,0.7235640222141583,0.009999999999999787
3.1099999999999777,accelerate,1.5,1.5320062045222693,1.5322163641203939,-20.733776302926724,-8.385915040573453,0.14341334888375387,0.0833802943845844,0.18221847107299324,0.18221847107299324,0.7230891709245764,0.009999999999999787
3.1199999999999775,accelerate,1.5,1.5316742273427801,1.5318910820538256,-20.71846619805978,-8.385236115038644,0.14341334039531792,0.08302731285908148,0.18210639237901557,0.18210639237901557,0.7226444142024427,0.009999999999999787
3.1299999999999772,accelerate,1.5,1.531344336540973,1.531563034746114,-20.703159603161374,-8.384552574452304,0.14341324527732963,0.08269719537392808,0.18200157347512966,0.18200157347512966,0.7222284661711494,0.009999999999999787
3.139999999999977,accelerate,1.5,1.5310125187094108,1.531232725124092,-20.687856526081013,-8.383864680233915,0.14341298028949645,0.08238887579036433,0.18190367584095649,0.18190367584095649,0.7218399834958591,0.009999999999999787
3.149999999999977,accelerate,1.5,1.5306742976151348,1.5308976686187177,-20.672557047686404,-8.383172115456775,0.1434125664467186,0.08210284627801998,0.18181285575019693,0.18181285575019693,0.7214795863103053,0.009999999999999787
3.1599999999999766,accelerate,1.5,1.5303347433422734,1.5305599134528511,-20.657261195626635,-8.382474619112358,0.1434120351272475,0.08183843800155206,0.18172890083425283,0.18172890083425283,0.7211464318819557,0.009999999999999787
3.1699999999999764,hold,1.5,1.5299840744837874,1.5302144100714128,-20.641969091427747,-8.381771995881463,0.14341138050214003,0.0815978362952773,0.18165250498047647,0.18165250498047647,0.7208432737320495,0.009999999999999787
3.179999999999976,hold,1.5,1.52963079083114,1.529864238527249,-20.62668074344218,-8.381064727408674,0.14341066830986074,0.08138119583588525,0.1815837173018103,0.1815837173018103,0.7205703067532155,0.009999999999999787
3.189999999999976,hold,1.5,1.5292568235655577,1.529499789550234,-20.61139639694185,-8.380352149309502,0.14341014407521208,0.08119381400138387,0.18152421982171943,0.18152421982171943,0.7203342056417438,0.009999999999999787
3.1999999999999758,hold,1.5,1.52887601953245,1.5291255275395637,-20.596116116688215,-8.379634321677583,0.1434097495341662,0.08103764018263977,0.1814746315107918,0.1814746315107918,0.7201374266301261,0.009999999999999787
3.2099999999999755,hold,1.5,1.5285036896750017,1.5287524248208264,-20.580839790523054,-8.37891173286118,0.14340928850083196,0.080908432389392,0.18143360545227977,0.18143360545227977,0.719974624810634,0.009999999999999787
3.2199999999999753,hold,1.5,1.5281317372644516,1.5283800122870015,-20.565567411917073,-8.378184452651796,0.143408741515898,0.08080303988664432,0.18140014122480733,0.18140014122480733,0.719841830257172,0.009999999999999787
3.229999999999975,hold,1.5,1.5277637774821033,1.5280102714040626,-20.550298964177287,-8.377452045666136,0.14340819799804216,0.08071787717080946,0.18137310035927545,0.18137310035927545,0.7197345252352201,0.009999999999999787
3.239999999999975,hold,1.5,1.527386122891019,1.5276357822962365,-20.535034533016596,-8.376714791104991,0.1434076651759593,0.0806540267710001,0.18135282658032797,0.18135282658032797,0.7196540737314602,0.009999999999999787
3.2499999999999747,hold,1.5,1.5270197348611179,1.5272661538351653,-20.51977401557708,-8.375972507489454,0.14340717639890518,0.08060724720175208,0.18133797313150032,0.18133797313150032,0.7195951314742076,0.009999999999999787
3.2599999999999745,hold,1.5,1.526650850924545,1.5268969720887933,-20.50451742015175,-8.375225565725733,0.14340671619054762,0.08057647270381654,0.18132820161291585,0.18132820161291585,0.719556355606809,0.009999999999999787
3.2699999999999743,hold,1.5,1.5262834602694921,1.5265288649972126,-20.489264724060067,-8.374474193723174,0.14340635213214076,0.0805605115948422,0.18132313364159433,0.18132313364159433,0.7195362446095013,0.009999999999999787
3.279999999999974,hold,1.5,1.5259106567544876,1.5261579400515775,-20.47401597546609,-8.373718613734752,0.14340619955534675,0.08056048549859707,0.18132312535551456,0.18132312535551456,0.7195362117282323,0.009999999999999787
3.289999999999974,hold,1.5,1.5255353697604914,1.5257843978769259,-20.458771230612022,-8.372958259661042,0.14340639035408995,0.08057720410467852,0.18132843384731756,0.18132843384731756,0.7195572771718951,0.009999999999999787
3.2999999999999736,hold,1.5,1.52515963749785,1.5254095416494802,-20.44353046173776,-8.372193672401272,0.14340667398605592,0.08061063628608865,0.1813390492335589,0.1813390492335589,0.7195994017204718,0.009999999999999787
3.3099999999999734,hold,1.5,1.524811033168441,1.5250504365608566,-20.428293367091264,-8.371425365705226,0.1434068398544715,0.08065163646208402,0.18135206760944092,0.18135206760944092,0.7196510619422258,0.009999999999999787
3.319999999999973,hold,1.5,1.5244608923896228,1.5246967100581164,-20.413059973663085,-8.370653140477959,0.14340691648301443,0.08069832722592035,0.18136689286077423,0.18136689286077423,0.7197098923046596,0.009999999999999787
3.329999999999973,hold,1.5,1.5241120013615141,1.5243458848401552,-20.39783026284919,-8.36987720479355,0.14340700042681603,0.08075049435819182,0.18138345696861308,0.18138345696861308,0.7197756228913217,0.009999999999999787
3.3399999999999728,hold,1.5,1.523749688799404,1.5239881672157045,-20.382604380184794,-8.36909741901249,0.14340720833681428,0.08081318579920903,0.18140336275496485,0.18140336275496485,0.7198546141070034,0.009999999999999787
3.3499999999999726,hold,1.5,1.5233862995697633,1.5236270466281399,-20.36738231750587,-8.368314116468607,0.1434074271175912,0.08088862129585997,0.18142731503386147,0.18142731503386147,0.7199496628327836,0.009999999999999787
3.3599999999999723,hold,1.5,1.5230350868403724,1.5232718707554793,-20.35216393739639,-8.36752755598938,0.14340754669038863,0.08097359945865713,0.1814542973001128,0.1814542973001128,0.7200567353179079,0.009999999999999787
3.369999999999972,hold,1.5,1.5226836686315026,1.5229189494810933,-20.336949246065792,-8.36673770999168,0.14340763455555866,0.08106749177540304,0.181484109988526,0.181484109988526,0.7201750396370079,0.009999999999999787
3.379999999999972,hold,1.5,1.522325980909473,1.522563168338121,-20.321738316571214,-8.365944390405923,0.143407705849296,0.08117251589392223,0.1815174572466382,0.1815174572466382,0.720307370026342,0.009999999999999787
3.3899999999999717,hold,1.5,1.5219613818437208,1.522202096441481,-20.306531213435086,-8.365147562406253,0.1434075643900877,0.08129176647507316,0.18155532169116526,0.18155532169116526,0.7204576257585923,0.009999999999999787
3.3999999999999715,hold,1.5,1.5216051064515468,1.5218439024475205,-20.291327807939293,-8.364347938510699,0.14340691139310607,0.08142338605167243,0.18159711353912705,0.18159711353912705,0.7206234664251073,0.009999999999999787
3.4099999999999713,hold,1.5,1.5212708967263162,1.5215000990147978,-20.276127890254987,-8.363545555326345,0.14340610911683804,0.08155970923232589,0.18164039887544814,0.18164039887544814,0.7207952336327307,0.009999999999999787
3.419999999999971,hold,1.5,1.5209332732716478,1.521160003568908,-20.260931530550067,-8.36273998471879,0.14340554966703836,0.08170021814729615,0.18168501326612949,0.18168501326612949,0.7209722748655932,0.009999999999999787
3.429999999999971,hold,1.5,1.5205851216652195,1.5208150744266948,-20.24573884252992,-8.361931224887666,0.14340544315041442,0.081849042345374,0.18173226792550318,0.18173226792550318,0.7211597933551713,0.009999999999999787
3.4399999999999706,hold,1.5,1.5202395093982948,1.5204697354096548,-20.230549811990837,-8.361119027187662,0.14340570061437155,0.08200715255696585,0.18178247107988782,0.18178247107988782,0.721359012221777,0.009999999999999787
3.4499999999999704,hold,1.5,1.519891480946067,1.520122782731502,-20.215364426836103,-8.360303961801403,0.14340605992523398,0.08217597226118348,0.181836074712371,0.181836074712371,0.7215717250490913,0.009999999999999787
3.45999999999997,hold,1.5,1.5195334546157828,1.5197691858620705,-20.20018275116557,-8.35948666740198,0.14340641756960837,0.08235934287058291,0.18189429854826752,0.18189429854826752,0.7218027720169347,0.009999999999999787
3.46999999999997,hold,1.5,1.5191672747077067,1.5194080391694524,-20.185004893252604,-8.358666636337084,0.14340680426532618,0.08256086853761865,0.18195828697806468,0.18195828697806468,0.7220566943573995,0.009999999999999787
3.47999999999997,hold,1.5,1.5188122896403016,1.519050589451962,-20.169830788512066,-8.357843087379619,0.1434074286836845,0.08277746839591851,0.18202706176507205,0.18202706176507205,0.7223296101788573,0.009999999999999787
3.4899999999999696,hold,1.5,1.5184718109934592,1.5187033223768602,-20.154660250589945,-8.357016712573046,0.14340808960237975,0.08300318204157407,0.18209873036184063,0.18209873036184063,0.7226140093723834,0.009999999999999787
3.4999999999999694,hold,1.5,1.5181419678634618,1.5183665096688213,-20.13949315412898,-8.356187726877705,0.1434084873399648,0.08323302450026136,0.18217170993932302,0.18217170993932302,0.7229036108703295,0.009999999999999787
3.509999999999969,hold,1.5,1.517831090454297,1.518045258140107,-20.12432930813944,-8.355356093720506,0.14340847899120637,0.08346020246739161,0.18224384348744618,0.18224384348744618,0.7231898551089134,0.009999999999999787
3.519999999999969,hold,1.5,1.517507875374964,1.5177228284810211,-20.109168875836353,-8.354521096801276,0.14340805535399562,0.08368812790172596,0.18231621437135603,0.18231621437135603,0.7234770411561747,0.009999999999999787
3.5299999999999687,hold,1.5,1.5171849850928296,1.5174001224481062,-20.094011818477803,-8.353683414227362,0.14340718868995997,0.0839190561774358,0.18238953871745944,0.18238953871745944,0.7237680107835692,0.009999999999999787
3.5399999999999685,hold,1.5,1.516853968611234,1.5170724301459828,-20.078858260188227,-8.352842362820251,0.14340605404858636,0.08415731332250292,0.18246519012616116,0.18246519012616116,0.7240682147863539,0.009999999999999787
3.5499999999999683,hold,1.5,1.5165188223805657,1.5167402654867326,-20.06370823955933,-8.351998089493097,0.14340481052591747,0.08440612012023363,0.1825441912605766,0.1825441912605766,0.7243817113514944,0.009999999999999787
3.559999999999968,hold,1.5,1.5161826509365854,1.5164056967566442,-20.04856178142739,-8.351150410171503,0.14340362694090464,0.08466697797060838,0.18262701884522758,0.18262701884522758,0.7247103922429666,0.009999999999999787
3.569999999999968,hold,1.5,1.5158385073809237,1.5160653831312119,-20.033418968502918,-8.350299359146035,0.14340267517408237,0.08494289216321795,0.182714627119665,0.182714627119665,0.7250580441256547,0.009999999999999787
3.5799999999999677,hold,1.5,1.5155087824647602,1.5157314227313408,-20.018279660563252,-8.349444934871034,0.14340213141509553,0.08522983464931816,0.1828057370978515,0.1828057370978515,0.7254195916581408,0.009999999999999787
3.5899999999999674,hold,1.5,1.5151668337553803,1.5153926693457644,-20.003143994100704,-8.348586989561053,0.14340222503476321,0.08553050174036228,0.18290120491259987,0.18290120491259987,0.7257984321928567,0.009999999999999787
3.5999999999999672,hold,1.5,1.5148383312767109,1.5150600665043323,-19.988011862215735,-8.347724936972266,0.14340284356973287,0.0858412292479434,0.182999867110807,0.182999867110807,0.7261899488524087,0.009999999999999787
3.609999999999967,hold,1.5,1.5145303388412577,1.5147422299064874,-19.972883024222547,-8.346859249887343,0.1434036927859075,0.08615443336832501,0.18309931568311058,0.18309931568311058,0.7265845860440896,0.009999999999999787
3.619999999999967,hold,1.5,1.5142362400176506,1.5144386359731854,-19.957757328181003,-8.345990063974883,0.14340457537708573,0.08646422380960148,0.18319768034402467,0.18319768034402467,0.726974922000098,0.009999999999999787
3.6299999999999666,hold,1.5,1.5139660001846431,1.51415505450006,-19.94263456873728,-8.345116770271751,0.1434054435726989,0.08676270179893247,0.18329245307519706,0.18329245307519706,0.727351004266655,0.009999999999999787
3.6399999999999664,hold,1.5,1.5136904197855308,1.5138762736713425,-19.927514795780407,-8.344239478435927,0.1434063194860896,0.0870515465522607,0.18338416706127383,0.18338416706127383,0.7277149486558485,0.009999999999999787
3.649999999999966,hold,1.5,1.5134087121278867,1.513595736745269,-19.912398080610185,-8.343358027349412,0.14340716564338085,0.08733557569467318,0.18347435199457265,0.18347435199457265,0.7280728253752883,0.009999999999999787
3.659999999999966,hold,1.5,1.513134367763193,1.5133189153560234,-19.897284344786907,-8.34247249244711,0.1434079090847686,0.08761572829463271,0.1835633060481118,0.1835633060481118,0.7284258176512373,0.009999999999999787
3.6699999999999657,hold,1.5,1.5128638282160578,1.513045863072044,-19.882173563325914,-8.341582615309605,0.14340843657728294,0.08789270093903713,0.1836512504021631,0.1836512504021631,0.7287748031831869,0.009999999999999787
3.6799999999999655,hold,1.5,1.5126030390943281,1.5127801686854145,-19.867065618804297,-8.340688747628452,0.14340869409964802,0.08816510450990313,0.18373774398398446,0.18373774398398446,0.729118031682478,0.009999999999999787
3.6899999999999653,hold,1.5,1.5123293398881856,1.5125096714070771,-19.851960658786265,-8.339790700050845,0.14340886226113822,0.08843828222970854,0.18382448337357707,0.18382448337357707,0.7294622356094328,0.009999999999999787
3.699999999999965,hold,1.5,1.5120573300690097,1.5122382666042367,-19.836858687377145,-8.338888156341705,0.14340898908232994,0.088714458275223,0.18391217479154884,0.18391217479154884,0.7298102174267811,0.009999999999999787
3.709999999999965,hold,1.5,1.5117795994429855,1.511963066307486,-19.821759744016166,-8.337981439751282,0.14340906153588173,0.08899696340416656,0.18400187582009098,0.18400187582009098,0.7301661738892499,0.009999999999999787
3.7199999999999647,hold,1.5,1.5115100713801253,1.5116912693510693,-19.806663760532178,-8.33707026217046,0.14340894829430875,0.08928463741485188,0.1840932180719638,0.1840932180719638,0.7305286431427135,0.009999999999999787
3.7299999999999645,hold,1.5,1.511248600735465,1.5114256681817069,-19.791570635700417,-8.336154980031512,0.14340860430199817,0.08957503436355156,0.18418542491111492,0.18418542491111492,0.7308945432980751,0.009999999999999787
3.7399999999999642,hold,1.5,1.5109867711349314,1.5111623299536416,-19.776480399629314,-8.335235207110546,0.14340809657948997,0.08986825819725426,0.1842785293427922,0.1842785293427922,0.7312640053285405,0.009999999999999787
3.749999999999964,hold,1.5,1.510729616545591,1.5109027019088113,-19.76139300377833,-8.33431100759832,0.14340743788250973,0.09016360195852519,0.18437230689387094,0.18437230689387094,0.7316361384677418,0.009999999999999787
3.759999999999964,hold,1.5,1.5104664889128727,1.510640974111248,-19.746308513929645,-8.33338236840145,0.14340673707240903,0.09046358242587654,0.18446755669186435,0.18446755669186435,0.7320141138566045,0.009999999999999787
3.7699999999999636,hold,1.5,1.5102098579261705,1.5103823044002014,-19.731226853134437,-8.332449539948275,0.14340604948694963,0.09076746827638889,0.18456404652711902,0.18456404652711902,0.7323970100282501,0.009999999999999787
3.7799999999999634,hold,1.5,1.509948768380784,1.510122182788551,-19.716148083390515,-8.331512352112231,0.14340557222191905,0.09107706588823035,0.18466234996083092,0.18466234996083092,0.7327871030191703,0.009999999999999787
3.789999999999963,hold,1.5,1.5096756617130636,1.5098542701432587,-19.701072319235543,-8.330570995457519,0.14340545836741864,0.09139722196341502,0.18476400591782355,0.18476400591782355,0.7331904996739029,0.009999999999999787
3.799999999999963,hold,1.5,1.5094111166530646,1.5095883780491421,-19.68599945742966,-8.32962575473125,0.1434056854488182,0.0917266192029123,0.18486859612930873,0.18486859612930873,0.7336055401956696,0.009999999999999787
3.8099999999999627,hold,1.5,1.5091470597129821,1.5093235870474462,-19.670929498439513,-8.328676540467573,0.14340623957406023,0.09206468153407346,0.18497593768069903,0.18497593768069903,0.7340314987329326,0.009999999999999787
3.8199999999999625,hold,1.5,1.508890854945808,1.5090639477864634,-19.655862364603458,-8.327723264323055,0.14340696145301818,0.09240877329429609,0.18508519369640491,0.18508519369640491,0.7344650543508131,0.009999999999999787
3.8299999999999623,hold,1.5,1.5086485974654626,1.508814737593863,-19.640797900249854,-8.326766135976118,0.1434077247197311,0.09275392652101015,0.18519478674895118,0.18519478674895118,0.7348999474164729,0.009999999999999787
3.839999999999962,hold,1.5,1.5084024398318212,1.508567358936638,-19.625736131407912,-8.325805341751238,0.14340844027129082,0.09310069352083974,0.18530489220673704,0.18530489220673704,0.7353368738362581,0.009999999999999787
3.849999999999962,hold,1.5,1.5081747189454522,1.5083317749419265,-19.610676852861115,-8.32484117491472,0.14340900729523748,0.09344417304531759,0.18541395382534925,0.18541395382534925,0.7357696580371003,0.009999999999999787
3.8599999999999617,hold,1.5,1.5079415844858917,1.5080976606683056,-19.595620118071015,-8.323873743621201,0.14340959791508637,0.09378588537669354,0.18552245432480774,0.18552245432480774,0.7362002155746339,0.009999999999999787
3.8699999999999615,hold,1.5,1.5076965786147096,1.507857011436148,-19.58056608260419,-8.322902544442211,0.14341038694588742,0.09413131895632049,0.18563213639501092,0.18563213639501092,0.736635461884964,0.009999999999999787
3.8799999999999613,hold,1.5,1.5074448217265093,1.5076096976103648,-19.565514796139286,-8.321927902440624,0.14341145881999695,0.09448497963676304,0.18574443073426503,0.18574443073426503,0.7370810743423215,0.009999999999999787
3.889999999999961,hold,1.5,1.5071968774802267,1.5073620055322818,-19.55046619921017,-8.320950184337295,0.1434129101506088,0.09484715555961892,0.18585942883329024,0.18585942883329024,0.73753741600512,0.009999999999999787
3.899999999999961,hold,1.5,1.5069467240773917,1.5071128366593478,-19.535420318230656,-8.319969401097593,0.14341495691384043,0.09521866760619735,0.1859773913383198,0.1859773913383198,0.7380055211838088,0.009999999999999787
3.9099999999999606,hold,1.5,1.5067046379315658,1.5068679174226784,-19.52037708220178,-8.318985410172687,0.1434176978871438,0.09559711917846277,0.1860975572815455,0.1860975572815455,0.7384823701648631,0.009999999999999787
3.9199999999999604,hold,1.5,1.5064666697925937,1.5066271688446276,-19.505336437682292,-8.317998407575704,0.14342121179951453,0.09598060550357358,0.18621932185949472,0.18621932185949472,0.7389655629345029,0.009999999999999787
3.92999999999996,hold,1.5,1.5062347686820319,1.50639172874707,-19.49029830349002,-8.31700866725123,0.14342547237142025,0.09636696483394311,0.18634199867407364,0.18634199867407364,0.7394523756907684,0.009999999999999787
3.93999999999996,hold,1.5,1.5060082982427723,1.5061616704444913,-19.475262594165933,-8.316016619152089,0.143430438814538,0.09675439138888886,0.18646501435380003,0.18646501435380003,0.7399405331500001,0.009999999999999787
3.9499999999999598,hold,1.5,1.5058182176411856,1.5059555987625077,-19.460228897921954,-8.31502277589827,0.1434357409224053,0.09713144928959526,0.18658473777843232,0.18658473777843232,0.7404156261048902,0.009999999999999787
3.9599999999999596,hold,1.5,1.5056624418097564,1.505779704590857,-19.44519687997033,-8.314027076127745,0.14344165139016687,0.09748550980065597,0.18669715907190432,0.18669715907190432,0.7408617423488266,0.009999999999999787
3.9699999999999593,hold,1.5,1.5054761297815298,1.5055975597052607,-19.430167279278262,-8.313022910544587,0.14344843697071108,0.09782574779116257,0.18680519143864996,0.18680519143864996,0.7412904422168649,0.009999999999999787
3.979999999999959,hold,1.5,1.505535253317422,1.5055601758725574,-19.41513689848503,-8.31201960218018,0.14345161612789428,0.09807875561612726,0.18688552648323276,0.18688552648323276,0.7416092320763205,0.009999999999999787
3.989999999999959,hold,1.5,1.5055855655763521,1.5055754096948344,-19.400106004854084,-8.311015075017817,0.14345224611565358,0.09823409055007294,0.18693484843145916,0.18693484843145916,0.7418049540930919,0.009999999999999787
3.9999999999999587,hold,1.5,1.5054853224751952,1.505521357363051,-19.385076468174134,-8.310004667988581,0.1434518164634951,0.09834824862686974,0.1869710959040037,0.1869710959040037,0.741948793269856,0.009999999999999787
4.009999999999959,hold,1.5,1.50540845062139,1.5054536133180543,-19.370047660317397,-8.308994046875346,0.14344919595638786,0.09843716865083908,0.18699932979001446,0.18699932979001446,0.7420608325000574,0.010000000000000231
4.019999999999959,hold,1.5,1.505307645013208,1.5053660323351465,-19.35501982373565,-8.307983692939626,0.1434452473180533,0.09851698520264382,0.1870246731415435,0.1870246731415435,0.7421614013553314,0.009999999999999787
4.0299999999999585,hold,1.5,1.5051091270762402,1.5052118891798028,-19.339994174745474,-8.306970716247676,0.14344141817495806,0.09862574280585051,0.18705920585571367,0.18705920585571367,0.7422984359353717,0.009999999999999787
4.039999999999958,hold,1.5,1.5048733563437964,1.5050087694781988,-19.324971110968274,-8.305954669603299,0.143437631726946,0.09878493470451534,0.18710975246737774,0.18710975246737774,0.7424990177276894,0.009999999999999787
4.049999999999958,hold,1.5,1.5046317046924553,1.5047825306067528,-19.309950403189312,-8.304939753714937,0.14343359356083693,0.09899826463332344,0.18717748898637288,0.18717748898637288,0.7427678134379876,0.009999999999999787
4.059999999999958,hold,1.5,1.504434940788024,1.5045739767155155,-19.294931730432957,-8.303924087127088,0.14342949828184903,0.0992470271939346,0.18725647607461812,0.18725647607461812,0.7430812542643577,0.009999999999999787
4.069999999999958,hold,1.5,1.504245981948676,1.5043771798554118,-19.279915225055344,-8.302904764970943,0.14342595990443105,0.09951930572557045,0.18734292995398316,0.18734292995398316,0.7434243252142189,0.009999999999999787
4.079999999999957,hold,1.5,1.5040364036002456,1.504172714102312,-19.264901028330144,-8.301882913639508,0.14342328898054596,0.0998158774697996,0.1874370974142108,0.1874370974142108,0.7437980056119476,0.009999999999999787
4.089999999999957,hold,1.5,1.5038302841090816,1.5039672561063737,-19.249889012241535,-8.300859970498397,0.14342162066646552,0.10013384589429372,0.18753805874835616,0.18753805874835616,0.7441986458268102,0.009999999999999787
4.099999999999957,hold,1.5,1.5036053284287985,1.5037500994998285,-19.234879430244984,-8.299835124902216,0.14342140646637103,0.10047662862564609,0.18764689912121518,0.18764689912121518,0.7446305520683142,0.009999999999999787
4.109999999999957,hold,1.5,1.5033737286608873,1.5035242769964638,-19.21987237963497,-8.298807803633679,0.1434225485900306,0.10084541915352929,0.18776399748962863,0.18776399748962863,0.745095228133447,0.009999999999999787
4.119999999999957,hold,1.5,1.5031798406234593,1.5033176151726613,-19.204867416927318,-8.297778741559842,0.14342463041514777,0.10122634571259498,0.18788494929066318,0.18788494929066318,0.7455751955978698,0.009999999999999787
4.129999999999956,hold,1.5,1.503007857747483,1.5031317607175543,-19.189864339339294,-8.296747543235616,0.1434274043122665,0.10160729578712115,0.18800590855832672,0.18800590855832672,0.7460551926917727,0.009999999999999787
4.139999999999956,hold,1.5,1.502846900940526,1.5029608448513372,-19.174863079258934,-8.29571341143211,0.14343054304782848,0.10198157351014535,0.18812474922094136,0.18812474922094136,0.7465267826227832,0.009999999999999787
4.149999999999956,hold,1.5,1.5027051251017793,1.5028074130016025,-19.159863420151808,-8.294676489323427,0.14343356207411612,0.10234235581421341,0.18823930481812906,0.18823930481812906,0.746981368325909,0.009999999999999787
4.159999999999956,hold,1.5,1.502582253165854,1.5026723171001533,-19.144865176245727,-8.293636568053453,0.14343606893087624,0.10268360607373199,0.1883476586005314,0.1883476586005314,0.7474113436529024,0.009999999999999787
4.1699999999999555,hold,1.5,1.5024674882381408,1.5025494197829459,-19.12986827860585,-8.292593439660672,0.14343792229328,0.10300365012635172,0.18844927898811922,0.18844927898811922,0.7478145991592032,0.009999999999999787
4.179999999999955,coast,1.5,1.5023505648222104,1.5024301068065045,-19.11487277643615,-8.291546667622663,0.1434389489877282,0.0,0.0,0.0,0.0,0.009999999999999787
4.189999999999955,coast,1.5,1.5083997089014802,1.50601186806349,-19.09981809008263,-8.290491658227964,0.14344664434880236,0.0,0.0,0.0,0.0,0.009999999999999787
4.199999999999955,coast,1.5,1.5119896446882068,1.5095985340383202,-19.084729256350975,-8.28943175961724,0.14346075357465032,0.0,0.0,0.0,0.0,0.009999999999999787
4.209999999999955,coast,1.5,1.510374685804469,1.5100642250980094,-19.0696581883114,-8.288371839253307,0.14347764665731083,0.0,0.0,0.0,0.0,0.009999999999999787
4.2199999999999545,coast,1.5,1.503990160074792,1.506419786084079,-19.054652387057224,-8.287312676386254,0.14349417323135685,0.0,0.0,0.0,0.0,0.009999999999999787
4.229999999999954,coast,1.5,1.4936915721314998,1.4987828577125315,-19.039750596565224,-8.286255431753082,0.14350745427221667,0.0,0.0,0.0,0.0,0.009999999999999787
4.239999999999954,coast,1.5,1.480854119366493,1.4880256147049082,-19.024977625177158,-8.285203638277558,0.14351597099451513,0.0,0.0,0.0,0.0,0.009999999999999787
4.249999999999954,coast,1.5,1.4669654815809932,1.4753895348305592,-19.010343618170403,-8.28415823658946,0.14351928782962559,0.0,0.0,0.0,0.0,0.009999999999999787
4.259999999999954,coast,1.5,1.4534517458308411,1.4622268614307283,-18.995844575225153,-8.283118912359653,0.14351785258953254,0.0,0.0,0.0,0.0,0.009999999999999787
4.269999999999953,coast,1.5,1.4414593330908052,1.4497663444267745,-18.981465079322284,-8.28208487457327,0.14351278859837985,0.0,0.0,0.0,0.0,0.009999999999999787
4.279999999999953,coast,1.5,1.431714486219827,1.438935229502606,-18.967182518264035,-8.28105482157065,0.14350588336440442,0.0,0.0,0.0,0.0,0.009999999999999787
4.289999999999953,coast,1.5,1.424464435845841,1.430252753308547,-18.95297192030745,-8.280026859887473,0.14349922136500912,0.0,0.0,0.0,0.0,0.009999999999999787
4.299999999999953,coast,1.5,1.419558409744458,1.4238361471700935,-18.93880987307933,-8.278999662196957,0.14349384341204133,0.0,0.0,0.0,0.0,0.009999999999999787
4.3099999999999525,coast,1.5,1.416510247508111,1.419440607372904,-18.92467782703806,-8.277973456113298,0.14348993019833614,0.0,0.0,0.0,0.0,0.009999999999999787
4.319999999999952,coast,1.5,1.4145191064977531,1.4164877068478134,-18.910565345126308,-8.276948840623346,0.14348827670978687,0.0,0.0,0.0,0.0,0.009999999999999787
4.329999999999952,coast,1.5,1.4127198458345718,1.4142269902398685,-18.896470846380844,-8.27592464792998,0.14349009898706616,0.0,0.0,0.0,0.0,0.009999999999999787
4.339999999999952,coast,1.5,1.410420127060472,1.4119428723322307,-18.88239958022533,-8.274900657760126,0.14349534862511387,0.0,0.0,0.0,0.0,0.009999999999999787
4.349999999999952,coast,1.5,1.407155407333656,1.409070393333086,-18.86836118058407,-8.273879178037145,0.14350252016454046,0.0,0.0,0.0,0.0,0.009999999999999787
4.3599999999999515,coast,1.5,1.4026381578576126,1.4052110520478018,-18.85436814378075,-8.272861702872207,0.14351008451548458,0.0,0.0,0.0,0.0,0.009999999999999787
4.369999999999951,coast,1.5,1.3967676408871827,1.4001450053514304,-18.840433953058948,-8.27184926906576,0.14351735795029033,0.0,0.0,0.0,0.0,0.009999999999999787
4.379999999999951,coast,1.5,1.3897214355455612,1.393890863467909,-18.8265702965165,-8.270842350575858,0.14352378450868736,0.0,0.0,0.0,0.0,0.009999999999999787
4.389999999999951,coast,1.5,1.3818542069842403,1.3866688695777079,-18.81278533098294,-8.269840592506956,0.14352870868078,0.0,0.0,0.0,0.0,0.009999999999999787
4.399999999999951,coast,1.5,1.3736539873676388,1.3788599402516666,-18.799082154611764,-8.268845627346785,0.14353075455892123,0.0,0.0,0.0,0.0,0.009999999999999787
4.40999999999995,coast,1.5,1.3655450718816622,1.3708710192296638,-18.78545968465541,-8.267858309706956,0.14352928129505485,0.0,0.0,0.0,0.0,0.009999999999999787
4.41999999999995,coast,1.5,1.3577904529461566,1.3630226794595595,-18.771914348388822,-8.266878042549171,0.14352527342987703,0.0,0.0,0.0,0.0,0.009999999999999787
4.42999999999995,coast,1.5,1.3506086192037055,1.3555742433060471,-18.75844042107805,-8.265904100175081,0.14352013578001427,0.0,0.0,0.0,0.0,0.009999999999999787
4.43999999999995,coast,1.5,1.3441025688108434,1.348691238608925,-18.745031235383117,-8.26493485186502,0.14351508230522814,0.0,0.0,0.0,0.0,0.009999999999999787
4.4499999999999496,coast,1.5,1.3383210874760532,1.342469147929202,-18.731679475530743,-8.263970971626105,0.1435099854023123,0.0,0.0,0.0,0.0,0.009999999999999787
4.459999999999949,coast,1.5,1.3331367192557049,1.3368696907251036,-18.718379163290486,-8.263012750670006,0.14350489480065393,0.0,0.0,0.0,0.0,0.009999999999999787
4.469999999999949,coast,1.5,1.3282546179152834,1.3317006470392116,-18.70512735398786,-8.262060004180439,0.1435009320944783,0.0,0.0,0.0,0.0,0.009999999999999787
4.479999999999949,coast,1.5,1.3234240059326834,1.3267346623752947,-18.69192369657115,-8.2611115581967,0.14349924031673922,0.0,0.0,0.0,0.0,0.009999999999999787
4.489999999999949,coast,1.5,1.3184537194218768,1.321766096603244,-18.678769657432692,-8.260167399962437,0.1435004405146107,0.0,0.0,0.0,0.0,0.009999999999999787
4.4999999999999485,coast,1.5,1.3132294868160606,1.3166441307309338,-18.66566787618955,-8.25922655656478,0.14350383672068998,0.0,0.0,0.0,0.0,0.009999999999999787
4.509999999999948,coast,1.5,1.3077452893350978,1.3113048258934321,-18.652620757454137,-8.258291596053802,0.14350751375421883,0.0,0.0,0.0,0.0,0.009999999999999787
4.519999999999948,coast,1.5,1.301881784528604,1.3056510010745352,-18.639632137497024,-8.25736202665165,0.1435110373631782,0.0,0.0,0.0,0.0,0.009999999999999787
4.529999999999948,coast,1.5,1.2956416435782672,1.2996453865767745,-18.626705829634872,-8.256437238043258,0.14351451855413444,0.0,0.0,0.0,0.0,0.009999999999999787
4.539999999999948,coast,1.5,1.289126089955246,1.2933338086038573,-18.613844610114434,-8.255516749811687,0.14351804637680912,0.0,0.0,0.0,0.0,0.009999999999999787
4.549999999999947,coast,1.5,1.2824970244096823,1.2868317380873524,-18.601049588260842,-8.254600385154905,0.14352092677912745,0.0,0.0,0.0,0.0,0.009999999999999787
4.559999999999947,coast,1.5,1.2759333853374528,1.2802927264374127,-18.588319969494204,-8.25368937725344,0.1435220290874788,0.0,0.0,0.0,0.0,0.009999999999999787
4.569999999999947,coast,1.5,1.2694397603269139,1.2737809467711134,-18.575655063933077,-8.252783368130133,0.1435218068732684,0.0,0.0,0.0,0.0,0.009999999999999787
4.579999999999947,coast,1.5,1.2630842937864633,1.2673629549803231,-18.56305365641968,-8.25187995035716,0.14352090997210837,0.0,0.0,0.0,0.0,0.009999999999999787
4.589999999999947,coast,1.5,1.256969186083315,1.2611266936421182,-18.550513216207403,-8.250980505598832,0.14351871028746271,0.0,0.0,0.0,0.0,0.009999999999999787
4.599999999999946,coast,1.5,1.2510623974417208,1.2550881159218796,-18.538031630045058,-8.250085455820933,0.1435154575689001,0.0,0.0,0.0,0.0,0.009999999999999787
4.609999999999946,coast,1.5,1.24526139516008,1.2491920834647998,-18.525607972409134,-8.24919340554319,0.1435124540166242,0.0,0.0,0.0,0.0,0.009999999999999787
4.619999999999946,coast,1.5,1.2395193406573752,1.243388437780345,-18.513241787301574,-8.24830284908678,0.1435103991138676,0.0,0.0,0.0,0.0,0.009999999999999787
4.629999999999946,coast,1.5,1.2338671633165776,1.2376756731020846,-18.500932052432326,-8.247415462635463,0.14350862164984554,0.0,0.0,0.0,0.0,0.009999999999999787
4.6399999999999455,coast,1.5,1.2282281871751186,1.232007181545905,-18.488678626752268,-8.2465315221707,0.14350697798810383,0.0,0.0,0.0,0.0,0.009999999999999787
4.649999999999945,coast,1.5,1.2224659974811916,1.226282471107077,-18.476482845879506,-8.245650037712107,0.14350628240254432,0.0,0.0,0.0,0.0,0.009999999999999787
4.659999999999945,coast,1.5,1.216578346768885,1.2204599965041618,-18.464346076996165,-8.244769676062278,0.14350684556075247,0.0,0.0,0.0,0.0,0.009999999999999787
4.669999999999945,coast,1.5,1.2106225158334756,1.2145575081017501,-18.452268912960843,-8.243891470792843,0.14350782933112,0.0,0.0,0.0,0.0,0.009999999999999787
4.679999999999945,coast,1.5,1.2046154207017767,1.208592255661766,-18.44025177268747,-8.243016492297903,0.1435084633307238,0.0,0.0,0.0,0.0,0.009999999999999787
4.689999999999944,coast,1.5,1.1985099320915822,1.2025428615196558,-18.428295676069023,-8.24214431726882,0.14350908185613778,0.0,0.0,0.0,0.0,0.009999999999999787
4.699999999999944,coast,1.5,1.192322480614673,1.1964106329766662,-18.4164015233239,-8.241273904282874,0.14351016020590074,0.0,0.0,0.0,0.0,0.009999999999999787
4.709999999999944,coast,1.5,1.1861334236251393,1.19024430736575,-18.404569330278076,-8.240405060936588,0.143511387671065,0.0,0.0,0.0,0.0,0.009999999999999787
4.719999999999944,coast,1.5,1.1800160166265505,1.1841073329222302,-18.392798271038636,-8.23953893258766,0.14351190280447615,0.0,0.0,0.0,0.0,0.009999999999999787
4.729999999999944,coast,1.5,1.1739577886574621,1.1780176063633694,-18.3810876939161,-8.23867624013444,0.14351161930070472,0.0,0.0,0.0,0.0,0.009999999999999787
4.739999999999943,coast,1.5,1.1679128904487222,1.171954776814581,-18.369437546136396,-8.237816054779518,0.14351128526482745,0.0,0.0,0.0,0.0,0.009999999999999787
4.749999999999943,coast,1.5,1.1618960967825986,1.1659195687953916,-18.357847550432748,-8.236958464346454,0.1435114842154912,0.0,0.0,0.0,0.0,0.009999999999999787
4.759999999999943,coast,1.5,1.1559055877914293,1.1599111801930142,-18.346317547932834,-8.236102137735944,0.1435125540931615,0.0,0.0,0.0,0.0,0.009999999999999787
4.769999999999943,coast,1.5,1.1500128911207192,1.1539722067496372,-18.334846400103295,-8.235248943047752,0.14351333487164747,0.0,0.0,0.0,0.0,0.009999999999999787
4.7799999999999425,coast,1.5,1.1441938952412731,1.1481052198446187,-18.323433302740938,-8.234399651224125,0.14351317280424353,0.0,0.0,0.0,0.0,0.009999999999999787
4.789999999999942,coast,1.5,1.1383265191762897,1.1422379994436214,-18.312078787740653,-8.23355388210712,0.14351272529044828,0.0,0.0,0.0,0.0,0.009999999999999787
4.799999999999942,coast,1.5,1.1324053853948748,1.1363384310143734,-18.300783452084307,-8.232711062584658,0.1435125929215522,0.0,0.0,0.0,0.0,0.009999999999999787
4.809999999999942,coast,1.5,1.1264415316933254,1.1304002914217446,-18.28954777715823,-8.23187051083789,0.14351281885524794,0.0,0.0,0.0,0.0,0.009999999999999787
4.819999999999942,coast,1.5,1.1205062999194428,1.1244638965203635,-18.278371314051707,-8.231034158632434,0.14351235299055604,0.0,0.0,0.0,0.0,0.009999999999999787
4.8299999999999415,coast,1.5,1.1145647597800217,1.1185244144761584,-18.267254067747043,-8.230202755560162,0.14351098793402767,0.0,0.0,0.0,0.0,0.009999999999999787
4.839999999999941,coast,1.5,1.1085498778285001,1.1125396924875635,-18.25619686628936,-8.229375272372721,0.1435095710153365,0.0,0.0,0.0,0.0,0.009999999999999787
4.849999999999941,coast,1.5,1.1024809968621712,1.106504475112328,-18.24520025990059,-8.228551741921917,0.14350876332411636,0.0,0.0,0.0,0.0,0.009999999999999787
4.859999999999941,coast,1.5,1.0963984379055878,1.1004408527882839,-18.23426437914437,-8.227732248572549,0.1435087101599348,0.0,0.0,0.0,0.0,0.009999999999999787
4.869999999999941,coast,1.5,1.0903276152851102,1.0943729102863797,-18.223389006964286,-8.226918119686463,0.14350950386836453,0.0,0.0,0.0,0.0,0.009999999999999787
4.87999999999994,coast,1.5,1.084252773346233,1.0883008281222917,-18.212574239163185,-8.22610866462388,0.1435115404273971,0.0,0.0,0.0,0.0,0.009999999999999787
4.88999999999994,coast,1.5,1.0781971335088387,1.08223861135422,-18.20181998533512,-8.225302436376499,0.14351474121911867,0.0,0.0,0.0,0.0,0.009999999999999787
4.89999999999994,coast,1.5,1.0722463711114432,1.0762432672085538,-18.191125024811818,-8.224501284428928,0.14351755792348736,0.0,0.0,0.0,0.0,0.009999999999999787
4.90999999999994,coast,1.5,1.066372108750284,1.070320572133592,-18.180488486724407,-8.223706387353342,0.1435190959402451,0.0,0.0,0.0,0.0,0.009999999999999787
4.9199999999999395,coast,1.5,1.0604679367158159,1.0644089908829262,-18.16991077709811,-8.222916496796923,0.14351989978735605,0.0,0.0,0.0,0.0,0.009999999999999787
4.929999999999939,coast,1.5,1.0545403087453875,1.058487781600403,-18.159392208169592,-8.222130676784257,0.14352023582477996,0.0,0.0,0.0,0.0,0.009999999999999787
4.939999999999939,coast,1.5,1.048622164578571,1.0525684113873037,-18.148932624595922,-8.221349665701775,0.14351971167705066,0.0,0.0,0.0,0.0,0.009999999999999787
4.949999999999939,coast,1.5,1.042722506998061,1.046660868753758,-18.138531795235473,-8.220574027604364,0.14351801654996343,0.0,0.0,0.0,0.0,0.009999999999999787
4.959999999999939,coast,1.5,1.0367908216001114,1.04073884046157,-18.12819001930476,-8.219804228826291,0.14351567043557165,0.0,0.0,0.0,0.0,0.009999999999999787
4.9699999999999385,coast,1.5,1.0307926309925008,1.0347711147801286,-18.11790805770548,-8.219039276794218,0.14351366153503692,0.0,0.0,0.0,0.0,0.009999999999999787
4.979999999999938,coast,1.5,1.0247653023887928,1.028767627345327,-18.10768625848153,-8.218278462361233,0.14351220875764012,0.0,0.0,0.0,0.0,0.009999999999999787
4.989999999999938,coast,1.5,1.0187666933569133,1.0227670669522788,-18.09752425418612,-8.21752271387097,0.14351086295190663,0.0,0.0,0.0,0.0,0.009999999999999787
4.999999999999938,coast,1.5,1.0127813169313096,1.0167756169396973,-18.08742188036387,-8.216772433033334,0.14350958268950958,0.0,0.0,0.0,0.0,0.009999999999999787
5.009999999999938,coast,1.5,1.0067622767671622,1.0107676128361764,-18.07737953197593,-8.216027023206669,0.14350906955978115,0.0,0.0,0.0,0.0,0.009999999999999787
5.019999999999937,coast,1.5,1.0007281489408983,1.0047439344990097,-18.06739739478482,-8.215286120195563,0.14350978479339604,0.0,0.0,0.0,0.0,0.009999999999999787
5.029999999999937,coast,1.5,0.9946867006222249,0.9987095941729388,-18.05747554543,-8.214549731313372,0.14351202293201365,0.0,0.0,0.0,0.0,0.009999999999999787
5.039999999999937,coast,1.5,0.9886488556847196,0.9926731510800073,-18.04761397630793,-8.213817468222741,0.14351587849360523,0.0,0.0,0.0,0.0,0.009999999999999787
5.049999999999937,coast,1.5,0.9826461213156694,0.9866569332214046,-18.037812362006118,-8.213088783806516,0.14352075849950302,0.0,0.0,0.0,0.0,0.009999999999999787
5.0599999999999365,coast,1.5,0.9767320549657048,0.9807020062679848,-18.02806968179481,-8.212365051029327,0.14352524966160596,0.0,0.0,0.0,0.0,0.009999999999999787
5.069999999999936,coast,1.5,0.9708260995828945,0.9747764622569306,-18.018385870073196,-8.21164600708643,0.143529098702017,0.0,0.0,0.0,0.0,0.009999999999999787
5.079999999999936,coast,1.5,0.9649246998644968,0.9688654048214702,-18.008760995678507,-8.21093001198832,0.14353185187187076,0.0,0.0,0.0,0.0,0.009999999999999787
5.089999999999936,coast,1.5,0.959091011780202,0.9630007689967093,-17.999194234839447,-8.21021868793672,0.14353221278267375,0.0,0.0,0.0,0.0,0.009999999999999787
5.099999999999936,coast,1.5,0.9532304091694564,0.9571385531003576,-17.98968587589705,-8.20951192792052,0.14353050423137223,0.0,0.0,0.0,0.0,0.009999999999999787
5.1099999999999355,coast,1.5,0.9472973530836332,0.9512338330903229,-17.980236747716994,-8.208808660717832,0.14352768092016416,0.0,0.0,0.0,0.0,0.009999999999999787
5.119999999999935,coast,1.5,0.9413329564016658,0.9452933070771287,-17.970847203488315,-8.208108475520307,0.14352408529786373,0.0,0.0,0.0,0.0,0.009999999999999787
5.129999999999935,coast,1.5,0.9353779895492614,0.9393441165604084,-17.961517058858178,-8.207412569241693,0.14351966785127585,0.0,0.0,0.0,0.0,0.009999999999999787
5.139999999999935,coast,1.5,0.9293901418322709,0.9333717317235259,-17.9522466451449,-8.20672113047568,0.1435151884015815,0.0,0.0,0.0,0.0,0.009999999999999787
5.149999999999935,coast,1.5,0.9233447071536173,0.9273555169815807,-17.943036633966997,-8.206033205933807,0.14351182508239732,0.0,0.0,0.0,0.0,0.009999999999999787
5.159999999999934,coast,1.5,0.9172748019192236,0.9213070879441665,-17.933887278365287,-8.205348846362671,0.14351025684646984,0.0,0.0,0.0,0.0,0.009999999999999787
5.169999999999934,coast,1.5,0.9111962891175802,0.9152406086482147,-17.924798625939037,-8.20466865332951,0.14351093411455507,0.0,0.0,0.0,0.0,0.009999999999999787
5.179999999999934,coast,1.5,0.9051324968875945,0.9091757415918424,-17.915770692658267,-8.20399037303473,0.14351376782695466,0.0,0.0,0.0,0.0,0.009999999999999787
5.189999999999934,coast,1.5,0.8991778350057228,0.9031769976401707,-17.906802196083728,-8.203316010703368,0.14351699436919327,0.0,0.0,0.0,0.0,0.009999999999999787
5.199999999999934,coast,1.5,0.8932908193408685,0.8972452906605893,-17.89789236567041,-8.202646518807816,0.14351957262978213,0.0,0.0,0.0,0.0,0.009999999999999787
5.209999999999933,coast,1.5,0.8873833875941263,0.8913281488207114,-17.889041523486178,-8.20198040900338,0.14352170567724562,0.0,0.0,0.0,0.0,0.009999999999999787
5.219999999999933,coast,1.5,0.8814598176363446,0.8854071501100913,-17.8802498100818,-8.2013180187579,0.1435235140977781,0.0,0.0,0.0,0.0,0.009999999999999787
5.229999999999933,coast,1.5,0.8755144746290437,0.8794715448214627,-17.87151755057365,-8.200657951637004,0.14352504630342902,0.0,0.0,0.0,0.0,0.009999999999999787
5.239999999999933,coast,1.5,0.869613869066433,0.8735569393684448,-17.862844177526735,-8.200001526303648,0.14352528162414044,0.0,0.0,0.0,0.0,0.009999999999999787
5.2499999999999325,coast,1.5,0.8637384195119225,0.8676658274545315,-17.85422933482208,-8.199350015310475,0.14352372186845253,0.0,0.0,0.0,0.0,0.009999999999999787
5.259999999999932,coast,1.5,0.8578037596759974,0.8617485867874111,-17.845673768122573,-8.198701652961535,0.14352121563759912,0.0,0.0,0.0,0.0,0.009999999999999787
5.269999999999932,coast,1.5,0.8518262903122042,0.855795208902287,-17.837177886305053,-8.198056870156098,0.14351830364198037,0.0,0.0,0.0,0.0,0.009999999999999787
5.279999999999932,coast,1.5,0.8458449881574132,0.8498250764553628,-17.828741745658043,-8.197415454223362,0.14351508530972604,0.0,0.0,0.0,0.0,0.009999999999999787
5.289999999999932,coast,1.5,0.8398705631598056,0.8438523684780285,-17.82036516307112,-8.196778931385932,0.14351160051657286,0.0,0.0,0.0,0.0,0.009999999999999787
5.299999999999931,coast,1.5,0.8338654862153195,0.8378602391204031,-17.812048561387876,-8.196145968568825,0.14350861936263473,0.0,0.0,0.0,0.0,0.009999999999999787
5.309999999999931,coast,1.5,0.827837037363502,0.8318463180662625,-17.803792155276334,-8.195516948100396,0.1435066364322753,0.0,0.0,0.0,0.0,0.009999999999999787
5.319999999999931,coast,1.5,0.8218323690820528,0.8258379486757368,-17.79559574807315,-8.194891257627107,0.1435055149412364,0.0,0.0,0.0,0.0,0.009999999999999787
5.329999999999931,coast,1.5,0.8158594660773896,0.8198508591167284,-17.787458916075785,-8.19427018037916,0.1435048820408671,0.0,0.0,0.0,0.0,0.009999999999999787
5.339999999999931,coast,1.5,0.8098918348348643,0.81387544454761,-17.77938163054129,-8.193653436118732,0.14350490703416824,0.0,0.0,0.0,0.0,0.009999999999999787
5.34999999999993,coast,1.5,0.8039110043727768,0.8078967804427101,-17.771364014453162,-8.193041208276282,0.14350582677070053,0.0,0.0,0.0,0.0,0.009999999999999787
5.35999999999993,coast,1.5,0.7979242843299378,0.8019132827750467,-17.763406184831897,-8.19243276417018,0.14350780541708635,0.0,0.0,0.0,0.0,0.009999999999999787
5.36999999999993,coast,1.5,0.7919468716372536,0.7959334360923709,-17.755508020538652,-8.19182837451261,0.14351051434641265,0.0,0.0,0.0,0.0,0.009999999999999787
5.37999999999993,coast,1.5,0.7859990256128349,0.7899727898046492,-17.74766924065803,-8.191227638105483,0.14351325470851162,0.0,0.0,0.0,0.0,0.009999999999999787
5.3899999999999295,coast,1.5,0.780085984770413,0.7840407067841075,-17.739889354554098,-8.190632231250538,0.14351527286763294,0.0,0.0,0.0,0.0,0.009999999999999787
5.399999999999929,coast,1.5,0.7741822470153173,0.7781256309228335,-17.732168316880582,-8.19004148241087,0.14351639437356725,0.0,0.0,0.0,0.0,0.009999999999999787
5.409999999999929,coast,1.5,0.7682456581776782,0.7721976472757404,-17.724506439303976,-8.189455753035968,0.14351703578314506,0.0,0.0,0.0,0.0,0.009999999999999787
5.419999999999929,coast,1.5,0.7622792993913872,0.7662466385451284,-17.7169041008173,-8.188874087576151,0.1435175876162494,0.0,0.0,0.0,0.0,0.009999999999999787
5.429999999999929,coast,1.5,0.7563068989897692,0.7602827948119129,-17.709361371766754,-8.188296350177946,0.14351803364332857,0.0,0.0,0.0,0.0,0.009999999999999787
5.4399999999999284,coast,1.5,0.7503788547950511,0.7543404308017958,-17.701877721537453,-8.187723463925936,0.1435176044383339,0.0,0.0,0.0,0.0,0.009999999999999787
5.449999999999928,coast,1.5,0.7444636316623042,0.748414351318101,-17.69445298560158,-8.18715589762218,0.14351624651475087,0.0,0.0,0.0,0.0,0.009999999999999787
5.459999999999928,coast,1.5,0.7385170967791054,0.7424759985947036,-17.68708753570601,-8.186593085516845,0.14351465412877276,0.0,0.0,0.0,0.0,0.009999999999999787
5.469999999999928,coast,1.5,0.7325352824172797,0.7365115688882493,-17.679781727193607,-8.186035158152254,0.14351337789516433,0.0,0.0,0.0,0.0,0.009999999999999787
5.479999999999928,coast,1.5,0.7265391416092979,0.7305281125208785,-17.67253571050643,-8.185482161455786,0.1435129433382522,0.0,0.0,0.0,0.0,0.009999999999999787
5.489999999999927,coast,1.5,0.7205251014929313,0.72452630590411,-17.66534967681323,-8.184934036468318,0.14351374705179937,0.0,0.0,0.0,0.0,0.009999999999999787
5.499999999999927,coast,1.5,0.714518109217935,0.718521387892405,-17.65822355959106,-8.184390735936038,0.14351588195416082,0.0,0.0,0.0,0.0,0.009999999999999787
5.509999999999927,coast,1.5,0.7085182849651901,0.712519526136076,-17.651157312038542,-8.183851908956232,0.14351933338745934,0.0,0.0,0.0,0.0,0.009999999999999787
5.519999999999927,coast,1.5,0.7025272352387752,0.7065241515976955,-17.644150786042974,-8.183318278069075,0.14352389061759635,0.0,0.0,0.0,0.0,0.009999999999999787
5.5299999999999265,coast,1.5,0.6965605724531753,0.7005460041109834,-17.637203732201883,-8.182789791234864,0.1435291667784176,0.0,0.0,0.0,0.0,0.009999999999999787
5.539999999999926,coast,1.5,0.6905981472232735,0.6945772899783575,-17.630316196962433,-8.182265165449035,0.1435347740795882,0.0,0.0,0.0,0.0,0.009999999999999787
5.549999999999926,coast,1.5,0.6847056885699103,0.6886543291332892,-17.62348732380929,-8.181746161793912,0.14353969387845664,0.0,0.0,0.0,0.0,0.009999999999999787
5.559999999999926,coast,1.5,0.6787969519604011,0.6827399028295563,-17.61671732723026,-8.1812320840218,0.14354380398455494,0.0,0.0,0.0,0.0,0.009999999999999787
5.569999999999926,coast,1.5,0.6728871029324659,0.6768282228913021,-17.610006224805282,-8.180722837022191,0.14354702230814548,0.0,0.0,0.0,0.0,0.009999999999999787
5.5799999999999255,coast,1.5,0.6669783442043833,0.6709182956791508,-17.60335406864802,-8.18021762021003,0.14354942783513563,0.0,0.0,0.0,0.0,0.009999999999999787
5.589999999999925,coast,1.5,0.6610595836763972,0.6650030684774986,-17.59676089951503,-8.179717130582622,0.14355065927208738,0.0,0.0,0.0,0.0,0.009999999999999787
5.599999999999925,coast,1.5,0.6551556950024311,0.6590946443924581,-17.59022651973706,-8.179221954665383,0.1435504723431279,0.0,0.0,0.0,0.0,0.009999999999999787
5.609999999999925,coast,1.5,0.6492330019725796,0.653177658940531,-17.583751209735258,-8.17873107937751,0.14354953771737175,0.0,0.0,0.0,0.0,0.009999999999999787
5.619999999999925,coast,1.5,0.6432575946982998,0.6472256203951923,-17.577335491995097,-8.178244736382883,0.14354837199770434,0.0,0.0,0.0,0.0,0.009999999999999787
5.629999999999924,coast,1.5,0.6373227347924442,0.6412838890335435,-17.57097893395262,-8.177763225667906,0.14354683909209207,0.0,0.0,0.0,0.0,0.009999999999999787
5.639999999999924,coast,1.5,0.6313576063784928,0.6353281194405132,-17.564681904407863,-8.17728571776655,0.14354503204645688,0.0,0.0,0.0,0.0,0.009999999999999787
5.649999999999924,coast,1.5,0.6254130968763442,0.6293791059020117,-17.558444192574676,-8.176812239314808,0.14354284647515536,0.0,0.0,0.0,0.0,0.009999999999999787
5.659999999999924,coast,1.5,0.6195012200666443,0.6234523744007914,-17.55226540269241,-8.17634363581217,0.1435400672551566,0.0,0.0,0.0,0.0,0.009999999999999787
5.6699999999999235,coast,1.5,0.6135674023685088,0.6175213911814219,-17.546145777154784,-8.175879805090247,0.14353737037802167,0.0,0.0,0.0,0.0,0.009999999999999787
5.679999999999923,coast,1.5,0.6075721131649042,0.6115518243715113,-17.540086147129063,-8.175418089018322,0.14353533683350977,0.0,0.0,0.0,0.0,0.009999999999999787
5.689999999999923,coast,1.5,0.6016511121081327,0.6056113970134842,-17.534085545076262,-8.174961127919678,0.14353295573040054,0.0,0.0,0.0,0.0,0.009999999999999787
5.699999999999923,coast,1.5,0.5957418103497348,0.5996896450152346,-17.528143852142613,-8.174508921335212,0.1435301354336255,0.0,0.0,0.0,0.0,0.009999999999999787
5.709999999999923,coast,1.5,0.5898008591186379,0.5937563734772766,-17.522261626412746,-8.174058409085632,0.14352719726800595,0.0,0.0,0.0,0.0,0.009999999999999787
5.7199999999999225,coast,1.5,0.5839183939654115,0.5878535857701574,-17.516438012904807,-8.173612896227485,0.1435233447620742,0.0,0.0,0.0,0.0,0.009999999999999787
5.729999999999922,coast,1.5,0.577967288720115,0.581921807540132,-17.51067383410509,-8.173170867629821,0.14351941778524716,0.0,0.0,0.0,0.0,0.009999999999999787
5.739999999999922,coast,1.5,0.5720036518113696,0.5759709141028746,-17.504969233039986,-8.172732190306425,0.14351576235334929,0.0,0.0,0.0,0.0,0.009999999999999787
5.749999999999922,coast,1.5,0.5660219963020915,0.5700015634224047,-17.499324292332187,-8.172298236737818,0.1435127277406691,0.0,0.0,0.0,0.0,0.009999999999999787
5.759999999999922,coast,1.5,0.5600013344997011,0.5640014260687826,-17.493739545045393,-8.171867328729729,0.1435110070410456,0.0,0.0,0.0,0.0,0.009999999999999787
5.769999999999921,coast,1.5,0.5539687662410141,0.5579818301721216,-17.488215182576166,-8.171438547627837,0.14351073911617535,0.0,0.0,0.0,0.0,0.009999999999999787
5.779999999999921,coast,1.5,0.548025979327868,0.5520083196655694,-17.48275004467741,-8.171014896950053,0.143510547443861,0.0,0.0,0.0,0.0,0.009999999999999787
5.789999999999921,coast,1.5,0.5421197294188058,0.5460751655175112,-17.47734384265519,-8.170595286970741,0.14351016994280297,0.0,0.0,0.0,0.0,0.009999999999999787
5.799999999999921,coast,1.5,0.5361656549637913,0.5401294591852792,-17.4719970665736,-8.170179665483769,0.14350989518569626,0.0,0.0,0.0,0.0,0.009999999999999787
5.809999999999921,coast,1.5,0.5302150705320222,0.534180825993325,-17.46670970136921,-8.169767829061001,0.14350993454899647,0.0,0.0,0.0,0.0,0.009999999999999787
5.81999999999992,coast,1.5,0.5242411911198146,0.5282170450692187,-17.461482029586634,-8.169359197164043,0.1435105006916282,0.0,0.0,0.0,0.0,0.009999999999999787
5.82999999999992,coast,1.5,0.518269931463318,0.5222487769056783,-17.456313983231077,-8.168954308847711,0.1435115883598862,0.0,0.0,0.0,0.0,0.009999999999999787
5.83999999999992,coast,1.5,0.5123442985397311,0.5163060898861099,-17.45120507430542,-8.168553348729176,0.14351243456127288,0.0,0.0,0.0,0.0,0.009999999999999787
5.84999999999992,coast,1.5,0.5064656557673947,0.5104018294148808,-17.44615471843019,-8.168157589507397,0.14351229043257674,0.0,0.0,0.0,0.0,0.009999999999999787
5.8599999999999195,coast,1.5,0.5005686254693007,0.5045019070475327,-17.441163195958673,-8.167765909693188,0.143511594525316,0.0,0.0,0.0,0.0,0.009999999999999787
5.869999999999919,coast,1.5,0.4946243326231866,0.49857536239292505,-17.436230962461536,-8.167378667878854,0.14351075486246906,0.0,0.0,0.0,0.0,0.009999999999999787
5.879999999999919,coast,1.5,0.4886670349546574,0.49263036592996445,-17.4313581572166,-8.166995838663208,0.1435101021071174,0.0,0.0,0.0,0.0,0.009999999999999787
5.889999999999919,coast,1.5,0.48268408868717083,0.48666259958428826,-17.426545041966598,-8.166617437246174,0.14350991771970878,0.0,0.0,0.0,0.0,0.009999999999999787
5.899999999999919,coast,1.5,0.4766968123932718,0.4806831272696784,-17.421791632484215,-8.166243870669778,0.14351039806712823,0.0,0.0,0.0,0.0,0.009999999999999787
5.909999999999918,coast,1.5,0.47073217918698035,0.47471255842005955,-17.41709769567915,-8.1658751546506,0.1435113446137747,0.0,0.0,0.0,0.0,0.009999999999999787
5.919999999999918,coast,1.5,0.4647748830925195,0.4687499532235355,-17.41246313114099,-8.16551158210748,0.14351256908041524,0.0,0.0,0.0,0.0,0.009999999999999787
5.929999999999918,coast,1.5,0.4588097954697229,0.462785858571248,-17.40788808577676,-8.165152255512092,0.14351406724630394,0.0,0.0,0.0,0.0,0.009999999999999787
5.939999999999918,coast,1.5,0.45289433177600696,0.45685094249410335,-17.403372013504647,-8.164797574767789,0.1435150011535226,0.0,0.0,0.0,0.0,0.009999999999999787
5.949999999999918,coast,1.5,0.4470313708087089,0.45095919948286667,-17.398914281598312,-8.164448705228759,0.14351456313617275,0.0,0.0,0.0,0.0,0.009999999999999787
5.959999999999917,coast,1.5,0.4411501060363004,0.4450737434149269,-17.394515126142853,-8.164105068478495,0.1435130889699346,0.0,0.0,0.0,0.0,0.009999999999999787
5.969999999999917,coast,1.5,0.43523855012259666,0.4391726274395288,-17.390174884200032,-8.163766388401404,0.14351111714601034,0.0,0.0,0.0,0.0,0.009999999999999787
5.979999999999917,coast,1.5,0.42929462857101075,0.433245828118418,-17.385893891604745,-8.163432668145832,0.14350917983484973,0.0,0.0,0.0,0.0,0.009999999999999787
5.989999999999917,coast,1.5,0.42332766818514206,0.42729493215845243,-17.381672386217705,-8.163103940608803,0.14350772791266672,0.0,0.0,0.0,0.0,0.009999999999999787
5.9999999999999165,coast,1.5,0.41734310833162885,0.4213238378623583,-17.377510548484672,-8.162780238367159,0.1435070887877489,0.0,0.0,0.0,0.0,0.009999999999999787
6.009999999999916,coast,1.5,0.4113555603078438,0.4153428713296496,-17.373408411344386,-8.16246156682365,0.14350745464412987,0.0,0.0,0.0,0.0,0.009999999999999787
6.019999999999916,coast,1.5,0.4053683627441237,0.40935816617833404,-17.369365970256045,-8.162147939255144,0.14350885703584237,0.0,0.0,0.0,0.0,0.009999999999999787
6.029999999999916,coast,1.5,0.3993950180001552,0.4033802772714268,-17.36538308327402,-8.161839352892407,0.1435111725470399,0.0,0.0,0.0,0.0,0.009999999999999787
6.039999999999916,coast,1.5,0.3934353506287867,0.3974133212858427,-17.36145960833013,-8.161535801903614,0.14351416844350243,0.0,0.0,0.0,0.0,0.009999999999999787
6.0499999999999154,coast,1.5,0.3874937412826314,0.39146157328391595,-17.35759536140562,-8.161237231441719,0.1435175181431348,0.0,0.0,0.0,0.0,0.009999999999999787
6.059999999999915,coast,1.5,0.38158121741169654,0.38553335976058434,-17.353790057466732,-8.160943383691505,0.14352059835673558,0.0,0.0,0.0,0.0,0.009999999999999787
6.069999999999915,coast,1.5,0.3757174057596151,0.3796437873600028,-17.350043141779192,-8.160654854252272,0.14352243397081604,0.0,0.0,0.0,0.0,0.009999999999999787
6.079999999999915,coast,1.5,0.3698662454805246,0.3737772622323159,-17.346354517968432,-8.160371169095772,0.14352270131214911,0.0,0.0,0.0,0.0,0.009999999999999787
6.089999999999915,coast,1.5,0.3640058392241923,0.3679144084274417,-17.342724299986422,-8.160092079949768,0.1435214529980819,0.0,0.0,0.0,0.0,0.009999999999999787
6.099999999999914,coast,1.5,0.35813127872579703,0.3620445306064549,-17.339152635766716,-8.159817539350223,0.14351875558296906,0.0,0.0,0.0,0.0,0.009999999999999787
6.109999999999914,coast,1.5,0.35224906528519173,0.356167251413697,-17.335639552030354,-8.159548258815754,0.14351479997318323,0.0,0.0,0.0,0.0,0.009999999999999787
6.119999999999914,coast,1.5,0.34632245238333487,0.3502603719954797,-17.332185538342024,-8.159283893155873,0.14351039911314403,0.0,0.0,0.0,0.0,0.009999999999999787
6.129999999999914,coast,1.5,0.34035881916055144,0.34431944029452277,-17.328790999809527,-8.159024229093692,0.14350638134658292,0.0,0.0,0.0,0.0,0.009999999999999787
6.1399999999999135,coast,1.5,0.33436365644523847,0.3383459699849522,-17.3254562694775,-8.158769222140068,0.14350340619861024,0.0,0.0,0.0,0.0,0.009999999999999787
6.149999999999913,coast,1.5,0.32836272711182324,0.3323560242610748,-17.32218141605705,-8.15851883486274,0.14350189204706668,0.0,0.0,0.0,0.0,0.009999999999999787
6.159999999999913,coast,1.5,0.3223669528089141,0.32636258138977836,-17.318966402363987,-8.158272905494872,0.1435019767117633,0.0,0.0,0.0,0.0,0.009999999999999787
6.169999999999913,coast,1.5,0.3164034792791965,0.32038712012342924,-17.315810940118023,-8.158030830296845,0.14350317862516113,0.0,0.0,0.0,0.0,0.009999999999999787
6.179999999999913,coast,1.5,0.3105110338397826,0.3144614683532413,-17.312714217463075,-8.157793593086625,0.14350439492081818,0.0,0.0,0.0,0.0,0.009999999999999787
6.1899999999999125,coast,1.5,0.30464276548338676,0.3085702466313286,-17.309676000086853,-8.157560997516676,0.14350528561659662,0.0,0.0,0.0,0.0,0.009999999999999787
6.199999999999912,coast,1.5,0.29877432149488675,0.3026926915494635,-17.3066963237294,-8.157332608337377,0.14350585108081468,0.0,0.0,0.0,0.0,0.009999999999999787
6.209999999999912,coast,1.5,0.2929015671418553,0.29681801690489856,-17.30377523737871,-8.157108369488268,0.1435061422178457,0.0,0.0,0.0,0.0,0.009999999999999787
6.219999999999912,coast,1.5,0.28701599549414664,0.2909368040584474,-17.30091287347789,-8.156888264000674,0.14350626739313999,0.0,0.0,0.0,0.0,0.009999999999999787
6.229999999999912,coast,1.5,0.2811253091984282,0.2850499071424359,-17.298109286434727,-8.156672279677002,0.143506323381149,0.0,0.0,0.0,0.0,0.009999999999999787
6.239999999999911,coast,1.5,0.27522915508457646,0.27915745590772023,-17.295364532748298,-8.156460398550099,0.14350632099176863,0.0,0.0,0.0,0.0,0.009999999999999787
6.249999999999911,coast,1.5,0.26934200886042403,0.2732681876793425,-17.292678528228837,-8.156252505461385,0.1435061316400232,0.0,0.0,0.0,0.0,0.009999999999999787
6.259999999999911,coast,1.5,0.26346985646501986,0.2673891889507489,-17.29005108778681,-8.15604900499448,0.14350559116414738,0.0,0.0,0.0,0.0,0.009999999999999787
6.269999999999911,coast,1.5,0.25759949064822096,0.26151536996923214,-17.287482207381593,-8.155849760901129,0.14350485639898022,0.0,0.0,0.0,0.0,0.009999999999999787
6.2799999999999105,coast,1.5,0.25172529145045675,0.2556413228579669,-17.284971935109034,-8.155654709537837,0.14350415134410316,0.0,0.0,0.0,0.0,0.009999999999999787
6.28999999999991,coast,1.5,0.2458559003043967,0.2497700693258248,-17.282520225528845,-8.155463867262322,0.14350367175030704,0.0,0.0,0.0,0.0,0.009999999999999787
6.29999999999991,coast,1.5,0.23999727677079905,0.24390639379280935,-17.280126972000655,-8.155277247999411,0.143503538739305,0.0,0.0,0.0,0.0,0.009999999999999787
6.30999999999991,coast,1.5,0.23415288051057545,0.238054285823469,-17.27779202998186,-8.15509487361526,0.1435037491211821,0.0,0.0,0.0,0.0,0.009999999999999787
6.31999999999991,coast,1.5,0.22833461752741274,0.23222248484583524,-17.27551513171108,-8.154916779475354,0.14350416693134513,0.0,0.0,0.0,0.0,0.009999999999999787
6.3299999999999095,coast,1.5,0.22254303758133143,0.22641481648713296,-17.273296001913966,-8.15474301802995,0.14350461971786194,0.0,0.0,0.0,0.0,0.009999999999999787
6.339999999999909,coast,1.5,0.21677644040625535,0.2206317908386064,-17.271134386418794,-8.154573612077746,0.14350501588796052,0.0,0.0,0.0,0.0,0.009999999999999787
6.349999999999909,coast,1.5,0.211026329234895,0.21486851387637956,-17.269030119712234,-8.154408565907064,0.1435053573491775,0.0,0.0,0.0,0.0,0.009999999999999787
6.359999999999909,coast,1.5,0.20528852173098017,0.20912051858913994,-17.266983078616676,-8.154247885289582,0.14350566986654703,0.0,0.0,0.0,0.0,0.009999999999999787
6.369999999999909,coast,1.5,0.19957387733193827,0.20339253383481892,-17.264993030627195,-8.15409158239809,0.14350598699801986,0.0,0.0,0.0,0.0,0.009999999999999787
6.379999999999908,coast,1.5,0.19387753155564824,0.19768353246731651,-17.263059791301224,-8.153939679220885,0.14350634455914618,0.0,0.0,0.0,0.0,0.009999999999999787
6.389999999999908,coast,1.5,0.18820219685337655,0.19199473109895254,-17.26118314904491,-8.15379219428231,0.14350676941871138,0.0,0.0,0.0,0.0,0.009999999999999787
6.399999999999908,coast,1.5,0.18255756247200153,0.18633242992278193,-17.25936279547002,-8.153649136836798,0.14350727495444127,0.0,0.0,0.0,0.0,0.009999999999999787
6.409999999999908,coast,1.5,0.17694823159975198,0.18070191092896398,-17.257598376298937,-8.153510508462334,0.14350786041903416,0.0,0.0,0.0,0.0,0.009999999999999787
6.419999999999908,coast,1.5,0.17137678586485572,0.17510683589049902,-17.2558895115184,-8.153376305381817,0.14350851261754766,0.0,0.0,0.0,0.0,0.009999999999999787
6.429999999999907,coast,1.5,0.16584775088669035,0.1695513848882138,-17.254235775690823,-8.15324652217709,0.14350921027131625,0.0,0.0,0.0,0.0,0.009999999999999787
6.439999999999907,coast,1.5,0.1603682448593527,0.16404150087089714,-17.252636673197806,-8.153121136293842,0.14350992695265466,0.0,0.0,0.0,0.0,0.009999999999999787
6.449999999999907,coast,1.5,0.15493902889969308,0.1585800176881747,-17.251091701258,-8.153000118893415,0.1435106345893803,0.0,0.0,0.0,0.0,0.009999999999999787
6.459999999999907,coast,1.5,0.14956691515113912,0.15317215616595337,-17.249600289221863,-8.152883436124192,0.143511308783458,0.0,0.0,0.0,0.0,0.009999999999999787
6.4699999999999065,coast,1.5,0.14425418844829407,0.1478213755353578,-17.248161844622096,-8.152771041369613,0.14351193066641268,0.0,0.0,0.0,0.0,0.009999999999999787
6.479999999999906,coast,1.5,0.1390062935217167,0.14253232632717314,-17.246775721425987,-8.152662876644348,0.14351249042531286,0.0,0.0,0.0,0.0,0.009999999999999787
6.489999999999906,coast,1.5,0.13382608658452744,0.13730858248158573,-17.245441244302093,-8.152558894211053,0.14351298616772873,0.0,0.0,0.0,0.0,0.009999999999999787
6.499999999999906,coast,1.5,0.12871693061804287,0.13215359136346003,-17.244157705123122,-8.152459035866352,0.1435134236044509,0.0,0.0,0.0,0.0,0.009999999999999787
6.509999999999906,coast,1.5,0.1236841813582631,0.1270719453603419,-17.2429243429102,-8.152363232722468,0.1435138123569837,0.0,0.0,0.0,0.0,0.009999999999999787
6.519999999999905,coast,1.5,0.11873491644137026,0.1220697280089589,-17.24174032634709,-8.152271406712783,0.14351416148787366,0.0,0.0,0.0,0.0,0.009999999999999787
6.529999999999905,coast,1.5,0.11386971522930277,0.11714972034116522,-17.240604818496912,-8.152183477710782,0.14351448318026921,0.0,0.0,0.0,0.0,0.009999999999999787
6.539999999999905,coast,1.5,0.10909739913787667,0.11231832761919208,-17.23951689458545,-8.152099356702372,0.14351479005451415,0.0,0.0,0.0,0.0,0.009999999999999787
6.549999999999905,coast,1.5,0.10442117144774478,0.1075800339163237,-17.23847559768013,-8.152018954267813,0.14351509367860588,0.0,0.0,0.0,0.0,0.009999999999999787
6.559999999999905,coast,1.5,0.09984598058472148,0.10293960191736237,-17.237479921276975,-8.151942179008719,0.1435154030636054,0.0,0.0,0.0,0.0,0.009999999999999787
6.569999999999904,coast,1.5,0.09537818757079197,0.09840275330942014,-17.236528795472946,-8.151868933058516,0.14351572440330834,0.0,0.0,0.0,0.0,0.009999999999999787
6.579999999999904,coast,1.5,0.09101977599963496,0.09397296692354903,-17.235621130805914,-8.15179911323696,0.14351606155950994,0.0,0.0,0.0,0.0,0.009999999999999787
6.589999999999904,coast,1.5,0.08677485201973688,0.08965409798126174,-17.234755796197057,-8.151732620906294,0.14351641568675538,0.0,0.0,0.0,0.0,0.009999999999999787
6.599999999999904,coast,1.5,0.08264812471348322,0.08545051402059463,-17.23393161338707,-8.151669356014857,0.14351678634611023,0.0,0.0,0.0,0.0,0.009999999999999787
6.6099999999999035,coast,1.5,0.07864198100809264,0.08136539421309344,-17.233147380517607,-8.151609213677107,0.1435171724456471,0.0,0.0,0.0,0.0,0.009999999999999787
6.619999999999903,coast,1.5,0.07475755427508264,0.07740069025028697,-17.232401884022423,-8.151552092974843,0.1435175717234698,0.0,0.0,0.0,0.0,0.009999999999999787
6.629999999999903,coast,1.5,0.070998496821927,0.073559374193271,-17.231693874718022,-8.151497879762703,0.14351798227055088,0.0,0.0,0.0,0.0,0.009999999999999787
6.639999999999903,coast,1.5,0.06736744553897278,0.06984421700069207,-17.231022075765278,-8.151446475441718,0.14351840231836427,0.0,0.0,0.0,0.0,0.009999999999999787
6.649999999999903,coast,1.5,0.06386228153161945,0.0662550557192485,-17.2303852320573,-8.15139777565549,0.14351883181654443,0.0,0.0,0.0,0.0,0.009999999999999787
6.659999999999902,coast,1.5,0.06048797158950563,0.06279480524140278,-17.22978203848862,-8.15135167830401,0.14351927045791935,0.0,0.0,0.0,0.0,0.009999999999999787
6.669999999999902,coast,1.5,0.057240060003712935,0.059461958098788875,-17.22921123493146,-8.151308078231429,0.14351972004798697,0.0,0.0,0.0,0.0,0.009999999999999787
6.679999999999902,coast,1.5,0.05412143258887443,0.05625764279284021,-17.228671532163943,-8.151266872255077,0.14352018211462889,0.0,0.0,0.0,0.0,0.009999999999999787
6.689999999999902,coast,1.5,0.05112948745079987,0.05318074958761601,-17.2281616667614,-8.151227961312994,0.1435206582008047,0.0,0.0,0.0,0.0,0.009999999999999787
6.699999999999902,coast,1.5,0.048266098791412596,0.05023195910989396,-17.227680356691657,-8.151191244081891,0.1435211498785307,0.0,0.0,0.0,0.0,0.009999999999999787
6.709999999999901,coast,1.5,0.04552830373758683,0.04740976588650968,-17.227226349537116,-8.151156620634016,0.14352165744915274,0.0,0.0,0.0,0.0,0.009999999999999787
6.719999999999901,coast,1.5,0.04291583628367881,0.04471340812481116,-17.22679839523917,-8.151123995023328,0.14352217952945723,0.0,0.0,0.0,0.0,0.009999999999999787
6.729999999999901,coast,1.5,0.0404224672289862,0.042138843587316184,-17.226395305949573,-8.151093275211679,0.14352271478087922,0.0,0.0,0.0,0.0,0.009999999999999787
6.739999999999901,coast,1.5,0.038054405353890035,0.0396881806472605,-17.226015831856493,-8.151064364966196,0.14352325951455638,0.0,0.0,0.0,0.0,0.009999999999999787
6.7499999999999005,coast,1.5,0.03579971223097503,0.037355099597489214,-17.225658842413562,-8.151037174754173,0.1435238101333576,0.0,0.0,0.0,0.0,0.009999999999999787
6.7599999999999,coast,1.5,0.03365980564622659,0.035137923226731635,-17.225323192416262,-8.151011620854721,0.14352436200550414,0.0,0.0,0.0,0.0,0.009999999999999787
6.7699999999999,coast,1.5,0.031630092240070476,0.03303322463473494,-17.225007782893925,-8.150987617841473,0.14352491049729404,0.0,0.0,0.0,0.0,0.009999999999999787
