t,phase,target,v_raw,v_filtered,x,y,z,u,torque_L,torque_R,u_motor,dt
0.0,accelerate,1.0,0.0,0.0,-24.0,-8.45,0.14903219044208527,0.0,0.0,0.0,0.0,0.0
0.01,accelerate,1.0,-0.011282160748869289,-0.006769296449321573,-24.00010951795702,-8.449792256147736,0.14713729874974257,0.00897842639961296,0.15859438995040515,0.15859438995040515,0.6293428172635125,0.01
0.02,accelerate,1.0,-0.01507979020763497,-0.011755592704309611,-24.000249442836118,-8.449322186236525,0.14488970410161342,0.02044611394773948,0.16223561010068627,0.16223561010068627,0.6437921035741518,0.01
0.03,accelerate,1.0,-0.016058847093944128,-0.014337545338090322,-24.000390306954777,-8.449278221835245,0.14267209986701368,0.03515663017823784,0.1669064932141941,0.1669064932141941,0.6623273540245798,0.009999999999999998
0.04,accelerate,1.0,-0.010599005347407901,-0.01209442134368087,-24.000471911668342,-8.449397895461008,0.14082263588328706,0.055024751682278966,0.17321501915415724,0.17321501915415724,0.6873611871196715,0.010000000000000002
0.05,accelerate,1.0,-0.0012320829257138038,-0.00557701829290063,-24.000462494441056,-8.44946023325894,0.13956101532887483,0.08132139856827353,0.18156473047339822,0.18156473047339822,0.7204949621960247,0.010000000000000002
0.060000000000000005,accelerate,1.0,0.010148835924982351,0.0038584942378291583,-24.00034906577187,-8.449496294115274,0.13898592578341382,0.10359505698358776,0.1886370624934288,0.1886370624934288,0.7485597717993207,0.010000000000000002
0.07,accelerate,1.0,0.022058897838950108,0.014778736398501729,-24.000130639048077,-8.44952180653079,0.13908057623786207,0.1225446447002145,0.19465393558521213,0.19465393558521213,0.7724362523222703,0.010000000000000002
0.08,accelerate,1.0,0.03330669300361952,0.025895510361572404,-23.9998141125483,-8.4495395471037,0.13973339767322862,0.13865338964848356,0.19976878428118652,0.19976878428118652,0.7927332709570893,0.009999999999999995
0.09,accelerate,1.0,0.04314879203541529,0.03624747936587813,-23.99941015564031,-8.449538658178438,0.14076865747293776,0.15282081361726424,0.20426722473975376,0.20426722473975376,0.810584225157753,0.009999999999999995
0.09999999999999999,accelerate,1.0,0.05138162813882733,0.04532796862964765,-23.998929249149473,-8.44953772074166,0.14198053657402743,0.16604295868061095,0.2084655202402676,0.2084655202402676,0.8272441279375699,0.009999999999999995
0.10999999999999999,accelerate,1.0,0.05799408420262145,0.05292763797343193,-23.998381592277877,-8.449536505730254,0.14316754720129746,0.17923755585195617,0.21265506873411313,0.21265506873411313,0.8438693203734648,0.009999999999999995
0.11999999999999998,accelerate,1.0,0.0631307512251932,0.05904950592448869,-23.997776984095957,-8.449534718765488,0.1441601724749957,0.19314754076940296,0.21707176714510085,0.21707176714510085,0.8613959013694478,0.009999999999999995
0.12999999999999998,accelerate,1.0,0.06721665561131784,0.06394979573658618,-23.997122665744662,-8.449535726896645,0.14483699710169315,0.2082405271124168,0.22186409216873462,0.22186409216873462,0.8804130641616453,0.009999999999999995
0.13999999999999999,accelerate,1.0,0.06979175864789817,0.06745497348337337,-23.996432838925582,-8.449536720100388,0.14515253266397649,0.22499199752214066,0.22718301905323016,0.22718301905323016,0.9015199168778975,0.010000000000000009
0.15,accelerate,1.0,0.07174295821705307,0.07002776432358118,-23.995714140754604,-8.449536686207999,0.1451138058503425,0.24354454593602495,0.23307382422560669,0.23307382422560669,0.9248961278793916,0.010000000000000009
0.16,accelerate,1.0,0.0734566948557523,0.07208512264288386,-23.9949703950996,-8.44953803711094,0.1447780939765187,0.2637957036160404,0.23950397181216515,0.23950397181216515,0.9504125865562109,0.010000000000000009
0.17,accelerate,1.0,0.07529459845552526,0.0740108081304687,-23.994202499890513,-8.449535817570842,0.14423736085159117,0.28546179216569467,0.2463833882484514,0.2463833882484514,0.9777118581287754,0.010000000000000009
0.18000000000000002,accelerate,1.0,0.07760879172645634,0.07616959828806127,-23.99340825604819,-8.449538032868293,0.14359979613195936,0.3081216346141928,0.2535783414226985,0.2535783414226985,1.006263259613883,0.010000000000000009
0.19000000000000003,accelerate,1.0,0.08059358900236165,0.0788239927166415,-23.992583697925816,-8.449536159350924,0.14297159923114844,0.33129622036568446,0.26093673589051214,0.26093673589051214,1.0354632376607624,0.010000000000000009
0.20000000000000004,accelerate,1.0,0.08440199349180354,0.08217079318173873,-23.991723233214035,-8.449536184509077,0.14244244800136469,0.3544935827690343,0.2683023624008238,0.2683023624008238,1.0646919142889832,0.010000000000000009
0.21000000000000005,accelerate,1.0,0.08904678554993559,0.08629638860265684,-23.990820677121157,-8.449538042395234,0.14207437562643585,0.3772690835892508,0.2755340394212589,0.2755340394212589,1.093389045322456,0.010000000000000009
0.22000000000000006,accelerate,1.0,0.09446180348897786,0.09119563753444945,-23.98986969978977,-8.449535045369561,0.14189647855695936,0.3992643113466964,0.28251796413880303,0.28251796413880303,1.1211030322968374,0.010000000000000009
0.23000000000000007,accelerate,1.0,0.10039081750946519,0.0967127455194589,-23.98886555568379,-8.449534624359714,0.14190660076020165,0.42027047131793166,0.2891878400528697,0.2891878400528697,1.147570793860594,0.010000000000000009
0.24000000000000007,accelerate,1.0,0.10667882683574674,0.1026923943092316,-23.98780400312466,-8.449535468742644,0.14207502537957512,0.4401992979737553,0.2955156410926268,0.2955156410926268,1.1726811154469317,0.010000000000000009
0.25000000000000006,accelerate,1.0,0.11306115252778108,0.10891364924036129,-23.986682639032825,-8.449536822207474,0.14235419512018166,0.45909514115009514,0.30151544921797824,0.30151544921797824,1.19648987784912,0.009999999999999981
0.26000000000000006,accelerate,1.0,0.1194245520675945,0.11522019093670122,-23.985499675648022,-8.449535264021172,0.14268699562748038,0.4770754203389427,0.3072245474660211,0.3072245474660211,1.219145029627068,0.010000000000000009
0.2700000000000001,accelerate,1.0,0.12557177066861283,0.12143113877584819,-23.984255212590806,-8.449541868296867,0.143017200174605,0.4943302452595202,0.31270329947480285,0.31270329947480285,1.2408861090269954,0.010000000000000009
0.2800000000000001,accelerate,1.0,0.1315261014764974,0.12748811639623772,-23.982949361910876,-8.44953747420307,0.14329657101784782,0.5110436041976428,0.31801012520483557,0.31801012520483557,1.26194494128903,0.010000000000000009
0.2900000000000001,accelerate,1.0,0.13716509643700525,0.13329430442069823,-23.981583992973803,-8.449544542818323,0.14349149403796785,0.5274155639402809,0.323208549862318,0.323208549862318,1.282573610564754,0.010000000000000009
0.3000000000000001,accelerate,1.0,0.14249747122483028,0.13881620450317747,-23.980161549268363,-8.449535956171873,0.14358599980314493,0.54362585505932,0.3283556414984353,0.3283556414984353,1.3029985773747434,0.010000000000000009
0.3100000000000001,accelerate,1.0,0.14764019942548484,0.1441106014565619,-23.978683904992515,-8.449540326568911,0.14358040764224164,0.5597898721529685,0.3334880402060106,0.3334880402060106,1.3233652389127404,0.010000000000000009
0.3200000000000001,accelerate,1.0,0.1526966291728206,0.14926221808631712,-23.977152452848625,-8.449545518585044,0.1434901738963098,0.5759561967207723,0.3386211715827796,0.3386211715827796,1.343734807868173,0.010000000000000009
0.3300000000000001,accelerate,1.0,0.1577205353752921,0.1543372084597021,-23.975568382464818,-8.449535283765258,0.1433398883030157,0.5921293009986501,0.34375645565309143,0.34375645565309143,1.3641129192582993,0.010000000000000009
0.34000000000000014,accelerate,1.0,0.16298272943341366,0.15952452104392906,-23.9739304129205,-8.449548886681201,0.1431601064497894,0.6082122117291731,0.34886310146824706,0.34886310146824706,1.384377386778758,0.010000000000000009
0.35000000000000014,accelerate,1.0,0.16853459862796039,0.16493056759434785,-23.972236720688148,-8.449537816547952,0.1429796819934699,0.6240696337618099,0.3538981501120499,0.3538981501120499,1.4043577385398804,0.010000000000000009
0.36000000000000015,accelerate,1.0,0.17444025651177092,0.17063638094480169,-23.970484813656523,-8.449552328777429,0.14282541232666884,0.6395484472722661,0.35881298297788994,0.35881298297788994,1.4238610435630552,0.010000000000000009
0.37000000000000016,accelerate,1.0,0.18061473509990944,0.17662339343786634,-23.968672673000466,-8.449514926407975,0.1427135010642912,0.6545339917302279,0.36357119305418195,0.36357119305418195,1.442742829580087,0.010000000000000009
0.38000000000000017,accelerate,1.0,0.1871062814955555,0.18291312627247983,-23.966797532043348,-8.449547283507135,0.14265227659385596,0.668921056476014,0.368139373852264,0.368139373852264,1.4608705311597776,0.010000000000000009
0.3900000000000002,accelerate,1.0,0.19359662502545388,0.18932322552426425,-23.964859506106826,-8.44950803453479,0.1426430152774699,0.6827209132890308,0.3725211043875331,0.3725211043875331,1.4782583507441789,0.010000000000000009
0.4000000000000002,accelerate,1.0,0.20074579903220272,0.19617676962902733,-23.96285182175504,-8.449605560488353,0.14268004807788146,0.6957688900647263,0.37666409797335193,0.37666409797335193,1.4946988014815552,0.010000000000000009
0.4100000000000002,accelerate,1.0,0.20777542431146975,0.2031359624384928,-23.960775268883538,-8.449538814298418,0.1427525074548875,0.7081108659448154,0.38058292215479783,0.38058292215479783,1.5102496910904675,0.010000000000000009
0.4200000000000002,accelerate,1.0,0.2150148589021006,0.21026330031665746,-23.958627086167187,-8.449558938535215,0.14284443942637823,0.7197493691469992,0.38427837969155515,0.38427837969155515,1.524914205125219,0.010000000000000009
0.4300000000000002,accelerate,1.0,0.22204919605221657,0.21733483775799292,-23.9564085441369,-8.44959106409034,0.14293753503684217,0.7308050560754151,0.3877887814050658,0.3877887814050658,1.538844370655023,0.010000000000000009
0.4400000000000002,accelerate,1.0,0.2291457686152454,0.22442139627234442,-23.954118564089875,-8.449526264556404,0.14302121729383982,0.7413369529486639,0.39113286930025976,0.39113286930025976,1.5521145607153164,0.010000000000000009
0.45000000000000023,accelerate,1.0,0.23617949867111895,0.23147625771160915,-23.9517572854136,-8.44951878732723,0.14308377443885792,0.7514171698033498,0.39433353975595964,0.39433353975595964,1.5648156339522208,0.010000000000000009
0.46000000000000024,accelerate,1.0,0.24308679535973735,0.23844258030048607,-23.949325716526474,-8.44954611334322,0.14311932703599575,0.7611340268980682,0.39741883622067464,0.39741883622067464,1.577058873891566,0.010000000000000009
0.47000000000000025,accelerate,1.0,0.24997627522865357,0.24536279725738658,-23.94682405589686,-8.449562805284781,0.1431284922411688,0.7705360984397978,0.4004041819766046,0.4004041819766046,1.5889054840341452,0.010000000000000009
0.48000000000000026,accelerate,1.0,0.2567817307338801,0.2522141573432827,-23.94425330551546,-8.449577820112681,0.1431151804276161,0.7796747384464253,0.40330588295150893,0.40330588295150893,1.6004201704424958,0.010000000000000009
0.49000000000000027,accelerate,1.0,0.2627869269616691,0.2585578191143145,-23.94162152140885,-8.44949743004982,0.1430803225746246,0.7888262923028223,0.4062116843319922,0.4062116843319922,1.6119511283015562,0.010000000000000009
0.5000000000000002,accelerate,1.0,0.26968662330868076,0.2652351016309342,-23.9389197986629,-8.449526626094649,0.14302559700224945,0.7977652845077481,0.40904999313690027,0.40904999313690027,1.6232142584797629,0.009999999999999953
0.5100000000000002,accelerate,1.0,0.2772313119187669,0.2724328278036338,-23.93614247896402,-8.44958696040967,0.14296991511422796,0.8062090490578779,0.41173105725685744,0.41173105725685744,1.6338534018129263,0.010000000000000009
0.5200000000000002,accelerate,1.0,0.2832934098689552,0.2789491770428266,-23.93330491579244,-8.449560196607848,0.1429252488707032,0.8145707840603882,0.41438607535485456,0.41438607535485456,1.6443891879160895,0.010000000000000009
0.5300000000000002,accelerate,1.0,0.290822762443768,0.28607332828339144,-23.930392406586872,-8.449498454505541,0.14289145703929018,0.8224961069093945,0.41690252386587096,0.41690252386587096,1.654375094705837,0.010000000000000009
0.5400000000000003,accelerate,1.0,0.29860460444136006,0.29359209397817265,-23.927402677558607,-8.44948534728086,0.14287422570153735,0.8298113122439078,0.4192252478636856,0.4192252478636856,1.6635922534273238,0.010000000000000009
0.5500000000000003,accelerate,1.0,0.30604991748683363,0.30106678808336923,-23.924339123737067,-8.449538438566185,0.14287393399891318,0.8366093705073911,0.42138376732350685,0.42138376732350685,1.6721578068393128,0.010000000000000009
0.5600000000000003,accelerate,1.0,0.3137685066948013,0.3086878192502285,-23.921198956699136,-8.449585148766204,0.14288908670289208,0.8428630979273245,0.4233694508538841,0.4233694508538841,1.680037503388429,0.010000000000000009
0.5700000000000003,accelerate,1.0,0.32164366588235005,0.3164613272295014,-23.91798052053866,-8.449586182739457,0.14291720949926592,0.8485464383596086,0.42517402510794294,0.42517402510794294,1.6871985123331068,0.010000000000000009
0.5800000000000003,accelerate,1.0,0.32984158939262315,0.32448948452737447,-23.914680004272125,-8.44955105084937,0.14294540012052886,0.8535828172604673,0.4267731761365436,0.4267731761365436,1.6935443497481888,0.010000000000000009
0.5900000000000003,accelerate,1.0,0.33801386432517566,0.3326041124060552,-23.91129765037983,-8.449521837075176,0.14297307289495267,0.8579991680743684,0.4281754558469734,0.4281754558469734,1.6991089517737041,0.010000000000000009
0.6000000000000003,accelerate,1.0,0.34598502943225584,0.3406326626217756,-23.907835417594338,-8.44949623402518,0.14299884951632275,0.8619087455732365,0.42941682489441413,0.42941682489441413,1.7040350194222782,0.010000000000000009
0.6100000000000003,accelerate,1.0,0.3538264690827798,0.3485489464983781,-23.9042945010931,-8.449473445235558,0.14302034638176706,0.8654167670599963,0.4305306918768901,0.4305306918768901,1.7084551264955956,0.010000000000000009
0.6200000000000003,accelerate,1.0,0.391607651553768,0.374384169531612,-23.900349723547023,-8.449532228842191,0.1423804209680361,0.8589614973011352,0.4284810146230565,0.4284810146230565,1.7003214865994305,0.010000000000000009
0.6300000000000003,accelerate,1.0,0.3894334680511881,0.38341374864335764,-23.896436165275205,-8.449578131322236,0.14192345263324466,0.8533457674825412,0.42669790809105645,0.42669790809105645,1.6932456670280018,0.010000000000000009
0.6400000000000003,accelerate,1.0,0.38488284314364885,0.38429520534353234,-23.892576584789516,-8.449545231099725,0.14168124275286148,0.8526977080525691,0.42649213626085175,0.42649213626085175,1.6924291121462371,0.010000000000000009
0.6500000000000004,accelerate,1.0,0.37882913108695254,0.38101556078958443,-23.888785089607918,-8.449477002454005,0.14165595708237044,0.8582438039075487,0.42825313261672493,0.42825313261672493,1.6994171929235116,0.010000000000000009
0.6600000000000004,accelerate,1.0,0.37835550035840115,0.37941952453087446,-23.88500496768639,-8.449472397920525,0.14181859025307073,0.8678674510644152,0.43130883306197315,0.43130883306197315,1.7115429883411633,0.010000000000000009
0.6700000000000004,accelerate,1.0,0.38138716804822703,0.380600110641286,-23.881199353626563,-8.449442293570515,0.14210076290565016,0.8792788185491222,0.43493217046571725,0.43493217046571725,1.7259213113718939,0.010000000000000009
0.6800000000000004,accelerate,1.0,0.3906310789639391,0.38661869163487783,-23.877301742112145,-8.449431854057917,0.14238739625639116,0.889523770930827,0.4381851477459562,0.4381851477459562,1.738829951372842,0.010000000000000009
0.6900000000000004,accelerate,1.0,0.4030201060204027,0.3964595402661928,-23.873279231875433,-8.449463536033107,0.14264874964323646,0.8967485479769933,0.4404791589536549,0.4404791589536549,1.7479331704510115,0.010000000000000009
0.7000000000000004,accelerate,1.0,0.41329420345134477,0.406560338177284,-23.86915382320861,-8.449416706216855,0.14290559413756293,0.9013492259496292,0.4419399662235263,0.4419399662235263,1.753730024696533,0.010000000000000009
0.7100000000000004,accelerate,1.0,0.4598251510488767,0.4385192259002396,-23.86452843155915,-8.44957560359243,0.14236320013533155,0.8920858410287157,0.4389986562434378,0.4389986562434378,1.7420581596961817,0.010000000000000009
0.7200000000000004,accelerate,1.0,0.45899794737592636,0.4508064587856517,-23.859920813874208,-8.449554832975807,0.14199796647656254,0.8820318289169877,0.43580630631772194,0.43580630631772194,1.7293901044354045,0.010000000000000009
0.7300000000000004,accelerate,1.0,0.4580750446645509,0.4551676103129912,-23.855330450926193,-8.449508541717131,0.14182336446543153,0.8754997579489792,0.43373224314395986,0.43373224314395986,1.7211596950157138,0.010000000000000009
0.7400000000000004,accelerate,1.0,0.4548454565374175,0.45497431804764693,-23.850779392493163,-8.449428855430401,0.14183568658894846,0.8741913392643406,0.43331679404321344,0.43331679404321344,1.7195110874730692,0.010000000000000009
0.7500000000000004,accelerate,1.0,0.45319953947758873,0.45390945090561197,-23.84625059746408,-8.449366907257561,0.1420047732460223,0.8775294880112848,0.4343767230333432,0.4343767230333432,1.723717154894219,0.010000000000000009
0.7600000000000005,accelerate,1.0,0.4563731665990723,0.45538768032168814,-23.841694349632153,-8.449417904792533,0.1422821699834855,0.8832317881149002,0.43618731736224314,0.43618731736224314,1.7309020530247743,0.010000000000000009
0.7700000000000005,accelerate,1.0,0.46523261849142705,0.4612946432235315,-23.83704987797865,-8.449364625630462,0.14256405260042884,0.8884456892830546,0.4378428352611555,0.4378428352611555,1.7374715684966489,0.010000000000000009
0.7800000000000005,accelerate,1.0,0.47447871028620187,0.4692050834611337,-23.832311695192562,-8.44931475609862,0.14281673809499038,0.8921556621878961,0.43902082585790086,0.43902082585790086,1.7421461343567495,0.010000000000000009
0.7900000000000005,accelerate,1.0,0.5065413486475343,0.49160684257297405,-23.827233063268565,-8.449488777927543,0.1426241628717877,0.8868542638027068,0.4373375258426355,0.4373375258426355,1.7354663723914108,0.010000000000000009
0.8000000000000005,accelerate,1.0,0.5295979542487375,0.5144015095784321,-23.82191376749962,-8.449543164062952,0.142140054580165,0.8739767503486245,0.4332486577706952,0.4332486577706952,1.7192407054392667,0.010000000000000009
0.8100000000000005,accelerate,1.0,0.5240915007749053,0.520215504296316,-23.81665855255107,-8.449540173024433,0.14185151732015414,0.8639634418442418,0.4300692320543837,0.4300692320543837,1.7066239367237448,0.010000000000000009
0.8200000000000005,accelerate,1.0,0.5196664504570945,0.5198860719927831,-23.811455595439362,-8.449402809222892,0.1417691308009725,0.8594875327930515,0.4286480414124498,0.4286480414124498,1.7009842913192452,0.010000000000000009
0.8300000000000005,accelerate,1.0,0.5182306753445195,0.5188928340038249,-23.806273610546615,-8.449330340018976,0.14187301807836888,0.8597989853722424,0.4287469338353944,0.4287469338353944,1.7013767215690254,0.010000000000000009
0.8400000000000005,accelerate,1.0,0.5192034253267306,0.5190791887975683,-23.801087390445534,-8.449310904501719,0.1421222608922522,0.8633161977829157,0.4298637191200314,0.4298637191200314,1.7058084092064738,0.010000000000000009
0.8500000000000005,accelerate,1.0,0.5246547762561357,0.5224245412727087,-23.795849636903647,-8.449300262316049,0.14244082638475689,0.8677066498156712,0.43125777544947186,0.43125777544947186,1.7113403787677455,0.010000000000000009
0.8600000000000005,accelerate,1.0,0.5356360303670658,0.5303514347293229,-23.790500765327682,-8.449289581759983,0.14272793818346555,0.8703211516536781,0.4320879320730759,0.4320879320730759,1.7146346510836346,0.010000000000000009
0.8700000000000006,accelerate,1.0,0.5460977633155225,0.5397992318810426,-23.785046422056478,-8.449276685428497,0.14299734399121436,0.8706457216048082,0.43219098952395874,0.43219098952395874,1.7150436092220585,0.010000000000000009
0.8800000000000006,accelerate,1.0,0.5954763109011174,0.5732054792930875,-23.779063363794283,-8.449508882859158,0.14244861520227445,0.8562544405771011,0.42762146997204115,0.42762146997204115,1.6969105951271475,0.010000000000000009
0.8900000000000006,accelerate,1.0,0.5935938972705078,0.5854385300795397,-23.773108883393398,-8.449711923996862,0.1420851001895928,0.8411842952291319,0.4228363974211539,0.4228363974211539,1.677922211988706,0.010000000000000009
0.9000000000000006,accelerate,1.0,0.5902482921460354,0.588324387319437,-23.767196586887827,-8.449725855304553,0.14193053005485762,0.8304861756168546,0.41943953048186366,0.41943953048186366,1.6644425812772368,0.010000000000000009
0.9100000000000006,accelerate,1.0,0.5853815376424977,0.5865586775132734,-23.761340374838863,-8.449664880241809,0.14197453472711927,0.8257540639620943,0.4179369903892442,0.4179369903892442,1.6584801205922388,0.010000000000000009
0.9200000000000006,accelerate,1.0,0.5835248655575965,0.5847383903398673,-23.755508942062143,-8.449606794244376,0.14218518450648818,0.8258363175334654,0.41796310754322596,0.41796310754322596,1.6585837600921665,0.010000000000000009
0.9300000000000006,accelerate,1.0,0.5852290790469509,0.5850328035641175,-23.749665164749487,-8.449549845939282,0.14251076571522833,0.8286514405832094,0.4188569654139806,0.4188569654139806,1.6621308151348437,0.010000000000000009
0.9400000000000006,accelerate,1.0,0.5942061209547913,0.5905367939985218,-23.743731077246647,-8.449502241531963,0.14282183587009167,0.8308636745156495,0.41955939393220903,0.41955939393220903,1.6649182298897183,0.010000000000000009
0.9500000000000006,accelerate,1.0,0.6049509825058684,0.5991853071029298,-23.737687220354143,-8.449453308349026,0.14308289789420794,0.8308727495927536,0.41956227545069114,0.41956227545069114,1.6649296644868696,0.010000000000000009
0.9600000000000006,accelerate,1.0,0.6143552801914087,0.6082872909560172,-23.73154803857156,-8.449403256128877,0.14332002032071928,0.8288161511433146,0.4189092643110253,0.4189092643110253,1.6623383504405767,0.010000000000000009
0.9700000000000006,accelerate,1.0,0.6441718443048609,0.6298180229653234,-23.725089963025706,-8.449481417611654,0.14310945829906863,0.8183939197220925,0.41559999739015885,0.41559999739015885,1.6492063388498366,0.010000000000000009
0.9800000000000006,accelerate,1.0,0.6668122637197823,0.6520145674179987,-23.718394810535493,-8.449647051732594,0.14259160852848754,0.8007722571421763,0.4100047670877839,0.4100047670877839,1.6270030439991423,0.010000000000000009
0.9900000000000007,accelerate,1.0,0.6624994019176456,0.6583054681177869,-23.711752249844654,-8.44979631232974,0.14226067550355231,0.7857451932319306,0.40523337375500257,0.40523337375500257,1.6080689434722324,0.010000000000000009
1.0000000000000007,accelerate,1.0,0.6570254908666237,0.6575374817670889,-23.70517293723096,-8.449797330478223,0.1421388343994861,0.776526276524533,0.40230618332206974,0.40230618332206974,1.5964531084209117,0.010000000000000009
1.0100000000000007,accelerate,1.0,0.652808087516225,0.6546998452165707,-23.698642716771737,-8.44979822484916,0.1422054110512448,0.7730665163407725,0.4012076402685221,0.4012076402685221,1.5920938105893736,0.010000000000000009
1.0200000000000007,accelerate,1.0,0.651717234193944,0.6529102786029947,-23.692129066555047,-8.44978960358768,0.14242348893102982,0.7736732274155113,0.40140028316897314,0.40140028316897314,1.5928582665435442,0.010000000000000009
1.0300000000000007,accelerate,1.0,0.6545874227479654,0.6539165650899772,-23.685590441023262,-8.449774090661824,0.14273324510122107,0.7760498610545457,0.4021549118820394,0.4021549118820394,1.5958528249287278,0.010000000000000009
1.0400000000000007,accelerate,1.0,0.663105182919774,0.6594297357878554,-23.678966128480475,-8.449748202449852,0.143032250907351,0.7774242056867785,0.40259129378966596,0.40259129378966596,1.5975844991653412,0.010000000000000009
1.0500000000000007,accelerate,1.0,0.6738609659618383,0.6680884738922451,-23.672231738929625,-8.449726863127818,0.14328008130007794,0.7762752483562013,0.40222647685806107,0.40222647685806107,1.5961368129288138,0.010000000000000009
1.0600000000000007,accelerate,1.0,0.6833642719766362,0.6772539527428798,-23.6654003486715,-8.44970638371462,0.1434914281991786,0.7727759319894043,0.4011153739252757,0.4011153739252757,1.5917276743066495,0.010000000000000009
1.0700000000000007,accelerate,1.0,0.7320292650950289,0.7101191401541693,-23.65804702327548,-8.449456145676123,0.1428754029868084,0.7546528259617267,0.39536092529936745,0.39536092529936745,1.5688925607117756,0.010000000000000009
1.0800000000000007,accelerate,1.0,0.7302612426669582,0.7222044016618427,-23.6507209787515,-8.449229438174553,0.1424090091136585,0.7357178922519001,0.3893487051478233,0.3893487051478233,1.545034544237394,0.010000000000000009
1.0900000000000007,accelerate,1.0,0.7249625434894965,0.723859286758435,-23.643456828221908,-8.44901626957453,0.14213740989869045,0.721629150945729,0.3848752480082879,0.3848752480082879,1.5272827301916185,0.010000000000000009
1.1000000000000008,accelerate,1.0,0.7191708990500723,0.7210462541334174,-23.636258285657153,-8.448819783645819,0.1420719877747289,0.7137961153478676,0.3823881025452549,0.3823881025452549,1.517413105338313,0.010000000000000009
1.1100000000000008,accelerate,1.0,0.714983179342717,0.7174084092589972,-23.629108074965025,-8.448788013787997,0.14219181576052808,0.7114286100984593,0.3816363722784628,0.3816363722784628,1.5144300487240587,0.010000000000000009
1.1200000000000008,accelerate,1.0,0.7136633147357822,0.7151613525450682,-23.62197626732308,-8.448826804369697,0.1424553474350355,0.7127149223760717,0.3820448021528503,0.3820448021528503,1.5160508021938504,0.010000000000000009
1.1300000000000008,accelerate,1.0,0.7178587435619689,0.7167797871552086,-23.614804085765122,-8.448926579005157,0.14276111488717996,0.7148719802139211,0.38272971115752424,0.38272971115752424,1.5187686950695407,0.010000000000000009
1.1400000000000008,accelerate,1.0,0.7258523849540403,0.7222233458345075,-23.607551479992857,-8.449034316591845,0.14305802198043166,0.7156678640806892,0.38298242020290046,0.38298242020290046,1.5197715087416686,0.010000000000000009
1.1500000000000008,accelerate,1.0,0.7367247121119934,0.730924165600999,-23.600187162939687,-8.449125233998654,0.14329310565588377,0.7135940691781891,0.3823239488454586,0.3823239488454586,1.5171585271645183,0.010000000000000009
1.1600000000000008,accelerate,1.0,0.7654163269483081,0.7516194624093844,-23.59251680502361,-8.44932013384445,0.1430977726582319,0.702746580304496,0.37887965417828356,0.37887965417828356,1.503490691183665,0.010000000000000009
1.1700000000000008,accelerate,1.0,0.7860711792771085,0.7722904925300188,-23.584630807373202,-8.449596862560785,0.1426245517364106,0.6847482518541363,0.3731648249287254,0.3731648249287254,1.4808127973362117,0.010000000000000009
1.1800000000000008,accelerate,1.0,0.7817487969510704,0.7779654751826497,-23.57679681871482,-8.44985530393371,0.1423283493853004,0.668907439926981,0.36813505032561505,0.36813505032561505,1.4608533743079963,0.010000000000000009
1.1900000000000008,accelerate,1.0,0.7763785310617481,0.7770133087101088,-23.569024368771032,-8.45001884432711,0.14222795541144492,0.6582984411217875,0.36476648102499,0.36476648102499,1.4474860358134523,0.010000000000000009
1.2000000000000008,accelerate,1.0,0.7715672479441956,0.7737456722505609,-23.561306487749697,-8.449977531900736,0.14230765380052027,0.65312033442252,0.3631223285858386,0.3631223285858386,1.4409616213723753,0.010000000000000009
1.2100000000000009,accelerate,1.0,0.7700742817531685,0.7715428379521254,-23.553607863117666,-8.449935452115607,0.1425103913908852,0.6517401457070152,0.3626840910648915,0.3626840910648915,1.4392225835908394,0.010000000000000009
1.2200000000000009,accelerate,1.0,0.7720196619574964,0.771828932355348,-23.545892661973856,-8.449884614160329,0.14279110832778455,0.6520821343632224,0.36279267930301035,0.36279267930301035,1.43965348929766,0.010000000000000009
1.2300000000000009,accelerate,1.0,0.7783065300319564,0.7757154909613131,-23.53811456765161,-8.449823582664392,0.14307493462918636,0.6518736139075093,0.36272646988791235,0.36272646988791235,1.4393907535234618,0.010000000000000009
1.2400000000000009,accelerate,1.0,0.7876815154069218,0.7828951056286784,-23.530240063616922,-8.449760424978066,0.14330260148886237,0.6494356952591692,0.36195238195869145,0.36195238195869145,1.4363189760265533,0.010000000000000009
1.2500000000000009,accelerate,1.0,0.7975068285437006,0.7916621393776917,-23.522263934916147,-8.449703469085867,0.14346032233282033,0.6443147315453743,0.3603263735602873,0.3603263735602873,1.4298665617471717,0.010000000000000009
1.260000000000001,accelerate,1.0,0.8060292978227057,0.8002824344447002,-23.5142000845483,-8.449652899455543,0.1435671410957558,0.6370644677378451,0.35802426979612056,0.35802426979612056,1.4207312293496848,0.010000000000000009
1.270000000000001,accelerate,1.0,0.8137454304976478,0.8083602320764687,-23.506056971482728,-8.449596707784512,0.14362974329919573,0.6283406579177125,0.3552542857020321,0.3552542857020321,1.4097392289763178,0.010000000000000009
1.280000000000001,accelerate,1.0,0.8212083379773046,0.8160690956169703,-23.49783710552559,-8.449541968099748,0.14364413018568448,0.618578846442903,0.35215471532255055,0.35215471532255055,1.3974393465180577,0.010000000000000009
1.290000000000001,accelerate,1.0,0.8280549089136361,0.8232605835949698,-23.489547042484638,-8.449493665264026,0.14361521250173814,0.6082094675255068,0.34886223012869894,0.34886223012869894,1.3843739290821386,0.010000000000000009
1.300000000000001,accelerate,1.0,0.8338705691264372,0.8296265749138503,-23.481197759634625,-8.449447739910813,0.14355505872596563,0.5977453349508239,0.3455396587535856,0.3455396587535856,1.371189122038038,0.010000000000000009
1.310000000000001,accelerate,1.0,0.8386426412474018,0.8350362147139813,-23.47280034766778,-8.449400242199214,0.1434772636504064,0.5876724855736106,0.34234132761933284,0.34234132761933284,1.3584973318227493,0.010000000000000009
1.320000000000001,accelerate,1.0,0.8426397362486401,0.8395983276347765,-23.46436305407314,-8.449357608130946,0.1433938759652003,0.5783282221562167,0.33937433709904197,0.33937433709904197,1.3467235599168332,0.010000000000000009
1.330000000000001,accelerate,1.0,0.8460261119962579,0.8434549982516654,-23.45589244295204,-8.449317995985966,0.14331772679911406,0.5699123043488226,0.33670211487683815,0.33670211487683815,1.3361195034795166,0.010000000000000009
1.340000000000001,accelerate,1.0,0.8490591992165374,0.8468175188305885,-23.447392345847845,-8.449280835854548,0.14325877701404793,0.5624764366054217,0.33434107815095354,0.33434107815095354,1.3267503101228315,0.010000000000000009
1.350000000000001,accelerate,1.0,0.8520329676669208,0.8499467881323879,-23.438863493224602,-8.449244012038442,0.14322300914398245,0.5559258607024242,0.33226113929023376,0.33226113929023376,1.3184965844850547,0.010000000000000009
1.360000000000001,accelerate,1.0,0.8552375143978638,0.8531212238916734,-23.430303533122068,-8.44921004072027,0.1432114456891469,0.5500374493318818,0.3303914509118591,0.3303914509118591,1.3110771861581711,0.010000000000000009
1.370000000000001,accelerate,1.0,0.8588258083078067,0.8565439745413534,-23.42170850109987,-8.449177221542705,0.14322214770780642,0.5445237000706273,0.32864072524642557,0.32864072524642557,1.3041298620889903,0.010000000000000009
1.380000000000001,accelerate,1.0,0.86285074318708,0.8603280357287895,-23.41307380872288,-8.449146252589353,0.14325019447754866,0.539092420104556,0.32691618523159865,0.32691618523159865,1.2972864493317406,0.010000000000000009
1.390000000000001,accelerate,1.0,0.8672973214123507,0.8645096071389262,-23.404394982656363,-8.44911522973214,0.14328916369873249,0.5334879591771743,0.3251366567979364,0.3251366567979364,1.2902248285632396,0.010000000000000009
1.400000000000001,accelerate,1.0,0.8720638344389248,0.8690421435189254,-23.395668537861503,-8.44908537848614,0.14333169654650835,0.5275279162219968,0.3232442239588084,0.3232442239588084,1.2827151744397158,0.010000000000000009
1.410000000000001,accelerate,1.0,0.8769883287422578,0.8738098546529249,-23.386892670164407,-8.44905482393158,0.1433714823319742,0.5211258613965326,0.3212114435106271,0.3212114435106271,1.2746485853596312,0.010000000000000009
1.420000000000001,accelerate,1.0,0.881930443149433,0.8786822077508297,-23.378067026751722,-8.449024581920229,0.14340333995907914,0.5142808396462117,0.3190380122044652,0.3190380122044652,1.266023857954227,0.010000000000000009
1.430000000000001,accelerate,1.0,0.886701585239361,0.8834938342439485,-23.36919324494509,-8.448992609778152,0.14342430851743498,0.5070798266178808,0.31675154654770954,0.31675154654770954,1.25695058153853,0.010000000000000009
1.440000000000001,accelerate,1.0,0.8912266701250127,0.888133535772587,-23.360273761330372,-8.448960077962564,0.14343287528250756,0.49965231903768664,0.3143931643408463,0.3143931643408463,1.2475919219874854,0.010000000000000009
1.450000000000001,accelerate,1.0,0.8954230406402389,0.8925072386931783,-23.351311935629642,-8.448925358718462,0.1434299026892921,0.49215344716060694,0.31201212254243593,0.31201212254243593,1.2381433434223648,0.010000000000000009
1.460000000000001,accelerate,1.0,0.8992788494939842,0.8965702051736617,-23.34231127842057,-8.4488893547511,0.14341763126424628,0.4847331119210323,0.3096560176971662,0.3096560176971662,1.2287937210205009,0.010000000000000009
1.470000000000001,accelerate,1.0,0.9027904701171299,0.9003023641397426,-23.33327537994181,-8.448849859591423,0.14339953650972986,0.47752414724630365,0.30736702723364634,0.30736702723364634,1.2197104255303426,0.010000000000000009
1.480000000000001,accelerate,1.0,0.9060767846554149,0.903767016449146,-23.3242066084941,-8.448808245888893,0.14337899575446142,0.47060126997201174,0.3051688752415132,0.3051688752415132,1.2109876001647348,0.010000000000000009
1.490000000000001,accelerate,1.0,0.9091833151165762,0.9070167956496042,-23.315106891317757,-8.44876258126656,0.1433596754338396,0.46399796716518904,0.30307219453429085,0.30307219453429085,1.2026674386281382,0.010000000000000009
1.500000000000001,accelerate,1.0,0.9122375950523867,0.9101492752912737,-23.305976820958485,-8.448713930639853,0.14334414998730466,0.4576903307418905,0.3010693938171651,0.3010693938171651,1.1947198167347821,0.010000000000000009
1.5100000000000011,accelerate,1.0,0.915290922578793,0.9132342636637852,-23.2968164691353,-8.448660698430167,0.14333444022644914,0.4516227078969191,0.29914280221142975,0.29914280221142975,1.187074611950118,0.010000000000000009
1.5200000000000011,accelerate,1.0,0.9184212286642899,0.916346442664088,-23.287625066994615,-8.448603928414231,0.14333114078455367,0.44571095401013344,0.2972657021172976,0.2972657021172976,1.1796258020527681,0.010000000000000009
1.5300000000000011,accelerate,1.0,0.9216283824210032,0.919515606518237,-23.278401835736794,-8.448542143608012,0.1433340186333978,0.4398716231400866,0.2954115977794403,0.2954115977794403,1.1722682451565092,0.010000000000000009
1.5400000000000011,accelerate,1.0,0.9249511148833416,0.9227769115372997,-23.26914555973972,-8.448476666538188,0.1433417166645398,0.43401875101322296,0.2935531938217186,0.2935531938217186,1.1648936262766612,0.010000000000000009
1.5500000000000012,accelerate,1.0,0.9283253093156518,0.926105950204311,-23.25985568161938,-8.448405670525446,0.14335269559405345,0.4280959792441199,0.291672595329593,0.291672595329593,1.1574309338475912,0.010000000000000009
1.5600000000000012,accelerate,1.0,0.9317312093881491,0.929481105714614,-23.250531805820227,-8.448330935136477,0.143364867851476,0.4220693119793952,0.28975900793969755,0.28975900793969755,1.149837333094038,0.010000000000000009
1.5700000000000012,accelerate,1.0,0.9350936091678991,0.9328486077865851,-23.24117433230326,-8.448250577230064,0.14337664930817756,0.41593999681910854,0.2878128277900034,0.2878128277900034,1.142114395992077,0.010000000000000009
1.5800000000000012,accelerate,1.0,0.9384019305536948,0.936180601446851,-23.231783743492723,-8.448166145179592,0.1433863628448232,0.40972398782813085,0.2858391206151881,0.2858391206151881,1.134282224663445,0.010000000000000009
1.5900000000000012,accelerate,1.0,0.9415721092803265,0.9394155061469363,-23.22236141212201,-8.448076106972568,0.14339314875013948,0.40346724241067516,0.28385247881023756,0.28385247881023756,1.1263987254374506,0.010000000000000009
1.6000000000000012,accelerate,1.0,0.9446087900996681,0.9425314765185753,-23.212908643369367,-8.447982375317778,0.14339625343525345,0.39721889338485517,0.2818685030275592,0.2818685030275592,1.1185258056649177,0.010000000000000009
1.6100000000000012,accelerate,1.0,0.9474963592878277,0.9455104061801267,-23.20342696204442,-8.447883994756525,0.14339623120995876,0.39102876645963913,0.2799030139262646,0.2799030139262646,1.1107262457391451,0.010000000000000009
1.6200000000000012,accelerate,1.0,0.9502158063202095,0.9483336462641764,-23.193918078039022,-8.447780743976477,0.14339374804775318,0.38494765863123886,0.27797214056859093,0.27797214056859093,1.1030640498753608,0.010000000000000009
1.6300000000000012,accelerate,1.0,0.9528212401956917,0.9510262026230856,-23.1843831440024,-8.447673572520923,0.14338937648015304,0.37900391919265297,0.27608488442205115,0.27608488442205115,1.0955749381827427,0.010000000000000009
1.6400000000000012,accelerate,1.0,0.9553487768820567,0.9536197471784682,-23.174822971442836,-8.44756262977356,0.1433841616938324,0.37320419788629294,0.2742433569128558,0.2742433569128558,1.0882672893367293,0.010000000000000009
1.6500000000000012,accelerate,1.0,0.957793333477892,0.9561238989581224,-23.16523842517221,-8.44744763175336,0.1433791554528979,0.36754936140884065,0.2724478332345351,0.2724478332345351,1.0811421953751392,0.010000000000000009
1.6600000000000013,accelerate,1.0,0.9602102210703067,0.958575692225433,-23.155629797624243,-8.447328883558846,0.14337501569986294,0.3620209155361608,0.2706924411010418,0.2706924411010418,1.0741763535755626,0.010000000000000009
1.6700000000000013,accelerate,1.0,0.962615595838901,0.9609996343935139,-23.145997210070455,-8.447207188081704,0.14337221370209458,0.3565913199325156,0.2689684359049724,0.2689684359049724,1.0673350631149698,0.010000000000000009
1.6800000000000013,accelerate,1.0,0.9650113133454468,0.9634066417646736,-23.136340770904535,-8.447082381926037,0.14337110328105912,0.3512328970652744,0.26726702947616593,0.26726702947616593,1.0605834503022458,0.010000000000000009
1.6900000000000013,accelerate,1.0,0.9674035964737997,0.9658048145901492,-23.126660512605085,-8.446954471347356,0.14337163993739402,0.34591928981749925,0.26557985290285235,0.26557985290285235,1.053888305170049,0.010000000000000009
1.7000000000000013,accelerate,1.0,0.9697837543094774,0.9681921784217461,-23.116956541148557,-8.44682414289285,0.14337351555688513,0.3406305306672438,0.26390056609746326,0.26390056609746326,1.0472244686407273,0.010000000000000009
1.7100000000000013,accelerate,1.0,0.9721371341414397,0.9705591518535622,-23.107229115643527,-8.446691429839143,0.14337640425216439,0.3353558473120656,0.2622257486385271,0.2622257486385271,1.0405783676132028,0.010000000000000009
1.7200000000000013,accelerate,1.0,0.9744498927541847,0.9728935963939357,-23.09747862817314,-8.44655646593262,0.14337983439543356,0.33009325873584827,0.26055477151380657,0.26055477151380657,1.033947506007169,0.010000000000000009
1.7300000000000013,accelerate,1.0,0.9767088641681109,0.9751827570584408,-23.08770559748522,-8.446419852939261,0.1433833154455025,0.3248482317446066,0.2588893705435475,0.2588893705435475,1.0273387719982043,0.010000000000000009
1.7400000000000013,accelerate,1.0,0.9788987509655492,0.9774123534027059,-23.077910706488332,-8.446281506403482,0.143386506259508,0.3196330968080223,0.25723346089848326,0.25723346089848326,1.020767701978108,0.010000000000000009
1.7500000000000013,hold,1.0,0.9809976751887749,0.9795635464743473,-23.068094852630487,-8.44614175349684,0.14338907829862055,0.31446821409160786,0.25559350733836733,0.25559350733836733,1.0142599497554259,0.010000000000000009
1.7600000000000013,hold,1.0,0.9830385301778203,0.9816485366964312,-23.058258609945163,-8.446000680160394,0.1433908435901189,0.309363893324341,0.2539727834083448,0.2539727834083448,1.0078285055886698,0.010000000000000009
1.7700000000000014,hold,1.0,0.984989222938627,0.9836529484417487,-23.04840287836912,-8.445858514452741,0.14339181558218497,0.3043365366699076,0.2523764971234291,0.2523764971234291,1.0014940362040836,0.010000000000000009
1.7800000000000014,hold,1.0,0.9868722416732655,0.9855845243806587,-23.0385283361341,-8.4457153141455,0.14339209310133416,0.29939568757995183,0.25080767872038634,0.25080767872038634,0.9952685663507395,0.010000000000000009
1.7900000000000014,hold,1.0,0.988690994782873,0.9874484066219873,-23.02863562677001,-8.445571481396993,0.14339188259290117,0.29454673963821176,0.24926804076992504,0.24926804076992504,0.989158891944147,0.010000000000000009
1.8000000000000014,hold,1.0,0.9904584695177192,0.9892544443594264,-23.01872527473669,-8.445426725752679,0.1433915060601848,0.28978921224893583,0.24775743067328213,0.24775743067328213,0.9831644074336592,0.010000000000000009
1.8100000000000014,hold,1.0,0.9921857418434237,0.9910132228498247,-23.008797683940912,-8.4452815290521,0.1433912547154409,0.285117462734636,0.2462740567675016,0.2462740567675016,0.9772780030456413,0.010000000000000009
1.8200000000000014,hold,1.0,0.9938601608648804,0.9927213856588581,-22.998853393212503,-8.44513569404269,0.14339143239037905,0.2805291034604145,0.24481716093075084,0.24481716093075084,0.9714966703601224,0.010000000000000009
1.8300000000000014,hold,1.0,0.9955081539001007,0.9943934466036037,-22.9888926669287,-8.444989535010087,0.14339221482112763,0.2760148137359864,0.24338378365745042,0.24338378365745042,0.9658086653073429,0.010000000000000009
1.8400000000000014,hold,1.0,0.9971242380551103,0.9960319214745077,-22.978915834456885,-8.444842830846495,0.14339387758734673,0.27156604377428506,0.241971210219211,0.241971210219211,0.9602032151555993,0.010000000000000009
1.8500000000000014,hold,1.0,0.9986988798417625,0.9976320964948606,-22.96892331254699,-8.44469564824892,0.14339654920632072,0.26717871071871363,0.24057814422740598,0.24057814422740598,0.9546751755055792,0.010000000000000009
1.8600000000000014,hold,1.0,1.0002319183075,0.9991919895824442,-22.958915510653053,-8.44454798751337,0.14340005740671588,0.26285087679693525,0.2392039704005629,0.2392039704005629,0.9492221047641385,0.010000000000000009
1.8700000000000014,hold,1.0,1.0017499007425605,1.000726736278514,-22.94889256884212,-8.444399868540204,0.1434041182468297,0.2585731762500381,0.2378457149229121,0.2378457149229121,0.943832202075048,0.010000000000000009
1.8800000000000014,hold,1.0,1.003232425354981,1.0022301497243942,-22.938854836031826,-8.444251411661163,0.14340860982066558,0.2543416024650249,0.23650210561469473,0.23650210561469473,0.9385004191059315,0.010000000000000009
1.8900000000000015,hold,1.0,1.0046679153136306,1.003692809077936,-22.928802784347866,-8.444102386009993,0.14341350303297742,0.2501582096347987,0.2351737947232413,0.2351737947232413,0.9332293441398464,0.010000000000000009
1.9000000000000015,hold,1.0,1.006048973886846,1.0051065079632822,-22.918736959045766,-8.443952625461119,0.14341877959458535,0.24602931680341195,0.23386278867141935,0.23386278867141935,0.9280269391722991,0.010000000000000009
1.9100000000000015,hold,1.0,1.0073566439847095,1.0064565895761386,-22.90865809151034,-8.443801981951628,0.1434243221217142,0.2419681633196814,0.23257329121726528,0.23257329121726528,0.9229098857827988,0.010000000000000009
1.9200000000000015,hold,1.0,1.0086422263586967,1.0077679716456736,-22.898566390345746,-8.443650184522742,0.14342969772973047,0.23797245499846278,0.23130457391111195,0.23130457391111195,0.9178752932980633,0.010000000000000009
1.9300000000000015,hold,1.0,1.0099031901910567,1.0090491027729034,-22.88846207952318,-8.443497732718418,0.14343445773896618,0.23403610738690023,0.23005470481748858,0.23005470481748858,0.9129154953074944,0.010000000000000009
1.9400000000000015,hold,1.0,1.0111302504683728,1.010297791390185,-22.87834548980473,-8.44334477296007,0.14343841047712136,0.23015563716799423,0.22882257791358152,0.22882257791358152,0.9080261028316726,0.010000000000000009
1.9500000000000015,hold,1.0,1.0123156836597706,1.0115085267519364,-22.868217035150757,-8.443192163012503,0.14344183351087564,0.2263314330346011,0.22760831661714656,0.22760831661714656,0.9032076056235975,0.010000000000000009
1.9600000000000015,hold,1.0,1.0135140898863915,1.0127118646326094,-22.85807654399194,-8.443039928531684,0.14344350652412455,0.22254772427446295,0.22640691341162747,0.22640691341162747,0.8984401325858233,0.010000000000000009
1.9700000000000015,hold,1.0,1.014768733905064,1.0139459861960822,-22.847923479244884,-8.442885191911863,0.14344293669005417,0.21877151917746623,0.2252078927692291,0.2252078927692291,0.8936821141636075,0.010000000000000009
1.9800000000000015,hold,1.0,1.015869131666118,1.0150998734781036,-22.837759457706326,-8.442727878122382,0.14344213930013205,0.21503560350061485,0.22402166482351524,0.22402166482351524,0.8889748604107748,0.010000000000000009
1.9900000000000015,hold,1.0,1.0170164843953806,1.0162498400284696,-22.827583869433184,-8.442571602979617,0.14343835966551277,0.21132593974034117,0.22284377238635317,0.22284377238635317,0.88430068407283,0.010000000000000009
2.0000000000000013,hold,1.0,1.0182405846616345,1.0174442868083684,-22.81739596541486,-8.442414465251703,0.1434311335370476,0.20760543082467717,0.22166243639545152,0.22166243639545152,0.8796128428390934,0.009999999999999787
2.010000000000001,hold,1.0,1.0192692092984033,1.0185392403023894,-22.807197813152964,-8.442256668010973,0.1434236590537894,0.20392111356518616,0.22049259197921794,0.22049259197921794,0.8749706030921347,0.009999999999999787
2.020000000000001,accelerate,1.0,1.0200545360057955,1.0194484177244332,-22.796991979505812,-8.44209617423718,0.1434190887788217,0.20035747515468322,0.219361065511115,0.219361065511115,0.8704804186949008,0.009999999999999787
2.0300000000000007,accelerate,1.0,1.0207920775136197,1.0202546135979451,-22.78677889912294,-8.441934064033594,0.14341675663669412,0.19693911070988093,0.2182756664326014,0.2182756664326014,0.86617327949445,0.009999999999999787
2.0400000000000005,accelerate,1.0,1.0215900149277655,1.0210558543958372,-22.77655784619053,-8.441776407094382,0.14341575722327654,0.1936339730319812,0.21722621911711468,0.21722621911711468,0.8620088060202963,0.009999999999999787
2.0500000000000003,accelerate,1.0,1.0222868647676775,1.0217944606189415,-22.766329889418948,-8.441621417250378,0.14341722701850054,0.1904473175795298,0.2162143922778523,0.2162143922778523,0.8579936201502075,0.009999999999999787
2.06,accelerate,1.0,1.0229935575240015,1.0225139187619776,-22.756094874013428,-8.441467004708068,0.1434187038285378,0.18736052188671176,0.21523427290946873,0.21523427290946873,0.8541042575772568,0.009999999999999787
2.07,accelerate,1.0,1.0238939210680742,1.0233419201456355,-22.745850806838362,-8.441310572951002,0.14341736441909034,0.1842905071608665,0.21425948183371835,0.21425948183371835,0.8502360390226918,0.009999999999999787
2.0799999999999996,accelerate,1.0,1.024730021403177,1.0241747809001605,-22.735598352543697,-8.441154870127841,0.14341488978890776,0.18122552143550003,0.21328628756619997,0.21328628756619997,0.84637415700873,0.009999999999999787
2.0899999999999994,accelerate,1.0,1.0253913179452496,1.024904703127214,-22.725339353939066,-8.440999782351678,0.14341409638741892,0.17821380099743203,0.2123300060927046,0.2123300060927046,0.8425793892567643,0.009999999999999787
2.099999999999999,accelerate,1.0,1.0258648509593782,1.0254807918265125,-22.71507579418276,-8.440842671987417,0.1434172221656808,0.17532188427096246,0.21141176469371603,0.21141176469371603,0.8389355741814128,0.009999999999999787
2.109999999999999,accelerate,1.0,1.0263709141800288,1.0260148652386223,-22.704807190893806,-8.440688230164872,0.1434218084524656,0.1725442560715225,0.21052981218782982,0.21052981218782982,0.8354357626501183,0.009999999999999787
2.1199999999999988,accelerate,1.0,1.0270943873782683,1.02666257852241,-22.694531285483556,-8.440534529534144,0.14342455624535827,0.16979352284847377,0.20965639937484742,0.20965639937484742,0.831969838789077,0.009999999999999787
2.1299999999999986,accelerate,1.0,1.0277633580364276,1.0273230462308205,-22.68424867560839,-8.440381037315545,0.1434267186702753,0.1670529479963783,0.2087862120478101,0.2087862120478101,0.8285167144754368,0.009999999999999787
2.1399999999999983,accelerate,1.0,1.028273341694378,1.027893223508955,-22.673961022075922,-8.440227902749752,0.1434304987899115,0.16436418194728417,0.20793247505190166,0.20793247505190166,0.825128869253578,0.009999999999999787
2.149999999999998,accelerate,1.0,1.028649758168719,1.0283471443048136,-22.663669748608914,-8.440071914512615,0.14343728230106031,0.16177506891766189,0.20711037988273603,0.20711037988273603,0.8218665868362541,0.009999999999999787
2.159999999999998,accelerate,1.0,1.0290935093463631,1.0287949633297433,-22.65337402866492,-8.439918244990515,0.14344489254815526,0.15926576530549297,0.20631362579980017,0.20631362579980017,0.8187048642849213,0.009999999999999787
2.1699999999999977,accelerate,1.0,1.0296735101986287,1.0293220914510746,-22.643072432741914,-8.439765842098115,0.14345086174440658,0.1567747441275374,0.20552267675537572,0.20552267675537572,0.8155661776006973,0.009999999999999787
2.1799999999999975,accelerate,1.0,1.0302126413741044,1.0298564214048924,-22.63276542067866,-8.439612466129114,0.1434556079266028,0.15429080601972286,0.20473397672738244,0.20473397672738244,0.8124364155848509,0.009999999999999787
2.1899999999999973,accelerate,1.0,1.0306472497135424,1.0303309183900824,-22.622454078641873,-8.439456189657374,0.14345935595630177,0.15184080469656036,0.20395605230725186,0.20395605230725186,0.8093494139176661,0.009999999999999787
2.199999999999997,accelerate,1.0,1.0312395431190928,1.0308760932274885,-22.612136649565603,-8.43930204663431,0.14345875208962716,0.14937681867128752,0.20317368746450723,0.20317368746450723,0.8062447915258223,0.009999999999999787
2.209999999999997,accelerate,1.0,1.0317952800783354,1.0314276053379965,-22.601813590257866,-8.439146970140595,0.14345486651057,0.14689443821935505,0.20238548202340964,0.20238548202340964,0.8031169921563874,0.009999999999999787
2.2199999999999966,accelerate,1.0,1.0321524760970582,1.0318625277934335,-22.591487018841143,-8.438986927940572,0.14344962065288783,0.14445585710678432,0.20161118374854617,0.20161118374854617,0.8000443799545482,0.009999999999999787
2.2299999999999964,accelerate,1.0,1.0325067188282784,1.0322490424143402,-22.581156851160166,-8.43882786155601,0.1434421679523182,0.14207516919998858,0.2008552677243804,0.2008552677243804,0.7970447131919857,0.009999999999999787
2.239999999999996,accelerate,1.0,1.0328239040685225,1.0325939594068496,-22.570823514203976,-8.438668809768874,0.14343371057645707,0.1397603449866591,0.200120264740164,0.200120264740164,0.7941280346831905,0.009999999999999787
2.249999999999996,accelerate,1.0,1.0330173359971242,1.0328479853610144,-22.560488352122775,-8.438507116292541,0.14342628509723343,0.1375444240146694,0.19941666551313786,0.19941666551313786,0.7913359742584836,0.009999999999999787
2.259999999999996,accelerate,1.0,1.0331267220831137,1.0330152273942739,-22.550152252520405,-8.438341497954992,0.14342086223334058,0.13545227685175673,0.19875236694596982,0.19875236694596982,0.7886998688332135,0.009999999999999787
2.2699999999999956,accelerate,1.0,1.0332569558422917,1.0331602644630844,-22.539814956667698,-8.438173992921975,0.1434170783162456,0.13346985769785305,0.19812290921622233,0.19812290921622233,0.786202020699295,0.009999999999999787
2.2799999999999954,accelerate,1.0,1.033386051039986,1.0332957364092255,-22.529476479949444,-8.438004321405646,0.14341507969981818,0.13157932303230305,0.19752262664921688,0.19752262664921688,0.7838199470207019,0.009999999999999787
2.289999999999995,accelerate,1.0,1.0335046228722338,1.0334210682870304,-22.5191369544683,-8.437831011640712,0.1434150964571411,0.12976677259037284,0.1969471056328952,0.1969471056328952,0.7815361334638699,0.009999999999999787
2.299999999999995,accelerate,1.0,1.0336265531038162,1.0335443591771019,-22.50879634503773,-8.437653116476705,0.143416688833147,0.1280168241326312,0.1963914619985931,0.1963914619985931,0.7793311984071154,0.009999999999999787
2.3099999999999947,accelerate,1.0,1.0337880501278205,1.033690573747533,-22.498454204075806,-8.437471979394699,0.1434189818361104,0.12630383005701754,0.19584755211970425,0.19584755211970425,0.7771728258718422,0.009999999999999787
2.3199999999999945,accelerate,1.0,1.033961066838772,1.0338528696022764,-22.488110415666593,-8.437286921341448,0.14342157814355322,0.12461077249800616,0.19530997248356693,0.19530997248356693,0.7750395733474879,0.009999999999999787
2.3299999999999943,accelerate,1.0,1.0341189144411291,1.034012496505588,-22.477765134658483,-8.437097299427498,0.14342416756696286,0.12293395597030947,0.1947775496996927,0.1947775496996927,0.77292678452259,0.009999999999999787
2.339999999999994,accelerate,1.0,1.034280924909589,1.0341735535479886,-22.467418307034528,-8.436903174269087,0.14342631615281745,0.12126824975492866,0.19424865466218497,0.19424865466218497,0.7708279946912102,0.009999999999999787
2.349999999999994,accelerate,1.0,1.0344232605457873,1.0343233777466678,-22.457070115089262,-8.436705017991299,0.14342772664181108,0.11961631396149469,0.1937241320090538,0.1937241320090538,0.7687465555914833,0.009999999999999787
2.3599999999999937,accelerate,1.0,1.0345361885257771,1.0344510642141334,-22.44672086384991,-8.436502304034223,0.14342834749517308,0.1179861894224268,0.19320653486540898,0.19320653486540898,0.7666925986722578,0.009999999999999787
2.3699999999999934,accelerate,1.0,1.0346267462153194,1.034556473414845,-22.436370781796835,-8.436295003725247,0.14342822555234716,0.11638453841929286,0.1926979786388939,0.1926979786388939,0.7646745184083091,0.009999999999999787
2.3799999999999932,accelerate,1.0,1.0346772068291425,1.0346289134634234,-22.426020278092615,-8.43608314632819,0.14342756428449835,0.11482256687689228,0.19220202143475085,0.19220202143475085,0.7627064342648843,0.009999999999999787
2.389999999999993,accelerate,1.0,1.034697185785478,1.0346698768566562,-22.415669653997373,-8.435867229636967,0.14342649483096495,0.11330867183334832,0.19172132948052478,0.19172132948052478,0.760798926510019,0.009999999999999787
2.399999999999993,accelerate,1.0,1.0346852260652677,1.0346790863818232,-22.405319234960377,-8.435647384706114,0.14342526180140747,0.11184993956455226,0.19125815281053665,0.19125815281053665,0.758960923851336,0.009999999999999787
2.4099999999999926,accelerate,1.0,1.0346569253865103,1.0346657897846354,-22.39496919388727,-8.435423489242552,0.14342409575091222,0.11044731382433809,0.19081279108550386,0.19081279108550386,0.7571936154186661,0.009999999999999787
2.4199999999999924,accelerate,1.0,1.0346147217927304,1.0346351489894925,-22.384619671578807,-8.435195621864398,0.14342310995201452,0.10909894552907577,0.19038465718439215,0.19038465718439215,0.7554946713666355,0.009999999999999787
2.429999999999992,accelerate,1.0,1.0345620516386194,1.0345912905789687,-22.37427075682201,-8.434964650892535,0.14342232915865702,0.1078012690995697,0.18997261896449538,0.18997261896449538,0.7538595990654579,0.009999999999999787
2.439999999999992,accelerate,1.0,1.034505398406872,1.0345397552757107,-22.36392249096082,-8.434730589999146,0.14342181874107987,0.10654856030915509,0.18957485886936296,0.18957485886936296,0.7522811859895355,0.009999999999999787
2.4499999999999917,accelerate,1.0,1.0344410969319815,1.0344805602694733,-22.353574952595537,-8.434493366707068,0.14342159694838488,0.10533628431823044,0.18918993699672454,0.18918993699672454,0.7507537182409704,0.009999999999999787
2.4599999999999915,accelerate,1.0,1.0343773448972784,1.0344186310461563,-22.343228126696957,-8.434253345774692,0.14342157526574592,0.10415823173807903,0.18881588174147487,0.18881588174147487,0.7492693719899797,0.009999999999999787
2.4699999999999913,accelerate,1.0,1.034303867150828,1.0343497727089592,-22.332882097266072,-8.43401111201001,0.14342167521420657,0.10301169846703524,0.18845183449725306,0.18845183449725306,0.7478247400684646,0.009999999999999787
2.479999999999991,accelerate,1.0,1.0342264782713009,1.0342757960463642,-22.32253690403302,-8.433766619100721,0.14342186623231207,0.10189360095572582,0.1880968161754621,0.1880968161754621,0.7464159372042146,0.009999999999999787
2.489999999999991,accelerate,1.0,1.0341326320541298,1.0341898976510235,-22.31219270410588,-8.433520079803781,0.14342201523259493,0.100805148015861,0.1877512105979962,0.1877512105979962,0.745044486499985,0.009999999999999787
2.4999999999999907,accelerate,1.0,1.0340400611646894,1.034099995759223,-22.301849469004793,-8.43327203416284,0.14342194545669648,0.0997431538925253,0.18741400622395465,0.18741400622395465,0.7437063739045819,0.009999999999999787
2.5099999999999905,accelerate,1.0,1.0339350463543566,1.034001026116303,-22.291507326926816,-8.433022475145588,0.14342175148890382,0.09870780738250433,0.1870852630000928,0.1870852630000928,0.7424018373019555,0.009999999999999787
2.5199999999999902,accelerate,1.0,1.033803254041919,1.0338823628716727,-22.281166542864636,-8.432771737238403,0.1434215505064351,0.09770500782755069,0.18676685408540392,0.18676685408540392,0.7411383098627139,0.009999999999999787
2.52999999999999,accelerate,1.0,1.0336502195951953,1.0337430769057863,-22.270827327677157,-8.432519905582899,0.1434213514173634,0.0967401096352353,0.18646047961137993,0.18646047961137993,0.7399225381403965,0.009999999999999787
2.53999999999999,accelerate,1.0,1.0334947871524223,1.0335941030537679,-22.26048969504464,-8.432267368811422,0.143421103332989,0.09581169055387233,0.18616568798466557,0.18616568798466557,0.7387527300978792,0.009999999999999787
2.5499999999999896,accelerate,1.0,1.033322694987905,1.0334312582142502,-22.25015381459765,-8.432014196673407,0.14342097382211594,0.09492091855654754,0.185882850060075,0.185882850060075,0.7376303573812499,0.009999999999999787
2.5599999999999894,accelerate,1.0,1.0331411076612225,1.0332571678824336,-22.23981978513959,-8.43176026135715,0.14342103447112795,0.09406742047870983,0.18561184735039996,0.18561184735039996,0.7365549498031744,0.009999999999999787
2.569999999999989,accelerate,1.0,1.03294832617133,1.0330718628557714,-22.229487709182038,-8.431506001971707,0.1434213210089082,0.09325096003052695,0.18535260482889293,0.18535260482889293,0.735526209638464,0.009999999999999787
2.579999999999989,accelerate,1.0,1.0327508018163896,1.0328792262321422,-22.21915762893428,-8.431251508006401,0.14342176601028092,0.09246934922563181,0.18510442776612263,0.18510442776612263,0.7345413800242961,0.009999999999999787
2.5899999999999888,accelerate,1.0,1.032549992569638,1.0326816860346397,-22.208829578927162,-8.430996774389738,0.14342245129763082,0.09171959000375456,0.18486636421799219,0.18486636421799219,0.7335966834047309,0.009999999999999787
2.5999999999999885,accelerate,1.0,1.0323407241676987,1.032477108914475,-22.198503640164923,-8.430741992726846,0.14342342659213198,0.09100045958329836,0.1846380259268889,0.1846380259268889,0.7326905790749559,0.009999999999999787
2.6099999999999883,accelerate,1.0,1.0321274059811623,1.0322672871544873,-22.18817985959053,-8.43048674387175,0.14342462894789093,0.09031007012612552,0.1844188134664474,0.1844188134664474,0.7318206883589182,0.009999999999999787
2.619999999999988,accelerate,1.0,1.0319201668977602,1.032059015000451,-22.177858155860115,-8.430231757751056,0.1434259423321646,0.08964331315271531,0.1842071047922502,0.1842071047922502,0.7309805745724214,0.009999999999999787
2.629999999999988,accelerate,1.0,1.0317030089001018,1.0318454113402415,-22.16753864090438,-8.42997654297351,0.14342744049752496,0.08899977242719602,0.18400276774108332,0.18400276774108332,0.7301697132582671,0.009999999999999787
2.6399999999999877,accelerate,1.0,1.0314701900372834,1.0316202785584667,-22.15722147251747,-8.42972106632849,0.14342914698050174,0.08838246800564843,0.18380676124115353,0.18380676124115353,0.7293919096871172,0.009999999999999787
2.6499999999999875,accelerate,1.0,1.0312353406414483,1.0313893158082557,-22.146906666278095,-8.429465393085358,0.14343097163510515,0.08779084758986401,0.18361890992673363,0.18361890992673363,0.7286464679632287,0.009999999999999787
2.6599999999999873,accelerate,1.0,1.0309973020627046,1.031154107560925,-22.136594255032428,-8.429209450170244,0.14343290720791219,0.08722366245890062,0.18343881730395015,0.18343881730395015,0.7279318146982149,0.009999999999999787
2.669999999999987,accelerate,1.0,1.030750649467385,1.030912032704801,-22.126284327074153,-8.428953029528968,0.14343487794935889,0.08668134564922979,0.18326662087054346,0.18326662087054346,0.7272484955180296,0.009999999999999787
2.679999999999987,accelerate,1.0,1.030503965527044,1.030667192398147,-22.11597687899048,-8.428696126947907,0.14343676870336158,0.08616209753661938,0.1831017492098274,0.1831017492098274,0.7265942428961405,0.009999999999999787
2.6899999999999866,accelerate,1.0,1.0302575131835172,1.030421384869369,-22.105671900968968,-8.428438886447372,0.14343845022431906,0.08566353572764021,0.18294344586424036,0.18294344586424036,0.7259660550168268,0.009999999999999787
2.6999999999999864,accelerate,1.0,1.0299952249617332,1.0301656889247877,-22.0953695582019,-8.428180934933765,0.14343984197533394,0.08518853391672235,0.1827926232892377,0.1827926232892377,0.7253675527350703,0.009999999999999787
2.709999999999986,accelerate,1.0,1.0297479991817275,1.0299150750789516,-22.085069703584672,-8.427922069967467,0.14344090026370274,0.08473145105303682,0.18264749033836028,0.18264749033836028,0.7247916283268265,0.009999999999999787
2.719999999999986,accelerate,1.0,1.0294849628841451,1.0296570077620677,-22.07477250230045,-8.427662175365997,0.14344174290340822,0.08429444525106865,0.18250873225611935,0.18250873225611935,0.7242410010163466,0.009999999999999787
2.7299999999999858,accelerate,1.0,1.029216548171206,1.0293927320075507,-22.064478015894988,-8.427401044436019,0.14344244958893065,0.08387862908382625,0.18237670230669653,0.18237670230669653,0.7237170726456211,0.009999999999999787
2.7399999999999856,accelerate,1.0,1.0289382080246052,1.0291200176177835,-22.0541863426593,-8.427138659466625,0.14344295958950865,0.08348612922450492,0.18225207575136482,0.18225207575136482,0.7232225228228762,0.009999999999999787
2.7499999999999853,accelerate,1.0,1.0286621080836584,1.0288452718973085,-22.043897462399524,-8.426874949019668,0.14344327457308434,0.08311527817417752,0.18213432312586486,0.18213432312586486,0.7227552504994638,0.009999999999999787
2.759999999999985,accelerate,1.0,1.0283823415172677,1.028567513669284,-22.03361142496195,-8.42660956271745,0.1434435299575279,0.08276528108262753,0.18202319204935594,0.18202319204935594,0.7223142541641109,0.009999999999999787
2.769999999999985,accelerate,1.0,1.0280970074531552,1.0282852099396067,-22.023328292458295,-8.426342349960915,0.14344380389737157,0.0824363433090799,0.18191874772749905,0.18191874772749905,0.7218997925694407,0.009999999999999787
2.7799999999999847,accelerate,1.0,1.0278003902148725,1.0279943181047662,-22.013048175171658,-8.426073251700853,0.14344394475395797,0.08213082375230424,0.18182173915783165,0.18182173915783165,0.7215148379279034,0.009999999999999787
2.7899999999999845,accelerate,1.0,1.0275212875041526,1.0277104997443982,-22.002770894752857,-8.425802168751357,0.1434437474021655,0.08184229070294721,0.18173012414399983,0.18173012414399983,0.7211512862857136,0.009999999999999787
2.7999999999999843,accelerate,1.0,1.0272445045869443,1.0274309026499258,-21.99249642516184,-8.425529255986644,0.14344321224655673,0.08156707521079357,0.1816427377209312,0.1816427377209312,0.7208045147656,0.009999999999999787
2.809999999999984,accelerate,1.0,1.0269574251422635,1.0271468161453283,-21.982224877162857,-8.425254563625328,0.14344260380451318,0.0813068727784808,0.18156011824462323,0.18156011824462323,0.7204766597008858,0.009999999999999787
2.819999999999984,accelerate,1.0,1.0266523579763598,1.0268501412439472,-21.971956454430117,-8.424977862504061,0.14344251155711105,0.08106740419185215,0.18148408217899692,0.18148408217899692,0.7201749292817338,0.009999999999999787
2.8299999999999836,accelerate,1.0,1.0262960091502287,1.026517661987716,-21.96169168284234,-8.424699680211862,0.14344384804123939,0.08086575473592528,0.181420054443751,0.181420054443751,0.7199208509672659,0.009999999999999787
2.8399999999999834,accelerate,1.0,1.0259017411814018,1.0261481095039275,-21.95143090946984,-8.424421280856661,0.1434467433551409,0.08071652211609665,0.18137267010230304,0.18137267010230304,0.7197328178662818,0.009999999999999787
2.849999999999983,accelerate,1.0,1.0256671600609446,1.0258595398381378,-21.94117262872252,-8.42413447836277,0.14344740474040715,0.08056848402490376,0.18132566504758746,0.18132566504758746,0.7195462898713788,0.009999999999999787
2.859999999999983,accelerate,1.0,1.0256653775748747,1.0257430424801801,-21.93091418117158,-8.423848646168228,0.14344276985854354,0.08033136285958985,0.181250374335177,0.181250374335177,0.7192475172030833,0.009999999999999787
2.869999999999983,accelerate,1.0,1.0255750627543005,1.0256422546446524,-21.920656569157593,-8.42356230147046,0.14343496369966086,0.08001538612198478,0.1811500454014526,0.1811500454014526,0.7188493865137008,0.009999999999999787
2.8799999999999826,accelerate,1.0,1.025298785242657,1.0254361730034551,-21.910401776046054,-8.423274796861827,0.14342720474630563,0.07969336262742871,0.1810477965014612,0.1810477965014612,0.7184436369105602,0.009999999999999787
2.8899999999999824,accelerate,1.0,1.0248278214841866,1.025071162091894,-21.900151907549123,-8.422983601899157,0.14342250785474703,0.07945297145844489,0.18097146749748544,0.18097146749748544,0.7181407440376406,0.009999999999999787
2.899999999999982,accelerate,1.0,1.0243251313896145,1.0246235436705262,-21.889907237408163,-8.422689185214669,0.1434200136434097,0.07932463624404633,0.18093071850020961,0.18093071850020961,0.7179790416674985,0.009999999999999787
2.909999999999982,accelerate,1.0,1.0239710668885664,1.0242320576013504,-21.87966605240544,-8.422397910560537,0.14341798925326651,0.07925904831384287,0.18090989302061142,0.18090989302061142,0.7178964008754422,0.009999999999999787
2.9199999999999817,accelerate,1.0,1.0236120878839117,1.0238600757708871,-21.86942850682824,-8.422106699815453,0.14341734681625068,0.0792359638457685,0.18090256324030843,0.18090256324030843,0.7178673144456683,0.009999999999999787
2.9299999999999815,accelerate,1.0,1.0231838784780247,1.0234543573951695,-21.85919534622464,-8.421814892982777,0.14341939400686537,0.0792675350719217,0.1809125877360366,0.1809125877360366,0.7179070941906215,0.009999999999999787
2.9399999999999813,accelerate,1.0,1.0227116060880757,1.0230087066109133,-21.8489670228733,-8.421522812160319,0.1434250181593682,0.07936703472065519,0.18094418086450245,0.18094418086450245,0.7180324637480257,0.009999999999999787
2.949999999999981,accelerate,1.0,1.0222174680512686,1.0225339634751265,-21.83874381272354,-8.421228757993504,0.14343488102265137,0.07953956107101151,0.1809989614312676,0.1809989614312676,0.7182498469494746,0.009999999999999787
2.959999999999981,accelerate,1.0,1.0218024194845292,1.022095037080768,-21.828524990548274,-8.420927345599281,0.14344661552425564,0.07975467002795247,0.18106726282727548,0.18106726282727548,0.7185208842352201,0.009999999999999787
2.9699999999999807,accelerate,1.0,1.0217117150844337,1.0218650438829675,-21.818306780120345,-8.420631792924295,0.1434546778259264,0.07989513829476314,0.1811118643113532,0.1811118643113532,0.7186978742514016,0.009999999999999787
2.9799999999999804,accelerate,1.0,1.0216532130787392,1.0217379454004305,-21.808089009618154,-8.420336982727601,0.14345917993191434,0.07992245528918819,0.18112053800342306,0.18112053800342306,0.7187322936643772,0.009999999999999787
2.9899999999999802,accelerate,1.0,1.021493157191492,1.0215910724750674,-21.797872783020367,-8.420041693520496,0.14346158151942423,0.07987072028199448,0.1811041111039389,0.1811041111039389,0.718667107555313,0.009999999999999787
2.99999999999998,accelerate,1.0,1.0211922708504704,1.0213517915003092,-21.787659681774002,-8.419741634398658,0.143463409957603,0.07980621009040968,0.1810836278279069,0.1810836278279069,0.7185858247139163,0.009999999999999787
3.00999999999998,accelerate,1.0,1.021022434308538,1.0211541771852464,-21.777448192882126,-8.419440575665577,0.143461386101688,0.0797108630551983,0.18105335323728658,0.18105335323728658,0.7184656874495499,0.009999999999999787
3.0199999999999796,accelerate,1.0,1.0209186078259653,1.0210128355696777,-21.767237567413755,-8.419141482079285,0.1434550345145934,0.0795621239510617,0.18100612559694113,0.18100612559694113,0.7182782761783378,0.009999999999999787
3.0299999999999794,accelerate,1.0,1.020681646080078,1.020814121875918,-21.757029289963597,-8.418842108912287,0.14344698687051624,0.07940235464492616,0.18095539564685698,0.18095539564685698,0.718076966852607,0.009999999999999787
3.039999999999979,accelerate,1.0,1.020252510469957,1.0204771550323413,-21.746825441512076,-8.418540529960795,0.14344056764230234,0.07930911760819982,0.1809257910229556,0.1809257910229556,0.7179594881863318,0.009999999999999787
3.049999999999979,hold,1.0,1.019734146944557,1.0200313501796707,-21.736626983589467,-8.418234882995252,0.14343645987620926,0.07932969348977109,0.18093232427687211,0.18093232427687211,0.7179854137971116,0.009999999999999787
3.0599999999999787,hold,1.0,1.0193594413350875,1.0196282048729208,-21.72643223304714,-8.417931595202537,0.14343283767521536,0.07942161748288161,0.1809615119831646,0.1809615119831646,0.718101238028431,0.009999999999999787
3.0699999999999785,hold,1.0,1.0189752382270814,1.019236424885417,-21.716241401858348,-8.41762760375577,0.14343080002944286,0.07956736153657408,0.18100778863509304,0.18100778863509304,0.7182848755360834,0.009999999999999787
3.0799999999999783,hold,1.0,1.0184804343642901,1.0187828305727409,-21.706055708154185,-8.417320175073856,0.14343153740030887,0.0797919747626119,0.18107910782662454,0.18107910782662454,0.718567888200891,0.009999999999999787
3.089999999999978,hold,1.0,1.01804018499542,1.0183372432263482,-21.695874491595568,-8.417011630593546,0.14343364426151112,0.08007857475975307,0.1811701090577168,0.1811701090577168,0.7189290041972889,0.009999999999999787
3.099999999999978,hold,1.0,1.017710618833894,1.0179612685908757,-21.6856965652353,-8.416703389011634,0.14343596388861665,0.08038064048485938,0.18126602096675257,0.18126602096675257,0.7193096070109228,0.009999999999999787
3.1099999999999777,hold,1.0,1.0174290771626024,1.0176419537339116,-21.67552147777655,-8.416394268972232,0.14343835468022675,0.08066739763328404,0.18135707209652038,0.18135707209652038,0.7196709210179381,0.009999999999999787
3.1199999999999775,hold,1.0,1.0171460596092905,1.017344417259139,-21.665349276269446,-8.41608357537245,0.14344120187504253,0.08093249168988972,0.1814412447613738,0.1814412447613738,0.7200049395292611,0.009999999999999787
3.1299999999999772,hold,1.0,1.0168312576380474,1.017036521486484,-21.65518029835298,-8.415771076481425,0.14344492498264144,0.08118788025273073,0.1815223357378471,0.1815223357378471,0.7203267291184409,0.009999999999999787
3.139999999999977,hold,1.0,1.0164922273713142,1.0167099450173822,-21.645014790614677,-8.415456722551317,0.14344963469519717,0.08144765386356763,0.18160481905476003,0.18160481905476003,0.7206540438680954,0.009999999999999787
3.149999999999977,hold,1.0,1.016159308693655,1.0163795632231458,-21.634852675269364,-8.415140666853583,0.14345497285975745,0.08171525739703193,0.1816897885287056,0.1816897885287056,0.7209912243202603,0.009999999999999787
3.1599999999999766,hold,1.0,1.0158628542173456,1.0160695378196656,-21.624693565213228,-8.414823024935444,0.14346035737965343,0.0819805468721033,0.18177402324283026,0.18177402324283026,0.7213254890588502,0.009999999999999787
3.1699999999999764,hold,1.0,1.0155873515974607,1.0157802260863427,-21.61453722812204,-8.41450417446303,0.14346541607413038,0.08223507346475048,0.1818548405265276,0.1818548405265276,0.7216461925655857,0.009999999999999787
3.179999999999976,hold,1.0,1.0153382164897844,1.0155150203284076,-21.604383385239732,-8.414184535287212,0.14347007632442496,0.08247011823675911,0.18192947194253578,0.18192947194253578,0.7219423489783166,0.009999999999999787
3.189999999999976,hold,1.0,1.0150877566052992,1.0152586620945425,-21.594232155586504,-8.413860838203062,0.1434745653250288,0.08268670056718495,0.18199824116409258,0.18199824116409258,0.7222152427146531,0.009999999999999787
3.1999999999999758,hold,1.0,1.0149560959924369,1.015077122433279,-21.584082263615485,-8.41353326754631,0.1434762109328403,0.08285027951563978,0.18205018075180596,0.18205018075180596,0.7224213521897062,0.009999999999999787
3.2099999999999755,hold,1.0,1.0149207362206298,1.0149832907056895,-21.573932543482634,-8.413207475049498,0.14347378543130124,0.08292580279163111,0.18207416090239875,0.18207416090239875,0.7225165115174553,0.009999999999999787
3.2199999999999753,hold,1.0,1.014760278318446,1.0148494832733435,-21.56378450102528,-8.412877312894624,0.14346907861518923,0.08295292535378948,0.18208277285833527,0.18208277285833527,0.7225506859457749,0.009999999999999787
3.229999999999975,hold,1.0,1.0145775010030156,1.0146862939111467,-21.55363828699132,-8.41254399674703,0.1434606124967217,0.08295798332937802,0.1820843788667441,0.1820843788667441,0.7225570589950163,0.009999999999999787
3.239999999999975,hold,1.0,1.014496123293923,1.0145721915408124,-21.54349271495274,-8.412212676702627,0.14344763582626646,0.08292027042059973,0.18207240426394886,0.18207240426394886,0.7225095407299558,0.009999999999999787
3.2499999999999747,hold,1.0,1.0142974789059462,1.0144073639598927,-21.533349150189473,-8.41188029347352,0.14343299511336802,0.0828762775085834,0.18205843563452542,0.18205843563452542,0.7224541096608151,0.009999999999999787
3.2599999999999745,hold,1.0,1.0139122086998305,1.0141102708038554,-21.523209613359676,-8.411545092305916,0.1434198118992158,0.08289917646973105,0.18206570651266904,0.18206570651266904,0.7224829623518613,0.009999999999999787
3.2699999999999743,hold,1.0,1.0134080623382309,1.0136889457244807,-21.513075349301786,-8.411206759444621,0.14340971710572573,0.08304413266048769,0.18211173300235808,0.18211173300235808,0.7226656071522146,0.009999999999999787
3.279999999999974,hold,1.0,1.0129174155491372,1.0132260276192746,-21.50294614374457,-8.41086757536453,0.14340277051513028,0.08331193617930686,0.18219676597565354,0.18219676597565354,0.7230030395859267,0.009999999999999787
3.289999999999974,hold,1.0,1.012457656491756,1.0127650049427634,-21.49282170057743,-8.410527120279152,0.1433992888938456,0.08368024393296075,0.18231371105359373,0.18231371105359373,0.7234671073555307,0.009999999999999787
3.2999999999999736,hold,1.0,1.0120241275889346,1.012320478530466,-21.48270176930867,-8.41018491630014,0.14339948698878435,0.08412335673186364,0.18245440822950137,0.18245440822950137,0.7240254294821483,0.009999999999999787
3.3099999999999734,hold,1.0,1.0116045727638185,1.0118909350704774,-21.47258621435837,-8.409840456951816,0.14340325087062833,0.08462140937236658,0.18261254990391385,0.18261254990391385,0.724652975809182,0.009999999999999787
3.319999999999973,hold,1.0,1.0112408688413743,1.0115008953330156,-21.46247443588811,-8.409494003237576,0.1434097467298354,0.08514528619881769,0.1827788912738486,0.1827788912738486,0.7253130606105104,0.009999999999999787
3.329999999999973,hold,1.0,1.0109503012984744,1.011170538912291,-21.452365653893484,-8.409145854762247,0.14341787254660693,0.08566062207773516,0.1829425207221225,0.1829425207221225,0.7259623838179464,0.009999999999999787
3.3399999999999728,hold,1.0,1.0107192584992533,1.0108997706644685,-21.442259240512872,-8.40879593634559,0.14342656181701122,0.08613955802106811,0.18309459246284956,0.18309459246284956,0.7265658431065459,0.009999999999999787
3.3499999999999726,hold,1.0,1.0105364264365044,1.01068176412769,-21.432154683396647,-8.40844438248168,0.14343497248042908,0.0865630418782597,0.18322905705718504,0.18322905705718504,0.7270994327666073,0.009999999999999787
3.3599999999999723,hold,1.0,1.0103700767256751,1.010494751686481,-21.422051800597245,-8.408091362143043,0.1434426647129053,0.08692710827116588,0.18334465541826062,0.18334465541826062,0.7275581564216691,0.009999999999999787
3.369999999999972,hold,1.0,1.010202616318017,1.0103194704654026,-21.411950592608154,-8.407737297696865,0.14344967394070093,0.08723867357696245,0.18344358363415714,0.18344358363415714,0.7279507287069727,0.009999999999999787
3.379999999999972,hold,1.0,1.0099739764772717,1.010112174072524,-21.401851616423663,-8.407384475265545,0.14345661427211112,0.0875265930985319,0.1835350038406459,0.1835350038406459,0.7283135073041503,0.009999999999999787
3.3899999999999717,hold,1.0,1.0098153240268766,1.0099340640451355,-21.39175423196048,-8.407028435839205,0.14346067392505774,0.08778143236193267,0.18361592040356087,0.18361592040356087,0.7286346047760351,0.009999999999999787
3.3999999999999715,hold,1.0,1.0099053818377497,1.009916854720704,-21.38165580124366,-8.406670590443323,0.14345836274852125,0.08792497231290819,0.18366149720879463,0.18366149720879463,0.7288154651142644,0.009999999999999787
3.4099999999999713,hold,1.0,1.0099232689816546,1.0099207032772743,-21.371557068157223,-8.406312587870183,0.1434516728173142,0.08796832731287856,0.1836752632883852,0.1836752632883852,0.7288700924142271,0.009999999999999787
3.419999999999971,hold,1.0,1.009742251904947,1.009813632453878,-21.361460111785075,-8.40595523931224,0.14344403183167923,0.08799084928043097,0.1836824144635225,0.1836824144635225,0.7288984700933432,0.009999999999999787
3.429999999999971,hold,1.0,1.0093552505918284,1.0095386033366482,-21.351367024702718,-8.405600591178334,0.14343862659277645,0.08808731200501367,0.18371304330783197,0.18371304330783197,0.7290200131263174,0.009999999999999787
3.4399999999999706,hold,1.0,1.0090111192478797,1.009222112883387,-21.34127734541068,-8.405247619868645,0.14343351883829844,0.08826703435381811,0.18377010874802435,0.18377010874802435,0.7292464632858109,0.009999999999999787
3.4499999999999704,hold,1.0,1.0088802094492786,1.009016970822922,-21.331188957084652,-8.404893711993513,0.143426555769454,0.0884560084450267,0.18383011180146488,0.18383011180146488,0.7294845706407337,0.009999999999999787
3.45999999999997,hold,1.0,1.0086531389912208,1.0087986717239013,-21.321102821770726,-8.404541404727684,0.14342032701327231,0.0886608589402092,0.18389515593069525,0.18389515593069525,0.7297426822646637,0.009999999999999787
3.46999999999997,hold,1.0,1.0082873983206952,1.0084919076819776,-21.31102036548723,-8.404192013527068,0.14341755621293606,0.08892726739671704,0.18397974594380562,0.18397974594380562,0.7300783569198636,0.009999999999999787
3.47999999999997,hold,1.0,1.0077753440722415,1.008061969516136,-21.300943053926908,-8.403846497099359,0.14341952342446856,0.08931096772687477,0.18410157847263728,0.18410157847263728,0.7305618193358622,0.009999999999999787
3.4899999999999696,hold,1.0,1.0074387837008636,1.0076880580269725,-21.290869055514865,-8.40350318857458,0.14342231215777956,0.08976153685109045,0.18424464318095826,0.18424464318095826,0.7311295364323741,0.009999999999999787
3.4999999999999694,hold,1.0,1.0073364208371856,1.0074770757131004,-21.280795946893313,-8.40316257416514,0.14342392959135056,0.09018105128219574,0.1843778474031228,0.1843778474031228,0.7316581246155667,0.009999999999999787
3.509999999999969,hold,1.0,1.007214160672818,1.0073193266889309,-21.270723956096724,-8.402825097763015,0.14342569205424566,0.09054871902501897,0.18449458926482404,0.18449458926482404,0.732121385971524,0.009999999999999787
3.519999999999969,hold,1.0,1.0069886784164777,1.0071209377254589,-21.26065414069392,-8.402491645559165,0.1434293230900635,0.09089775602791257,0.18460541549398282,0.18460541549398282,0.73256117259517,0.009999999999999787
3.5299999999999687,hold,1.0,1.0067119895029581,1.0068755687919584,-21.25058693998932,-8.402164792850012,0.14343527350941518,0.09125841144557198,0.18471993080219803,0.18471993080219803,0.7330155984214207,0.009999999999999787
3.5399999999999685,hold,1.0,1.0065722245823796,1.0066935622662112,-21.240521077881915,-8.401838951434113,0.14344084632240903,0.09159618028943055,0.18482717916549998,0.18482717916549998,0.7334411871646824,0.009999999999999787
3.5499999999999683,hold,1.0,1.0064780452280155,1.0065642520432938,-21.230456068092327,-8.40151443673202,0.143445341990974,0.09188872139791474,0.1849200668182659,0.1849200668182659,0.7338097889613726,0.009999999999999787
3.559999999999968,hold,1.0,1.0063658334487362,1.0064452008865592,-21.220392038542265,-8.401193277007042,0.14344907647887756,0.09214049688925204,0.1850000105722753,0.1850000105722753,0.7341270260804575,0.009999999999999787
3.569999999999968,hold,1.0,1.0061692039452812,1.0062796027217924,-21.21032980495142,-8.400877315552261,0.14345293262837322,0.0923853958942662,0.18507777090434743,0.18507777090434743,0.7344355988267756,0.009999999999999787
3.5799999999999677,hold,1.0,1.0060877394415524,1.0061644847536484,-21.20026820196846,-8.400564381481399,0.14345422136543937,0.09259894599218203,0.18514557733143766,0.18514557733143766,0.7347046719501494,0.009999999999999787
3.5899999999999674,hold,1.0,1.006077577435885,1.0061123403629904,-21.190206541610035,-8.400253325831965,0.14345238017917755,0.09275453192624121,0.18519497897722015,0.18519497897722015,0.734900710227064,0.009999999999999787
3.5999999999999672,hold,1.0,1.0059044119411906,1.0059875833099106,-21.180146407344516,-8.399947888475598,0.1434494538219377,0.09290295931434531,0.18524210764149093,0.18524210764149093,0.7350877287360751,0.009999999999999787
3.609999999999967,hold,1.0,1.0057298726912112,1.005832956938691,-21.170087863570743,-8.39964561765574,0.14344438302979048,0.09306251325026167,0.1852927692072231,0.1852927692072231,0.7352887666953297,0.009999999999999787
3.619999999999967,hold,1.0,1.0056149598896926,1.005702158709292,-21.160030404952998,-8.399343524856334,0.14343688306645647,0.09321930275315238,0.18534255301018096,0.18534255301018096,0.7354863214689721,0.009999999999999787
3.6299999999999666,hold,1.0,1.0054402768140698,1.0055450295721586,-21.14997463782153,-8.399043347656747,0.14342888222862912,0.09338888333286627,0.18539639823585172,0.18539639823585172,0.7356999929994116,0.009999999999999787
3.6399999999999664,hold,1.0,1.0051461839950127,1.005305722225871,-21.139921770105484,-8.398746515180175,0.1434222683509043,0.09361376201989614,0.18546780171655744,0.18546780171655744,0.7359833401450692,0.009999999999999787
3.649999999999966,hold,1.0,1.004844596768383,1.0050290469513783,-21.129871905413204,-8.398452002675722,0.1434170643530797,0.09390454618579255,0.18556013150491288,0.18556013150491288,0.7363497281940987,0.009999999999999787
3.659999999999966,hold,1.0,1.0046180430428635,1.0047824446062694,-21.119824295455476,-8.398159182164646,0.1434128766286838,0.09423390244448328,0.18566470870417234,0.18566470870417234,0.736764717080049,0.009999999999999787
3.6699999999999657,hold,1.0,1.0043853221773524,1.0045441711489191,-21.10977902139911,-8.397868210069696,0.14341060810066497,0.09459138663887437,0.1857782170855754,0.1857782170855754,0.7372151471649817,0.009999999999999787
3.6799999999999655,hold,1.0,1.0041148900741832,1.0042866025040775,-21.099736496723565,-8.397578838089357,0.14341133158076452,0.09498336402133507,0.18590267774405433,0.18590267774405433,0.7377090386668823,0.009999999999999787
3.6899999999999653,hold,1.0,1.003826183296287,1.0040103509794032,-21.089696931649215,-8.397290987416934,0.14341608047495022,0.09541473427547588,0.18603964642714912,0.18603964642714912,0.7382525651870997,0.009999999999999787
3.699999999999965,hold,1.0,1.0035110588728893,1.0037107757154948,-21.079660517701733,-8.397006668784275,0.1434247462746278,0.09589203078812365,0.18619119761584504,0.18619119761584504,0.7388539587930358,0.009999999999999787
3.709999999999965,hold,1.0,1.003466519684025,1.0035642220966128,-21.069624524951863,-8.396721293778018,0.14343227245597417,0.09632629875433531,0.18632908638047657,0.18632908638047657,0.7394011364304626,0.009999999999999787
3.7199999999999647,hold,1.0,1.0035432910140516,1.0035516634470762,-21.05958767637695,-8.396435898580242,0.1434375383439862,0.09665548245013038,0.1864336087875654,0.1864336087875654,0.7398159078871643,0.009999999999999787
3.7299999999999645,hold,1.0,1.0035055793766472,1.0035240130048189,-21.0495511571436,-8.396150952088364,0.14344203557499088,0.09690876074924461,0.18651402971310016,0.18651402971310016,0.7401350385440483,0.009999999999999787
3.7399999999999642,hold,1.0,1.0033290437997946,1.0034070314818044,-21.039516321827207,-8.395868890615239,0.14344689370442681,0.09714930041231498,0.18659040586691827,0.18659040586691827,0.7404381185195169,0.009999999999999787
3.749999999999964,hold,1.0,1.0031681692263479,1.0032637141285305,-21.029483041103468,-8.395587085221342,0.1434503076234887,0.09739455770640017,0.1866682799629362,0.1866682799629362,0.7407471427100643,0.009999999999999787
3.759999999999964,hold,1.0,1.0031168744487222,1.0031756103206455,-21.019450276912572,-8.395302219544913,0.14345079826283297,0.09761505307998711,0.18673829165395753,0.18673829165395753,0.7410249668807838,0.009999999999999787
3.7699999999999636,hold,1.0,1.0030603434383598,1.003106450191274,-21.00941806967365,-8.395015717192885,0.14344925361288724,0.09780622077582585,0.18679899122074023,0.18679899122074023,0.7412658381775405,0.009999999999999787
3.7799999999999634,hold,1.0,1.0029128873366924,1.002990312478525,-20.999387370638086,-8.394728321613426,0.14344770468181692,0.09799954345747862,0.18686037503861863,0.18686037503861863,0.7415094247564231,0.009999999999999787
3.789999999999963,hold,1.0,1.0026801876128217,1.002804237559103,-20.989358968936507,-8.394443312212243,0.14344739646104643,0.09823281949734194,0.18693444484679603,0.18693444484679603,0.7418033525666509,0.009999999999999787
3.799999999999963,hold,1.0,1.0025976819239615,1.0026803041780181,-20.979331368467538,-8.394157702598536,0.1434457941138556,0.09846611502519934,0.1870085208428013,0.1870085208428013,0.7420973049317512,0.009999999999999787
3.8099999999999627,hold,1.0,1.002537269250707,1.0025944832216316,-20.969304425426525,-8.39386934382684,0.1434432459944158,0.09867990352990592,0.18707640296881572,0.18707640296881572,0.7423666784476814,0.009999999999999787
3.8199999999999625,hold,1.0,1.0023830136414025,1.0024676014734941,-20.9592790409033,-8.393580976272021,0.14344112079269156,0.09890065468637331,0.18714649587601728,0.18714649587601728,0.7426448249048305,0.009999999999999787
3.8299999999999623,hold,1.0,1.002332695964056,1.0023866581678311,-20.94925415238548,-8.393291287027514,0.14343743594907074,0.09910328706976246,0.187210835710391,0.187210835710391,0.7429001417079008,0.009999999999999787
3.839999999999962,hold,1.0,1.002335374749994,1.0023558881171288,-20.93922922852794,-8.393000559483841,0.14343229397319707,0.09926514834642469,0.1872622299029568,0.1872622299029568,0.7431040869164952,0.009999999999999787
3.849999999999962,hold,1.0,1.0022021909193934,1.0022636697984877,-20.92920562045258,-8.392711431964846,0.1434277915691406,0.09942748295140759,0.18731377438673094,0.18731377438673094,0.7433086285187736,0.009999999999999787
3.8599999999999617,hold,1.0,1.0020570447078134,1.0021396947440833,-20.91918348395264,-8.39242231804414,0.14342354018154263,0.09960783160091086,0.18737103868992122,0.18737103868992122,0.7435358678171476,0.009999999999999787
3.8699999999999615,hold,1.0,1.0019560223635489,1.0020294913157626,-20.90916244049074,-8.392130824929028,0.14341928420449804,0.09979609149145645,0.1874308149703673,0.1874308149703673,0.7437730752792353,0.009999999999999787
3.8799999999999613,hold,1.0,1.0018001526129088,1.0018918880940504,-20.89914301923213,-8.391838957131949,0.1434163314655772,0.10000611068829861,0.1874975002657486,0.1874975002657486,0.7440376994672564,0.009999999999999787
3.889999999999961,hold,1.0,1.001577072378153,1.0017029986645118,-20.889125843550723,-8.391549042548522,0.14341542122626696,0.1002619386739171,0.18757873076774217,0.18757873076774217,0.7443600427291356,0.009999999999999787
3.899999999999961,hold,1.0,1.0013990497099117,1.0015206292917518,-20.879110480127302,-8.391259364762643,0.14341566158948693,0.10055224768618694,0.18767090968531808,0.18767090968531808,0.7447258320845955,0.009999999999999787
3.9099999999999606,hold,1.0,1.0012676096150401,1.0013688174857247,-20.869096445709502,-8.390969776800933,0.14341648731361537,0.10085506980718503,0.1877670617651774,0.1877670617651774,0.7451073879570532,0.009999999999999787
3.9199999999999604,hold,1.0,1.0011370770255958,1.0012297732096473,-20.85908370963417,-8.390681065959361,0.1434180164747916,0.10116213446928482,0.18786456093668732,0.18786456093668732,0.7454942894312989,0.009999999999999787
3.92999999999996,hold,1.0,1.0010149972713178,1.0011009076466497,-20.849072137201283,-8.39039465924835,0.1434200278616032,0.10146812086270085,0.18796171773632478,0.18796171773632478,0.745879832287003,0.009999999999999787
3.93999999999996,hold,1.0,1.0009401066058707,1.0010044270221825,-20.839061246715424,-8.390109983669891,0.14342171550120728,0.10175682075799708,0.18805338572707925,0.18805338572707925,0.7462435941550764,0.009999999999999787
3.9499999999999598,hold,1.0,1.0009032781057254,1.0009437376723083,-20.82905065664813,-8.3898265912825,0.14342261737542036,0.10201321848726151,0.1881347971340753,0.1881347971340753,0.7465666552939496,0.009999999999999787
3.9599999999999596,hold,1.0,1.0008544195992173,1.0008901468284537,-20.819040454752983,-8.389545931432675,0.14342293096159084,0.1022404016084291,0.18820693231870841,0.18820693231870841,0.7468529060266207,0.009999999999999787
3.9699999999999593,hold,1.0,1.0008003551278821,1.0008362718081107,-20.80903069047897,-8.38926832026264,0.1434227796376002,0.10244474021344746,0.18827181391257386,0.18827181391257386,0.7471103726689439,0.009999999999999787
3.979999999999959,hold,1.0,1.000756625412377,1.0007884839706704,-20.799021260715467,-8.388993708236203,0.14342205848532938,0.10262792368783594,0.18832997832936169,0.18832997832936169,0.7473411838466734,0.009999999999999787
3.989999999999959,hold,1.0,1.0006998701998395,1.0007353157081718,-20.78901230790145,-8.388721966120402,0.14342095968727483,0.10279739609998882,0.18838378920966847,0.18838378920966847,0.747554719085986,0.009999999999999787
3.9999999999999587,hold,1.0,1.0006311215836994,1.0006727992334883,-20.779003945538815,-8.388453717132837,0.14341977135170153,0.10296127313370958,0.18843582344541548,0.18843582344541548,0.7477612041484741,0.009999999999999787
4.009999999999959,hold,1.0,1.0005511709130104,1.0005998222412016,-20.76899629376693,-8.388189030008249,0.14341877698065433,0.10312670785692515,0.1884883522787309,0.1884883522787309,0.7479696518997258,0.010000000000000231
4.019999999999959,hold,1.0,1.000463379804538,1.0005179567792033,-20.758989433114163,-8.387927970672724,0.1434180873716683,0.10329865490197829,0.18854294890447618,0.18854294890447618,0.7481863051764928,0.009999999999999787
4.0299999999999585,hold,1.0,1.000376697479235,1.0004332011992223,-20.748983355429846,-8.387670504978853,0.14341776709656168,0.1034779310758562,0.1885998726752059,0.1885998726752059,0.7484121931555789,0.009999999999999787
4.039999999999958,hold,1.0,1.000286768669554,1.0003453416814212,-20.738978091290665,-8.387416749843606,0.14341785993465336,0.10366532444858757,0.18865937381891557,0.18865937381891557,0.7486483088052205,0.009999999999999787
4.049999999999958,hold,1.0,1.0001943817153656,1.0002547657017877,-20.728973662817033,-8.387166791226523,0.14341836130826383,0.10386127990410662,0.18872159359515198,0.18872159359515198,0.7488952126791745,0.009999999999999787
4.059999999999958,coast,1.0,1.0001152996816973,1.0001710860897335,-20.718969935569955,-8.386920474889642,0.14341909653519866,0.0,0.0,0.0,0.0,0.009999999999999787
4.069999999999958,coast,1.0,1.0061852895176155,1.0037796081464627,-20.708906139982293,-8.386675163765311,0.14342768598007521,0.0,0.0,0.0,0.0,0.009999999999999787
4.079999999999957,coast,1.0,1.009733375417645,1.007351868509172,-20.69880790303653,-8.386431662578783,0.14344494663585455,0.0,0.0,0.0,0.0,0.009999999999999787
4.089999999999957,coast,1.0,1.0080168912564786,1.007750882157556,-20.688727840082684,-8.38619196083237,0.14346783365694632,0.0,0.0,0.0,0.0,0.009999999999999787
4.099999999999957,coast,1.0,1.001539987347228,1.004024345271359,-20.67871330734336,-8.385957056093492,0.1434923553301197,0.0,0.0,0.0,0.0,0.009999999999999787
4.109999999999957,coast,1.0,0.9912755708899577,0.9963750806425182,-20.668801870662016,-8.385727120815297,0.14351440595370832,0.0,0.0,0.0,0.0,0.009999999999999787
4.119999999999957,coast,1.0,0.9785285109710943,0.9856671388396638,-20.65901817257644,-8.385498815464304,0.14353078665591046,0.0,0.0,0.0,0.0,0.009999999999999787
4.129999999999956,coast,1.0,0.9648070172193391,0.9731510658674689,-20.64937158145628,-8.385278249203818,0.1435395506623815,0.0,0.0,0.0,0.0,0.009999999999999787
4.139999999999956,coast,1.0,0.9514692652408038,0.9601419854914699,-20.63985818326477,-8.385061763121882,0.1435403041581464,0.0,0.0,0.0,0.0,0.009999999999999787
4.149999999999956,coast,1.0,0.9396837414473098,0.9478670390649738,-20.630462373344265,-8.384847196896052,0.14353459829790394,0.0,0.0,0.0,0.0,0.009999999999999787
4.159999999999956,coast,1.0,0.9301268328458472,0.9372229153334979,-20.621161777139918,-8.384633674495301,0.14352460715484677,0.0,0.0,0.0,0.0,0.009999999999999787
4.1699999999999555,coast,1.0,0.9230367128308489,0.9287111938319085,-20.611931691075494,-8.38442052472164,0.14351299166073803,0.0,0.0,0.0,0.0,0.009999999999999787
4.179999999999955,coast,1.0,0.9182158509275339,0.9224139880892837,-20.60274946974571,-8.384206997895786,0.14350247507785877,0.0,0.0,0.0,0.0,0.009999999999999787
4.189999999999955,coast,1.0,0.9151352903029232,0.9180467694174673,-20.5935978214491,-8.383992757645576,0.14349516546396274,0.0,0.0,0.0,0.0,0.009999999999999787
4.199999999999955,coast,1.0,0.913137289229252,0.9151010813045382,-20.584466049343707,-8.383777460516079,0.14349101142871631,0.0,0.0,0.0,0.0,0.009999999999999787
4.209999999999955,coast,1.0,0.9114314795347075,0.9128993202426398,-20.575351448602543,-8.383557966748706,0.14348936619428285,0.0,0.0,0.0,0.0,0.009999999999999787
4.2199999999999545,coast,1.0,0.9092717798252282,0.9107227959921929,-20.56625862766294,-8.383336566226317,0.14348958963743064,0.0,0.0,0.0,0.0,0.009999999999999787
4.229999999999954,coast,1.0,0.906074131802226,0.9079335974782127,-20.557198076359892,-8.38311294437149,0.14349145247498582,0.0,0.0,0.0,0.0,0.009999999999999787
4.239999999999954,coast,1.0,0.9015350275018291,0.9040944554923825,-20.54818321554901,-8.382888677711723,0.14349463660205392,0.0,0.0,0.0,0.0,0.009999999999999787
4.249999999999954,coast,1.0,0.8956278389098878,0.8990144855428857,-20.53922775577578,-8.382662409145562,0.1434987362124974,0.0,0.0,0.0,0.0,0.009999999999999787
4.259999999999954,coast,1.0,0.8885564986439801,0.8927396934035423,-20.53034324797286,-8.3824358525306,0.1435031914420375,0.0,0.0,0.0,0.0,0.009999999999999787
4.269999999999953,coast,1.0,0.8806756037388986,0.8855012396047561,-20.521537756824394,-8.382207717566141,0.14350757060187797,0.0,0.0,0.0,0.0,0.009999999999999787
4.279999999999953,coast,1.0,0.87242866669357,0.8776576958580444,-20.512814820724454,-8.381979923378754,0.14351143684506415,0.0,0.0,0.0,0.0,0.009999999999999787
4.289999999999953,coast,1.0,0.8642384173132824,0.8696061287311873,-20.5041738499798,-8.38175084224195,0.1435146295512022,0.0,0.0,0.0,0.0,0.009999999999999787
4.299999999999953,coast,1.0,0.8564649339811902,0.861721411881189,-20.495610586451658,-8.381521825868635,0.14351707429542962,0.0,0.0,0.0,0.0,0.009999999999999787
4.3099999999999525,coast,1.0,0.8493401553636285,0.8542926579706527,-20.487118531227622,-8.38129185271352,0.14351887322336868,0.0,0.0,0.0,0.0,0.009999999999999787
4.319999999999952,coast,1.0,0.8429625536010494,0.8474945953488907,-20.47869015620203,-8.381062283342139,0.14352011970910108,0.0,0.0,0.0,0.0,0.009999999999999787
4.329999999999952,coast,1.0,0.8373050772882855,0.8413808845125276,-20.470318295579514,-8.38083156629448,0.14352072910014696,0.0,0.0,0.0,0.0,0.009999999999999787
4.339999999999952,coast,1.0,0.8322375216246185,0.8358948667797821,-20.461997023781674,-8.380600932443613,0.14352021756633343,0.0,0.0,0.0,0.0,0.009999999999999787
4.349999999999952,coast,1.0,0.8275365341031512,0.8308798671738036,-20.45372271531407,-8.380369723177381,0.14351823811226483,0.0,0.0,0.0,0.0,0.009999999999999787
4.3599999999999515,coast,1.0,0.8229184225086463,0.8261030003747092,-20.445494546180083,-8.380139528653311,0.14351514404341653,0.0,0.0,0.0,0.0,0.009999999999999787
4.369999999999951,coast,1.0,0.818119434981804,0.8213128611389661,-20.437314411362333,-8.379909330389077,0.14351194171895476,0.0,0.0,0.0,0.0,0.009999999999999787
4.379999999999951,coast,1.0,0.8130131418538237,0.8163330295678806,-20.42918540111381,-8.379679787185399,0.1435088627904463,0.0,0.0,0.0,0.0,0.009999999999999787
4.389999999999951,coast,1.0,0.8075475797729217,0.8110617596909052,-20.421111099561692,-8.379451620332095,0.14350556974697498,0.0,0.0,0.0,0.0,0.009999999999999787
4.399999999999951,coast,1.0,0.801679273724751,0.8054322681112127,-20.413095530980655,-8.379225282534504,0.1435022179409344,0.0,0.0,0.0,0.0,0.009999999999999787
4.40999999999995,coast,1.0,0.7954202004644519,0.7994250275231563,-20.40514261649811,-8.379000577575619,0.14349949442295065,0.0,0.0,0.0,0.0,0.009999999999999787
4.41999999999995,coast,1.0,0.7888861599861232,0.7931017070009364,-20.397255086750654,-8.378777997387022,0.14349781566470438,0.0,0.0,0.0,0.0,0.009999999999999787
4.42999999999995,coast,1.0,0.7822210179589605,0.7865732935757508,-20.38943425950051,-8.378556657789883,0.1434973041479682,0.0,0.0,0.0,0.0,0.009999999999999787
4.43999999999995,coast,1.0,0.775583337680156,0.7799793200383939,-20.381679790860314,-8.37833814189807,0.14349755533715297,0.0,0.0,0.0,0.0,0.009999999999999787
4.4499999999999496,coast,1.0,0.7690695637077535,0.7734334662400096,-20.373990452558033,-8.3781213346593,0.14349847246947406,0.0,0.0,0.0,0.0,0.009999999999999787
4.459999999999949,coast,1.0,0.7627407010011905,0.7670178070967182,-20.366364348047192,-8.377907572823545,0.1435000604310026,0.0,0.0,0.0,0.0,0.009999999999999787
4.469999999999949,coast,1.0,0.7566258243734025,0.7607826174627288,-20.358799371002867,-8.377695336218764,0.14350232097615218,0.0,0.0,0.0,0.0,0.009999999999999787
4.479999999999949,coast,1.0,0.7507451776585533,0.7547601535802235,-20.351293130969367,-8.377485996542395,0.14350473983436068,0.0,0.0,0.0,0.0,0.009999999999999787
4.489999999999949,coast,1.0,0.7450658505181893,0.748943571743003,-20.343843641824556,-8.377278187456714,0.14350668924015653,0.0,0.0,0.0,0.0,0.009999999999999787
4.4999999999999485,coast,1.0,0.739518733451653,0.743288668768193,-20.336449529185778,-8.37707384396624,0.14350775265862778,0.0,0.0,0.0,0.0,0.009999999999999787
4.509999999999948,coast,1.0,0.7339830436473591,0.7377052936956927,-20.329110713056096,-8.376872271901588,0.14350820349456445,0.0,0.0,0.0,0.0,0.009999999999999787
4.519999999999948,coast,1.0,0.7283992122598835,0.7321216448342072,-20.32182772137614,-8.376672431507913,0.14350848331061578,0.0,0.0,0.0,0.0,0.009999999999999787
4.529999999999948,coast,1.0,0.7227027966871828,0.7264703359459925,-20.31460167587141,-8.37647507386642,0.1435089884296226,0.0,0.0,0.0,0.0,0.009999999999999787
4.539999999999948,coast,1.0,0.7168832583148191,0.7207180893672884,-20.307433809208707,-8.376280533854374,0.14351001009130443,0.0,0.0,0.0,0.0,0.009999999999999787
4.549999999999947,coast,1.0,0.7109329199877853,0.7148469877395865,-20.300325447260914,-8.376088330822885,0.14351174095046837,0.0,0.0,0.0,0.0,0.009999999999999787
4.559999999999947,coast,1.0,0.7048803654273634,0.7088670143522526,-20.293277607738986,-8.375898589993545,0.14351421853931742,0.0,0.0,0.0,0.0,0.009999999999999787
4.569999999999947,coast,1.0,0.6987668045548284,0.7028068884737981,-20.286290897121578,-8.375711207265997,0.14351733121337534,0.0,0.0,0.0,0.0,0.009999999999999787
4.579999999999947,coast,1.0,0.6926605288825926,0.6967190727190749,-20.279365234086647,-8.375525868128523,0.14352051199332314,0.0,0.0,0.0,0.0,0.009999999999999787
4.589999999999947,coast,1.0,0.6865404665795651,0.6906119090353691,-20.272500734215278,-8.375343034936837,0.14352348371320023,0.0,0.0,0.0,0.0,0.009999999999999787
4.599999999999946,coast,1.0,0.6804634207791581,0.6845228160816426,-20.26569697079822,-8.375162381196336,0.14352617532127437,0.0,0.0,0.0,0.0,0.009999999999999787
4.609999999999946,coast,1.0,0.6744366833172247,0.6784711364229918,-20.258953435388744,-8.37498399758893,0.14352857255477197,0.0,0.0,0.0,0.0,0.009999999999999787
4.619999999999946,coast,1.0,0.6684766879395229,0.6724744673329104,-20.252269453152422,-8.374807825019245,0.1435302996527193,0.0,0.0,0.0,0.0,0.009999999999999787
4.629999999999946,coast,1.0,0.6625982062050224,0.6665487106561776,-20.24564422224556,-8.374633210819166,0.14353114562921981,0.0,0.0,0.0,0.0,0.009999999999999787
4.6399999999999455,coast,1.0,0.6567654194769549,0.6606787359486439,-20.23907727054762,-8.374460798484233,0.14353112622248504,0.0,0.0,0.0,0.0,0.009999999999999787
4.649999999999945,coast,1.0,0.6509735989904822,0.6548556537737469,-20.232568208663174,-8.374289877962795,0.14353018298598846,0.0,0.0,0.0,0.0,0.009999999999999787
4.659999999999945,coast,1.0,0.6451453587683381,0.6490294767705016,-20.22611740270946,-8.374120817288567,0.14352871358667857,0.0,0.0,0.0,0.0,0.009999999999999787
4.669999999999945,coast,1.0,0.63933998172928,0.6432157797457687,-20.219724644423337,-8.373953129930019,0.14352696410169294,0.0,0.0,0.0,0.0,0.009999999999999787
4.679999999999945,coast,1.0,0.6334724243732041,0.6373697665222299,-20.213390552100428,-8.373787223188126,0.1435251749487491,0.0,0.0,0.0,0.0,0.009999999999999787
4.689999999999944,coast,1.0,0.6275456885300086,0.6314753197268971,-20.207115735300405,-8.373622853083782,0.14352381649107807,0.0,0.0,0.0,0.0,0.009999999999999787
4.699999999999944,coast,1.0,0.621565257614612,0.625529282459526,-20.20090074220133,-8.373459907753336,0.14352327595387923,0.0,0.0,0.0,0.0,0.009999999999999787
4.709999999999944,coast,1.0,0.6155877806069769,0.6195643813479965,-20.19474550840241,-8.373299449372254,0.14352330291475088,0.0,0.0,0.0,0.0,0.009999999999999787
4.719999999999944,coast,1.0,0.6096323620456262,0.6136051697665743,-20.18864985601103,-8.373139134175272,0.1435229991038816,0.0,0.0,0.0,0.0,0.009999999999999787
4.729999999999944,coast,1.0,0.6036901320845475,0.6076561471573582,-20.182613617765966,-8.372979943324221,0.14352196364834957,0.0,0.0,0.0,0.0,0.009999999999999787
4.739999999999943,coast,1.0,0.5977661378357167,0.6017221415643733,-20.17663658763092,-8.37282253897735,0.14351993423233372,0.0,0.0,0.0,0.0,0.009999999999999787
4.749999999999943,coast,1.0,0.5918224626933579,0.5957823342417641,-20.170718988000296,-8.372666334709225,0.14351738495136504,0.0,0.0,0.0,0.0,0.009999999999999787
4.759999999999943,coast,1.0,0.5858563434229908,0.5898267397505002,-20.164861055036518,-8.372511342244344,0.14351490446245,0.0,0.0,0.0,0.0,0.009999999999999787
4.769999999999943,coast,1.0,0.5798925158257495,0.5838662053956498,-20.15906276372594,-8.372357890410209,0.14351284288644509,0.0,0.0,0.0,0.0,0.009999999999999787
4.7799999999999425,coast,1.0,0.5739319970112424,0.5779056803650053,-20.153324085505233,-8.372205994990185,0.14351146480830787,0.0,0.0,0.0,0.0,0.009999999999999787
4.789999999999942,coast,1.0,0.5679783709757448,0.5719492947314491,-20.14764498176908,-8.372054671404136,0.14351098450462746,0.0,0.0,0.0,0.0,0.009999999999999787
4.799999999999942,coast,1.0,0.5620432780519925,0.5660056847237751,-20.142025237869134,-8.371904808832669,0.14351115731294195,0.0,0.0,0.0,0.0,0.009999999999999787
4.809999999999942,coast,1.0,0.5561351503517531,0.5600833641005619,-20.136464570098582,-8.371756746947327,0.1435117522476211,0.0,0.0,0.0,0.0,0.009999999999999787
4.819999999999942,coast,1.0,0.550215318073174,0.5541625364841292,-20.130963125586348,-8.371609413919149,0.14351281702486068,0.0,0.0,0.0,0.0,0.009999999999999787
4.8299999999999415,coast,1.0,0.5442857727829259,0.5482364782634073,-20.1255209866452,-8.371463312086172,0.14351427326220156,0.0,0.0,0.0,0.0,0.009999999999999787
4.839999999999941,coast,1.0,0.5383708913696373,0.5423171261271453,-20.12013801204223,-8.371318119239065,0.1435159706830943,0.0,0.0,0.0,0.0,0.009999999999999787
4.849999999999941,coast,1.0,0.5324527783247164,0.536398517445688,-20.114814212636723,-8.371174565617554,0.14351782251666262,0.0,0.0,0.0,0.0,0.009999999999999787
4.859999999999941,coast,1.0,0.5265090346487384,0.5304648277675182,-20.109549869367704,-8.371031727683407,0.14351981645972717,0.0,0.0,0.0,0.0,0.009999999999999787
4.869999999999941,coast,1.0,0.5205733134288618,0.5245299191643243,-20.104344873494917,-8.370890563336548,0.143521831634323,0.0,0.0,0.0,0.0,0.009999999999999787
4.87999999999994,coast,1.0,0.5146557354539225,0.5186054089380832,-20.09919901518159,-8.370751752136542,0.1435233973093171,0.0,0.0,0.0,0.0,0.009999999999999787
4.88999999999994,coast,1.0,0.5087768300772937,0.5127082616216094,-20.094111933742788,-8.37061375135931,0.14352378766106882,0.0,0.0,0.0,0.0,0.009999999999999787
4.89999999999994,coast,1.0,0.5028836109066724,0.5068134711926473,-20.089083768412586,-8.370476865145038,0.14352316915905866,0.0,0.0,0.0,0.0,0.009999999999999787
4.90999999999994,coast,1.0,0.49698408968761276,0.5009158422896266,-20.084114577629286,-8.370341404652898,0.14352169283847263,0.0,0.0,0.0,0.0,0.009999999999999787
4.9199999999999395,coast,1.0,0.4910991620882488,0.4950258341687999,-20.079204182528454,-8.370208445533189,0.14351913925055065,0.0,0.0,0.0,0.0,0.009999999999999787
4.929999999999939,coast,1.0,0.48519938494445614,0.4891299646341936,-20.07435277384441,-8.37007676061238,0.14351592104366367,0.0,0.0,0.0,0.0,0.009999999999999787
4.939999999999939,coast,1.0,0.47927502501211683,0.48321700086094754,-20.069560619810908,-8.36994603890884,0.14351268953513646,0.0,0.0,0.0,0.0,0.009999999999999787
4.949999999999939,coast,1.0,0.47333038702434277,0.4772850325589847,-20.06482789615478,-8.369817557274855,0.14350978210141271,0.0,0.0,0.0,0.0,0.009999999999999787
4.959999999999939,coast,1.0,0.46737397745443965,0.47133839949625767,-20.060154723364544,-8.369691384085836,0.14350742776026945,0.0,0.0,0.0,0.0,0.009999999999999787
4.9699999999999385,coast,1.0,0.46139870159705815,0.465374580756738,-20.05554131816972,-8.369566745351555,0.14350599130309288,0.0,0.0,0.0,0.0,0.009999999999999787
4.979999999999938,coast,1.0,0.4554447952735113,0.45941670946680196,-20.050987480520316,-8.36944282492247,0.14350510814098139,0.0,0.0,0.0,0.0,0.009999999999999787
4.989999999999938,coast,1.0,0.44958255891813326,0.4535162191376007,-20.04649223406864,-8.36932067370486,0.14350330729226585,0.0,0.0,0.0,0.0,0.009999999999999787
4.999999999999938,coast,1.0,0.4437504340395547,0.44765674807877315,-20.042055261254028,-8.369200545254028,0.14350009841239558,0.0,0.0,0.0,0.0,0.009999999999999787
5.009999999999938,coast,1.0,0.4378819871648885,0.4417918915304424,-20.037676958649016,-8.369081723861012,0.1434960947066794,0.0,0.0,0.0,0.0,0.009999999999999787
5.019999999999937,coast,1.0,0.43196537202238827,0.4358959798256099,-20.033357827748254,-8.368964071550526,0.1434920289219062,0.0,0.0,0.0,0.0,0.009999999999999787
5.029999999999937,coast,1.0,0.42600857421750893,0.42996353646074936,-20.029098285919666,-8.368847565931961,0.14348861354446493,0.0,0.0,0.0,0.0,0.009999999999999787
5.039999999999937,coast,1.0,0.42002264024467023,0.4239989987311019,-20.024898636369336,-8.368732186208932,0.1434864126132109,0.0,0.0,0.0,0.0,0.009999999999999787
5.049999999999937,coast,1.0,0.4140274663476592,0.41801607930103624,-20.020758977076976,-8.368617906927836,0.14348570542496192,0.0,0.0,0.0,0.0,0.009999999999999787
5.0599999999999365,coast,1.0,0.4080347718838964,0.41202729485075235,-20.016679279735943,-8.368504776052912,0.14348643557167678,0.0,0.0,0.0,0.0,0.009999999999999787
5.069999999999936,coast,1.0,0.4020642424432577,0.4060494634062556,-20.012659312404885,-8.368392866140827,0.14348825134243282,0.0,0.0,0.0,0.0,0.009999999999999787
5.079999999999936,coast,1.0,0.3961205195859888,0.40009209711409555,-20.008698794153588,-8.368282265164012,0.1434906847474909,0.0,0.0,0.0,0.0,0.009999999999999787
5.089999999999936,coast,1.0,0.39020219396293454,0.3941581552233989,-20.004797460761996,-8.368173025138878,0.1434933322611222,0.0,0.0,0.0,0.0,0.009999999999999787
5.099999999999936,coast,1.0,0.38429728674598157,0.3882416341369485,-20.000955171205845,-8.36806517580389,0.14349590931473621,0.0,0.0,0.0,0.0,0.009999999999999787
5.1099999999999355,coast,1.0,0.3784005604056797,0.3823369898981872,-19.997171839418236,-8.367958738080302,0.1434982349375751,0.0,0.0,0.0,0.0,0.009999999999999787
5.119999999999935,coast,1.0,0.37250287192915005,0.3764365191167649,-19.993447471718376,-8.367853764927318,0.1435002083150507,0.0,0.0,0.0,0.0,0.009999999999999787
5.129999999999935,coast,1.0,0.36660325873851446,0.3705365628898146,-19.989782085666178,-8.367750307153482,0.14350180197504944,0.0,0.0,0.0,0.0,0.009999999999999787
5.139999999999935,coast,1.0,0.3606997814467839,0.36463449402399617,-19.986175719712108,-8.367648414056823,0.143503058963396,0.0,0.0,0.0,0.0,0.009999999999999787
5.149999999999935,coast,1.0,0.3547878453347228,0.3587265048104321,-19.982628458898706,-8.367548146690059,0.14350406952848244,0.0,0.0,0.0,0.0,0.009999999999999787
5.159999999999934,coast,1.0,0.34887577235246164,0.3528160653356498,-19.97914030715232,-8.367449483394628,0.14350492376024465,0.0,0.0,0.0,0.0,0.009999999999999787
5.169999999999934,coast,1.0,0.34297254677395744,0.3469099541986344,-19.97571117226075,-8.367352437900301,0.14350546118206925,0.0,0.0,0.0,0.0,0.009999999999999787
5.179999999999934,coast,1.0,0.3370859624198769,0.34101555913137993,-19.972340877070728,-8.367257190780316,0.1435054016458353,0.0,0.0,0.0,0.0,0.009999999999999787
5.189999999999934,coast,1.0,0.33119676451754115,0.3351242823630767,-19.96902944818521,-8.367163773677696,0.14350479301262306,0.0,0.0,0.0,0.0,0.009999999999999787
5.199999999999934,coast,1.0,0.3252984748943238,0.32922879788182496,-19.965776983851693,-8.367072135562477,0.14350390353373915,0.0,0.0,0.0,0.0,0.009999999999999787
5.209999999999933,coast,1.0,0.3193930675266727,0.3233273596687336,-19.962583562348158,-8.366982265916707,0.14350305184583825,0.0,0.0,0.0,0.0,0.009999999999999787
5.219999999999933,coast,1.0,0.31347152311922694,0.31741385773902964,-19.959449352614804,-8.366894096811297,0.14350250666451841,0.0,0.0,0.0,0.0,0.009999999999999787
5.229999999999933,coast,1.0,0.30755857406686915,0.31150068753573334,-19.956374268324527,-8.366807600292283,0.143502221771845,0.0,0.0,0.0,0.0,0.009999999999999787
5.239999999999933,coast,1.0,0.30166986612588265,0.3056021946898229,-19.953358057075395,-8.366722917478508,0.14350191561129258,0.0,0.0,0.0,0.0,0.009999999999999787
5.2499999999999325,coast,1.0,0.2957849363845642,0.2997118397066677,-19.950400680577214,-8.366640027235874,0.14350153370390029,0.0,0.0,0.0,0.0,0.009999999999999787
5.259999999999932,coast,1.0,0.28990765060786244,0.29382932624738456,-19.947502065334238,-8.366558816550098,0.1435010667493009,0.0,0.0,0.0,0.0,0.009999999999999787
5.269999999999932,coast,1.0,0.28403427026342404,0.2879522926570083,-19.94466216924636,-8.366479277444068,0.14350035366944797,0.0,0.0,0.0,0.0,0.009999999999999787
5.279999999999932,coast,1.0,0.278179589244256,0.28208867060935694,-19.941880801025146,-8.366401471138047,0.1434992680261934,0.0,0.0,0.0,0.0,0.009999999999999787
5.289999999999932,coast,1.0,0.27231433193074445,0.27622406740218947,-19.939158070543126,-8.366325363313893,0.14349794784094383,0.0,0.0,0.0,0.0,0.009999999999999787
5.299999999999931,coast,1.0,0.26644340294508684,0.2703556687279279,-19.936494042341945,-8.366250892642835,0.14349668046071037,0.0,0.0,0.0,0.0,0.009999999999999787
5.309999999999931,coast,1.0,0.26056523047217806,0.264481405774478,-19.933888795626522,-8.366178010147872,0.14349572556789564,0.0,0.0,0.0,0.0,0.009999999999999787
5.319999999999931,coast,1.0,0.25468919928088224,0.25860608187832057,-19.931342312031816,-8.366106682006968,0.14349519230464947,0.0,0.0,0.0,0.0,0.009999999999999787
5.329999999999931,coast,1.0,0.24882668245694778,0.2527384422254969,-19.92885445382764,-8.366036925739284,0.14349499149750572,0.0,0.0,0.0,0.0,0.009999999999999787
5.339999999999931,coast,1.0,0.24298706012489527,0.24688761296513592,-19.92642498735986,-8.365968789758176,0.1434949730948849,0.0,0.0,0.0,0.0,0.009999999999999787
5.34999999999993,coast,1.0,0.23716434796984687,0.2410536539679625,-19.924053742402272,-8.365902274338392,0.1434950894852141,0.0,0.0,0.0,0.0,0.009999999999999787
5.35999999999993,coast,1.0,0.23135208665150964,0.23523271357809078,-19.921740615599596,-8.365837351954747,0.14349536118553435,0.0,0.0,0.0,0.0,0.009999999999999787
5.36999999999993,coast,1.0,0.22555562407682855,0.22942645987733346,-19.91948544993568,-8.365774008427241,0.14349581927443375,0.0,0.0,0.0,0.0,0.009999999999999787
5.37999999999993,coast,1.0,0.21977270766981713,0.22363420855282368,-19.91728811031025,-8.365712241775514,0.14349648071761825,0.0,0.0,0.0,0.0,0.009999999999999787
5.3899999999999295,coast,1.0,0.2140087055901247,0.21785890677520428,-19.91514840717284,-8.365652059016595,0.14349733932162562,0.0,0.0,0.0,0.0,0.009999999999999787
5.399999999999929,coast,1.0,0.2082657440986001,0.2121030091692418,-19.913066129072668,-8.365593471813877,0.14349836473154293,0.0,0.0,0.0,0.0,0.009999999999999787
5.409999999999929,coast,1.0,0.20254302380979233,0.2063670179535721,-19.911041072215298,-8.365536492357311,0.14349950972906172,0.0,0.0,0.0,0.0,0.009999999999999787
5.419999999999929,coast,1.0,0.19684686617988004,0.20065492688935688,-19.909072969522786,-8.36548112775969,0.14350071840012527,0.0,0.0,0.0,0.0,0.009999999999999787
5.429999999999929,coast,1.0,0.1911817864251099,0.19497104261080872,-19.90716150874134,-8.365427382241062,0.14350193072427292,0.0,0.0,0.0,0.0,0.009999999999999787
5.4399999999999284,coast,1.0,0.18554300269919496,0.18931421866384046,-19.9053064257102,-8.365375256912806,0.1435030928001778,0.0,0.0,0.0,0.0,0.009999999999999787
5.449999999999928,coast,1.0,0.179942904742914,0.1836914303112846,-19.90350733248436,-8.365324753004874,0.143504159957124,0.0,0.0,0.0,0.0,0.009999999999999787
5.459999999999928,coast,1.0,0.17437542732885575,0.1781018285218273,-19.90176390227497,-8.365275868474367,0.1435051045686492,0.0,0.0,0.0,0.0,0.009999999999999787
5.469999999999928,coast,1.0,0.16884940659394554,0.17255037536509826,-19.90007572108183,-8.365228569018443,0.14350591419385506,0.0,0.0,0.0,0.0,0.009999999999999787
5.479999999999928,coast,1.0,0.16336819873954872,0.16704106938976854,-19.898442341135045,-8.365182722585464,0.14350643495729348,0.0,0.0,0.0,0.0,0.009999999999999787
5.489999999999927,coast,1.0,0.15795947127318738,0.16159211051981984,-19.896863025432175,-8.365138401807979,0.14350617898261378,0.0,0.0,0.0,0.0,0.009999999999999787
5.499999999999927,coast,1.0,0.15261491011583697,0.15620579027743012,-19.895337123722275,-8.365095712931048,0.14350486732960183,0.0,0.0,0.0,0.0,0.009999999999999787
5.509999999999927,coast,1.0,0.1473152572762547,0.15087147047672486,-19.893864195162482,-8.365054528762029,0.14350272240217415,0.0,0.0,0.0,0.0,0.009999999999999787
5.519999999999927,coast,1.0,0.1420476793816629,0.1455771958196877,-19.89244392991013,-8.365014765188706,0.14350016093511625,0.0,0.0,0.0,0.0,0.009999999999999787
5.5299999999999265,coast,1.0,0.13682536256424746,0.14032609586642356,-19.89107588565039,-8.36497637351037,0.14349763590164707,0.0,0.0,0.0,0.0,0.009999999999999787
5.539999999999926,coast,1.0,0.13165108580323553,0.13512108982851073,-19.889759590000104,-8.364939333425458,0.14349554005497142,0.0,0.0,0.0,0.0,0.009999999999999787
5.549999999999926,coast,1.0,0.12654928664137421,0.12997800791622882,-19.88849432330211,-8.364903630719958,0.14349414834204927,0.0,0.0,0.0,0.0,0.009999999999999787
5.559999999999926,coast,1.0,0.12152375592191715,0.12490545671964182,-19.887279324930045,-8.36486926800401,0.1434936124862876,0.0,0.0,0.0,0.0,0.009999999999999787
5.569999999999926,coast,1.0,0.11658817121621827,0.11991508541758769,-19.886113694666413,-8.364836244164731,0.1434939427842761,0.0,0.0,0.0,0.0,0.009999999999999787
5.5799999999999255,coast,1.0,0.11175584673841765,0.11501954221008567,-19.88499639667493,-8.364804557773356,0.1434950253359499,0.0,0.0,0.0,0.0,0.009999999999999787
5.589999999999925,coast,1.0,0.10702768552014955,0.11022442819612399,-19.883926384564962,-8.364774203131557,0.14349665730475683,0.0,0.0,0.0,0.0,0.009999999999999787
5.599999999999925,coast,1.0,0.10241313166793721,0.10553765027921191,-19.882902516806993,-8.364745168576992,0.14349858766868034,0.0,0.0,0.0,0.0,0.009999999999999787
5.609999999999925,coast,1.0,0.09790566604720367,0.10095845974000697,-19.88192371734427,-8.364717435153823,0.14350055993934782,0.0,0.0,0.0,0.0,0.009999999999999787
5.619999999999925,coast,1.0,0.09351571169162318,0.0964928109109767,-19.880988806522392,-8.364690984708217,0.14350234851642157,0.0,0.0,0.0,0.0,0.009999999999999787
5.629999999999924,coast,1.0,0.0892353606387615,0.09213834074764758,-19.880096685186544,-8.364665794629762,0.14350378863631202,0.0,0.0,0.0,0.0,0.009999999999999787
5.639999999999924,coast,1.0,0.08507096106233063,0.0878979129364574,-19.879246192412715,-8.36464183103746,0.14350478971482666,0.0,0.0,0.0,0.0,0.009999999999999787
5.649999999999924,coast,1.0,0.08101752184524705,0.0837696782817312,-19.878436218519727,-8.364619065306965,0.14350533952415145,0.0,0.0,0.0,0.0,0.009999999999999787
5.659999999999924,coast,1.0,0.07708104265134479,0.07975649690349934,-19.877665595089088,-8.364597463407705,0.14350549145295974,0.0,0.0,0.0,0.0,0.009999999999999787
5.6699999999999235,coast,1.0,0.07326350781250296,0.07586070344890151,-19.876933134686276,-8.36457698728301,0.1435053443209442,0.0,0.0,0.0,0.0,0.009999999999999787
5.679999999999923,coast,1.0,0.06956282907579442,0.07208197882503725,-19.87623767135358,-8.364557595054386,0.1435050303637543,0.0,0.0,0.0,0.0,0.009999999999999787
5.689999999999923,coast,1.0,0.06599124583972954,0.06842753903385262,-19.875577916418255,-8.364539252696211,0.14350468684329715,0.0,0.0,0.0,0.0,0.009999999999999787
5.699999999999923,coast,1.0,0.06254306187426716,0.06489685273810133,-19.8749526380206,-8.36452192096455,0.14350443833408458,0.0,0.0,0.0,0.0,0.009999999999999787
5.709999999999923,coast,1.0,0.059226531001076596,0.061494659695886494,-19.87436052123179,-8.36450555624208,0.1435043780810608,0.0,0.0,0.0,0.0,0.009999999999999787
5.7199999999999225,coast,1.0,0.0560343963477128,0.05821850168698228,-19.873800322867716,-8.364490121732256,0.14350456088882416,0.0,0.0,0.0,0.0,0.009999999999999787
5.729999999999922,coast,1.0,0.052979637778414704,0.055075183341841735,-19.873270669459025,-8.364475570777717,0.1435049991017743,0.0,0.0,0.0,0.0,0.009999999999999787
5.739999999999922,coast,1.0,0.05004929768762222,0.05205965194931003,-19.87277031643585,-8.364461864232352,0.14350566897021017,0.0,0.0,0.0,0.0,0.009999999999999787
5.749999999999922,coast,1.0,0.04724687710384207,0.049171987042029255,-19.87229798374536,-8.364448965444048,0.1435065178969402,0.0,0.0,0.0,0.0,0.009999999999999787
5.759999999999922,coast,1.0,0.04457064617618087,0.046411182522520224,-19.871852408385546,-8.364436840384261,0.1435074759362468,0.0,0.0,0.0,0.0,0.009999999999999787
5.769999999999921,coast,1.0,0.04202266939555604,0.043778074646341716,-19.871432306951036,-8.36442544640455,0.14350846827938496,0.0,0.0,0.0,0.0,0.009999999999999787
5.779999999999921,coast,1.0,0.03958954803689858,0.04126495868067583,-19.871036530085057,-8.364414748011948,0.14350942755506826,0.0,0.0,0.0,0.0,0.009999999999999787
5.789999999999921,coast,1.0,0.037274796351100974,0.038870861282930914,-19.870663893410132,-8.364404714388929,0.14351030019930439,0.0,0.0,0.0,0.0,0.009999999999999787
5.799999999999921,coast,1.0,0.03507413156919673,0.03659282345469041,-19.87031325599814,-8.364395305518165,0.1435110534465392,0.0,0.0,0.0,0.0,0.009999999999999787
5.809999999999921,coast,1.0,0.03298711547026441,0.034429398664034806,-19.869983481405487,-8.364386489826797,0.14351167616951271,0.0,0.0,0.0,0.0,0.009999999999999787
5.81999999999992,coast,1.0,0.031005857169866664,0.03237527376753392,-19.869673512535392,-8.364378231635566,0.1435121770144848,0.0,0.0,0.0,0.0,0.009999999999999787
